{"type":"FeatureCollection","features":[{"type":"Feature","geometry":{"type":"MultiPolygon","coordinates":[[[[-123.023479799,49.225198686],[-123.023500812,49.222729992],[-123.0236111,49.221951112],[-123.02365289,49.220978516],[-123.023630299,49.212444097],[-123.023667128,49.212035218],[-123.023710324,49.209247288],[-123.023537304,49.208177688],[-123.02801539,49.207825707],[-123.028504679,49.2078563],[-123.030897704,49.208093404],[-123.030868888,49.2083944],[-123.030652393,49.208861391],[-123.030201313,49.209113799],[-123.029727502,49.209183604],[-123.02908151,49.209179296],[-123.028599199,49.209317394],[-123.028074011,49.209655093],[-123.027367886,49.210395991],[-123.027277921,49.210558401],[-123.028579997,49.210905094],[-123.029312583,49.211315287],[-123.0297035,49.211897308],[-123.02971039,49.212777593],[-123.029879076,49.214473998],[-123.029988287,49.215019308],[-123.030306382,49.215689298],[-123.030735484,49.216276798],[-123.031151889,49.216675596],[-123.031973621,49.217606307],[-123.032163106,49.217970103],[-123.032401311,49.219031498],[-123.032390602,49.220122106],[-123.032372005,49.221143205],[-123.03224419,49.225247494],[-123.026013773,49.225220798],[-123.023479799,49.225198686]]]]},"properties":{"a": "1.01953", "q": "00000", "t": "CT", "dw": "2316", "hh": "2297", "id": "9330001.01", "nrr": "0.21600000000000003", "pop": "6311", "rgid": "59", "rpid": "59933", "ruid": "5915022", "rguid": "5915"}},{"type":"Feature","geometry":{"type":"MultiPolygon","coordinates":[[[[-123.032390602,49.220122106],[-123.032401311,49.219031498],[-123.032163106,49.217970103],[-123.031973621,49.217606307],[-123.031151889,49.216675596],[-123.030735484,49.216276798],[-123.030306382,49.215689298],[-123.029988287,49.215019308],[-123.029879076,49.214473998],[-123.02971039,49.212777593],[-123.0297035,49.211897308],[-123.029312583,49.211315287],[-123.028579997,49.210905094],[-123.027277921,49.210558401],[-123.027367886,49.210395991],[-123.028074011,49.209655093],[-123.028599199,49.209317394],[-123.02908151,49.209179296],[-123.029727502,49.209183604],[-123.030201313,49.209113799],[-123.030652393,49.208861391],[-123.030868888,49.2083944],[-123.030897704,49.208093404],[-123.028504679,49.2078563],[-123.02801539,49.207825707],[-123.023537304,49.208177688],[-123.023412605,49.207595902],[-123.023341507,49.206886798],[-123.02338638,49.20550071],[-123.023382572,49.204532153],[-123.023434796,49.2044237],[-123.023376714,49.203445554],[-123.023204168,49.202991249],[-123.022936526,49.20260729],[-123.023253324,49.202437695],[-123.023385681,49.202234988],[-123.023417358,49.201358907],[-123.023139507,49.199744471],[-123.02416807,49.200016776],[-123.029777018,49.201290139],[-123.039875968,49.203775117],[-123.042325623,49.204157663],[-123.042533981,49.205273917],[-123.042306088,49.205790106],[-123.042257689,49.206787796],[-123.042259711,49.2081572],[-123.042168298,49.2089231],[-123.041787305,49.21083419],[-123.041638503,49.213040814],[-123.041449813,49.217209204],[-123.04137749,49.218171104],[-123.041356098,49.219197506],[-123.041281096,49.220159299],[-123.03905049,49.220161186],[-123.032390602,49.220122106]]]]},"properties":{"a": "2.02898", "q": "00000", "t": "CT", "dw": "1729", "hh": "1708", "id": "9330001.02", "nrr": "0.223", "pop": "4837", "rgid": "59", "rpid": "59933", "ruid": "5915022", "rguid": "5915"}},{"type":"Feature","geometry":{"type":"MultiPolygon","coordinates":[[[[-123.041281096,49.220159299],[-123.041356098,49.219197506],[-123.04137749,49.218171104],[-123.041449813,49.217209204],[-123.041638503,49.213040814],[-123.041787305,49.21083419],[-123.042168298,49.2089231],[-123.042259711,49.2081572],[-123.042257689,49.206787796],[-123.042306088,49.205790106],[-123.042533981,49.205273917],[-123.042325623,49.204157663],[-123.047312026,49.204645875],[-123.050669464,49.204571358],[-123.055044845,49.20457076],[-123.056444482,49.204659681],[-123.056594216,49.205329407],[-123.056766628,49.205695028],[-123.056820199,49.206162317],[-123.056844686,49.207572788],[-123.056688911,49.207973903],[-123.055883281,49.208929299],[-123.055574903,49.209486609],[-123.055386505,49.210055289],[-123.055145307,49.21182519],[-123.055121212,49.212421805],[-123.055603702,49.212214301],[-123.056523994,49.212027704],[-123.057107978,49.212122902],[-123.057876382,49.212450187],[-123.058721195,49.211808409],[-123.059172813,49.211610802],[-123.059380802,49.211945288],[-123.059449902,49.212371492],[-123.059410403,49.21293079],[-123.059318199,49.217096402],[-123.059361613,49.220203688],[-123.054871987,49.220182006],[-123.052760214,49.220194508],[-123.050586802,49.220183687],[-123.049025708,49.220213108],[-123.042845704,49.220181612],[-123.041281096,49.220159299]]]]},"properties":{"a": "2.02909", "q": "00000", "t": "CT", "dw": "2552", "hh": "2459", "id": "9330002.01", "nrr": "0.273", "pop": "5974", "rgid": "59", "rpid": "59933", "ruid": "5915022", "rguid": "5915"}},{"type":"Feature","geometry":{"type":"MultiPolygon","coordinates":[[[[-123.059361613,49.220203688],[-123.059318199,49.217096402],[-123.059410403,49.21293079],[-123.059449902,49.212371492],[-123.059380802,49.211945288],[-123.059172813,49.211610802],[-123.05970209,49.211465802],[-123.060296815,49.211393797],[-123.063679697,49.211455411],[-123.066050381,49.212224396],[-123.068356813,49.213014992],[-123.069247723,49.213532001],[-123.069961501,49.214333314],[-123.070043398,49.214558083],[-123.072027991,49.214577803],[-123.07197521,49.216286105],[-123.071899284,49.216793011],[-123.071533783,49.217519008],[-123.071011219,49.218078707],[-123.072020499,49.218092589],[-123.072037704,49.21899481],[-123.071969889,49.219961296],[-123.070413314,49.219941508],[-123.069192187,49.220327198],[-123.066601722,49.220335107],[-123.065870287,49.220267506],[-123.062634016,49.220220806],[-123.059361613,49.220203688]]]]},"properties":{"a": "0.78516", "q": "00001", "t": "CT", "dw": "1276", "hh": "1158", "id": "9330002.03", "nrr": "0.24600000000000002", "pop": "4005", "rgid": "59", "rpid": "59933", "ruid": "5915022", "rguid": "5915"}},{"type":"Feature","geometry":{"type":"MultiPolygon","coordinates":[[[[-123.059172813,49.211610802],[-123.058721195,49.211808409],[-123.057876382,49.212450187],[-123.057107978,49.212122902],[-123.056523994,49.212027704],[-123.055603702,49.212214301],[-123.055121212,49.212421805],[-123.055145307,49.21182519],[-123.055386505,49.210055289],[-123.055574903,49.209486609],[-123.055883281,49.208929299],[-123.056688911,49.207973903],[-123.056844686,49.207572788],[-123.056820199,49.206162317],[-123.056766628,49.205695028],[-123.056594216,49.205329407],[-123.056444482,49.204659681],[-123.058769046,49.204656412],[-123.063222942,49.205354057],[-123.066604178,49.205938535],[-123.06752708,49.206147243],[-123.068297904,49.206478479],[-123.069240141,49.206827],[-123.070988414,49.207550508],[-123.071249749,49.208133121],[-123.071319182,49.208690494],[-123.071303617,49.211070098],[-123.072073484,49.21109101],[-123.072046027,49.2119631],[-123.072027991,49.214577803],[-123.070043398,49.214558083],[-123.069961501,49.214333314],[-123.069247723,49.213532001],[-123.068356813,49.213014992],[-123.066050381,49.212224396],[-123.063679697,49.211455411],[-123.060296815,49.211393797],[-123.05970209,49.211465802],[-123.059172813,49.211610802]]]]},"properties":{"a": "0.84513", "q": "00001", "t": "CT", "dw": "1538", "hh": "1457", "id": "9330002.04", "nrr": "0.27699999999999997", "pop": "4503", "rgid": "59", "rpid": "59933", "ruid": "5915022", "rguid": "5915"}},{"type":"Feature","geometry":{"type":"MultiPolygon","coordinates":[[[[-123.080058008,49.218152087],[-123.074000704,49.218119286],[-123.072020499,49.218092589],[-123.071011219,49.218078707],[-123.071533783,49.217519008],[-123.071899284,49.216793011],[-123.07197521,49.216286105],[-123.072027991,49.214577803],[-123.080164915,49.214663395],[-123.083156196,49.214670504],[-123.085698289,49.214727504],[-123.091047716,49.214816187],[-123.090942308,49.218274307],[-123.085438918,49.218204903],[-123.083060796,49.218198202],[-123.080058008,49.218152087]]]]},"properties":{"a": "0.54316", "q": "00000", "t": "CT", "dw": "1150", "hh": "1070", "id": "9330003.01", "nrr": "0.242", "pop": "3772", "rgid": "59", "rpid": "59933", "ruid": "5915022", "rguid": "5915"}},{"type":"Feature","geometry":{"type":"MultiPolygon","coordinates":[[[[-123.072027991,49.214577803],[-123.072046027,49.2119631],[-123.072073484,49.21109101],[-123.071303617,49.211070098],[-123.071319182,49.208690494],[-123.071249749,49.208133121],[-123.070988414,49.207550508],[-123.072148464,49.207899919],[-123.073131996,49.208134778],[-123.074463287,49.208330785],[-123.076258678,49.208282214],[-123.077215096,49.208108193],[-123.080642816,49.207398675],[-123.083335275,49.206792639],[-123.088642047,49.205787389],[-123.091259594,49.205299392],[-123.091176202,49.208185098],[-123.091102405,49.213023209],[-123.091047716,49.214816187],[-123.085698289,49.214727504],[-123.083156196,49.214670504],[-123.080164915,49.214663395],[-123.072027991,49.214577803]]]]},"properties":{"a": "1.19645", "q": "00000", "t": "CT", "dw": "1412", "hh": "1281", "id": "9330003.02", "nrr": "0.228", "pop": "4671", "rgid": "59", "rpid": "59933", "ruid": "5915022", "rguid": "5915"}},{"type":"Feature","geometry":{"type":"MultiPolygon","coordinates":[[[[-123.1018879,49.218467309],[-123.10209368,49.213255305],[-123.102331585,49.209332403],[-123.102418517,49.207235806],[-123.102457973,49.204924209],[-123.101560442,49.204084495],[-123.109128538,49.204534237],[-123.113506055,49.20476096],[-123.115710804,49.204140137],[-123.117027741,49.203874611],[-123.11729185,49.20607175],[-123.11716644,49.209860817],[-123.117053164,49.210248734],[-123.116981214,49.210590029],[-123.116872617,49.2132013],[-123.116710192,49.217807308],[-123.113338395,49.217790891],[-123.110987763,49.21790807],[-123.106121502,49.217726192],[-123.106115791,49.218566507],[-123.1018879,49.218467309]]]]},"properties":{"a": "1.6329", "q": "00000", "t": "CT", "dw": "1568", "hh": "1484", "id": "9330004.01", "nrr": "0.203", "pop": "4514", "rgid": "59", "rpid": "59933", "ruid": "5915022", "rguid": "5915"}},{"type":"Feature","geometry":{"type":"MultiPolygon","coordinates":[[[[-123.090942308,49.218274307],[-123.091047716,49.214816187],[-123.091102405,49.213023209],[-123.091176202,49.208185098],[-123.091259594,49.205299392],[-123.091742975,49.205239615],[-123.093452078,49.204831511],[-123.097901029,49.204184456],[-123.100041221,49.204033258],[-123.101560442,49.204084495],[-123.102457973,49.204924209],[-123.102418517,49.207235806],[-123.102331585,49.209332403],[-123.10209368,49.213255305],[-123.1018879,49.218467309],[-123.090942308,49.218274307]]]]},"properties":{"a": "1.24706", "q": "00000", "t": "CT", "dw": "1743", "hh": "1585", "id": "9330004.02", "nrr": "0.25", "pop": "5756", "rgid": "59", "rpid": "59933", "ruid": "5915022", "rguid": "5915"}},{"type":"Feature","geometry":{"type":"MultiPolygon","coordinates":[[[[-123.117027741,49.203874611],[-123.1173221,49.203800304],[-123.121907168,49.201852725],[-123.125831138,49.200124719],[-123.126812078,49.19934809],[-123.130380657,49.198846105],[-123.132422891,49.198534898],[-123.1359882,49.199075488],[-123.13662953,49.199134886],[-123.140108207,49.201496129],[-123.140852372,49.201913483],[-123.140876282,49.202383145],[-123.140660554,49.203986489],[-123.140272469,49.204971134],[-123.140629208,49.205495387],[-123.140533992,49.208534912],[-123.139210187,49.208596999],[-123.137836812,49.208595698],[-123.134382905,49.208531909],[-123.130257772,49.208473451],[-123.124122252,49.208372947],[-123.123857025,49.208335249],[-123.12169996,49.208269553],[-123.120380583,49.208856797],[-123.117053164,49.210248734],[-123.11716644,49.209860817],[-123.11729185,49.20607175],[-123.117027741,49.203874611]]]]},"properties":{"a": "1.57041", "q": "01000", "t": "CT", "dw": "4431", "hh": "4246", "id": "9330005.00", "nrr": "0.271", "pop": "7207", "rgid": "59", "rpid": "59933", "ruid": "5915022", "rguid": "5915"}},{"type":"Feature","geometry":{"type":"MultiPolygon","coordinates":[[[[-123.12855688,49.219207103],[-123.128809398,49.218185997],[-123.129250093,49.217118587],[-123.129417495,49.216851912],[-123.129715503,49.216116698],[-123.129914981,49.215396904],[-123.130023714,49.214459403],[-123.130188919,49.210743415],[-123.130257772,49.208473451],[-123.134382905,49.208531909],[-123.137836812,49.208595698],[-123.139210187,49.208596999],[-123.140533992,49.208534912],[-123.140298299,49.215037797],[-123.140180213,49.218516204],[-123.140129951,49.219331909],[-123.137746605,49.219322696],[-123.13404011,49.219269305],[-123.12855688,49.219207103]]]]},"properties":{"a": "0.91749", "q": "00000", "t": "CT", "dw": "1740", "hh": "1664", "id": "9330006.01", "nrr": "0.254", "pop": "4827", "rgid": "59", "rpid": "59933", "ruid": "5915022", "rguid": "5915"}},{"type":"Feature","geometry":{"type":"MultiPolygon","coordinates":[[[[-123.116664079,49.219058105],[-123.116710192,49.217807308],[-123.116872617,49.2132013],[-123.116981214,49.210590029],[-123.117053164,49.210248734],[-123.120380583,49.208856797],[-123.12169996,49.208269553],[-123.123857025,49.208335249],[-123.124122252,49.208372947],[-123.130257772,49.208473451],[-123.130188919,49.210743415],[-123.130023714,49.214459403],[-123.129914981,49.215396904],[-123.129715503,49.216116698],[-123.129417495,49.216851912],[-123.129250093,49.217118587],[-123.128809398,49.218185997],[-123.12855688,49.219207103],[-123.120405679,49.219097797],[-123.116664079,49.219058105]]]]},"properties":{"a": "1.09361", "q": "00000", "t": "CT", "dw": "1865", "hh": "1801", "id": "9330006.02", "nrr": "0.252", "pop": "5441", "rgid": "59", "rpid": "59933", "ruid": "5915022", "rguid": "5915"}},{"type":"Feature","geometry":{"type":"MultiPolygon","coordinates":[[[[-123.140129951,49.219331909],[-123.140180213,49.218516204],[-123.140298299,49.215037797],[-123.140533992,49.208534912],[-123.140629208,49.205495387],[-123.140272469,49.204971134],[-123.140660554,49.203986489],[-123.140876282,49.202383145],[-123.140852372,49.201913483],[-123.141205513,49.20198712],[-123.147422942,49.204540605],[-123.150727395,49.205347662],[-123.153550113,49.207400998],[-123.155281058,49.209299012],[-123.156924776,49.210478328],[-123.163543539,49.213587635],[-123.168237302,49.214460056],[-123.167987508,49.216152657],[-123.16825233,49.22030707],[-123.168354778,49.221393927],[-123.168298252,49.222905729],[-123.168374005,49.223351786],[-123.168700387,49.224346692],[-123.168800005,49.224784403],[-123.168669404,49.225417785],[-123.168416219,49.225788604],[-123.167575911,49.225500805],[-123.166440604,49.225323202],[-123.165607903,49.225044598],[-123.163983995,49.2242155],[-123.162762582,49.22306641],[-123.162459594,49.222880991],[-123.161332879,49.222452291],[-123.160379604,49.222441596],[-123.159679091,49.222315996],[-123.1588061,49.22189031],[-123.158557578,49.221488305],[-123.158542614,49.219535103],[-123.15803782,49.219598303],[-123.156462095,49.219555919],[-123.15451501,49.219571102],[-123.151063213,49.219483588],[-123.149703286,49.219480118],[-123.145305703,49.2194177],[-123.143806505,49.219424891],[-123.140129951,49.219331909]]]]},"properties":{"a": "2.84304", "q": "00000", "t": "CT", "dw": "2015", "hh": "1932", "id": "9330007.01", "nrr": "0.276", "pop": "5157", "rgid": "59", "rpid": "59933", "ruid": "5915022", "rguid": "5915"}},{"type":"Feature","geometry":{"type":"MultiPolygon","coordinates":[[[[-123.139810705,49.226966597],[-123.139989588,49.222613391],[-123.140015433,49.221704245],[-123.140129951,49.219331909],[-123.143806505,49.219424891],[-123.145305703,49.2194177],[-123.149703286,49.219480118],[-123.151063213,49.219483588],[-123.15451501,49.219571102],[-123.156462095,49.219555919],[-123.15803782,49.219598303],[-123.158542614,49.219535103],[-123.158557578,49.221488305],[-123.1588061,49.22189031],[-123.159679091,49.222315996],[-123.160379604,49.222441596],[-123.161332879,49.222452291],[-123.162459594,49.222880991],[-123.162762582,49.22306641],[-123.163983995,49.2242155],[-123.165607903,49.225044598],[-123.166440604,49.225323202],[-123.167575911,49.225500805],[-123.168416219,49.225788604],[-123.167430801,49.2273156],[-123.165297207,49.227301892],[-123.163034803,49.227260392],[-123.155104308,49.227157705],[-123.150910617,49.227115412],[-123.143582709,49.227012491],[-123.141634209,49.227001392],[-123.139810705,49.226966597]]]]},"properties":{"a": "1.41849", "q": "00000", "t": "CT", "dw": "1257", "hh": "1203", "id": "9330007.02", "nrr": "0.27", "pop": "3705", "rgid": "59", "rpid": "59933", "ruid": "5915022", "rguid": "5915"}},{"type":"Feature","geometry":{"type":"MultiPolygon","coordinates":[[[[-123.197081198,49.235052311],[-123.197063649,49.232936364],[-123.196897889,49.232676793],[-123.197049181,49.230575969],[-123.196473512,49.230338085],[-123.194842358,49.229806978],[-123.191436182,49.228000196],[-123.191118785,49.22736045],[-123.190943799,49.226533687],[-123.191097062,49.225554513],[-123.191348393,49.220813369],[-123.191295977,49.219439706],[-123.202841226,49.221942122],[-123.207319991,49.222817513],[-123.225943911,49.228871506],[-123.221602384,49.236965741],[-123.221300915,49.237323773],[-123.22006818,49.239126365],[-123.209397384,49.235455129],[-123.208566281,49.235052721],[-123.208321599,49.235315003],[-123.207455798,49.235899703],[-123.207166493,49.2361453],[-123.205314017,49.237338546],[-123.197081198,49.235052311]]]]},"properties":{"a": "3.19919", "q": "01000", "t": "CT", "dw": "556", "hh": "544", "id": "9330008.01", "nrr": "0.327", "pop": "1569", "rgid": "59", "rpid": "59933", "ruid": "5915803", "rguid": "5915"}},{"type":"Feature","geometry":{"type":"MultiPolygon","coordinates":[[[[-123.178714715,49.23476069],[-123.175754587,49.234740901],[-123.170253405,49.234719207],[-123.167394379,49.234729695],[-123.167394978,49.233752396],[-123.167446912,49.229302181],[-123.167430801,49.2273156],[-123.168416219,49.225788604],[-123.168669404,49.225417785],[-123.168800005,49.224784403],[-123.168700387,49.224346692],[-123.168374005,49.223351786],[-123.168298252,49.222905729],[-123.168354778,49.221393927],[-123.16825233,49.22030707],[-123.167987508,49.216152657],[-123.168237302,49.214460056],[-123.172187683,49.214961196],[-123.18035492,49.215698493],[-123.191295977,49.219439706],[-123.191348393,49.220813369],[-123.191097062,49.225554513],[-123.190943799,49.226533687],[-123.191118785,49.22736045],[-123.191436182,49.228000196],[-123.194842358,49.229806978],[-123.196473512,49.230338085],[-123.197049181,49.230575969],[-123.196897889,49.232676793],[-123.197063649,49.232936364],[-123.197081198,49.235052311],[-123.196194196,49.234828418],[-123.195748574,49.234772603],[-123.192299409,49.234782005],[-123.186817395,49.234783194],[-123.18532459,49.2347686],[-123.178714715,49.23476069]]]]},"properties":{"a": "3.74406", "q": "00000", "t": "CT", "dw": "1606", "hh": "1482", "id": "9330008.02", "nrr": "0.29100000000000004", "pop": "4287", "rgid": "59", "rpid": "59933", "ruid": "5915022", "rguid": "5915"}},{"type":"Feature","geometry":{"type":"MultiPolygon","coordinates":[[[[-123.165832094,49.234729189],[-123.161343197,49.234676918],[-123.155267966,49.234581127],[-123.141428205,49.234359806],[-123.139623915,49.234343503],[-123.139592697,49.232466308],[-123.139810705,49.226966597],[-123.141634209,49.227001392],[-123.143582709,49.227012491],[-123.150910617,49.227115412],[-123.155104308,49.227157705],[-123.163034803,49.227260392],[-123.165297207,49.227301892],[-123.167430801,49.2273156],[-123.167446912,49.229302181],[-123.167394978,49.233752396],[-123.167394379,49.234729695],[-123.165832094,49.234729189]]]]},"properties":{"a": "1.6647", "q": "00000", "t": "CT", "dw": "3453", "hh": "3257", "id": "9330009.00", "nrr": "0.298", "pop": "7484", "rgid": "59", "rpid": "59933", "ruid": "5915022", "rguid": "5915"}},{"type":"Feature","geometry":{"type":"MultiPolygon","coordinates":[[[[-123.116017889,49.233595789],[-123.116161104,49.230738785],[-123.116379491,49.226072191],[-123.118119115,49.226132194],[-123.123581312,49.226369988],[-123.131917683,49.226679402],[-123.139810705,49.226966597],[-123.139592697,49.232466308],[-123.139623915,49.234343503],[-123.130678156,49.234031025],[-123.130525992,49.233982841],[-123.128078483,49.233887967],[-123.128073889,49.234006737],[-123.123874988,49.233860606],[-123.119391402,49.233722899],[-123.116017889,49.233595789]]]]},"properties":{"a": "1.41537", "q": "00000", "t": "CT", "dw": "2127", "hh": "1967", "id": "9330010.01", "nrr": "0.273", "pop": "4943", "rgid": "59", "rpid": "59933", "ruid": "5915022", "rguid": "5915"}},{"type":"Feature","geometry":{"type":"MultiPolygon","coordinates":[[[[-123.116379491,49.226072191],[-123.116434502,49.22518639],[-123.116664079,49.219058105],[-123.120405679,49.219097797],[-123.12855688,49.219207103],[-123.13404011,49.219269305],[-123.137746605,49.219322696],[-123.140129951,49.219331909],[-123.140015433,49.221704245],[-123.139989588,49.222613391],[-123.139810705,49.226966597],[-123.131917683,49.226679402],[-123.123581312,49.226369988],[-123.118119115,49.226132194],[-123.116379491,49.226072191]]]]},"properties":{"a": "1.39303", "q": "00000", "t": "CT", "dw": "1713", "hh": "1632", "id": "9330010.02", "nrr": "0.239", "pop": "4738", "rgid": "59", "rpid": "59933", "ruid": "5915022", "rguid": "5915"}},{"type":"Feature","geometry":{"type":"MultiPolygon","coordinates":[[[[-123.090711417,49.225443006],[-123.090805003,49.224517696],[-123.090842394,49.223571099],[-123.090942308,49.218274307],[-123.1018879,49.218467309],[-123.106115791,49.218566507],[-123.106121502,49.217726192],[-123.110987763,49.21790807],[-123.113338395,49.217790891],[-123.116710192,49.217807308],[-123.116664079,49.219058105],[-123.116434502,49.22518639],[-123.116379491,49.226072191],[-123.112951211,49.225952493],[-123.110734716,49.225901285],[-123.108393096,49.225810584],[-123.103804987,49.225689214],[-123.099546888,49.225624296],[-123.094080282,49.225524806],[-123.090711417,49.225443006]]]]},"properties":{"a": "1.5728", "q": "00000", "t": "CT", "dw": "2415", "hh": "2209", "id": "9330011.00", "nrr": "0.266", "pop": "6645", "rgid": "59", "rpid": "59933", "ruid": "5915022", "rguid": "5915"}},{"type":"Feature","geometry":{"type":"MultiPolygon","coordinates":[[[[-123.090549099,49.232917998],[-123.090601002,49.230994398],[-123.09058602,49.230094107],[-123.090675409,49.228273297],[-123.090723204,49.226525196],[-123.090711417,49.225443006],[-123.094080282,49.225524806],[-123.099546888,49.225624296],[-123.103804987,49.225689214],[-123.108393096,49.225810584],[-123.110734716,49.225901285],[-123.112951211,49.225952493],[-123.116379491,49.226072191],[-123.116161104,49.230738785],[-123.116017889,49.233595789],[-123.112656409,49.233451814],[-123.112481567,49.233393095],[-123.110765906,49.233341696],[-123.105611367,49.233154866],[-123.104401946,49.233131398],[-123.104165616,49.233178213],[-123.09844869,49.233049732],[-123.098321123,49.23300398],[-123.093199711,49.232902982],[-123.093041711,49.232949198],[-123.090549099,49.232917998]]]]},"properties":{"a": "1.54279", "q": "00000", "t": "CT", "dw": "2931", "hh": "2710", "id": "9330012.00", "nrr": "0.259", "pop": "7777", "rgid": "59", "rpid": "59933", "ruid": "5915022", "rguid": "5915"}},{"type":"Feature","geometry":{"type":"MultiPolygon","coordinates":[[[[-123.074291577,49.232628523],[-123.073996625,49.232668271],[-123.071514108,49.23262971],[-123.071572692,49.230568392],[-123.071650895,49.228937408],[-123.071761895,49.225219188],[-123.073160996,49.225257099],[-123.077324288,49.22528],[-123.080049912,49.225331311],[-123.082822701,49.225375806],[-123.090711417,49.225443006],[-123.090723204,49.226525196],[-123.090675409,49.228273297],[-123.09058602,49.230094107],[-123.090601002,49.230994398],[-123.090549099,49.232917998],[-123.089294473,49.232891307],[-123.084835791,49.23284019],[-123.083680206,49.232768387],[-123.079333725,49.232724698],[-123.079288592,49.232676585],[-123.075674375,49.232623679],[-123.074291577,49.232628523]]]]},"properties":{"a": "1.14038", "q": "00000", "t": "CT", "dw": "2216", "hh": "2031", "id": "9330013.01", "nrr": "0.265", "pop": "6346", "rgid": "59", "rpid": "59933", "ruid": "5915022", "rguid": "5915"}},{"type":"Feature","geometry":{"type":"MultiPolygon","coordinates":[[[[-123.080049912,49.225331311],[-123.08022841,49.220484381],[-123.080229507,49.21974661],[-123.080107486,49.219285708],[-123.080058008,49.218152087],[-123.083060796,49.218198202],[-123.085438918,49.218204903],[-123.090942308,49.218274307],[-123.090842394,49.223571099],[-123.090805003,49.224517696],[-123.090711417,49.225443006],[-123.082822701,49.225375806],[-123.080049912,49.225331311]]]]},"properties":{"a": "0.62391", "q": "00001", "t": "CT", "dw": "1612", "hh": "1489", "id": "9330013.03", "nrr": "0.263", "pop": "4944", "rgid": "59", "rpid": "59933", "ruid": "5915022", "rguid": "5915"}},{"type":"Feature","geometry":{"type":"MultiPolygon","coordinates":[[[[-123.071761895,49.225219188],[-123.071826288,49.223326506],[-123.071969889,49.219961296],[-123.072037704,49.21899481],[-123.072020499,49.218092589],[-123.074000704,49.218119286],[-123.080058008,49.218152087],[-123.080107486,49.219285708],[-123.080229507,49.21974661],[-123.08022841,49.220484381],[-123.080049912,49.225331311],[-123.077324288,49.22528],[-123.073160996,49.225257099],[-123.071761895,49.225219188]]]]},"properties":{"a": "0.47728", "q": "00001", "t": "CT", "dw": "1169", "hh": "1075", "id": "9330013.04", "nrr": "0.292", "pop": "3584", "rgid": "59", "rpid": "59933", "ruid": "5915022", "rguid": "5915"}},{"type":"Feature","geometry":{"type":"MultiPolygon","coordinates":[[[[-123.059158198,49.225040017],[-123.059194808,49.223054689],[-123.059335291,49.222157711],[-123.059371706,49.221409201],[-123.059361613,49.220203688],[-123.062634016,49.220220806],[-123.065870287,49.220267506],[-123.066601722,49.220335107],[-123.069192187,49.220327198],[-123.070413314,49.219941508],[-123.071969889,49.219961296],[-123.071826288,49.223326506],[-123.071761895,49.225219188],[-123.065763601,49.225169594],[-123.062365585,49.225114001],[-123.059158198,49.225040017]]]]},"properties":{"a": "0.50408", "q": "00000", "t": "CT", "dw": "1002", "hh": "948", "id": "9330014.01", "nrr": "0.325", "pop": "2983", "rgid": "59", "rpid": "59933", "ruid": "5915022", "rguid": "5915"}},{"type":"Feature","geometry":{"type":"MultiPolygon","coordinates":[[[[-123.058867699,49.232833209],[-123.057865596,49.232831102],[-123.057934998,49.229396394],[-123.059077895,49.22940681],[-123.059063195,49.228490307],[-123.059158198,49.225040017],[-123.062365585,49.225114001],[-123.065763601,49.225169594],[-123.071761895,49.225219188],[-123.071650895,49.228937408],[-123.071572692,49.230568392],[-123.071514108,49.23262971],[-123.068941433,49.232605743],[-123.068824256,49.23263498],[-123.066916874,49.232620042],[-123.066181433,49.232678413],[-123.064742014,49.232905894],[-123.064106115,49.232929991],[-123.061237802,49.232913994],[-123.061117816,49.232856695],[-123.058867699,49.232833209]]]]},"properties":{"a": "0.80703", "q": "00000", "t": "CT", "dw": "2098", "hh": "2015", "id": "9330014.02", "nrr": "0.25", "pop": "6074", "rgid": "59", "rpid": "59933", "ruid": "5915022", "rguid": "5915"}},{"type":"Feature","geometry":{"type":"MultiPolygon","coordinates":[[[[-123.023512087,49.229234394],[-123.023523694,49.226376411],[-123.023479799,49.225198686],[-123.026013773,49.225220798],[-123.03224419,49.225247494],[-123.032372005,49.221143205],[-123.032390602,49.220122106],[-123.03905049,49.220161186],[-123.041281096,49.220159299],[-123.04118181,49.222060998],[-123.041173704,49.222942706],[-123.041092593,49.223870096],[-123.041010887,49.225475897],[-123.040928308,49.226341089],[-123.040991692,49.226982397],[-123.041097107,49.2272465],[-123.040916115,49.2277163],[-123.040816622,49.229278293],[-123.03455758,49.229261293],[-123.032147188,49.22923552],[-123.026427207,49.229225711],[-123.023512087,49.229234394]]]]},"properties":{"a": "0.93135", "q": "00000", "t": "CT", "dw": "1726", "hh": "1642", "id": "9330015.01", "nrr": "0.295", "pop": "5364", "rgid": "59", "rpid": "59933", "ruid": "5915022", "rguid": "5915"}},{"type":"Feature","geometry":{"type":"MultiPolygon","coordinates":[[[[-123.057934998,49.229396394],[-123.054920206,49.229376189],[-123.045453492,49.229285706],[-123.043104907,49.229303302],[-123.040816622,49.229278293],[-123.040916115,49.2277163],[-123.041097107,49.2272465],[-123.040991692,49.226982397],[-123.040928308,49.226341089],[-123.041010887,49.225475897],[-123.041092593,49.223870096],[-123.041173704,49.222942706],[-123.04118181,49.222060998],[-123.041281096,49.220159299],[-123.042845704,49.220181612],[-123.049025708,49.220213108],[-123.050586802,49.220183687],[-123.052760214,49.220194508],[-123.054871987,49.220182006],[-123.059361613,49.220203688],[-123.059371706,49.221409201],[-123.059335291,49.222157711],[-123.059194808,49.223054689],[-123.059158198,49.225040017],[-123.059063195,49.228490307],[-123.059077895,49.22940681],[-123.057934998,49.229396394]]]]},"properties":{"a": "1.34265", "q": "01000", "t": "CT", "dw": "1886", "hh": "1806", "id": "9330015.02", "nrr": "0.312", "pop": "6163", "rgid": "59", "rpid": "59933", "ruid": "5915022", "rguid": "5915"}},{"type":"Feature","geometry":{"type":"MultiPolygon","coordinates":[[[[-123.024843501,49.232237616],[-123.023476488,49.232294508],[-123.02347669,49.230857603],[-123.02353069,49.23059339],[-123.023512087,49.229234394],[-123.026427207,49.229225711],[-123.032147188,49.22923552],[-123.03455758,49.229261293],[-123.040816622,49.229278293],[-123.043104907,49.229303302],[-123.043151803,49.230182907],[-123.043102808,49.23196509],[-123.043090124,49.234815906],[-123.042873992,49.235363108],[-123.042334796,49.235939187],[-123.040751589,49.235789499],[-123.039546004,49.235641113],[-123.039034819,49.235497302],[-123.037803593,49.235038295],[-123.035930205,49.234166207],[-123.034070288,49.233191692],[-123.032116307,49.232229893],[-123.03125141,49.232015991],[-123.030602098,49.231971113],[-123.028143296,49.232098008],[-123.024843501,49.232237616]]]]},"properties":{"a": "0.67646", "q": "00000", "t": "CT", "dw": "1786", "hh": "1731", "id": "9330016.01", "nrr": "0.29100000000000004", "pop": "5239", "rgid": "59", "rpid": "59933", "ruid": "5915022", "rguid": "5915"}},{"type":"Feature","geometry":{"type":"MultiPolygon","coordinates":[[[[-123.042163699,49.244548992],[-123.035527598,49.244512693],[-123.034091189,49.244512902],[-123.02994232,49.244494192],[-123.026226597,49.244465691],[-123.025893099,49.244355599],[-123.02542891,49.244463505],[-123.023557996,49.244428099],[-123.023559883,49.242985005],[-123.023569778,49.240967492],[-123.023550784,49.240236391],[-123.023446799,49.239566902],[-123.023426814,49.236988198],[-123.023456092,49.234325296],[-123.023611281,49.234324992],[-123.024812324,49.235015774],[-123.029934518,49.23736221],[-123.030905393,49.237769117],[-123.0318487,49.238240991],[-123.033007513,49.238758398],[-123.03775831,49.240697787],[-123.043582807,49.243075393],[-123.043467774,49.243192992],[-123.04501824,49.243823848],[-123.047121676,49.244605199],[-123.042163699,49.244548992]]]]},"properties":{"a": "0.93633", "q": "00000", "t": "CT", "dw": "2638", "hh": "2505", "id": "9330016.04", "nrr": "0.275", "pop": "7278", "rgid": "59", "rpid": "59933", "ruid": "5915022", "rguid": "5915"}},{"type":"Feature","geometry":{"type":"MultiPolygon","coordinates":[[[[-123.0318487,49.238240991],[-123.032630999,49.237494997],[-123.030641706,49.236631309],[-123.0297602,49.236224209],[-123.030450086,49.235527004],[-123.030455992,49.235177714],[-123.029266591,49.234818789],[-123.028142792,49.234744594],[-123.028143584,49.234130308],[-123.0248225,49.23412789],[-123.024843501,49.232237616],[-123.028143296,49.232098008],[-123.030602098,49.231971113],[-123.03125141,49.232015991],[-123.032116307,49.232229893],[-123.034070288,49.233191692],[-123.035930205,49.234166207],[-123.037803593,49.235038295],[-123.039034819,49.235497302],[-123.039546004,49.235641113],[-123.040751589,49.235789499],[-123.042334796,49.235939187],[-123.03775831,49.240697787],[-123.033007513,49.238758398],[-123.0318487,49.238240991]]]]},"properties":{"a": "0.54272", "q": "00001", "t": "CT", "dw": "1906", "hh": "1825", "id": "9330016.05", "nrr": "0.201", "pop": "4955", "rgid": "59", "rpid": "59933", "ruid": "5915022", "rguid": "5915"}},{"type":"Feature","geometry":{"type":"MultiPolygon","coordinates":[[[[-123.023456092,49.234325296],[-123.023476488,49.232294508],[-123.024843501,49.232237616],[-123.0248225,49.23412789],[-123.028143584,49.234130308],[-123.028142792,49.234744594],[-123.029266591,49.234818789],[-123.030455992,49.235177714],[-123.030450086,49.235527004],[-123.0297602,49.236224209],[-123.030641706,49.236631309],[-123.032630999,49.237494997],[-123.0318487,49.238240991],[-123.030905393,49.237769117],[-123.029934518,49.23736221],[-123.024812324,49.235015774],[-123.023611281,49.234324992],[-123.023456092,49.234325296]]]]},"properties":{"a": "0.12378", "q": "00001", "t": "CT", "dw": "2591", "hh": "2488", "id": "9330016.06", "nrr": "0.156", "pop": "4946", "rgid": "59", "rpid": "59933", "ruid": "5915022", "rguid": "5915"}},{"type":"Feature","geometry":{"type":"MultiPolygon","coordinates":[[[[-123.042334796,49.235939187],[-123.042873992,49.235363108],[-123.043090124,49.234815906],[-123.043102808,49.23196509],[-123.043151803,49.230182907],[-123.043104907,49.229303302],[-123.045453492,49.229285706],[-123.054920206,49.229376189],[-123.057934998,49.229396394],[-123.057865596,49.232831102],[-123.058867699,49.232833209],[-123.058808405,49.233878287],[-123.05878151,49.235884597],[-123.058736612,49.237394012],[-123.058756692,49.238008892],[-123.058711085,49.239791316],[-123.058679403,49.240854193],[-123.0585709,49.241309806],[-123.058123403,49.241870509],[-123.054535802,49.240239399],[-123.0488094,49.237566901],[-123.047628991,49.237064402],[-123.045898599,49.236422402],[-123.045295479,49.236254603],[-123.044311401,49.236119509],[-123.042334796,49.235939187]]]]},"properties":{"a": "1.15993", "q": "00000", "t": "CT", "dw": "2313", "hh": "2135", "id": "9330017.01", "nrr": "0.253", "pop": "6830", "rgid": "59", "rpid": "59933", "ruid": "5915022", "rguid": "5915"}},{"type":"Feature","geometry":{"type":"MultiPolygon","coordinates":[[[[-123.047121676,49.244605199],[-123.04501824,49.243823848],[-123.043467774,49.243192992],[-123.043582807,49.243075393],[-123.03775831,49.240697787],[-123.042334796,49.235939187],[-123.044311401,49.236119509],[-123.045295479,49.236254603],[-123.045898599,49.236422402],[-123.047628991,49.237064402],[-123.0488094,49.237566901],[-123.054535802,49.240239399],[-123.058123403,49.241870509],[-123.056921196,49.242963706],[-123.056684782,49.243443703],[-123.056658708,49.244612205],[-123.054243813,49.244622808],[-123.049647599,49.244620598],[-123.047121676,49.244605199]]]]},"properties":{"a": "0.85474", "q": "00000", "t": "CT", "dw": "2197", "hh": "2084", "id": "9330017.02", "nrr": "0.254", "pop": "6529", "rgid": "59", "rpid": "59933", "ruid": "5915022", "rguid": "5915"}},{"type":"Feature","geometry":{"type":"MultiPolygon","coordinates":[[[[-123.073629921,49.240184505],[-123.072216181,49.240174895],[-123.0712465,49.240135986],[-123.068523199,49.240098],[-123.065765006,49.240091496],[-123.065367504,49.240059109],[-123.064214088,49.239798001],[-123.062889777,49.239786201],[-123.058711085,49.239791316],[-123.058756692,49.238008892],[-123.058736612,49.237394012],[-123.05878151,49.235884597],[-123.058808405,49.233878287],[-123.058867699,49.232833209],[-123.061117816,49.232856695],[-123.061237802,49.232913994],[-123.064106115,49.232929991],[-123.064742014,49.232905894],[-123.066181433,49.232678413],[-123.066916874,49.232620042],[-123.068824256,49.23263498],[-123.068941433,49.232605743],[-123.071514108,49.23262971],[-123.073996625,49.232668271],[-123.074291577,49.232628523],[-123.074062899,49.239349505],[-123.074009991,49.240188498],[-123.073629921,49.240184505]]]]},"properties":{"a": "0.90264", "q": "00000", "t": "CT", "dw": "2554", "hh": "2271", "id": "9330018.01", "nrr": "0.252", "pop": "7039", "rgid": "59", "rpid": "59933", "ruid": "5915022", "rguid": "5915"}},{"type":"Feature","geometry":{"type":"MultiPolygon","coordinates":[[[[-123.0801556,49.240239694],[-123.078982981,49.240216989],[-123.076367594,49.240211902],[-123.074009991,49.240188498],[-123.074062899,49.239349505],[-123.074291577,49.232628523],[-123.075674375,49.232623679],[-123.079288592,49.232676585],[-123.079333725,49.232724698],[-123.083680206,49.232768387],[-123.084835791,49.23284019],[-123.089294473,49.232891307],[-123.090549099,49.232917998],[-123.090529182,49.234768601],[-123.090395888,49.238318603],[-123.090377309,49.240302515],[-123.081551984,49.240241501],[-123.0801556,49.240239694]]]]},"properties":{"a": "0.98795", "q": "00000", "t": "CT", "dw": "2517", "hh": "2296", "id": "9330018.02", "nrr": "0.22", "pop": "6950", "rgid": "59", "rpid": "59933", "ruid": "5915022", "rguid": "5915"}},{"type":"Feature","geometry":{"type":"MultiPolygon","coordinates":[[[[-123.090377309,49.240302515],[-123.090395888,49.238318603],[-123.090529182,49.234768601],[-123.090549099,49.232917998],[-123.093041711,49.232949198],[-123.093199711,49.232902982],[-123.098321123,49.23300398],[-123.09844869,49.233049732],[-123.104165616,49.233178213],[-123.104401946,49.233131398],[-123.105611367,49.233154866],[-123.110765906,49.233341696],[-123.112481567,49.233393095],[-123.112656409,49.233451814],[-123.116017889,49.233595789],[-123.11604341,49.234467596],[-123.115892104,49.238051298],[-123.116011605,49.238448105],[-123.116214707,49.238714807],[-123.118177999,49.240487713],[-123.118337487,49.241081116],[-123.118247219,49.242136203],[-123.118150374,49.242656097],[-123.117764986,49.243224087],[-123.117201887,49.243600805],[-123.116152698,49.244198807],[-123.115683382,49.244614107],[-123.115378913,49.245159999],[-123.112867703,49.245131512],[-123.11213251,49.245073089],[-123.111586796,49.244927914],[-123.1108858,49.244539808],[-123.109102604,49.243009316],[-123.106629812,49.240779396],[-123.106087888,49.240618894],[-123.105362683,49.240576901],[-123.103418477,49.240531907],[-123.100112197,49.240484507],[-123.090377309,49.240302515]]]]},"properties":{"a": "1.84676", "q": "00000", "t": "CT", "dw": "1994", "hh": "1892", "id": "9330019.00", "nrr": "0.308", "pop": "4848", "rgid": "59", "rpid": "59933", "ruid": "5915022", "rguid": "5915"}},{"type":"Feature","geometry":{"type":"MultiPolygon","coordinates":[[[[-123.127824185,49.241437699],[-123.118337487,49.241081116],[-123.118177999,49.240487713],[-123.116214707,49.238714807],[-123.116011605,49.238448105],[-123.115892104,49.238051298],[-123.11604341,49.234467596],[-123.116017889,49.233595789],[-123.119391402,49.233722899],[-123.123874988,49.233860606],[-123.128073889,49.234006737],[-123.128078483,49.233887967],[-123.130525992,49.233982841],[-123.130678156,49.234031025],[-123.139623915,49.234343503],[-123.139556685,49.236258501],[-123.139392789,49.238985318],[-123.139312796,49.241887214],[-123.13686152,49.2417807],[-123.127824185,49.241437699]]]]},"properties":{"a": "1.39343", "q": "00000", "t": "CT", "dw": "933", "hh": "881", "id": "9330020.00", "nrr": "0.272", "pop": "2726", "rgid": "59", "rpid": "59933", "ruid": "5915022", "rguid": "5915"}},{"type":"Feature","geometry":{"type":"MultiPolygon","coordinates":[[[[-123.145979482,49.257179194],[-123.13879389,49.257053705],[-123.138910307,49.25460861],[-123.138938388,49.253151],[-123.139024802,49.251905786],[-123.139099578,49.249310893],[-123.139148881,49.24833219],[-123.139173694,49.246482806],[-123.139161998,49.245446594],[-123.139257311,49.242186607],[-123.139312796,49.241887214],[-123.139392789,49.238985318],[-123.139556685,49.236258501],[-123.139623915,49.234343503],[-123.141428205,49.234359806],[-123.155267966,49.234581127],[-123.155196698,49.236709892],[-123.155090488,49.238285852],[-123.155082133,49.239144339],[-123.154816022,49.239812648],[-123.154490188,49.240142846],[-123.154025905,49.240446785],[-123.153381108,49.240706986],[-123.152639415,49.240850524],[-123.152065793,49.240874942],[-123.15067945,49.240701916],[-123.149429031,49.240511855],[-123.148493065,49.240542085],[-123.147969016,49.240718606],[-123.147191938,49.241316715],[-123.146891907,49.241831103],[-123.146894115,49.242543976],[-123.146973268,49.242895035],[-123.14734388,49.243786056],[-123.147878493,49.244613818],[-123.14861894,49.245506651],[-123.149166709,49.246046142],[-123.150248176,49.24758493],[-123.151548229,49.249193263],[-123.151440027,49.249618633],[-123.151792182,49.250090897],[-123.151712018,49.250501302],[-123.151500656,49.250767744],[-123.150854409,49.25189909],[-123.151101402,49.252305585],[-123.151077288,49.252787702],[-123.150858014,49.253362011],[-123.150871016,49.254491894],[-123.150768691,49.25725351],[-123.145979482,49.257179194]]]]},"properties":{"a": "2.21217", "q": "00000", "t": "CT", "dw": "1362", "hh": "1281", "id": "9330021.00", "nrr": "0.337", "pop": "3955", "rgid": "59", "rpid": "59933", "ruid": "5915022", "rguid": "5915"}},{"type":"Feature","geometry":{"type":"MultiPolygon","coordinates":[[[[-123.155090488,49.238285852],[-123.155196698,49.236709892],[-123.155267966,49.234581127],[-123.161343197,49.234676918],[-123.165832094,49.234729189],[-123.165794883,49.236574692],[-123.165733689,49.23847729],[-123.155090488,49.238285852]]]]},"properties":{"a": "0.31966", "q": "01000", "t": "CT", "dw": "1775", "hh": "1651", "id": "9330022.00", "nrr": "0.314", "pop": "3177", "rgid": "59", "rpid": "59933", "ruid": "5915022", "rguid": "5915"}},{"type":"Feature","geometry":{"type":"MultiPolygon","coordinates":[[[[-123.165157288,49.245786605],[-123.165486014,49.244781394],[-123.165524512,49.244174411],[-123.165733689,49.23847729],[-123.165794883,49.236574692],[-123.165832094,49.234729189],[-123.167394379,49.234729695],[-123.170253405,49.234719207],[-123.175754587,49.234740901],[-123.178714715,49.23476069],[-123.178659191,49.238564911],[-123.178645625,49.242358505],[-123.17866702,49.243293101],[-123.178596104,49.246153802],[-123.175731893,49.246126515],[-123.170207487,49.246124989],[-123.166185182,49.246105003],[-123.166045309,49.246147207],[-123.165157288,49.245786605]]]]},"properties":{"a": "1.20023", "q": "00000", "t": "CT", "dw": "1498", "hh": "1397", "id": "9330023.00", "nrr": "0.225", "pop": "4354", "rgid": "59", "rpid": "59933", "ruid": "5915022", "rguid": "5915"}},{"type":"Feature","geometry":{"type":"MultiPolygon","coordinates":[[[[-123.178596104,49.246153802],[-123.17866702,49.243293101],[-123.178645625,49.242358505],[-123.178659191,49.238564911],[-123.178714715,49.23476069],[-123.18532459,49.2347686],[-123.186817395,49.234783194],[-123.192299409,49.234782005],[-123.195748574,49.234772603],[-123.196194196,49.234828418],[-123.197081198,49.235052311],[-123.196833407,49.235518685],[-123.19683571,49.236480797],[-123.198398024,49.236489894],[-123.198329431,49.238590465],[-123.196822122,49.238639491],[-123.196762282,49.244313398],[-123.196752782,49.246219994],[-123.186761785,49.246167107],[-123.178596104,49.246153802]]]]},"properties":{"a": "1.7023", "q": "00000", "t": "CT", "dw": "2160", "hh": "2012", "id": "9330024.00", "nrr": "0.225", "pop": "5951", "rgid": "59", "rpid": "59933", "ruid": "5915022", "rguid": "5915"}},{"type":"Feature","geometry":{"type":"MultiPolygon","coordinates":[[[[-123.186091201,49.258021081],[-123.179990985,49.257933918],[-123.178090786,49.257897707],[-123.178156693,49.257288712],[-123.178549001,49.256596389],[-123.178530503,49.256200511],[-123.17859091,49.251029296],[-123.178636295,49.249942397],[-123.178577601,49.248988804],[-123.178608179,49.248033897],[-123.178596104,49.246153802],[-123.186761785,49.246167107],[-123.196752782,49.246219994],[-123.198913197,49.246305912],[-123.201215306,49.247434801],[-123.204606804,49.249127775],[-123.204318695,49.249350881],[-123.204013224,49.249430274],[-123.200555009,49.250047707],[-123.199116189,49.250064389],[-123.198832182,49.25014979],[-123.196761,49.250240767],[-123.196791313,49.251960178],[-123.196672234,49.252906767],[-123.19648099,49.253934305],[-123.196533004,49.255200692],[-123.196545197,49.256523304],[-123.198021297,49.256609275],[-123.201010306,49.256729989],[-123.202923586,49.256694423],[-123.203022046,49.256920172],[-123.203236288,49.257968733],[-123.203215493,49.258267208],[-123.197155595,49.258196496],[-123.191075702,49.258113992],[-123.188007903,49.258033193],[-123.186091201,49.258021081]]]]},"properties":{"a": "1.98912", "q": "00000", "t": "CT", "dw": "2876", "hh": "2630", "id": "9330025.00", "nrr": "0.266", "pop": "7413", "rgid": "59", "rpid": "59933", "ruid": "5915022", "rguid": "5915"}},{"type":"Feature","geometry":{"type":"MultiPolygon","coordinates":[[[[-123.164926594,49.257649005],[-123.165056998,49.257042608],[-123.165093693,49.256396905],[-123.165263782,49.251859006],[-123.165252191,49.250970496],[-123.165416493,49.246481998],[-123.165157288,49.245786605],[-123.166045309,49.246147207],[-123.166185182,49.246105003],[-123.170207487,49.246124989],[-123.175731893,49.246126515],[-123.178596104,49.246153802],[-123.178608179,49.248033897],[-123.178577601,49.248988804],[-123.178636295,49.249942397],[-123.17859091,49.251029296],[-123.178530503,49.256200511],[-123.178549001,49.256596389],[-123.178156693,49.257288712],[-123.178090786,49.257897707],[-123.166494995,49.257719896],[-123.164926594,49.257649005]]]]},"properties":{"a": "1.25934", "q": "00000", "t": "CT", "dw": "1909", "hh": "1782", "id": "9330026.00", "nrr": "0.278", "pop": "4913", "rgid": "59", "rpid": "59933", "ruid": "5915022", "rguid": "5915"}},{"type":"Feature","geometry":{"type":"MultiPolygon","coordinates":[[[[-123.150768691,49.25725351],[-123.150871016,49.254491894],[-123.150858014,49.253362011],[-123.151077288,49.252787702],[-123.151101402,49.252305585],[-123.150854409,49.25189909],[-123.151500656,49.250767744],[-123.151712018,49.250501302],[-123.151792182,49.250090897],[-123.151440027,49.249618633],[-123.151548229,49.249193263],[-123.150248176,49.24758493],[-123.151829759,49.247598604],[-123.154716791,49.247659493],[-123.154756413,49.24694621],[-123.156208197,49.246964699],[-123.157138679,49.246772202],[-123.157975485,49.246361016],[-123.159202682,49.245583502],[-123.159874102,49.245338204],[-123.160702627,49.245150097],[-123.161310292,49.245094095],[-123.162316496,49.245098907],[-123.163061197,49.245159006],[-123.163377506,49.245017809],[-123.163583812,49.245147598],[-123.165157288,49.245786605],[-123.165416493,49.246481998],[-123.165252191,49.250970496],[-123.165263782,49.251859006],[-123.165093693,49.256396905],[-123.165056998,49.257042608],[-123.164926594,49.257649005],[-123.164444803,49.2575525],[-123.162661974,49.257416495],[-123.156030406,49.257305004],[-123.155543785,49.257334502],[-123.150768691,49.25725351]]]]},"properties":{"a": "1.2721", "q": "00001", "t": "CT", "dw": "1514", "hh": "1430", "id": "9330027.01", "nrr": "0.331", "pop": "4145", "rgid": "59", "rpid": "59933", "ruid": "5915022", "rguid": "5915"}},{"type":"Feature","geometry":{"type":"MultiPolygon","coordinates":[[[[-123.150248176,49.24758493],[-123.149166709,49.246046142],[-123.14861894,49.245506651],[-123.147878493,49.244613818],[-123.14734388,49.243786056],[-123.146973268,49.242895035],[-123.146894115,49.242543976],[-123.146891907,49.241831103],[-123.147191938,49.241316715],[-123.147969016,49.240718606],[-123.148493065,49.240542085],[-123.149429031,49.240511855],[-123.15067945,49.240701916],[-123.152065793,49.240874942],[-123.152639415,49.240850524],[-123.153381108,49.240706986],[-123.154025905,49.240446785],[-123.154490188,49.240142846],[-123.154816022,49.239812648],[-123.155082133,49.239144339],[-123.155090488,49.238285852],[-123.165733689,49.23847729],[-123.165524512,49.244174411],[-123.165486014,49.244781394],[-123.165157288,49.245786605],[-123.163583812,49.245147598],[-123.163377506,49.245017809],[-123.163061197,49.245159006],[-123.162316496,49.245098907],[-123.161310292,49.245094095],[-123.160702627,49.245150097],[-123.159874102,49.245338204],[-123.159202682,49.245583502],[-123.157975485,49.246361016],[-123.157138679,49.246772202],[-123.156208197,49.246964699],[-123.154756413,49.24694621],[-123.154716791,49.247659493],[-123.151829759,49.247598604],[-123.150248176,49.24758493]]]]},"properties":{"a": "1.02856", "q": "00001", "t": "CT", "dw": "1537", "hh": "1385", "id": "9330027.02", "nrr": "0.272", "pop": "4027", "rgid": "59", "rpid": "59933", "ruid": "5915022", "rguid": "5915"}},{"type":"Feature","geometry":{"type":"MultiPolygon","coordinates":[[[[-123.127210695,49.257116992],[-123.127490691,49.250820206],[-123.127509792,49.2491363],[-123.127662895,49.246306603],[-123.12765011,49.245404602],[-123.127684918,49.243577904],[-123.127793286,49.242380897],[-123.127824185,49.241437699],[-123.13686152,49.2417807],[-123.139312796,49.241887214],[-123.139257311,49.242186607],[-123.139161998,49.245446594],[-123.139173694,49.246482806],[-123.139148881,49.24833219],[-123.139099578,49.249310893],[-123.139024802,49.251905786],[-123.138938388,49.253151],[-123.138910307,49.25460861],[-123.13879389,49.257053705],[-123.138247499,49.2571608],[-123.137619411,49.257545002],[-123.137031886,49.257783391],[-123.1363078,49.257942511],[-123.134403412,49.257907307],[-123.133611294,49.257788103],[-123.132698126,49.257495403],[-123.131803189,49.257106789],[-123.130831475,49.257061853],[-123.127637518,49.257034711],[-123.127210695,49.257116992]]]]},"properties":{"a": "1.4746", "q": "00000", "t": "CT", "dw": "1298", "hh": "1169", "id": "9330028.00", "nrr": "0.271", "pop": "3116", "rgid": "59", "rpid": "59933", "ruid": "5915022", "rguid": "5915"}},{"type":"Feature","geometry":{"type":"MultiPolygon","coordinates":[[[[-123.115053399,49.256913297],[-123.115210796,49.253984698],[-123.115273397,49.252092994],[-123.115325289,49.251214289],[-123.115383733,49.249236039],[-123.11529512,49.249049015],[-123.115236492,49.247959326],[-123.115306796,49.246099288],[-123.115378913,49.245159999],[-123.115683382,49.244614107],[-123.116152698,49.244198807],[-123.117201887,49.243600805],[-123.117764986,49.243224087],[-123.118150374,49.242656097],[-123.118247219,49.242136203],[-123.118337487,49.241081116],[-123.127824185,49.241437699],[-123.127793286,49.242380897],[-123.127684918,49.243577904],[-123.12765011,49.245404602],[-123.127662895,49.246306603],[-123.127509792,49.2491363],[-123.127490691,49.250820206],[-123.127210695,49.257116992],[-123.122030991,49.257027589],[-123.11812821,49.256946003],[-123.115053399,49.256913297]]]]},"properties":{"a": "1.50157", "q": "01000", "t": "CT", "dw": "2761", "hh": "2632", "id": "9330029.00", "nrr": "0.264", "pop": "6512", "rgid": "59", "rpid": "59933", "ruid": "5915022", "rguid": "5915"}},{"type":"Feature","geometry":{"type":"MultiPolygon","coordinates":[[[[-123.101070693,49.248771299],[-123.092139586,49.248665092],[-123.090155286,49.248662105],[-123.090210817,49.245542396],[-123.090270627,49.244741408],[-123.090333716,49.241720094],[-123.090377309,49.240302515],[-123.100112197,49.240484507],[-123.103418477,49.240531907],[-123.105362683,49.240576901],[-123.106087888,49.240618894],[-123.106629812,49.240779396],[-123.109102604,49.243009316],[-123.1108858,49.244539808],[-123.111586796,49.244927914],[-123.11213251,49.245073089],[-123.112867703,49.245131512],[-123.115378913,49.245159999],[-123.115306796,49.246099288],[-123.115236492,49.247959326],[-123.11529512,49.249049015],[-123.110010694,49.248956205],[-123.1074472,49.248926181],[-123.104271909,49.248860904],[-123.104194809,49.248821001],[-123.101070693,49.248771299]]]]},"properties":{"a": "1.45623", "q": "00000", "t": "CT", "dw": "2525", "hh": "2405", "id": "9330030.00", "nrr": "0.244", "pop": "6629", "rgid": "59", "rpid": "59933", "ruid": "5915022", "rguid": "5915"}},{"type":"Feature","geometry":{"type":"MultiPolygon","coordinates":[[[[-123.1012381,49.256579114],[-123.101235975,49.255294502],[-123.101006692,49.254786717],[-123.100752593,49.254787009],[-123.100844012,49.254379703],[-123.100937398,49.252708502],[-123.100938993,49.251803307],[-123.101070693,49.248771299],[-123.104194809,49.248821001],[-123.104271909,49.248860904],[-123.1074472,49.248926181],[-123.110010694,49.248956205],[-123.11529512,49.249049015],[-123.115383733,49.249236039],[-123.115325289,49.251214289],[-123.115273397,49.252092994],[-123.115210796,49.253984698],[-123.115053399,49.256913297],[-123.113540489,49.256834201],[-123.1111833,49.256791793],[-123.105169709,49.256639598],[-123.1012381,49.256579114]]]]},"properties":{"a": "0.89854", "q": "00000", "t": "CT", "dw": "2539", "hh": "2421", "id": "9330031.01", "nrr": "0.242", "pop": "5660", "rgid": "59", "rpid": "59933", "ruid": "5915022", "rguid": "5915"}},{"type":"Feature","geometry":{"type":"MultiPolygon","coordinates":[[[[-123.089834618,49.256403593],[-123.089913908,49.255532899],[-123.089992175,49.252794898],[-123.090059488,49.251896796],[-123.090155286,49.248662105],[-123.092139586,49.248665092],[-123.101070693,49.248771299],[-123.100938993,49.251803307],[-123.100937398,49.252708502],[-123.100844012,49.254379703],[-123.100752593,49.254787009],[-123.101006692,49.254786717],[-123.101235975,49.255294502],[-123.1012381,49.256579114],[-123.096477097,49.256515901],[-123.089834618,49.256403593]]]]},"properties":{"a": "0.69343", "q": "00000", "t": "CT", "dw": "1880", "hh": "1764", "id": "9330031.02", "nrr": "0.222", "pop": "4657", "rgid": "59", "rpid": "59933", "ruid": "5915022", "rguid": "5915"}},{"type":"Feature","geometry":{"type":"MultiPolygon","coordinates":[[[[-123.069821,49.256364492],[-123.069076995,49.255138195],[-123.06799728,49.254248598],[-123.066272609,49.252959586],[-123.065687196,49.252442796],[-123.065218098,49.251868002],[-123.065041984,49.2514164],[-123.06669532,49.251922507],[-123.068236017,49.252471595],[-123.071965212,49.252533194],[-123.07197758,49.251639993],[-123.073280008,49.251657297],[-123.073352165,49.248944314],[-123.073366575,49.248497912],[-123.07597098,49.248511797],[-123.080035093,49.248549794],[-123.0858473,49.24859261],[-123.090155286,49.248662105],[-123.090059488,49.251896796],[-123.089992175,49.252794898],[-123.089913908,49.255532899],[-123.089834618,49.256403593],[-123.089186189,49.256404097],[-123.075880737,49.256220891],[-123.075806331,49.256595405],[-123.074276996,49.25653771],[-123.072844005,49.25652141],[-123.070226706,49.256422387],[-123.069821,49.256364492]]]]},"properties":{"a": "1.24197", "q": "00000", "t": "CT", "dw": "3329", "hh": "3156", "id": "9330032.00", "nrr": "0.193", "pop": "8249", "rgid": "59", "rpid": "59933", "ruid": "5915022", "rguid": "5915"}},{"type":"Feature","geometry":{"type":"MultiPolygon","coordinates":[[[[-123.080035093,49.248549794],[-123.080076999,49.247709595],[-123.080209914,49.242497688],[-123.0801556,49.240239694],[-123.081551984,49.240241501],[-123.090377309,49.240302515],[-123.090333716,49.241720094],[-123.090270627,49.244741408],[-123.090210817,49.245542396],[-123.090155286,49.248662105],[-123.0858473,49.24859261],[-123.080035093,49.248549794]]]]},"properties":{"a": "0.68227", "q": "00001", "t": "CT", "dw": "1774", "hh": "1614", "id": "9330033.01", "nrr": "0.24100000000000002", "pop": "4643", "rgid": "59", "rpid": "59933", "ruid": "5915022", "rguid": "5915"}},{"type":"Feature","geometry":{"type":"MultiPolygon","coordinates":[[[[-123.073366575,49.248497912],[-123.073547082,49.243022398],[-123.073629921,49.240184505],[-123.074009991,49.240188498],[-123.076367594,49.240211902],[-123.078982981,49.240216989],[-123.0801556,49.240239694],[-123.080209914,49.242497688],[-123.080076999,49.247709595],[-123.080035093,49.248549794],[-123.07597098,49.248511797],[-123.073366575,49.248497912]]]]},"properties":{"a": "0.44716", "q": "00001", "t": "CT", "dw": "1084", "hh": "973", "id": "9330033.02", "nrr": "0.244", "pop": "2971", "rgid": "59", "rpid": "59933", "ruid": "5915022", "rguid": "5915"}},{"type":"Feature","geometry":{"type":"MultiPolygon","coordinates":[[[[-123.058123403,49.241870509],[-123.0585709,49.241309806],[-123.058679403,49.240854193],[-123.058711085,49.239791316],[-123.062889777,49.239786201],[-123.064214088,49.239798001],[-123.065367504,49.240059109],[-123.065765006,49.240091496],[-123.068523199,49.240098],[-123.0712465,49.240135986],[-123.072216181,49.240174895],[-123.073629921,49.240184505],[-123.073547082,49.243022398],[-123.073366575,49.248497912],[-123.073352165,49.248944314],[-123.072309481,49.248491788],[-123.068793921,49.246856802],[-123.067834706,49.246389395],[-123.065173682,49.245143303],[-123.063765513,49.244501402],[-123.061810396,49.243562695],[-123.058123403,49.241870509]]]]},"properties":{"a": "0.67336", "q": "00000", "t": "CT", "dw": "1771", "hh": "1623", "id": "9330034.01", "nrr": "0.184", "pop": "4963", "rgid": "59", "rpid": "59933", "ruid": "5915022", "rguid": "5915"}},{"type":"Feature","geometry":{"type":"MultiPolygon","coordinates":[[[[-123.066008121,49.2568167],[-123.065357497,49.256831395],[-123.061489224,49.256693364],[-123.058988006,49.256787707],[-123.056616679,49.256750103],[-123.056633501,49.255078701],[-123.056592901,49.253488592],[-123.056600484,49.250682796],[-123.056651625,49.248406091],[-123.056658708,49.244612205],[-123.056684782,49.243443703],[-123.056921196,49.242963706],[-123.058123403,49.241870509],[-123.061810396,49.243562695],[-123.063765513,49.244501402],[-123.065173682,49.245143303],[-123.067834706,49.246389395],[-123.068793921,49.246856802],[-123.072309481,49.248491788],[-123.073352165,49.248944314],[-123.073280008,49.251657297],[-123.07197758,49.251639993],[-123.071965212,49.252533194],[-123.068236017,49.252471595],[-123.06669532,49.251922507],[-123.065041984,49.2514164],[-123.065218098,49.251868002],[-123.065687196,49.252442796],[-123.066272609,49.252959586],[-123.06799728,49.254248598],[-123.069076995,49.255138195],[-123.069821,49.256364492],[-123.069877199,49.256845301],[-123.066008121,49.2568167]]]]},"properties":{"a": "1.37365", "q": "00000", "t": "CT", "dw": "2609", "hh": "2420", "id": "9330034.02", "nrr": "0.302", "pop": "7293", "rgid": "59", "rpid": "59933", "ruid": "5915022", "rguid": "5915"}},{"type":"Feature","geometry":{"type":"MultiPolygon","coordinates":[[[[-123.044156364,49.250672267],[-123.043822509,49.250328945],[-123.043458093,49.250098284],[-123.042322312,49.249624806],[-123.041780403,49.249183886],[-123.041615701,49.248751494],[-123.041625782,49.2454053],[-123.041942232,49.244749206],[-123.042163699,49.244548992],[-123.047121676,49.244605199],[-123.049647599,49.244620598],[-123.054243813,49.244622808],[-123.056658708,49.244612205],[-123.056651625,49.248406091],[-123.056600484,49.250682796],[-123.05223248,49.250690591],[-123.044156364,49.250672267]]]]},"properties":{"a": "0.72093", "q": "01000", "t": "CT", "dw": "1691", "hh": "1479", "id": "9330035.01", "nrr": "0.341", "pop": "4214", "rgid": "59", "rpid": "59933", "ruid": "5915022", "rguid": "5915"}},{"type":"Feature","geometry":{"type":"MultiPolygon","coordinates":[[[[-123.0565913,49.262131505],[-123.055846617,49.262024703],[-123.053006712,49.262006699],[-123.047040698,49.26200211],[-123.044314387,49.261948203],[-123.044322205,49.26089806],[-123.044381471,49.259213413],[-123.044280281,49.258537748],[-123.044187331,49.258379379],[-123.044236386,49.256315198],[-123.044412211,49.256315493],[-123.0444249,49.255404306],[-123.044246402,49.255403897],[-123.044297375,49.251261653],[-123.044156364,49.250672267],[-123.05223248,49.250690591],[-123.056600484,49.250682796],[-123.056592901,49.253488592],[-123.056633501,49.255078701],[-123.056616679,49.256750103],[-123.058988006,49.256787707],[-123.061489224,49.256693364],[-123.065357497,49.256831395],[-123.066008121,49.2568167],[-123.065934211,49.260440306],[-123.065915822,49.262294484],[-123.062030112,49.262260807],[-123.058157199,49.262242708],[-123.057073501,49.262217606],[-123.0565913,49.262131505]]]]},"properties":{"a": "1.54494", "q": "00000", "t": "CT", "dw": "2667", "hh": "2537", "id": "9330035.02", "nrr": "0.319", "pop": "6869", "rgid": "59", "rpid": "59933", "ruid": "5915022", "rguid": "5915"}},{"type":"Feature","geometry":{"type":"MultiPolygon","coordinates":[[[[-123.033645927,49.261898604],[-123.033722081,49.258128193],[-123.033774884,49.247096697],[-123.033888804,49.247098009],[-123.033905471,49.246235498],[-123.033782018,49.246233901],[-123.033789716,49.245104506],[-123.033890298,49.24475419],[-123.034091189,49.244512902],[-123.035527598,49.244512693],[-123.042163699,49.244548992],[-123.041942232,49.244749206],[-123.041625782,49.2454053],[-123.041615701,49.248751494],[-123.041780403,49.249183886],[-123.042322312,49.249624806],[-123.043458093,49.250098284],[-123.043822509,49.250328945],[-123.044156364,49.250672267],[-123.044297375,49.251261653],[-123.044246402,49.255403897],[-123.0444249,49.255404306],[-123.044412211,49.256315493],[-123.044236386,49.256315198],[-123.044187331,49.258379379],[-123.044280281,49.258537748],[-123.044381471,49.259213413],[-123.044322205,49.26089806],[-123.044314387,49.261948203],[-123.040130085,49.261901002],[-123.033645927,49.261898604]]]]},"properties":{"a": "1.36961", "q": "00000", "t": "CT", "dw": "2064", "hh": "1938", "id": "9330036.01", "nrr": "0.318", "pop": "6051", "rgid": "59", "rpid": "59933", "ruid": "5915022", "rguid": "5915"}},{"type":"Feature","geometry":{"type":"MultiPolygon","coordinates":[[[[-123.02352751,49.261540701],[-123.023524308,49.259876786],[-123.023477093,49.259113515],[-123.023495607,49.257327711],[-123.023518147,49.250666963],[-123.023557996,49.244428099],[-123.02542891,49.244463505],[-123.025893099,49.244355599],[-123.026226597,49.244465691],[-123.02994232,49.244494192],[-123.034091189,49.244512902],[-123.033890298,49.24475419],[-123.033789716,49.245104506],[-123.033782018,49.246233901],[-123.033905471,49.246235498],[-123.033888804,49.247098009],[-123.033774884,49.247096697],[-123.033722081,49.258128193],[-123.033645927,49.261898604],[-123.031871013,49.261941689],[-123.031539983,49.262009149],[-123.028501416,49.261785906],[-123.028269923,49.261958303],[-123.027254476,49.26242896],[-123.025438969,49.263058555],[-123.02377686,49.26246764],[-123.023698892,49.261545389],[-123.02352751,49.261540701]]]]},"properties":{"a": "1.46931", "q": "00000", "t": "CT", "dw": "2042", "hh": "1908", "id": "9330036.02", "nrr": "0.256", "pop": "5967", "rgid": "59", "rpid": "59933", "ruid": "5915022", "rguid": "5915"}},{"type":"Feature","geometry":{"type":"MultiPolygon","coordinates":[[[[-123.077480985,49.262392173],[-123.077478477,49.258484596],[-123.077144492,49.257963893],[-123.076257918,49.25742913],[-123.075852195,49.256935326],[-123.075806331,49.256595405],[-123.075880737,49.256220891],[-123.089186189,49.256404097],[-123.089834618,49.256403593],[-123.089713001,49.256830894],[-123.089277103,49.257364095],[-123.089209405,49.257939698],[-123.089134602,49.262481997],[-123.0833219,49.262441203],[-123.077480985,49.262392173]]]]},"properties":{"a": "0.60169", "q": "00000", "t": "CT", "dw": "2255", "hh": "2090", "id": "9330037.01", "nrr": "0.231", "pop": "5012", "rgid": "59", "rpid": "59933", "ruid": "5915022", "rguid": "5915"}},{"type":"Feature","geometry":{"type":"MultiPolygon","coordinates":[[[[-123.065915822,49.262294484],[-123.065934211,49.260440306],[-123.066008121,49.2568167],[-123.069877199,49.256845301],[-123.069821,49.256364492],[-123.070226706,49.256422387],[-123.072844005,49.25652141],[-123.074276996,49.25653771],[-123.075806331,49.256595405],[-123.075852195,49.256935326],[-123.076257918,49.25742913],[-123.077144492,49.257963893],[-123.077478477,49.258484596],[-123.077480985,49.262392173],[-123.065915822,49.262294484]]]]},"properties":{"a": "0.51895", "q": "01000", "t": "CT", "dw": "1659", "hh": "1596", "id": "9330037.02", "nrr": "0.33299999999999996", "pop": "3559", "rgid": "59", "rpid": "59933", "ruid": "5915022", "rguid": "5915"}},{"type":"Feature","geometry":{"type":"MultiPolygon","coordinates":[[[[-123.089134602,49.262481997],[-123.089209405,49.257939698],[-123.089277103,49.257364095],[-123.089713001,49.256830894],[-123.089834618,49.256403593],[-123.096477097,49.256515901],[-123.1012381,49.256579114],[-123.101131371,49.258397494],[-123.101085835,49.260005964],[-123.101008437,49.260101175],[-123.100962685,49.261206973],[-123.10104381,49.261293829],[-123.100977907,49.262392802],[-123.100888015,49.262908297],[-123.096703498,49.262775106],[-123.095593906,49.262549698],[-123.094952885,49.262519009],[-123.089134602,49.262481997]]]]},"properties":{"a": "0.58903", "q": "01000", "t": "CT", "dw": "2909", "hh": "2782", "id": "9330038.00", "nrr": "0.28", "pop": "5394", "rgid": "59", "rpid": "59933", "ruid": "5915022", "rguid": "5915"}},{"type":"Feature","geometry":{"type":"MultiPolygon","coordinates":[[[[-123.100888015,49.262908297],[-123.100977907,49.262392802],[-123.10104381,49.261293829],[-123.100962685,49.261206973],[-123.101008437,49.260101175],[-123.101085835,49.260005964],[-123.101131371,49.258397494],[-123.1012381,49.256579114],[-123.105169709,49.256639598],[-123.1111833,49.256791793],[-123.113540489,49.256834201],[-123.115053399,49.256913297],[-123.115010424,49.259592823],[-123.11494312,49.259681109],[-123.114856923,49.26223781],[-123.11477899,49.263203999],[-123.109484228,49.263120009],[-123.106831716,49.263048907],[-123.104885891,49.263014694],[-123.100888015,49.262908297]]]]},"properties":{"a": "0.71415", "q": "01000", "t": "CT", "dw": "3446", "hh": "3312", "id": "9330039.01", "nrr": "0.221", "pop": "5630", "rgid": "59", "rpid": "59933", "ruid": "5915022", "rguid": "5915"}},{"type":"Feature","geometry":{"type":"MultiPolygon","coordinates":[[[[-123.11477899,49.263203999],[-123.114856923,49.26223781],[-123.11494312,49.259681109],[-123.115010424,49.259592823],[-123.115053399,49.256913297],[-123.11812821,49.256946003],[-123.122030991,49.257027589],[-123.127210695,49.257116992],[-123.127183113,49.257607201],[-123.126782085,49.258160401],[-123.126707504,49.260629105],[-123.126619297,49.263406509],[-123.12181942,49.263317296],[-123.119894811,49.263294699],[-123.11477899,49.263203999]]]]},"properties":{"a": "0.6033", "q": "01000", "t": "CT", "dw": "3111", "hh": "2966", "id": "9330039.02", "nrr": "0.14300000000000002", "pop": "5630", "rgid": "59", "rpid": "59933", "ruid": "5915022", "rguid": "5915"}},{"type":"Feature","geometry":{"type":"MultiPolygon","coordinates":[[[[-123.126619297,49.263406509],[-123.126707504,49.260629105],[-123.128468206,49.260657993],[-123.129100391,49.260608191],[-123.13148198,49.260681397],[-123.138697377,49.260800898],[-123.138572611,49.261710111],[-123.13854151,49.262638802],[-123.138562512,49.263589609],[-123.136088795,49.26356],[-123.126619297,49.263406509]]]]},"properties":{"a": "0.27049", "q": "01000", "t": "CT", "dw": "2697", "hh": "2570", "id": "9330040.01", "nrr": "0.292", "pop": "3761", "rgid": "59", "rpid": "59933", "ruid": "5915022", "rguid": "5915"}},{"type":"Feature","geometry":{"type":"MultiPolygon","coordinates":[[[[-123.126707504,49.260629105],[-123.126782085,49.258160401],[-123.127183113,49.257607201],[-123.127210695,49.257116992],[-123.127637518,49.257034711],[-123.130831475,49.257061853],[-123.131803189,49.257106789],[-123.132698126,49.257495403],[-123.133611294,49.257788103],[-123.134403412,49.257907307],[-123.1363078,49.257942511],[-123.137031886,49.257783391],[-123.137619411,49.257545002],[-123.138247499,49.2571608],[-123.13879389,49.257053705],[-123.138741489,49.258014294],[-123.138729315,49.259815501],[-123.138697377,49.260800898],[-123.13148198,49.260681397],[-123.129100391,49.260608191],[-123.128468206,49.260657993],[-123.126707504,49.260629105]]]]},"properties":{"a": "0.3166", "q": "00000", "t": "CT", "dw": "3022", "hh": "2884", "id": "9330040.02", "nrr": "0.29", "pop": "4360", "rgid": "59", "rpid": "59933", "ruid": "5915022", "rguid": "5915"}},{"type":"Feature","geometry":{"type":"MultiPolygon","coordinates":[[[[-123.138562512,49.263589609],[-123.13854151,49.262638802],[-123.138572611,49.261710111],[-123.138697377,49.260800898],[-123.138729315,49.259815501],[-123.138741489,49.258014294],[-123.13879389,49.257053705],[-123.145979482,49.257179194],[-123.145972507,49.258096788],[-123.145756782,49.263701794],[-123.141026906,49.263614402],[-123.138562512,49.263589609]]]]},"properties":{"a": "0.38099", "q": "01000", "t": "CT", "dw": "2865", "hh": "2746", "id": "9330041.01", "nrr": "0.251", "pop": "4346", "rgid": "59", "rpid": "59933", "ruid": "5915022", "rguid": "5915"}},{"type":"Feature","geometry":{"type":"MultiPolygon","coordinates":[[[[-123.150543596,49.263782302],[-123.145756782,49.263701794],[-123.145972507,49.258096788],[-123.145979482,49.257179194],[-123.150768691,49.25725351],[-123.155543785,49.257334502],[-123.156030406,49.257305004],[-123.162661974,49.257416495],[-123.164444803,49.2575525],[-123.164926594,49.257649005],[-123.164832627,49.259524503],[-123.164816113,49.260422986],[-123.16470698,49.262253109],[-123.164638986,49.264041001],[-123.162410099,49.263983288],[-123.150543596,49.263782302]]]]},"properties":{"a": "1.00113", "q": "00000", "t": "CT", "dw": "3787", "hh": "3521", "id": "9330041.02", "nrr": "0.172", "pop": "7009", "rgid": "59", "rpid": "59933", "ruid": "5915022", "rguid": "5915"}},{"type":"Feature","geometry":{"type":"MultiPolygon","coordinates":[[[[-123.164638986,49.264041001],[-123.16470698,49.262253109],[-123.164816113,49.260422986],[-123.164832627,49.259524503],[-123.164926594,49.257649005],[-123.166494995,49.257719896],[-123.178090786,49.257897707],[-123.179990985,49.257933918],[-123.186091201,49.258021081],[-123.185986403,49.260722296],[-123.185915216,49.261668801],[-123.185920987,49.262547198],[-123.185879118,49.264370001],[-123.171241482,49.264126893],[-123.1700731,49.264093597],[-123.166486095,49.26404989],[-123.164638986,49.264041001]]]]},"properties":{"a": "1.08738", "q": "00000", "t": "CT", "dw": "2782", "hh": "2544", "id": "9330042.00", "nrr": "0.268", "pop": "6118", "rgid": "59", "rpid": "59933", "ruid": "5915022", "rguid": "5915"}},{"type":"Feature","geometry":{"type":"MultiPolygon","coordinates":[[[[-123.202946004,49.265472982],[-123.203215493,49.258267208],[-123.206271685,49.258313094],[-123.212335401,49.258436607],[-123.215388319,49.258512702],[-123.215355622,49.260293402],[-123.215312386,49.261196593],[-123.215240331,49.263999496],[-123.215102747,49.265673036],[-123.209073386,49.265580301],[-123.202946004,49.265472982]]]]},"properties":{"a": "0.71126", "q": "00000", "t": "CT", "dw": "1808", "hh": "1618", "id": "9330043.01", "nrr": "0.254", "pop": "3940", "rgid": "59", "rpid": "59933", "ruid": "5915022", "rguid": "5915"}},{"type":"Feature","geometry":{"type":"MultiPolygon","coordinates":[[[[-123.185828703,49.265246886],[-123.185879118,49.264370001],[-123.185920987,49.262547198],[-123.185915216,49.261668801],[-123.185986403,49.260722296],[-123.186091201,49.258021081],[-123.188007903,49.258033193],[-123.191075702,49.258113992],[-123.197155595,49.258196496],[-123.203215493,49.258267208],[-123.202946004,49.265472982],[-123.195576121,49.265352005],[-123.194460798,49.265281581],[-123.1934142,49.265095896],[-123.193163222,49.265338803],[-123.187733123,49.265263199],[-123.185828703,49.265246886]]]]},"properties":{"a": "0.99667", "q": "00000", "t": "CT", "dw": "1709", "hh": "1571", "id": "9330043.02", "nrr": "0.278", "pop": "4336", "rgid": "59", "rpid": "59933", "ruid": "5915022", "rguid": "5915"}},{"type":"Feature","geometry":{"type":"MultiPolygon","coordinates":[[[[-123.185699988,49.273297851],[-123.18554979,49.273059491],[-123.185669412,49.269525611],[-123.185686596,49.268607296],[-123.185828703,49.265246886],[-123.187733123,49.265263199],[-123.193163222,49.265338803],[-123.1934142,49.265095896],[-123.194460798,49.265281581],[-123.195576121,49.265352005],[-123.202946004,49.265472982],[-123.209073386,49.265580301],[-123.215102747,49.265673036],[-123.215040775,49.26736829],[-123.217018296,49.267381495],[-123.219568506,49.267238311],[-123.219540494,49.26880479],[-123.219598761,49.268979195],[-123.221557107,49.268772512],[-123.221486632,49.270558359],[-123.222164962,49.271073411],[-123.223912726,49.272864757],[-123.223960075,49.274844989],[-123.224220807,49.276543158],[-123.223865692,49.277386008],[-123.22380187,49.277816049],[-123.223768292,49.278090711],[-123.223181189,49.278085913],[-123.222027281,49.278249698],[-123.221586384,49.2780802],[-123.220858396,49.278009002],[-123.218806999,49.277519104],[-123.217817781,49.277484897],[-123.216581102,49.277594592],[-123.216373109,49.277541891],[-123.216177907,49.276939386],[-123.216041189,49.276795608],[-123.215559608,49.276651807],[-123.213744696,49.276691597],[-123.213442588,49.2769893],[-123.2136047,49.276322795],[-123.213355886,49.2760265],[-123.211885417,49.275921098],[-123.211653803,49.276452393],[-123.211691713,49.275589298],[-123.211126688,49.275338601],[-123.20914769,49.275387108],[-123.204750587,49.275988097],[-123.203212295,49.276359813],[-123.202085208,49.276488011],[-123.20130021,49.276074892],[-123.199662303,49.275510998],[-123.198190198,49.275369994],[-123.198271588,49.275180501],[-123.197706689,49.274902802],[-123.196906513,49.274247704],[-123.196739194,49.273762006],[-123.196326085,49.273286298],[-123.195458197,49.272900389],[-123.194564503,49.272713805],[-123.192268188,49.272636904],[-123.189395482,49.272955894],[-123.188598504,49.273163891],[-123.188435412,49.273623896],[-123.187707777,49.273598195],[-123.186674106,49.273338984],[-123.185699988,49.273297851]]]]},"properties":{"a": "2.84822", "q": "00000", "t": "CT", "dw": "2261", "hh": "2024", "id": "9330044.00", "nrr": "0.275", "pop": "4527", "rgid": "59", "rpid": "59933", "ruid": "5915022", "rguid": "5915"}},{"type":"Feature","geometry":{"type":"MultiPolygon","coordinates":[[[[-123.16453922,49.268325808],[-123.171072888,49.268422498],[-123.175751296,49.268463001],[-123.179710501,49.268535995],[-123.185686596,49.268607296],[-123.185669412,49.269525611],[-123.18554979,49.273059491],[-123.185699988,49.273297851],[-123.184214204,49.273235113],[-123.183758697,49.273145299],[-123.18331971,49.272857687],[-123.182767806,49.272661099],[-123.181406,49.272618403],[-123.178573402,49.272137],[-123.177431578,49.272102794],[-123.175149105,49.27183649],[-123.172634293,49.271713992],[-123.171025194,49.271734001],[-123.169843183,49.271916292],[-123.166423602,49.272874805],[-123.164570512,49.273957098],[-123.164148751,49.274035101],[-123.164132086,49.273568899],[-123.164350902,49.273360293],[-123.164460789,49.271000604],[-123.16453922,49.268325808]]]]},"properties":{"a": "0.67288", "q": "00000", "t": "CT", "dw": "2629", "hh": "2407", "id": "9330045.01", "nrr": "0.301", "pop": "4727", "rgid": "59", "rpid": "59933", "ruid": "5915022", "rguid": "5915"}},{"type":"Feature","geometry":{"type":"MultiPolygon","coordinates":[[[[-123.16453922,49.268325808],[-123.164552576,49.267431707],[-123.164640301,49.264917399],[-123.164638986,49.264041001],[-123.166486095,49.26404989],[-123.1700731,49.264093597],[-123.171241482,49.264126893],[-123.185879118,49.264370001],[-123.185828703,49.265246886],[-123.185686596,49.268607296],[-123.179710501,49.268535995],[-123.175751296,49.268463001],[-123.171072888,49.268422498],[-123.16453922,49.268325808]]]]},"properties":{"a": "0.73341", "q": "00000", "t": "CT", "dw": "2887", "hh": "2674", "id": "9330045.02", "nrr": "0.257", "pop": "5517", "rgid": "59", "rpid": "59933", "ruid": "5915022", "rguid": "5915"}},{"type":"Feature","geometry":{"type":"MultiPolygon","coordinates":[[[[-123.157502393,49.268186606],[-123.15038941,49.268081897],[-123.150496394,49.264706094],[-123.150543596,49.263782302],[-123.162410099,49.263983288],[-123.164638986,49.264041001],[-123.164640301,49.264917399],[-123.164552576,49.267431707],[-123.16453922,49.268325808],[-123.159845113,49.268250103],[-123.157502393,49.268186606]]]]},"properties":{"a": "0.49188", "q": "00000", "t": "CT", "dw": "3140", "hh": "2992", "id": "9330046.00", "nrr": "0.172", "pop": "4967", "rgid": "59", "rpid": "59933", "ruid": "5915022", "rguid": "5915"}},{"type":"Feature","geometry":{"type":"MultiPolygon","coordinates":[[[[-123.157281259,49.273872421],[-123.15736108,49.272622502],[-123.157502393,49.268186606],[-123.159845113,49.268250103],[-123.16453922,49.268325808],[-123.164460789,49.271000604],[-123.164350902,49.273360293],[-123.164132086,49.273568899],[-123.164148751,49.274035101],[-123.163692412,49.274119499],[-123.16163129,49.274266191],[-123.160695578,49.274402895],[-123.160242386,49.274313193],[-123.159580192,49.273999896],[-123.1591549,49.273891596],[-123.157533488,49.273921503],[-123.157281259,49.273872421]]]]},"properties":{"a": "0.33248", "q": "01000", "t": "CT", "dw": "2442", "hh": "2290", "id": "9330047.01", "nrr": "0.27699999999999997", "pop": "3502", "rgid": "59", "rpid": "59933", "ruid": "5915022", "rguid": "5915"}},{"type":"Feature","geometry":{"type":"MultiPolygon","coordinates":[[[[-123.149784365,49.277903962],[-123.150026202,49.277122592],[-123.150073008,49.276250197],[-123.151081896,49.276266907],[-123.151808411,49.275400699],[-123.152518799,49.274640293],[-123.152601898,49.272549288],[-123.150222871,49.272513492],[-123.15029201,49.271612798],[-123.150352695,49.269864293],[-123.15038941,49.268081897],[-123.157502393,49.268186606],[-123.15736108,49.272622502],[-123.157281259,49.273872421],[-123.156157699,49.273653786],[-123.155619586,49.273636705],[-123.155345403,49.273834694],[-123.154895293,49.274699197],[-123.153073095,49.276778507],[-123.152622599,49.277624502],[-123.151977308,49.277949205],[-123.151289585,49.278075993],[-123.150464202,49.278041805],[-123.149784365,49.277903962]]]]},"properties":{"a": "0.39158", "q": "01000", "t": "CT", "dw": "2809", "hh": "2676", "id": "9330047.02", "nrr": "0.281", "pop": "3982", "rgid": "59", "rpid": "59933", "ruid": "5915022", "rguid": "5915"}},{"type":"Feature","geometry":{"type":"MultiPolygon","coordinates":[[[[-123.138784103,49.274915572],[-123.144191298,49.273176403],[-123.145064789,49.272848295],[-123.145319518,49.272662304],[-123.145516305,49.27229911],[-123.145464302,49.271648286],[-123.145483497,49.270666094],[-123.1431295,49.270628101],[-123.141079418,49.270564006],[-123.140812881,49.270250598],[-123.140791112,49.269712287],[-123.139462173,49.26968802],[-123.138410963,49.269157917],[-123.138191755,49.268775156],[-123.138445448,49.268092838],[-123.138481785,49.2672354],[-123.138468496,49.266182986],[-123.138562512,49.263589609],[-123.141026906,49.263614402],[-123.145756782,49.263701794],[-123.150543596,49.263782302],[-123.150496394,49.264706094],[-123.15038941,49.268081897],[-123.150352695,49.269864293],[-123.15029201,49.271612798],[-123.150222871,49.272513492],[-123.152601898,49.272549288],[-123.152518799,49.274640293],[-123.151808411,49.275400699],[-123.151081896,49.276266907],[-123.150073008,49.276250197],[-123.150026202,49.277122592],[-123.149784365,49.277903962],[-123.149309893,49.277818189],[-123.148787189,49.278061704],[-123.148471806,49.278332301],[-123.148172185,49.279070103],[-123.148008099,49.27917829],[-123.147403502,49.279250902],[-123.147210007,49.279161198],[-123.147759279,49.278836499],[-123.147661721,49.278486101],[-123.146601718,49.278253997],[-123.146230314,49.278020406],[-123.145791295,49.278174207],[-123.145406491,49.278624297],[-123.145008406,49.278840795],[-123.144444799,49.278921897],[-123.14382599,49.278850706],[-123.142135114,49.27833089],[-123.140894801,49.277721308],[-123.140454296,49.277298313],[-123.140066488,49.276633213],[-123.139462805,49.276616105],[-123.139433292,49.276472295],[-123.139956704,49.276193209],[-123.139996095,49.276039288],[-123.139292582,49.275123596],[-123.138784103,49.274915572]]],[[[-123.143734512,49.284742689],[-123.144007289,49.284454994],[-123.143602078,49.286991496],[-123.143734512,49.284742689]]]]},"properties":{"a": "1.22223", "q": "01000", "t": "CT", "dw": "4713", "hh": "4448", "id": "9330048.00", "nrr": "0.23", "pop": "7366", "rgid": "59", "rpid": "59933", "ruid": "5915022", "rguid": "5915"}},{"type":"Feature","geometry":{"type":"MultiPolygon","coordinates":[[[[-123.099933715,49.272855587],[-123.10002003,49.271891499],[-123.100586193,49.270704188],[-123.100602011,49.270121897],[-123.100736234,49.270128152],[-123.100825889,49.268144442],[-123.100745356,49.268047689],[-123.100783097,49.266609302],[-123.100728812,49.266488114],[-123.100842058,49.264302299],[-123.100888015,49.262908297],[-123.104885891,49.263014694],[-123.106831716,49.263048907],[-123.109484228,49.263120009],[-123.11477899,49.263203999],[-123.119894811,49.263294699],[-123.12181942,49.263317296],[-123.126619297,49.263406509],[-123.136088795,49.26356],[-123.138562512,49.263589609],[-123.138468496,49.266182986],[-123.13606219,49.266148892],[-123.134902101,49.266181188],[-123.134329893,49.266280404],[-123.13361871,49.266184911],[-123.13210084,49.266158086],[-123.131370486,49.266082831],[-123.126532912,49.265999214],[-123.124076903,49.265947298],[-123.121454696,49.265917011],[-123.121346105,49.265963588],[-123.117415605,49.265918101],[-123.117420902,49.265787708],[-123.115530384,49.265811001],[-123.115075611,49.265768202],[-123.114891108,49.265642612],[-123.114905595,49.266535591],[-123.114776385,49.266603289],[-123.11481997,49.2693923],[-123.114774506,49.271147178],[-123.114468592,49.27130949],[-123.112930496,49.271679802],[-123.112434807,49.27157301],[-123.111830202,49.27164571],[-123.111680724,49.271762404],[-123.112133397,49.271860692],[-123.111955493,49.271977508],[-123.111447525,49.272041604],[-123.111266899,49.271933308],[-123.110719019,49.272266599],[-123.110416786,49.272122791],[-123.10975679,49.27238481],[-123.108423916,49.272394809],[-123.107831003,49.272332085],[-123.107721098,49.271973208],[-123.107514193,49.271892013],[-123.107034191,49.272270899],[-123.105370205,49.272245201],[-123.103115716,49.272363499],[-123.102950897,49.272480202],[-123.102944122,49.272942419],[-123.102341059,49.272864849],[-123.101992001,49.273032019],[-123.10162189,49.27292982],[-123.101635199,49.273046396],[-123.101181602,49.273049496],[-123.099933715,49.272855587]]]]},"properties":{"a": "1.55144", "q": "01000", "t": "CT", "dw": "5353", "hh": "4673", "id": "9330049.01", "nrr": "0.196", "pop": "8179", "rgid": "59", "rpid": "59933", "ruid": "5915022", "rguid": "5915"}},{"type":"Feature","geometry":{"type":"MultiPolygon","coordinates":[[[[-123.114774506,49.271147178],[-123.11481997,49.2693923],[-123.114776385,49.266603289],[-123.114905595,49.266535591],[-123.114891108,49.265642612],[-123.115075611,49.265768202],[-123.115530384,49.265811001],[-123.117420902,49.265787708],[-123.117415605,49.265918101],[-123.121346105,49.265963588],[-123.121454696,49.265917011],[-123.124076903,49.265947298],[-123.126532912,49.265999214],[-123.131370486,49.266082831],[-123.13210084,49.266158086],[-123.13361871,49.266184911],[-123.134329893,49.266280404],[-123.134902101,49.266181188],[-123.13606219,49.266148892],[-123.138468496,49.266182986],[-123.138481785,49.2672354],[-123.138445448,49.268092838],[-123.138191755,49.268775156],[-123.138410963,49.269157917],[-123.139462173,49.26968802],[-123.140791112,49.269712287],[-123.140812881,49.270250598],[-123.141079418,49.270564006],[-123.1431295,49.270628101],[-123.145483497,49.270666094],[-123.145464302,49.271648286],[-123.145516305,49.27229911],[-123.145319518,49.272662304],[-123.145064789,49.272848295],[-123.144191298,49.273176403],[-123.138784103,49.274915572],[-123.138370499,49.274350195],[-123.138478889,49.274224902],[-123.139275504,49.274052604],[-123.139631985,49.273602502],[-123.139837213,49.273027093],[-123.139821909,49.272352087],[-123.139544217,49.271597202],[-123.138991906,49.271048884],[-123.138428704,49.271048887],[-123.137768183,49.270798295],[-123.137396205,49.270339711],[-123.137176799,49.270295499],[-123.136930512,49.270601694],[-123.137400488,49.27166271],[-123.137400405,49.271877796],[-123.137044282,49.272606994],[-123.136605814,49.273040004],[-123.135451378,49.273185196],[-123.134570601,49.2728534],[-123.134349791,49.272547213],[-123.133730401,49.272250911],[-123.133510203,49.271936198],[-123.132120094,49.270957794],[-123.131858916,49.270895095],[-123.131554807,49.270409409],[-123.130727099,49.269781408],[-123.130507398,49.269458099],[-123.130712103,49.268918292],[-123.130572888,49.268549404],[-123.130669723,49.268387102],[-123.132510492,49.268546614],[-123.13370868,49.2689226],[-123.133927311,49.268841391],[-123.134009411,49.268482497],[-123.133789318,49.2684013],[-123.133335192,49.268428412],[-123.132948902,49.267979696],[-123.132372322,49.267900004],[-123.131780399,49.267360214],[-123.131503784,49.267324604],[-123.130886399,49.267630801],[-123.130681889,49.267955498],[-123.130020903,49.267974],[-123.129349222,49.268226102],[-123.12563659,49.268149208],[-123.124839493,49.267736194],[-123.124315994,49.267854416],[-123.124056615,49.268133602],[-123.12402891,49.268358598],[-123.12324671,49.268260304],[-123.122956612,49.268305901],[-123.122310891,49.268585014],[-123.121762701,49.268666186],[-123.121486625,49.268622105],[-123.121100609,49.267947007],[-123.120673795,49.267696297],[-123.119106298,49.267689198],[-123.118805016,49.267976907],[-123.118847688,49.2689211],[-123.118766509,49.269362593],[-123.118147186,49.268993806],[-123.118038103,49.269326998],[-123.117613875,49.269489396],[-123.117160412,49.270074797],[-123.11562278,49.2706971],[-123.114774506,49.271147178]]]]},"properties":{"a": "0.85075", "q": "00000", "t": "CT", "dw": "3297", "hh": "3116", "id": "9330049.02", "nrr": "0.228", "pop": "5788", "rgid": "59", "rpid": "59933", "ruid": "5915022", "rguid": "5915"}},{"type":"Feature","geometry":{"type":"MultiPolygon","coordinates":[[[[-123.065769407,49.269560593],[-123.06586711,49.264150495],[-123.065915822,49.262294484],[-123.077480985,49.262392173],[-123.077547494,49.262579514],[-123.077429305,49.265174988],[-123.077380309,49.267849797],[-123.077365888,49.269649108],[-123.069675514,49.269586503],[-123.067696486,49.269549904],[-123.065769407,49.269560593]]]]},"properties":{"a": "0.68133", "q": "01000", "t": "CT", "dw": "3532", "hh": "3179", "id": "9330050.02", "nrr": "0.282", "pop": "5752", "rgid": "59", "rpid": "59933", "ruid": "5915022", "rguid": "5915"}},{"type":"Feature","geometry":{"type":"MultiPolygon","coordinates":[[[[-123.077365888,49.269649108],[-123.077380309,49.267849797],[-123.077429305,49.265174988],[-123.079401985,49.265199601],[-123.081592186,49.265261502],[-123.089053095,49.266691694],[-123.089080904,49.266139392],[-123.089080279,49.264332503],[-123.089134602,49.262481997],[-123.094952885,49.262519009],[-123.095593906,49.262549698],[-123.096703498,49.262775106],[-123.100888015,49.262908297],[-123.100842058,49.264302299],[-123.100728812,49.266488114],[-123.100783097,49.266609302],[-123.100745356,49.268047689],[-123.100825889,49.268144442],[-123.100736234,49.270128152],[-123.100602011,49.270121897],[-123.100586193,49.270704188],[-123.10002003,49.271891499],[-123.099933715,49.272855587],[-123.098616897,49.272642798],[-123.094441515,49.271911713],[-123.093319114,49.271734589],[-123.087421088,49.270737011],[-123.082497272,49.269874446],[-123.081660589,49.2696987],[-123.077365888,49.269649108]]]]},"properties":{"a": "1.29301", "q": "01000", "t": "CT", "dw": "3318", "hh": "3173", "id": "9330050.03", "nrr": "0.237", "pop": "4971", "rgid": "59", "rpid": "59933", "ruid": "5915022", "rguid": "5915"}},{"type":"Feature","geometry":{"type":"MultiPolygon","coordinates":[[[[-123.077429305,49.265174988],[-123.077547494,49.262579514],[-123.077480985,49.262392173],[-123.0833219,49.262441203],[-123.089134602,49.262481997],[-123.089080279,49.264332503],[-123.089080904,49.266139392],[-123.089053095,49.266691694],[-123.081592186,49.265261502],[-123.079401985,49.265199601],[-123.077429305,49.265174988]]]]},"properties":{"a": "0.30664", "q": "01000", "t": "CT", "dw": "2038", "hh": "1892", "id": "9330050.04", "nrr": "0.317", "pop": "3212", "rgid": "59", "rpid": "59933", "ruid": "5915022", "rguid": "5915"}},{"type":"Feature","geometry":{"type":"MultiPolygon","coordinates":[[[[-123.056603948,49.26955328],[-123.05666352,49.267640795],[-123.056588089,49.266729012],[-123.056601184,49.263880198],[-123.056569614,49.26316591],[-123.0565913,49.262131505],[-123.057073501,49.262217606],[-123.058157199,49.262242708],[-123.062030112,49.262260807],[-123.065915822,49.262294484],[-123.06586711,49.264150495],[-123.065769407,49.269560593],[-123.063806991,49.269566595],[-123.059945489,49.269510204],[-123.057873087,49.269495129],[-123.057689237,49.269555859],[-123.056603948,49.26955328]]]]},"properties":{"a": "0.54428", "q": "00001", "t": "CT", "dw": "1353", "hh": "1291", "id": "9330051.01", "nrr": "0.309", "pop": "3320", "rgid": "59", "rpid": "59933", "ruid": "5915022", "rguid": "5915"}},{"type":"Feature","geometry":{"type":"MultiPolygon","coordinates":[[[[-123.044217193,49.269575988],[-123.044308982,49.26569879],[-123.044329908,49.262934001],[-123.044314387,49.261948203],[-123.047040698,49.26200211],[-123.053006712,49.262006699],[-123.055846617,49.262024703],[-123.0565913,49.262131505],[-123.056569614,49.26316591],[-123.056601184,49.263880198],[-123.056588089,49.266729012],[-123.05666352,49.267640795],[-123.056603948,49.26955328],[-123.054669837,49.269610399],[-123.052065891,49.269570806],[-123.044217193,49.269575988]]]]},"properties":{"a": "0.75497", "q": "00001", "t": "CT", "dw": "1654", "hh": "1622", "id": "9330051.02", "nrr": "0.22899999999999998", "pop": "4671", "rgid": "59", "rpid": "59933", "ruid": "5915022", "rguid": "5915"}},{"type":"Feature","geometry":{"type":"MultiPolygon","coordinates":[[[[-123.023461398,49.269528798],[-123.023458005,49.266627313],[-123.023483494,49.263660846],[-123.02350857,49.262452994],[-123.02352751,49.261540701],[-123.023698892,49.261545389],[-123.02377686,49.26246764],[-123.025438969,49.263058555],[-123.027254476,49.26242896],[-123.028269923,49.261958303],[-123.028501416,49.261785906],[-123.031539983,49.262009149],[-123.031871013,49.261941689],[-123.033645927,49.261898604],[-123.040130085,49.261901002],[-123.044314387,49.261948203],[-123.044329908,49.262934001],[-123.044308982,49.26569879],[-123.044217193,49.269575988],[-123.041466097,49.269558201],[-123.038940722,49.269557405],[-123.036435791,49.26953731],[-123.023461398,49.269528798]]]]},"properties":{"a": "1.26046", "q": "00000", "t": "CT", "dw": "2248", "hh": "2042", "id": "9330052.01", "nrr": "0.222", "pop": "5960", "rgid": "59", "rpid": "59933", "ruid": "5915022", "rguid": "5915"}},{"type":"Feature","geometry":{"type":"MultiPolygon","coordinates":[[[[-123.023421696,49.275756598],[-123.023435508,49.272116095],[-123.023461398,49.269528798],[-123.036435791,49.26953731],[-123.038940722,49.269557405],[-123.041466097,49.269558201],[-123.044217193,49.269575988],[-123.0442162,49.271359389],[-123.044166706,49.272286799],[-123.044126992,49.274203395],[-123.04410601,49.2774645],[-123.041429797,49.277451489],[-123.036234578,49.277460305],[-123.030769572,49.277431792],[-123.02363468,49.277428011],[-123.02340369,49.2775577],[-123.023421696,49.275756598]]]]},"properties":{"a": "1.32557", "q": "00000", "t": "CT", "dw": "2236", "hh": "2099", "id": "9330052.02", "nrr": "0.19", "pop": "6258", "rgid": "59", "rpid": "59933", "ruid": "5915022", "rguid": "5915"}},{"type":"Feature","geometry":{"type":"MultiPolygon","coordinates":[[[[-123.026103098,49.293012009],[-123.026087002,49.292397686],[-123.026199004,49.291186592],[-123.02645041,49.290782806],[-123.028430692,49.289054693],[-123.029199487,49.288440532],[-123.029954597,49.287711015],[-123.030100252,49.287247707],[-123.030108685,49.286635495],[-123.030854185,49.285619294],[-123.030879797,49.284789507],[-123.030869404,49.282956211],[-123.030805249,49.280695298],[-123.030838769,49.280215211],[-123.030874225,49.277686799],[-123.030769572,49.277431792],[-123.036234578,49.277460305],[-123.041429797,49.277451489],[-123.04410601,49.2774645],[-123.046768888,49.277449998],[-123.052013011,49.277471787],[-123.051950908,49.282988091],[-123.051971581,49.284780194],[-123.051941293,49.288715609],[-123.051970409,49.289706297],[-123.051953222,49.291663201],[-123.051799056,49.29228079],[-123.051615455,49.292519195],[-123.051721768,49.293432518],[-123.050197899,49.293870402],[-123.049855292,49.293816305],[-123.049743285,49.293312196],[-123.04927538,49.2931868],[-123.049111907,49.293538599],[-123.048231901,49.293438892],[-123.047393685,49.293763598],[-123.046773386,49.293790704],[-123.046292202,49.293619788],[-123.04594871,49.292881995],[-123.044270203,49.292145684],[-123.043967202,49.292137191],[-123.043073691,49.292497508],[-123.042744011,49.292497504],[-123.040515588,49.29207451],[-123.039813398,49.2915447],[-123.039564587,49.291211411],[-123.039001988,49.290869593],[-123.037308583,49.290825494],[-123.036827317,49.290681609],[-123.03501299,49.290493607],[-123.034186895,49.290322706],[-123.033858005,49.290332692],[-123.034105492,49.290637494],[-123.034187785,49.290979294],[-123.033829501,49.291006413],[-123.033637796,49.290718701],[-123.03249651,49.290656],[-123.031738912,49.290422388],[-123.028934492,49.292114389],[-123.030050098,49.291962012],[-123.030145108,49.292051699],[-123.034668695,49.291177299],[-123.034682911,49.291366704],[-123.027944703,49.292808003],[-123.027834589,49.292664092],[-123.027478786,49.292770996],[-123.026901298,49.29272679],[-123.026103098,49.293012009]]]]},"properties":{"a": "2.62482", "q": "00000", "t": "CT", "dw": "2568", "hh": "2365", "id": "9330053.01", "nrr": "0.29", "pop": "6508", "rgid": "59", "rpid": "59933", "ruid": "5915022", "rguid": "5915"}},{"type":"Feature","geometry":{"type":"MultiPolygon","coordinates":[[[[-123.023392294,49.281139693],[-123.02340369,49.2775577],[-123.02363468,49.277428011],[-123.030769572,49.277431792],[-123.030874225,49.277686799],[-123.030838769,49.280215211],[-123.030805249,49.280695298],[-123.030869404,49.282956211],[-123.030879797,49.284789507],[-123.030854185,49.285619294],[-123.030108685,49.286635495],[-123.030100252,49.287247707],[-123.029954597,49.287711015],[-123.029199487,49.288440532],[-123.028430692,49.289054693],[-123.02645041,49.290782806],[-123.026199004,49.291186592],[-123.026087002,49.292397686],[-123.026103098,49.293012009],[-123.025290995,49.293302198],[-123.023888988,49.293474491],[-123.02308603,49.293495314],[-123.023061489,49.293057487],[-123.023223623,49.291966658],[-123.02326819,49.289281792],[-123.023292796,49.286607292],[-123.02332619,49.285659717],[-123.023352621,49.282956285],[-123.023392294,49.281139693]]]]},"properties":{"a": "0.79811", "q": "00000", "t": "CT", "dw": "1371", "hh": "1231", "id": "9330053.02", "nrr": "0.253", "pop": "3217", "rgid": "59", "rpid": "59933", "ruid": "5915022", "rguid": "5915"}},{"type":"Feature","geometry":{"type":"MultiPolygon","coordinates":[[[[-123.056561796,49.277469795],[-123.056603948,49.26955328],[-123.057689237,49.269555859],[-123.057873087,49.269495129],[-123.059945489,49.269510204],[-123.063806991,49.269566595],[-123.065769407,49.269560593],[-123.065710592,49.272097294],[-123.065622091,49.276646401],[-123.065605107,49.277522411],[-123.063698915,49.277503796],[-123.057878408,49.277468815],[-123.056561796,49.277469795]]]]},"properties":{"a": "0.58596", "q": "00000", "t": "CT", "dw": "1708", "hh": "1561", "id": "9330054.01", "nrr": "0.303", "pop": "3900", "rgid": "59", "rpid": "59933", "ruid": "5915022", "rguid": "5915"}},{"type":"Feature","geometry":{"type":"MultiPolygon","coordinates":[[[[-123.04410601,49.2774645],[-123.044126992,49.274203395],[-123.044166706,49.272286799],[-123.0442162,49.271359389],[-123.044217193,49.269575988],[-123.052065891,49.269570806],[-123.054669837,49.269610399],[-123.056603948,49.26955328],[-123.056561796,49.277469795],[-123.052013011,49.277471787],[-123.046768888,49.277449998],[-123.04410601,49.2774645]]]]},"properties":{"a": "0.79274", "q": "00000", "t": "CT", "dw": "1593", "hh": "1496", "id": "9330054.02", "nrr": "0.22699999999999998", "pop": "4326", "rgid": "59", "rpid": "59933", "ruid": "5915022", "rguid": "5915"}},{"type":"Feature","geometry":{"type":"MultiPolygon","coordinates":[[[[-123.051971581,49.284780194],[-123.051950908,49.282988091],[-123.052013011,49.277471787],[-123.056561796,49.277469795],[-123.057878408,49.277468815],[-123.063698915,49.277503796],[-123.065605107,49.277522411],[-123.065612693,49.278380102],[-123.065539108,49.283929296],[-123.065509393,49.2848338],[-123.063728884,49.284843],[-123.063552498,49.284806712],[-123.059708183,49.284805589],[-123.054583595,49.284772205],[-123.051971581,49.284780194]]]]},"properties":{"a": "0.80452", "q": "00000", "t": "CT", "dw": "2770", "hh": "2448", "id": "9330055.01", "nrr": "0.245", "pop": "5131", "rgid": "59", "rpid": "59933", "ruid": "5915022", "rguid": "5915"}},{"type":"Feature","geometry":{"type":"MultiPolygon","coordinates":[[[[-123.051971581,49.284780194],[-123.054583595,49.284772205],[-123.059708183,49.284805589],[-123.063552498,49.284806712],[-123.063728884,49.284843],[-123.065509393,49.2848338],[-123.065517722,49.285484304],[-123.06538416,49.287387361],[-123.064699211,49.287135405],[-123.064673002,49.287836111],[-123.064562116,49.287827496],[-123.064590083,49.287108304],[-123.064465593,49.287269201],[-123.064135116,49.2872707],[-123.064123213,49.287927191],[-123.063889482,49.287927198],[-123.0638884,49.287504205],[-123.063695585,49.287539805],[-123.063683282,49.288016893],[-123.063380813,49.288394393],[-123.062678113,49.288179296],[-123.062652701,49.288350189],[-123.062954596,49.288475508],[-123.062432409,49.289169084],[-123.062048716,49.289060903],[-123.062212993,49.289285897],[-123.061869618,49.289160601],[-123.061373682,49.289754496],[-123.061057616,49.289906897],[-123.060562501,49.289871296],[-123.060385699,49.289943889],[-123.061045,49.290365514],[-123.061196084,49.290284293],[-123.061649693,49.290626089],[-123.061472787,49.290725806],[-123.061086285,49.290492208],[-123.060866607,49.29056339],[-123.060577183,49.290312798],[-123.060357489,49.290384014],[-123.060934896,49.290861095],[-123.06079869,49.290923796],[-123.060137801,49.290393914],[-123.060178388,49.290150404],[-123.0595318,49.290438111],[-123.059643518,49.2905563],[-123.059313981,49.290663103],[-123.059877995,49.2911944],[-123.059136099,49.291492],[-123.0587085,49.291104609],[-123.057897493,49.291500588],[-123.057704195,49.291383801],[-123.057003983,49.291887901],[-123.056276191,49.291862294],[-123.055875825,49.292158504],[-123.054460298,49.292645601],[-123.051721768,49.293432518],[-123.051615455,49.292519195],[-123.051799056,49.29228079],[-123.051953222,49.291663201],[-123.051970409,49.289706297],[-123.051941293,49.288715609],[-123.051971581,49.284780194]]]]},"properties":{"a": "0.65244", "q": "01000", "t": "CT", "dw": "2570", "hh": "2418", "id": "9330055.02", "nrr": "0.203", "pop": "4302", "rgid": "59", "rpid": "59933", "ruid": "5915022", "rguid": "5915"}},{"type":"Feature","geometry":{"type":"MultiPolygon","coordinates":[[[[-123.06538416,49.287387361],[-123.065517722,49.285484304],[-123.065509393,49.2848338],[-123.065539108,49.283929296],[-123.065612693,49.278380102],[-123.065605107,49.277522411],[-123.065622091,49.276646401],[-123.068372004,49.276644492],[-123.077265423,49.276759604],[-123.077227782,49.278555599],[-123.077162299,49.280358013],[-123.077100154,49.281344408],[-123.077105812,49.283064063],[-123.077057736,49.284446685],[-123.077205961,49.285116151],[-123.077349888,49.286956105],[-123.07734779,49.287410368],[-123.0772137,49.287451496],[-123.07716111,49.289555104],[-123.069802324,49.288004104],[-123.069776092,49.289631999],[-123.068552002,49.289641999],[-123.068576824,49.286584205],[-123.067269409,49.286575602],[-123.06724629,49.289147802],[-123.067013096,49.2891392],[-123.067024414,49.287384594],[-123.066198704,49.287377492],[-123.066146285,49.289211899],[-123.065994006,49.289203311],[-123.06603312,49.287457204],[-123.065813079,49.287448702],[-123.06580009,49.287188092],[-123.065496604,49.287188098],[-123.06538416,49.287387361]]]]},"properties":{"a": "1.10946", "q": "02000", "t": "CT", "dw": "2321", "hh": "2012", "id": "9330056.01", "nrr": "0.299", "pop": "3793", "rgid": "59", "rpid": "59933", "ruid": "5915022", "rguid": "5915"}},{"type":"Feature","geometry":{"type":"MultiPolygon","coordinates":[[[[-123.065622091,49.276646401],[-123.065710592,49.272097294],[-123.065769407,49.269560593],[-123.067696486,49.269549904],[-123.069675514,49.269586503],[-123.077365888,49.269649108],[-123.077265423,49.276759604],[-123.068372004,49.276644492],[-123.065622091,49.276646401]]]]},"properties":{"a": "0.66725", "q": "01000", "t": "CT", "dw": "2452", "hh": "2213", "id": "9330056.02", "nrr": "0.282", "pop": "4151", "rgid": "59", "rpid": "59933", "ruid": "5915022", "rguid": "5915"}},{"type":"Feature","geometry":{"type":"MultiPolygon","coordinates":[[[[-123.093427008,49.281237585],[-123.093626602,49.276672693],[-123.096153353,49.276700113],[-123.096279566,49.276659404],[-123.099781688,49.276758006],[-123.099719905,49.2780093],[-123.099811614,49.278081097],[-123.099699404,49.280381298],[-123.099687083,49.281347402],[-123.093427008,49.281237585]]]]},"properties":{"a": "0.23107", "q": "02000", "t": "CT", "dw": "1511", "hh": "1359", "id": "9330057.01", "nrr": "0.369", "pop": "3188", "rgid": "59", "rpid": "59933", "ruid": "5915022", "rguid": "5915"}},{"type":"Feature","geometry":{"type":"MultiPolygon","coordinates":[[[[-123.077100154,49.281344408],[-123.077162299,49.280358013],[-123.077227782,49.278555599],[-123.077265423,49.276759604],[-123.077365888,49.269649108],[-123.081660589,49.2696987],[-123.082497272,49.269874446],[-123.087421088,49.270737011],[-123.093319114,49.271734589],[-123.094441515,49.271911713],[-123.098616897,49.272642798],[-123.099933715,49.272855587],[-123.099781688,49.276758006],[-123.096279566,49.276659404],[-123.096153353,49.276700113],[-123.093626602,49.276672693],[-123.093427008,49.281237585],[-123.089531301,49.281164192],[-123.08716239,49.281092192],[-123.081304621,49.280967302],[-123.079642988,49.281012392],[-123.078568225,49.281274301],[-123.078054508,49.28135671],[-123.077100154,49.281344408]]]]},"properties":{"a": "1.62618", "q": "01000", "t": "CT", "dw": "2425", "hh": "2218", "id": "9330057.02", "nrr": "0.282", "pop": "5086", "rgid": "59", "rpid": "59933", "ruid": "5915022", "rguid": "5915"}},{"type":"Feature","geometry":{"type":"MultiPolygon","coordinates":[[[[-123.07734779,49.287410368],[-123.077349888,49.286956105],[-123.077205961,49.285116151],[-123.077057736,49.284446685],[-123.077105812,49.283064063],[-123.077100154,49.281344408],[-123.078054508,49.28135671],[-123.078568225,49.281274301],[-123.079642988,49.281012392],[-123.081304621,49.280967302],[-123.08716239,49.281092192],[-123.089531301,49.281164192],[-123.093427008,49.281237585],[-123.099687083,49.281347402],[-123.099491195,49.284104704],[-123.099179883,49.284577307],[-123.099210232,49.285050116],[-123.099639134,49.285561301],[-123.099441039,49.287270186],[-123.099249215,49.288299156],[-123.098878938,49.289827135],[-123.098843082,49.290166106],[-123.096639371,49.289373774],[-123.094875056,49.288863546],[-123.09185949,49.287890203],[-123.091778994,49.289526588],[-123.089522999,49.288898502],[-123.089626722,49.285642803],[-123.088966497,49.285444801],[-123.088170512,49.285454799],[-123.088090778,49.288162196],[-123.086688292,49.288136595],[-123.086778905,49.284835294],[-123.085774699,49.284746989],[-123.085775213,49.28463871],[-123.085363402,49.28457611],[-123.085296384,49.286222398],[-123.084733498,49.286213888],[-123.084733003,49.286582798],[-123.084553892,49.286582805],[-123.084553516,49.286230996],[-123.084030987,49.286205311],[-123.08413701,49.283785603],[-123.083957999,49.283785607],[-123.083808297,49.284684292],[-123.083548899,49.284675712],[-123.083559808,49.283947995],[-123.082775996,49.283947988],[-123.082791001,49.284568897],[-123.083080896,49.284577489],[-123.083042817,49.2866098],[-123.082931513,49.286609808],[-123.082943719,49.285684105],[-123.082793088,49.285684097],[-123.082768178,49.286601293],[-123.08269889,49.286592708],[-123.082709884,49.285638503],[-123.082957509,49.285648491],[-123.082970294,49.284675698],[-123.082364718,49.284677206],[-123.081982187,49.285252496],[-123.08220181,49.286035888],[-123.082162001,49.286278011],[-123.082381917,49.286413307],[-123.082385493,49.287924396],[-123.082204701,49.287915799],[-123.082231101,49.286440306],[-123.082024692,49.286323617],[-123.081557291,49.286350616],[-123.081199486,49.286990096],[-123.0811753,49.288032593],[-123.081105398,49.28803259],[-123.081076188,49.287340393],[-123.080596002,49.287313387],[-123.080623195,49.287196603],[-123.081090493,49.287196592],[-123.081076007,49.28703419],[-123.080663505,49.287106902],[-123.080319292,49.28694451],[-123.080262883,49.285541702],[-123.080097902,49.285118702],[-123.079945912,49.285128702],[-123.079795691,49.285541707],[-123.07975632,49.286963],[-123.07970101,49.2870983],[-123.079234,49.287143897],[-123.079168797,49.2893657],[-123.078906806,49.289365703],[-123.078862093,49.286945897],[-123.07734779,49.287410368]]]]},"properties":{"a": "1.14194", "q": "03000", "t": "CT", "dw": "1826", "hh": "1682", "id": "9330058.00", "nrr": "0.303", "pop": "3792", "rgid": "59", "rpid": "59933", "ruid": "5915022", "rguid": "5915"}},{"type":"Feature","geometry":{"type":"MultiPolygon","coordinates":[[[[-123.098843082,49.290166106],[-123.098878938,49.289827135],[-123.099249215,49.288299156],[-123.099441039,49.287270186],[-123.099639134,49.285561301],[-123.099210232,49.285050116],[-123.099179883,49.284577307],[-123.099491195,49.284104704],[-123.099687083,49.281347402],[-123.099699404,49.280381298],[-123.099811614,49.278081097],[-123.099719905,49.2780093],[-123.099781688,49.276758006],[-123.101299908,49.276871814],[-123.1021386,49.276975408],[-123.102119209,49.279044711],[-123.102155011,49.279286205],[-123.102544386,49.279211102],[-123.104464696,49.279226587],[-123.106113109,49.279457192],[-123.10559522,49.280709738],[-123.109758006,49.281458103],[-123.110066315,49.281560906],[-123.111922399,49.282763485],[-123.112864413,49.283416501],[-123.1109188,49.284708306],[-123.108822899,49.284310796],[-123.108675617,49.284644694],[-123.108872904,49.286043293],[-123.108698037,49.28631668],[-123.107461418,49.286668129],[-123.107000368,49.286625134],[-123.106587572,49.28719676],[-123.105413922,49.286855189],[-123.105717885,49.286358807],[-123.104054746,49.286095622],[-123.103712778,49.286354552],[-123.103256899,49.286300458],[-123.103120089,49.28597687],[-123.103163761,49.285683006],[-123.102843705,49.285395673],[-123.102213257,49.285319062],[-123.101482157,49.285379793],[-123.100883001,49.285515104],[-123.101240658,49.286699315],[-123.099737427,49.286510139],[-123.09967763,49.287756782],[-123.100164844,49.288022813],[-123.100270725,49.288497415],[-123.100092007,49.289306459],[-123.100126974,49.290218348],[-123.099124463,49.290267275],[-123.098843082,49.290166106]]]]},"properties":{"a": "0.62282", "q": "02000", "t": "CT", "dw": "3470", "hh": "3158", "id": "9330059.06", "nrr": "0.38299999999999995", "pop": "6496", "rgid": "59", "rpid": "59933", "ruid": "5915022", "rguid": "5915"}},{"type":"Feature","geometry":{"type":"MultiPolygon","coordinates":[[[[-123.125854504,49.273177897],[-123.12562141,49.272349011],[-123.124902183,49.27176757],[-123.123389225,49.270433374],[-123.123717495,49.270219996],[-123.124323486,49.270282706],[-123.124405188,49.270453607],[-123.124694897,49.270489206],[-123.124791792,49.270660095],[-123.125134498,49.270660097],[-123.125876801,49.2702727],[-123.126261197,49.270479199],[-123.127223785,49.270540498],[-123.127872089,49.270801104],[-123.129220576,49.271779497],[-123.129770699,49.271518887],[-123.130031205,49.271517507],[-123.130045193,49.271788092],[-123.130815915,49.272209596],[-123.13068059,49.272470295],[-123.130844207,49.272596989],[-123.131463403,49.272560008],[-123.131821188,49.272775096],[-123.132370903,49.272856205],[-123.13277221,49.273286294],[-123.133295197,49.273663811],[-123.13322748,49.274051096],[-123.133324476,49.274122396],[-123.133647707,49.273907294],[-123.134093805,49.274193604],[-123.134493322,49.274193606],[-123.13423259,49.274410007],[-123.134699406,49.274552507],[-123.134768915,49.274921304],[-123.13529328,49.275488194],[-123.13495082,49.275721707],[-123.135197321,49.2757759],[-123.135953287,49.275613508],[-123.136187095,49.275750736],[-123.13265391,49.276903064],[-123.132468356,49.276992711],[-123.130611189,49.275803967],[-123.130475674,49.275773315],[-123.129631488,49.275270807],[-123.128322792,49.274435305],[-123.12703371,49.273551603],[-123.126597775,49.273335492],[-123.125854504,49.273177897]]]]},"properties":{"a": "0.26016", "q": "01001", "t": "CT", "dw": "3148", "hh": "2566", "id": "9330059.07", "nrr": "0.348", "pop": "4745", "rgid": "59", "rpid": "59933", "ruid": "5915022", "rguid": "5915"}},{"type":"Feature","geometry":{"type":"MultiPolygon","coordinates":[[[[-123.114737288,49.272583623],[-123.114885003,49.272532905],[-123.116670805,49.272540093],[-123.116823685,49.272773603],[-123.11804649,49.272780797],[-123.118003687,49.272169792],[-123.118335212,49.272384794],[-123.118334994,49.272699588],[-123.11918731,49.272743705],[-123.119421701,49.272581394],[-123.119516409,49.272231003],[-123.119034413,49.271889192],[-123.118814611,49.271953292],[-123.119680003,49.271376506],[-123.11954091,49.271080186],[-123.119910885,49.270863802],[-123.120407206,49.270961995],[-123.120982705,49.27066439],[-123.12139731,49.270852388],[-123.121891005,49.270771206],[-123.122483805,49.271021903],[-123.123389225,49.270433374],[-123.124902183,49.27176757],[-123.12562141,49.272349011],[-123.125854504,49.273177897],[-123.125797816,49.273383589],[-123.125366406,49.2738486],[-123.123273474,49.2752466],[-123.120093898,49.277347789],[-123.118031642,49.276036266],[-123.117146254,49.275512744],[-123.117084498,49.275555191],[-123.115365997,49.274486114],[-123.114874872,49.274031599],[-123.114892099,49.273533961],[-123.114711361,49.273391316],[-123.114737288,49.272583623]]]]},"properties":{"a": "0.34509", "q": "00001", "t": "CT", "dw": "3851", "hh": "3362", "id": "9330059.08", "nrr": "0.28800000000000003", "pop": "6843", "rgid": "59", "rpid": "59933", "ruid": "5915022", "rguid": "5915"}},{"type":"Feature","geometry":{"type":"MultiPolygon","coordinates":[[[[-123.123273474,49.2752466],[-123.125366406,49.2738486],[-123.125797816,49.273383589],[-123.125854504,49.273177897],[-123.126597775,49.273335492],[-123.12703371,49.273551603],[-123.128322792,49.274435305],[-123.129631488,49.275270807],[-123.130475674,49.275773315],[-123.130611189,49.275803967],[-123.132468356,49.276992711],[-123.132228715,49.277089927],[-123.129182793,49.279077893],[-123.127193611,49.277802703],[-123.123273474,49.2752466]]]]},"properties":{"a": "0.19984", "q": "01001", "t": "CT", "dw": "3784", "hh": "3363", "id": "9330059.09", "nrr": "0.335", "pop": "4929", "rgid": "59", "rpid": "59933", "ruid": "5915022", "rguid": "5915"}},{"type":"Feature","geometry":{"type":"MultiPolygon","coordinates":[[[[-123.120093898,49.277347789],[-123.123273474,49.2752466],[-123.127193611,49.277802703],[-123.129182793,49.279077893],[-123.127078593,49.280479287],[-123.126037891,49.281194702],[-123.124983413,49.280536106],[-123.123040207,49.279252097],[-123.122011399,49.278601408],[-123.120093898,49.277347789]]]]},"properties":{"a": "0.19921", "q": "01001", "t": "CT", "dw": "3689", "hh": "3129", "id": "9330059.10", "nrr": "0.319", "pop": "5182", "rgid": "59", "rpid": "59933", "ruid": "5915022", "rguid": "5915"}},{"type":"Feature","geometry":{"type":"MultiPolygon","coordinates":[[[[-123.108698037,49.28631668],[-123.108872904,49.286043293],[-123.108675617,49.284644694],[-123.108822899,49.284310796],[-123.1109188,49.284708306],[-123.112864413,49.283416501],[-123.111922399,49.282763485],[-123.115205691,49.280576105],[-123.120093898,49.277347789],[-123.122011399,49.278601408],[-123.123040207,49.279252097],[-123.124983413,49.280536106],[-123.126037891,49.281194702],[-123.122803897,49.283281891],[-123.121665815,49.284014508],[-123.119391617,49.285601196],[-123.116959998,49.287173807],[-123.115483289,49.288109805],[-123.115824042,49.288288269],[-123.115438539,49.288361586],[-123.114457353,49.288977904],[-123.114913375,49.288471702],[-123.11494623,49.288320895],[-123.114201972,49.288070569],[-123.113846708,49.288278495],[-123.113160022,49.288463065],[-123.11352975,49.288863049],[-123.110720036,49.28983698],[-123.110434257,49.289435471],[-123.107226464,49.289794428],[-123.107320405,49.289544286],[-123.112670863,49.287621976],[-123.112767114,49.287514003],[-123.111089702,49.286782252],[-123.109277127,49.287360802],[-123.108665622,49.287203302],[-123.108832494,49.28664345],[-123.109548438,49.286355773],[-123.10901655,49.286226158],[-123.108698037,49.28631668]]]]},"properties":{"a": "0.76995", "q": "01001", "t": "CT", "dw": "4628", "hh": "3780", "id": "9330059.11", "nrr": "0.38299999999999995", "pop": "6291", "rgid": "59", "rpid": "59933", "ruid": "5915022", "rguid": "5915"}},{"type":"Feature","geometry":{"type":"MultiPolygon","coordinates":[[[[-123.099781688,49.276758006],[-123.099933715,49.272855587],[-123.101181602,49.273049496],[-123.101635199,49.273046396],[-123.10162189,49.27292982],[-123.101992001,49.273032019],[-123.102341059,49.272864849],[-123.102944122,49.272942419],[-123.103049604,49.273065597],[-123.103662809,49.272995539],[-123.104383585,49.273072704],[-123.104329709,49.273631008],[-123.103820878,49.273757796],[-123.10369642,49.273918704],[-123.103630691,49.274800296],[-123.103467503,49.275385591],[-123.103578016,49.275548009],[-123.106779188,49.275580705],[-123.107027984,49.275508103],[-123.107206618,49.275229007],[-123.107466318,49.275256006],[-123.108510702,49.274806002],[-123.108770814,49.274291805],[-123.109293115,49.274183605],[-123.109719196,49.274335989],[-123.11002131,49.274346005],[-123.110295977,49.274066794],[-123.110281182,49.273885896],[-123.111063896,49.273481498],[-123.111615397,49.273444404],[-123.112507619,49.273020001],[-123.113731712,49.272928889],[-123.114737288,49.272583623],[-123.114711361,49.273391316],[-123.114892099,49.273533961],[-123.114874872,49.274031599],[-123.115365997,49.274486114],[-123.117084498,49.275555191],[-123.117146254,49.275512744],[-123.118031642,49.276036266],[-123.120093898,49.277347789],[-123.115205691,49.280576105],[-123.111922399,49.282763485],[-123.110066315,49.281560906],[-123.109758006,49.281458103],[-123.10559522,49.280709738],[-123.106113109,49.279457192],[-123.104464696,49.279226587],[-123.102544386,49.279211102],[-123.102155011,49.279286205],[-123.102119209,49.279044711],[-123.1021386,49.276975408],[-123.101299908,49.276871814],[-123.099781688,49.276758006]]]]},"properties":{"a": "0.90884", "q": "01001", "t": "CT", "dw": "7616", "hh": "6828", "id": "9330059.12", "nrr": "0.33799999999999997", "pop": "12513", "rgid": "59", "rpid": "59933", "ruid": "5915022", "rguid": "5915"}},{"type":"Feature","geometry":{"type":"MultiPolygon","coordinates":[[[[-123.133352577,49.281806208],[-123.137129596,49.27928439],[-123.138773036,49.278795522],[-123.140488217,49.280078403],[-123.140709876,49.280410194],[-123.140851463,49.28090646],[-123.140612082,49.281051304],[-123.139058016,49.281282893],[-123.139518125,49.281577008],[-123.138300104,49.282362592],[-123.136303687,49.283711995],[-123.133352577,49.281806208]]]]},"properties":{"a": "0.14833", "q": "01000", "t": "CT", "dw": "2173", "hh": "2053", "id": "9330060.01", "nrr": "0.345", "pop": "3039", "rgid": "59", "rpid": "59933", "ruid": "5915022", "rguid": "5915"}},{"type":"Feature","geometry":{"type":"MultiPolygon","coordinates":[[[[-123.129182793,49.279077893],[-123.132228715,49.277089927],[-123.132468356,49.276992711],[-123.13265391,49.276903064],[-123.136187095,49.275750736],[-123.13638109,49.276403911],[-123.136384392,49.276935209],[-123.136838613,49.277096099],[-123.137374681,49.277688599],[-123.1376769,49.27767149],[-123.138104791,49.277859515],[-123.138393814,49.2783722],[-123.138773036,49.278795522],[-123.137129596,49.27928439],[-123.133352577,49.281806208],[-123.131214196,49.280383898],[-123.129182793,49.279077893]]]]},"properties":{"a": "0.23171", "q": "01000", "t": "CT", "dw": "3941", "hh": "3746", "id": "9330060.02", "nrr": "0.308", "pop": "5612", "rgid": "59", "rpid": "59933", "ruid": "5915022", "rguid": "5915"}},{"type":"Feature","geometry":{"type":"MultiPolygon","coordinates":[[[[-123.136303687,49.283711995],[-123.138300104,49.282362592],[-123.139518125,49.281577008],[-123.139058016,49.281282893],[-123.140612082,49.281051304],[-123.140851463,49.28090646],[-123.140876898,49.280995601],[-123.141621903,49.281677799],[-123.143098004,49.283754308],[-123.144007403,49.284301201],[-123.144007289,49.284454994],[-123.143734512,49.284742689],[-123.143602078,49.286991496],[-123.143601613,49.287032708],[-123.142346096,49.286911987],[-123.141822314,49.287270102],[-123.137481189,49.284453004],[-123.136303687,49.283711995]]]]},"properties":{"a": "0.21193", "q": "01000", "t": "CT", "dw": "3539", "hh": "3346", "id": "9330061.00", "nrr": "0.336", "pop": "4821", "rgid": "59", "rpid": "59933", "ruid": "5915022", "rguid": "5915"}},{"type":"Feature","geometry":{"type":"MultiPolygon","coordinates":[[[[-123.138616105,49.289380188],[-123.141822314,49.287270102],[-123.142346096,49.286911987],[-123.143601613,49.287032708],[-123.143591403,49.28793579],[-123.143773014,49.288511104],[-123.14462658,49.289122095],[-123.145329502,49.289391294],[-123.146576049,49.289999185],[-123.145738073,49.29042744],[-123.1449556,49.290692807],[-123.144934514,49.291340958],[-123.144417162,49.291877808],[-123.143957453,49.292022435],[-123.143431487,49.292385369],[-123.142892893,49.292135101],[-123.140196686,49.290384013],[-123.138616105,49.289380188]]]]},"properties":{"a": "0.16862", "q": "00000", "t": "CT", "dw": "2484", "hh": "2245", "id": "9330062.00", "nrr": "0.278", "pop": "3209", "rgid": "59", "rpid": "59933", "ruid": "5915022", "rguid": "5915"}},{"type":"Feature","geometry":{"type":"MultiPolygon","coordinates":[[[[-123.133114712,49.285787303],[-123.133706312,49.285422014],[-123.136303687,49.283711995],[-123.137481189,49.284453004],[-123.141822314,49.287270102],[-123.138616105,49.289380188],[-123.137065704,49.288332101],[-123.133114712,49.285787303]]]]},"properties":{"a": "0.18512", "q": "00000", "t": "CT", "dw": "2364", "hh": "2186", "id": "9330063.00", "nrr": "0.314", "pop": "3352", "rgid": "59", "rpid": "59933", "ruid": "5915022", "rguid": "5915"}},{"type":"Feature","geometry":{"type":"MultiPolygon","coordinates":[[[[-123.126037891,49.281194702],[-123.127078593,49.280479287],[-123.129182793,49.279077893],[-123.131214196,49.280383898],[-123.133352577,49.281806208],[-123.136303687,49.283711995],[-123.133706312,49.285422014],[-123.133114712,49.285787303],[-123.126037891,49.281194702]]]]},"properties":{"a": "0.2389", "q": "00000", "t": "CT", "dw": "3191", "hh": "3077", "id": "9330064.00", "nrr": "0.319", "pop": "4616", "rgid": "59", "rpid": "59933", "ruid": "5915022", "rguid": "5915"}},{"type":"Feature","geometry":{"type":"MultiPolygon","coordinates":[[[[-123.122803897,49.283281891],[-123.126037891,49.281194702],[-123.133114712,49.285787303],[-123.132055289,49.286515702],[-123.129948015,49.287918904],[-123.124848302,49.284599193],[-123.122803897,49.283281891]]]]},"properties":{"a": "0.24101", "q": "01000", "t": "CT", "dw": "4520", "hh": "4166", "id": "9330065.00", "nrr": "0.299", "pop": "6767", "rgid": "59", "rpid": "59933", "ruid": "5915022", "rguid": "5915"}},{"type":"Feature","geometry":{"type":"MultiPolygon","coordinates":[[[[-123.114457353,49.288977904],[-123.115438539,49.288361586],[-123.115824042,49.288288269],[-123.115483289,49.288109805],[-123.116959998,49.287173807],[-123.119391617,49.285601196],[-123.121665815,49.284014508],[-123.122803897,49.283281891],[-123.124848302,49.284599193],[-123.129948015,49.287918904],[-123.128224519,49.289005201],[-123.127447314,49.289568202],[-123.126204707,49.290389904],[-123.126717583,49.290754825],[-123.126641178,49.290863211],[-123.126429176,49.290728408],[-123.125834534,49.290574375],[-123.125226047,49.290490181],[-123.124414863,49.290644153],[-123.123375558,49.291230883],[-123.123544538,49.291385346],[-123.123284005,49.291448692],[-123.122598884,49.291010512],[-123.121436195,49.290405156],[-123.120103148,49.290008022],[-123.118993782,49.289866927],[-123.118258577,49.290096401],[-123.11763355,49.290547349],[-123.116634769,49.290107479],[-123.115653242,49.289810184],[-123.113923666,49.289570316],[-123.114457353,49.288977904]]]]},"properties":{"a": "0.52863", "q": "01000", "t": "CT", "dw": "5334", "hh": "4119", "id": "9330066.00", "nrr": "0.425", "pop": "7817", "rgid": "59", "rpid": "59933", "ruid": "5915022", "rguid": "5915"}},{"type":"Feature","geometry":{"type":"MultiPolygon","coordinates":[[[[-123.129948015,49.287918904],[-123.132055289,49.286515702],[-123.133114712,49.285787303],[-123.137065704,49.288332101],[-123.138616105,49.289380188],[-123.137549393,49.290070601],[-123.135476218,49.2914793],[-123.133879587,49.290467796],[-123.131118498,49.288661499],[-123.129948015,49.287918904]]]]},"properties":{"a": "0.18628", "q": "01001", "t": "CT", "dw": "2684", "hh": "2559", "id": "9330067.01", "nrr": "0.35700000000000004", "pop": "3666", "rgid": "59", "rpid": "59933", "ruid": "5915022", "rguid": "5915"}},{"type":"Feature","geometry":{"type":"MultiPolygon","coordinates":[[[[-123.126641178,49.290863211],[-123.126717583,49.290754825],[-123.126204707,49.290389904],[-123.127447314,49.289568202],[-123.128224519,49.289005201],[-123.129948015,49.287918904],[-123.131118498,49.288661499],[-123.133879587,49.290467796],[-123.135476218,49.2914793],[-123.133718801,49.292623389],[-123.132513292,49.293444308],[-123.132439381,49.293576548],[-123.132063769,49.293586955],[-123.13143098,49.293155436],[-123.131277497,49.293250955],[-123.130634756,49.292807256],[-123.12949858,49.293576037],[-123.128717141,49.293159683],[-123.127893881,49.292899894],[-123.127550271,49.292722992],[-123.127326685,49.292866266],[-123.127100954,49.292694535],[-123.128294403,49.291914432],[-123.126641178,49.290863211]]]]},"properties":{"a": "0.2353", "q": "00001", "t": "CT", "dw": "2888", "hh": "2393", "id": "9330067.02", "nrr": "0.317", "pop": "4501", "rgid": "59", "rpid": "59933", "ruid": "5915022", "rguid": "5915"}},{"type":"Feature","geometry":{"type":"MultiPolygon","coordinates":[[[[-123.132439381,49.293576548],[-123.132513292,49.293444308],[-123.133718801,49.292623389],[-123.135476218,49.2914793],[-123.137549393,49.290070601],[-123.138616105,49.289380188],[-123.140196686,49.290384013],[-123.142892893,49.292135101],[-123.143431487,49.292385369],[-123.143957453,49.292022435],[-123.144417162,49.291877808],[-123.144934514,49.291340958],[-123.1449556,49.290692807],[-123.145738073,49.29042744],[-123.146576049,49.289999185],[-123.147055685,49.289841281],[-123.147322227,49.289861053],[-123.147489803,49.29031559],[-123.148000692,49.290926595],[-123.149614807,49.29222831],[-123.150152015,49.292839296],[-123.15017051,49.29414391],[-123.150390879,49.294682197],[-123.150640993,49.294979908],[-123.151700179,49.295437098],[-123.15247119,49.295283315],[-123.15285522,49.295479799],[-123.153450398,49.296684703],[-123.154471799,49.29765459],[-123.154761805,49.297663084],[-123.156038208,49.297338386],[-123.156657493,49.297355488],[-123.157747005,49.297794095],[-123.1579117,49.297919507],[-123.158298302,49.298584596],[-123.158382305,49.298963386],[-123.158261606,49.300114186],[-123.1585261,49.300725203],[-123.158829987,49.301067001],[-123.158830781,49.301219395],[-123.1584457,49.301462902],[-123.1574843,49.301725007],[-123.157044393,49.302203505],[-123.156857896,49.303758715],[-123.156571701,49.304812587],[-123.156464803,49.305954902],[-123.156179892,49.306844998],[-123.156128615,49.308293396],[-123.1558555,49.308743487],[-123.154357499,49.309250496],[-123.153848719,49.309646399],[-123.15283341,49.310087911],[-123.152614487,49.310431105],[-123.152588192,49.311050703],[-123.152369391,49.311339811],[-123.151683012,49.311825391],[-123.149799704,49.312691402],[-123.148630794,49.312783901],[-123.147215193,49.313118598],[-123.145990089,49.313290993],[-123.145056717,49.3136342],[-123.143929288,49.313842093],[-123.141424701,49.314078497],[-123.141260993,49.314024388],[-123.141065788,49.313575799],[-123.140859707,49.313396301],[-123.140197989,49.313315211],[-123.139799716,49.313108704],[-123.139398523,49.312722702],[-123.138860297,49.311851094],[-123.137769785,49.311024993],[-123.136612719,49.3098472],[-123.136307396,49.309173611],[-123.135670893,49.308229311],[-123.135516219,49.307033002],[-123.135185818,49.306826496],[-123.1333407,49.306164207],[-123.132225304,49.305309695],[-123.13176891,49.305013504],[-123.131700381,49.304519302],[-123.131203685,49.304025097],[-123.130953812,49.303530901],[-123.130322196,49.303424013],[-123.129426308,49.30279451],[-123.129219487,49.302731895],[-123.127458085,49.302545308],[-123.126564605,49.302726194],[-123.126372497,49.302699092],[-123.1253787,49.301773414],[-123.124276416,49.301126794],[-123.123188892,49.300642601],[-123.121166507,49.299997406],[-123.119886499,49.29980941],[-123.118908989,49.299819413],[-123.118469612,49.30002731],[-123.117715411,49.300685292],[-123.117262101,49.300883207],[-123.116753311,49.300856202],[-123.116366117,49.300461693],[-123.116594482,49.298509103],[-123.116800994,49.298184403],[-123.117433387,49.29788671],[-123.118808911,49.297868189],[-123.119467194,49.297409613],[-123.1203919,49.296283095],[-123.120787596,49.295936996],[-123.122239599,49.295069599],[-123.122902096,49.295156516],[-123.123973396,49.295046801],[-123.124016003,49.295874298],[-123.123906123,49.296278803],[-123.123966389,49.297593296],[-123.124159007,49.297700087],[-123.125162709,49.297717193],[-123.125905512,49.297509306],[-123.126633218,49.297059198],[-123.127415002,49.29614921],[-123.127647498,49.296005299],[-123.128114706,49.295905592],[-123.128416406,49.295951197],[-123.129146592,49.296418396],[-123.130003311,49.297496493],[-123.130484592,49.297621793],[-123.131034805,49.297522099],[-123.132160201,49.2968641],[-123.132422504,49.296810006],[-123.132959699,49.296925402],[-123.133633905,49.29696099],[-123.134442596,49.296644788],[-123.134951606,49.296617695],[-123.135145096,49.296492406],[-123.135599757,49.295959554],[-123.135714462,49.295306842],[-123.135507873,49.295179055],[-123.134637453,49.295350456],[-123.133856254,49.295041825],[-123.1335846,49.294676036],[-123.133723421,49.294415157],[-123.13280436,49.293960742],[-123.132439381,49.293576548]]]]},"properties":{"a": "4.27153", "q": "01000", "t": "CT", "dw": "3723", "hh": "3373", "id": "9330068.00", "nrr": "0.258", "pop": "4834", "rgid": "59", "rpid": "59933", "ruid": "5915022", "rguid": "5915"}},{"type":"Feature","geometry":{"type":"MultiPolygon","coordinates":[[[[-123.22380187,49.277816049],[-123.223865692,49.277386008],[-123.224220807,49.276543158],[-123.223960075,49.274844989],[-123.223912726,49.272864757],[-123.222164962,49.271073411],[-123.221486632,49.270558359],[-123.221557107,49.268772512],[-123.219598761,49.268979195],[-123.219540494,49.26880479],[-123.219568506,49.267238311],[-123.217018296,49.267381495],[-123.215040775,49.26736829],[-123.215102747,49.265673036],[-123.215240331,49.263999496],[-123.215312386,49.261196593],[-123.215355622,49.260293402],[-123.215388319,49.258512702],[-123.212335401,49.258436607],[-123.206271685,49.258313094],[-123.203215493,49.258267208],[-123.203236288,49.257968733],[-123.203022046,49.256920172],[-123.202923586,49.256694423],[-123.201010306,49.256729989],[-123.198021297,49.256609275],[-123.196545197,49.256523304],[-123.196533004,49.255200692],[-123.19648099,49.253934305],[-123.196672234,49.252906767],[-123.196791313,49.251960178],[-123.196761,49.250240767],[-123.198832182,49.25014979],[-123.199116189,49.250064389],[-123.200555009,49.250047707],[-123.204013224,49.249430274],[-123.204318695,49.249350881],[-123.204606804,49.249127775],[-123.201215306,49.247434801],[-123.198913197,49.246305912],[-123.196752782,49.246219994],[-123.196762282,49.244313398],[-123.196822122,49.238639491],[-123.198329431,49.238590465],[-123.198398024,49.236489894],[-123.19683571,49.236480797],[-123.196833407,49.235518685],[-123.197081198,49.235052311],[-123.205314017,49.237338546],[-123.207166493,49.2361453],[-123.207455798,49.235899703],[-123.208321599,49.235315003],[-123.208566281,49.235052721],[-123.209397384,49.235455129],[-123.22006818,49.239126365],[-123.221300915,49.237323773],[-123.221602384,49.236965741],[-123.222409294,49.237555801],[-123.224320714,49.238414592],[-123.225216616,49.238980006],[-123.226870297,49.239758989],[-123.227737786,49.240351507],[-123.229265599,49.24078019],[-123.230103392,49.24115619],[-123.23141181,49.241468099],[-123.232967301,49.242086196],[-123.233710804,49.242524791],[-123.234384281,49.242775504],[-123.236149477,49.243923397],[-123.237029504,49.244290887],[-123.237692611,49.244775088],[-123.239756801,49.245723614],[-123.240088795,49.245957197],[-123.241202899,49.246377296],[-123.241738309,49.246502705],[-123.242317499,49.24681599],[-123.244272901,49.247622095],[-123.245854314,49.248049392],[-123.246474219,49.248364107],[-123.247549187,49.248630399],[-123.248187865,49.248935408],[-123.250221515,49.250199894],[-123.251585509,49.250745393],[-123.252437898,49.250923392],[-123.253224912,49.251847708],[-123.25369751,49.252710807],[-123.253605289,49.25364651],[-123.253704885,49.254032494],[-123.253995111,49.254328707],[-123.254627393,49.254633497],[-123.256078188,49.256041993],[-123.257724191,49.258107113],[-123.257946201,49.258674013],[-123.258265397,49.258934607],[-123.258892832,49.259960245],[-123.259866137,49.260752655],[-123.260857907,49.261683145],[-123.261797454,49.262347753],[-123.261938005,49.262512108],[-123.262148792,49.262982212],[-123.26262941,49.26314311],[-123.263402487,49.26360031],[-123.264395407,49.264370799],[-123.264946407,49.264469094],[-123.265577093,49.26426111],[-123.266131009,49.264816598],[-123.26614371,49.264978905],[-123.265459296,49.265223915],[-123.265197791,49.265242408],[-123.264771302,49.265063004],[-123.264856412,49.265648309],[-123.264779312,49.26654699],[-123.264506599,49.267105299],[-123.263741916,49.268096499],[-123.26299551,49.269933796],[-123.262408312,49.270781207],[-123.260859999,49.271630015],[-123.260269285,49.271694109],[-123.259995811,49.271991697],[-123.258584709,49.27274089],[-123.258241889,49.273002896],[-123.256435078,49.274689195],[-123.255764403,49.274959808],[-123.255187094,49.275069508],[-123.254146499,49.275854198],[-123.252309594,49.277046302],[-123.251460017,49.2774977],[-123.250775081,49.278047496],[-123.250200393,49.278372193],[-123.247395462,49.279179491],[-123.244429769,49.279646869],[-123.243598336,49.279829183],[-123.241435332,49.279853368],[-123.240948699,49.279692884],[-123.240087709,49.279506476],[-123.23772926,49.27929724],[-123.236979977,49.279209429],[-123.235175385,49.278899682],[-123.23474565,49.278936864],[-123.233761535,49.279353527],[-123.233082172,49.27936443],[-123.231361968,49.27921627],[-123.227532639,49.278813018],[-123.227115934,49.278706236],[-123.22648638,49.27819551],[-123.225846966,49.277990416],[-123.224126654,49.277815162],[-123.22380187,49.277816049]]]]},"properties":{"a": "14.50167", "q": "00000", "t": "CT", "dw": "5736", "hh": "4939", "id": "9330069.00", "nrr": "0.233", "pop": "12777", "rgid": "59", "rpid": "59933", "ruid": "5915020", "rguid": "5915"}},{"type":"Feature","geometry":{"type":"MultiPolygon","coordinates":[[[[-123.054680614,49.320720797],[-123.054713912,49.319785891],[-123.054801712,49.313470712],[-123.060116587,49.313525409],[-123.0654454,49.313597407],[-123.065835109,49.313698901],[-123.070359439,49.315641113],[-123.069495607,49.3164688],[-123.069334624,49.316752694],[-123.069305812,49.317861601],[-123.069198177,49.322040503],[-123.063025606,49.321983705],[-123.059987793,49.321904697],[-123.057545804,49.32186799],[-123.054635288,49.321865197],[-123.054680614,49.320720797]]]]},"properties":{"a": "0.97053", "q": "00000", "t": "CT", "dw": "1657", "hh": "1597", "id": "9330100.01", "nrr": "0.27699999999999997", "pop": "4025", "rgid": "59", "rpid": "59933", "ruid": "5915051", "rguid": "5915"}},{"type":"Feature","geometry":{"type":"MultiPolygon","coordinates":[[[[-123.054801712,49.313470712],[-123.038150075,49.313266804],[-123.038222592,49.310518006],[-123.038155719,49.309707412],[-123.038463186,49.309170699],[-123.038436391,49.307673889],[-123.03896133,49.306870483],[-123.038635683,49.305422255],[-123.038460711,49.305164405],[-123.038551186,49.302340206],[-123.038283013,49.302152133],[-123.038327589,49.301464067],[-123.038669233,49.298216491],[-123.039364092,49.298299694],[-123.038967577,49.299289595],[-123.038775803,49.300314987],[-123.039462707,49.300431795],[-123.039737114,49.299793697],[-123.039903308,49.300000201],[-123.039202011,49.301934308],[-123.039201885,49.302428496],[-123.040055786,49.302455597],[-123.040934517,49.300080008],[-123.041044106,49.3000985],[-123.04118072,49.299721099],[-123.041579387,49.299504598],[-123.042226298,49.299729615],[-123.042309013,49.299944695],[-123.042583682,49.299792299],[-123.04217262,49.300367705],[-123.042392401,49.300430391],[-123.041897116,49.301061301],[-123.042103806,49.301123894],[-123.042640807,49.300538595],[-123.043740487,49.300888896],[-123.043905307,49.300699497],[-123.048803515,49.302217698],[-123.047017581,49.303415493],[-123.04681108,49.3032987],[-123.045986195,49.303829895],[-123.04748469,49.304297113],[-123.050346195,49.302909902],[-123.05609639,49.304670196],[-123.055878888,49.306056001],[-123.056648816,49.3059392],[-123.056689804,49.306047405],[-123.060774602,49.305460695],[-123.061477405,49.305469187],[-123.061958606,49.305234201],[-123.0623154,49.305171496],[-123.0642962,49.305053294],[-123.064515385,49.304990695],[-123.065024001,49.304584812],[-123.065974206,49.304485091],[-123.066799193,49.304520705],[-123.067445611,49.304908102],[-123.069578502,49.304852487],[-123.07048532,49.304959305],[-123.071173482,49.305192905],[-123.071326486,49.305553208],[-123.072841185,49.306172808],[-123.073486601,49.306343711],[-123.075964494,49.307465909],[-123.076739301,49.307689876],[-123.076854052,49.309485253],[-123.076363512,49.309767303],[-123.074771114,49.3113355],[-123.074018281,49.31210599],[-123.073184808,49.312891304],[-123.070359439,49.315641113],[-123.065835109,49.313698901],[-123.0654454,49.313597407],[-123.060116587,49.313525409],[-123.054801712,49.313470712]]]]},"properties":{"a": "2.91199", "q": "00000", "t": "CT", "dw": "3306", "hh": "3134", "id": "9330100.02", "nrr": "0.243", "pop": "6915", "rgid": "59", "rpid": "59933", "ruid": "5915051", "rguid": "5915"}},{"type":"Feature","geometry":{"type":"MultiPolygon","coordinates":[[[[-123.069305812,49.317861601],[-123.069334624,49.316752694],[-123.069495607,49.3164688],[-123.070359439,49.315641113],[-123.073184808,49.312891304],[-123.074018281,49.31210599],[-123.080147487,49.314795497],[-123.078496,49.316449614],[-123.077550808,49.317304006],[-123.075670189,49.319206688],[-123.075127582,49.318999291],[-123.074430813,49.318968704],[-123.074429615,49.318770502],[-123.074209898,49.318589793],[-123.07256198,49.317895785],[-123.069305812,49.317861601]]]]},"properties":{"a": "0.33857", "q": "00000", "t": "CT", "dw": "3381", "hh": "3236", "id": "9330101.03", "nrr": "0.313", "pop": "5200", "rgid": "59", "rpid": "59933", "ruid": "5915051", "rguid": "5915"}},{"type":"Feature","geometry":{"type":"MultiPolygon","coordinates":[[[[-123.069146804,49.324114308],[-123.069198177,49.322040503],[-123.069305812,49.317861601],[-123.07256198,49.317895785],[-123.074209898,49.318589793],[-123.074429615,49.318770502],[-123.074430813,49.318968704],[-123.075127582,49.318999291],[-123.075670189,49.319206688],[-123.075496108,49.320025201],[-123.075537121,49.321097197],[-123.075432102,49.324177399],[-123.069146804,49.324114308]]]]},"properties":{"a": "0.30207", "q": "00000", "t": "CT", "dw": "2213", "hh": "2066", "id": "9330101.04", "nrr": "0.35200000000000004", "pop": "3756", "rgid": "59", "rpid": "59933", "ruid": "5915051", "rguid": "5915"}},{"type":"Feature","geometry":{"type":"MultiPolygon","coordinates":[[[[-123.075432102,49.324177399],[-123.075537121,49.321097197],[-123.075496108,49.320025201],[-123.075670189,49.319206688],[-123.077550808,49.317304006],[-123.078496,49.316449614],[-123.080147487,49.314795497],[-123.080955606,49.314018506],[-123.085872823,49.316154311],[-123.085800779,49.318391508],[-123.084156507,49.317637389],[-123.082424314,49.316904297],[-123.081544385,49.317771302],[-123.084266405,49.318950806],[-123.084867405,49.318951701],[-123.084760897,49.323224407],[-123.081615607,49.323191708],[-123.081592088,49.324242213],[-123.075432102,49.324177399]]]]},"properties":{"a": "0.58813", "q": "00001", "t": "CT", "dw": "2311", "hh": "2189", "id": "9330101.05", "nrr": "0.284", "pop": "4526", "rgid": "59", "rpid": "59933", "ruid": "5915051", "rguid": "5915"}},{"type":"Feature","geometry":{"type":"MultiPolygon","coordinates":[[[[-123.080147487,49.314795497],[-123.074018281,49.31210599],[-123.074771114,49.3113355],[-123.076363512,49.309767303],[-123.076854052,49.309485253],[-123.076739301,49.307689876],[-123.078015299,49.308210786],[-123.077906203,49.3084714],[-123.080521591,49.309513991],[-123.080412795,49.309820205],[-123.080825315,49.309989607],[-123.080948497,49.310187598],[-123.081264801,49.30988141],[-123.081508711,49.309972364],[-123.081280193,49.310268792],[-123.081458099,49.310339997],[-123.082144899,49.309647787],[-123.082420206,49.309521093],[-123.082985779,49.309763199],[-123.083410482,49.309331693],[-123.083686495,49.309457006],[-123.083961696,49.309269013],[-123.084250298,49.309402903],[-123.084113899,49.309646394],[-123.084320124,49.309744706],[-123.08393511,49.310167688],[-123.08459541,49.310446801],[-123.084197095,49.310824212],[-123.084692902,49.31103931],[-123.084790117,49.311309896],[-123.085216906,49.311435197],[-123.085822797,49.311345506],[-123.086122423,49.311482473],[-123.08625566,49.312722816],[-123.086169034,49.31329431],[-123.086149009,49.313511988],[-123.085662914,49.313740192],[-123.085934108,49.314042094],[-123.085936175,49.31470949],[-123.085872823,49.316154311],[-123.080955606,49.314018506],[-123.080147487,49.314795497]]]]},"properties":{"a": "0.42324", "q": "01001", "t": "CT", "dw": "2953", "hh": "2579", "id": "9330101.06", "nrr": "0.28", "pop": "4319", "rgid": "59", "rpid": "59933", "ruid": "5915051", "rguid": "5915"}},{"type":"Feature","geometry":{"type":"MultiPolygon","coordinates":[[[[-123.084497809,49.335644709],[-123.084534186,49.332334844],[-123.084478578,49.331906428],[-123.084572887,49.331348801],[-123.084596793,49.329394099],[-123.084401063,49.32916002],[-123.08534262,49.328408101],[-123.081502915,49.32838741],[-123.081592088,49.324242213],[-123.081615607,49.323191708],[-123.084760897,49.323224407],[-123.084867405,49.318951701],[-123.084266405,49.318950806],[-123.081544385,49.317771302],[-123.082424314,49.316904297],[-123.084156507,49.317637389],[-123.085800779,49.318391508],[-123.085872823,49.316154311],[-123.085936175,49.31470949],[-123.085934108,49.314042094],[-123.085662914,49.313740192],[-123.086149009,49.313511988],[-123.086169034,49.31329431],[-123.086884688,49.312765406],[-123.086800903,49.312954794],[-123.087448607,49.313340798],[-123.087476983,49.313655598],[-123.090079901,49.314813392],[-123.090463487,49.314588407],[-123.090984692,49.313921914],[-123.091258808,49.312933486],[-123.091478802,49.31296909],[-123.091535303,49.313365007],[-123.091698987,49.313292402],[-123.092444018,49.313292406],[-123.092458504,49.313696886],[-123.09267871,49.313705409],[-123.092689991,49.313282415],[-123.093570103,49.313236803],[-123.097630408,49.313188399],[-123.101811797,49.313265291],[-123.101881694,49.313392088],[-123.101832818,49.316539603],[-123.102054704,49.317025211],[-123.102316323,49.317060805],[-123.102190083,49.316683399],[-123.102398679,49.316435398],[-123.102393792,49.318129812],[-123.102281797,49.320206506],[-123.102206922,49.322944299],[-123.102146679,49.324170299],[-123.101890813,49.32471419],[-123.101975215,49.325683642],[-123.101933852,49.326537123],[-123.102305414,49.328440797],[-123.102218497,49.32981254],[-123.102100603,49.330246427],[-123.102044545,49.331035983],[-123.098106205,49.330891331],[-123.094991036,49.331068026],[-123.093262098,49.331047801],[-123.091434038,49.33072897],[-123.09162083,49.331945757],[-123.091597612,49.332162852],[-123.091539112,49.33238641],[-123.091454603,49.333429966],[-123.091373449,49.335729503],[-123.09092876,49.335731188],[-123.08810168,49.335552706],[-123.087700024,49.335660796],[-123.084497809,49.335644709]]]]},"properties":{"a": "2.84158", "q": "00000", "t": "CT", "dw": "2189", "hh": "2092", "id": "9330102.00", "nrr": "0.308", "pop": "5732", "rgid": "59", "rpid": "59933", "ruid": "5915051", "rguid": "5915"}},{"type":"Feature","geometry":{"type":"MultiPolygon","coordinates":[[[[-123.072010304,49.335657513],[-123.068859786,49.335649609],[-123.068908387,49.332295908],[-123.068823485,49.33200698],[-123.068951711,49.331719713],[-123.068991483,49.330199573],[-123.069078705,49.328234],[-123.069067894,49.327209604],[-123.069146804,49.324114308],[-123.075432102,49.324177399],[-123.081592088,49.324242213],[-123.081502915,49.32838741],[-123.08534262,49.328408101],[-123.084401063,49.32916002],[-123.084596793,49.329394099],[-123.084572887,49.331348801],[-123.084478578,49.331906428],[-123.084534186,49.332334844],[-123.084497809,49.335644709],[-123.081411802,49.335619115],[-123.079622897,49.335621215],[-123.078805038,49.3356709],[-123.078293483,49.335647403],[-123.072010304,49.335657513]]]]},"properties":{"a": "1.34072", "q": "00000", "t": "CT", "dw": "3480", "hh": "3339", "id": "9330103.00", "nrr": "0.335", "pop": "6920", "rgid": "59", "rpid": "59933", "ruid": "5915051", "rguid": "5915"}},{"type":"Feature","geometry":{"type":"MultiPolygon","coordinates":[[[[-123.053029003,49.335569507],[-123.053189572,49.331466798],[-123.053070356,49.331180828],[-123.053109819,49.329153404],[-123.053261153,49.328616622],[-123.053023091,49.328244993],[-123.053033987,49.327502605],[-123.053246896,49.327077883],[-123.051137222,49.327176655],[-123.050621303,49.327549915],[-123.048769692,49.327634409],[-123.047847616,49.326977709],[-123.047600014,49.3267333],[-123.046161834,49.326979273],[-123.043455724,49.32712992],[-123.042421523,49.32714718],[-123.041489096,49.327024797],[-123.041635195,49.326835917],[-123.041102723,49.326851577],[-123.04130132,49.326570893],[-123.041128694,49.326387013],[-123.041142275,49.32595951],[-123.040702001,49.325960074],[-123.040889488,49.324952575],[-123.041146806,49.323842998],[-123.0407881,49.32179129],[-123.040163202,49.320614081],[-123.041716268,49.320719663],[-123.044883171,49.32060933],[-123.046272305,49.320672288],[-123.054680614,49.320720797],[-123.054635288,49.321865197],[-123.057545804,49.32186799],[-123.059987793,49.321904697],[-123.063025606,49.321983705],[-123.069198177,49.322040503],[-123.069146804,49.324114308],[-123.069067894,49.327209604],[-123.069078705,49.328234],[-123.068991483,49.330199573],[-123.068951711,49.331719713],[-123.068823485,49.33200698],[-123.068908387,49.332295908],[-123.068859786,49.335649609],[-123.064887888,49.335642704],[-123.054682614,49.335574007],[-123.053029003,49.335569507]]]]},"properties":{"a": "2.41356", "q": "00000", "t": "CT", "dw": "2889", "hh": "2728", "id": "9330104.00", "nrr": "0.258", "pop": "7377", "rgid": "59", "rpid": "59933", "ruid": "5915051", "rguid": "5915"}},{"type":"Feature","geometry":{"type":"MultiPolygon","coordinates":[[[[-122.945500668,49.315833942],[-122.946008785,49.315735899],[-122.946642615,49.315745096],[-122.947385492,49.315430589],[-122.947838693,49.315466698],[-122.948416408,49.315727907],[-122.948568901,49.315710005],[-122.948459209,49.315287199],[-122.948569907,49.31444169],[-122.948295219,49.313991702],[-122.948213602,49.313272092],[-122.947923904,49.312894093],[-122.947760014,49.312381392],[-122.948021295,49.311859795],[-122.948119084,49.311392202],[-122.947720607,49.310213606],[-122.947776422,49.309548105],[-122.948479588,49.308711691],[-122.948686405,49.30818129],[-122.94867322,49.307155698],[-122.948275794,49.306220114],[-122.948317508,49.3055093],[-122.948607887,49.304753896],[-122.950271496,49.304313896],[-122.951235797,49.303738699],[-122.952473901,49.303496404],[-122.954304288,49.3021389],[-122.954553489,49.301617202],[-122.955254399,49.301203499],[-122.955420181,49.300798897],[-122.955957496,49.300574216],[-122.956356103,49.300601513],[-122.956851086,49.300916402],[-122.958157398,49.301465487],[-122.958803392,49.301888395],[-122.960865695,49.302914794],[-122.961443101,49.303310813],[-122.96195141,49.303266],[-122.9622688,49.302960203],[-122.9631632,49.302924613],[-122.963176206,49.302672693],[-122.964222398,49.302681912],[-122.964193892,49.303221497],[-122.964674887,49.303041902],[-122.965266505,49.303195095],[-122.965281093,49.30336581],[-122.965831582,49.303438101],[-122.967055215,49.303231505],[-122.968816617,49.303132908],[-122.969443018,49.303138968],[-122.969404406,49.304839668],[-122.969418044,49.305719857],[-122.969452026,49.3122098],[-122.968998859,49.312214663],[-122.968900822,49.312855596],[-122.968860463,49.314851307],[-122.967603194,49.314742011],[-122.967830394,49.316006088],[-122.96730743,49.315957211],[-122.957335085,49.315876796],[-122.953567482,49.315838099],[-122.952271189,49.31584661],[-122.950213412,49.315806615],[-122.947485096,49.315776296],[-122.946927829,49.315859666],[-122.945500668,49.315833942]]]]},"properties":{"a": "2.21469", "q": "00000", "t": "CT", "dw": "1129", "hh": "1111", "id": "9330110.02", "nrr": "0.262", "pop": "3168", "rgid": "59", "rpid": "59933", "ruid": "5915046", "rguid": "5915"}},{"type":"Feature","geometry":{"type":"MultiPolygon","coordinates":[[[[-122.882261182,49.414383593],[-122.882275693,49.414067289],[-122.882428112,49.413851596],[-122.882485692,49.413374411],[-122.882530386,49.411747007],[-122.883111495,49.410821093],[-122.883428493,49.410659903],[-122.883870803,49.410290995],[-122.884836401,49.40989631],[-122.884936095,49.4089693],[-122.884867397,49.408439003],[-122.884937001,49.408097306],[-122.884745802,49.407764497],[-122.884882188,49.407656192],[-122.884828701,49.407377601],[-122.884636391,49.407188501],[-122.884636099,49.406936586],[-122.88440289,49.406792602],[-122.884307193,49.406270811],[-122.884045692,49.406009695],[-122.883882205,49.405496691],[-122.883924399,49.405226813],[-122.883581894,49.404507099],[-122.883431708,49.403643183],[-122.883584006,49.403121807],[-122.884357311,49.402663596],[-122.884606695,49.402286298],[-122.884565194,49.402007295],[-122.884676494,49.401710498],[-122.88520201,49.401018603],[-122.885961386,49.400254602],[-122.886324703,49.398006287],[-122.886947193,49.397125505],[-122.886961893,49.396748208],[-122.886552191,49.395496897],[-122.88667759,49.394885304],[-122.886388419,49.394399503],[-122.88622448,49.393814402],[-122.885151677,49.393147994],[-122.884422293,49.392418498],[-122.88366629,49.392111913],[-122.882264597,49.390320496],[-122.882307378,49.389582898],[-122.882915883,49.388935897],[-122.882971803,49.388540393],[-122.882723894,49.387874312],[-122.882947083,49.387424802],[-122.882975306,49.386848487],[-122.882632508,49.3863183],[-122.881862001,49.385894693],[-122.881601118,49.385525501],[-122.881284992,49.384850409],[-122.881040285,49.383294107],[-122.880215612,49.382654788],[-122.879515901,49.381745387],[-122.879654797,49.381268992],[-122.879587021,49.380666098],[-122.880125498,49.38044181],[-122.880689995,49.380496398],[-122.881046577,49.380928597],[-122.881941707,49.380830496],[-122.882368691,49.380983798],[-122.883650495,49.381048106],[-122.883911798,49.381003201],[-122.884480106,49.379672785],[-122.884743511,49.379367088],[-122.885639689,49.378918297],[-122.886245495,49.378819804],[-122.8864812,49.378541193],[-122.88725272,49.378308097],[-122.887542799,49.377732589],[-122.887832411,49.377472199],[-122.888976696,49.377275389],[-122.889404706,49.376826099],[-122.890397294,49.376683207],[-122.890700792,49.37636851],[-122.890494809,49.37602649],[-122.890592499,49.375828602],[-122.891502311,49.375406706],[-122.891585706,49.375110206],[-122.890828899,49.374821597],[-122.890196609,49.374137209],[-122.889524098,49.373129287],[-122.889318488,49.372436896],[-122.889871105,49.371321504],[-122.890409612,49.370890298],[-122.890451096,49.370683515],[-122.890260599,49.370008698],[-122.889517693,49.369306402],[-122.889312794,49.369000198],[-122.889079294,49.368325495],[-122.889122712,49.367704694],[-122.889675706,49.366724792],[-122.889870008,49.36578071],[-122.889887598,49.364494198],[-122.890178203,49.363909804],[-122.890688194,49.363388508],[-122.89079932,49.362786007],[-122.891505886,49.361464501],[-122.89242862,49.360871802],[-122.893534001,49.359532504],[-122.894223313,49.359236192],[-122.894581396,49.359209595],[-122.895931083,49.359381705],[-122.896879817,49.359940399],[-122.897966819,49.359932401],[-122.899042292,49.359798411],[-122.900159594,49.3587647],[-122.901015285,49.358090898],[-122.901523815,49.358028309],[-122.901894906,49.358937199],[-122.902101597,49.358883399],[-122.902887095,49.358074392],[-122.903287785,49.357796004],[-122.903480394,49.357823212],[-122.903533882,49.358155992],[-122.903961707,49.358192491],[-122.904264318,49.358093605],[-122.905477816,49.357266995],[-122.906470413,49.356467293],[-122.906595585,49.356170594],[-122.906306817,49.355729703],[-122.906514995,49.354956198],[-122.906997796,49.354453007],[-122.90770038,49.354013394],[-122.908129703,49.3534284],[-122.908488818,49.352133397],[-122.908710207,49.35151289],[-122.909359801,49.350613802],[-122.909471195,49.350191187],[-122.909360895,49.349858393],[-122.909609704,49.349714607],[-122.909567812,49.349336798],[-122.909679487,49.349003906],[-122.910065692,49.348554505],[-122.910823983,49.348303404],[-122.911360213,49.347925795],[-122.911484686,49.347709995],[-122.9115276,49.347170511],[-122.912508107,49.345678001],[-122.913389305,49.345130106],[-122.913829803,49.345130198],[-122.914587396,49.345274895],[-122.915027892,49.3452481],[-122.915662294,49.34460999],[-122.916020404,49.344502288],[-122.916144502,49.344214488],[-122.916433583,49.344007706],[-122.917205683,49.343909502],[-122.918802881,49.343460797],[-122.919588,49.343011708],[-122.919575402,49.342786709],[-122.920925511,49.342256504],[-122.921532212,49.341870496],[-122.922192702,49.341691112],[-122.922372382,49.341160595],[-122.922662098,49.34091779],[-122.923212317,49.340819102],[-122.923750218,49.340594602],[-122.924686601,49.340559413],[-122.925278522,49.340271907],[-122.925704984,49.339885499],[-122.926821091,49.339346408],[-122.926944898,49.339166588],[-122.926850105,49.338806705],[-122.927622812,49.337997796],[-122.929357405,49.337027311],[-122.930253277,49.336020197],[-122.932072697,49.33501411],[-122.935144216,49.332866005],[-122.936425785,49.332497795],[-122.937870422,49.332552603],[-122.9384081,49.332462214],[-122.9388757,49.331941502],[-122.939137195,49.33188761],[-122.940087796,49.331870014],[-122.940471979,49.332068097],[-122.9408567,49.332077314],[-122.942715808,49.331844485],[-122.943087997,49.331547889],[-122.943914701,49.331296286],[-122.945165588,49.331368413],[-122.946171677,49.331054694],[-122.947094502,49.330605091],[-122.948898094,49.329391612],[-122.949132811,49.329103997],[-122.949229497,49.328393513],[-122.948570419,49.327250603],[-122.948365284,49.326423202],[-122.947731599,49.325819713],[-122.947058415,49.325585997],[-122.946205392,49.325612599],[-122.945200906,49.325459212],[-122.944842411,49.325575999],[-122.944071114,49.326214302],[-122.943259108,49.326348707],[-122.942887397,49.3262495],[-122.941511697,49.326195098],[-122.938718695,49.32536579],[-122.938545722,49.325348218],[-122.93865483,49.325037318],[-122.938685229,49.324165322],[-122.939225706,49.323766928],[-122.94181996,49.32219762],[-122.943987092,49.32170169],[-122.949363487,49.321778894],[-122.949332403,49.322710311],[-122.949528983,49.322670802],[-122.952083606,49.322712216],[-122.952064511,49.323066604],[-122.953564117,49.323063888],[-122.95464314,49.322555472],[-122.9567717,49.322384782],[-122.957569417,49.322362402],[-122.958793508,49.322407689],[-122.958726421,49.32336691],[-122.96005768,49.323896203],[-122.960495693,49.32325909],[-122.961160814,49.322451786],[-122.96181492,49.322023408],[-122.962499295,49.32169681],[-122.962179313,49.321165309],[-122.962330106,49.3210255],[-122.962799023,49.321007096],[-122.963172688,49.3214977],[-122.964310621,49.321345997],[-122.969033425,49.321384004],[-122.969177191,49.321708692],[-122.969765715,49.322112508],[-122.970858098,49.32267821],[-122.971826006,49.323843786],[-122.97198929,49.324397794],[-122.972030706,49.324837697],[-122.971570693,49.325223805],[-122.970688489,49.325525111],[-122.968199985,49.326224092],[-122.968408392,49.339248693],[-122.968301353,49.342376556],[-122.968839512,49.342364494],[-122.969477102,49.342462592],[-122.972684004,49.343091003],[-122.973155307,49.343207798],[-122.973877309,49.343615302],[-122.97423882,49.344044302],[-122.974309997,49.344322782],[-122.974208506,49.344865807],[-122.973885696,49.345277406],[-122.973532988,49.345535894],[-122.972645592,49.345825408],[-122.971944199,49.345879601],[-122.971465906,49.345828394],[-122.970769802,49.345570203],[-122.969930723,49.345142299],[-122.969160499,49.344923392],[-122.968573895,49.344844793],[-122.967551212,49.344867492],[-122.966718798,49.345031504],[-122.964533907,49.345860111],[-122.963485797,49.346164818],[-122.962452908,49.346320398],[-122.961381719,49.346746088],[-122.958404805,49.348294501],[-122.957581806,49.348607307],[-122.955856117,49.348957708],[-122.95500091,49.349235405],[-122.951685193,49.351052308],[-122.949874513,49.351895697],[-122.949315694,49.352124904],[-122.948299687,49.352397992],[-122.947407516,49.352714089],[-122.94566619,49.353506198],[-122.942574491,49.355068103],[-122.941680227,49.355331004],[-122.941540021,49.355681912],[-122.941780403,49.355834603],[-122.942087589,49.355832504],[-122.942964576,49.355310602],[-122.943603203,49.355083605],[-122.944667691,49.354806611],[-122.945891909,49.354570913],[-122.94907441,49.354156395],[-122.954270528,49.352951798],[-122.955802187,49.352749104],[-122.958447794,49.352855892],[-122.958767285,49.353043305],[-122.958446206,49.353319809],[-122.957316601,49.35327001],[-122.956557897,49.353335999],[-122.955733409,49.353482089],[-122.955307109,49.353621419],[-122.952528796,49.354840209],[-122.951847291,49.355279395],[-122.950782311,49.356087004],[-122.949093624,49.357145496],[-122.947920192,49.358967807],[-122.947613909,49.35947967],[-122.947916639,49.359704672],[-122.9482669,49.359660305],[-122.949584892,49.358797701],[-122.950983589,49.357941907],[-122.951610801,49.357763192],[-122.952260295,49.357787794],[-122.953112089,49.358024395],[-122.953403794,49.35823521],[-122.953683108,49.358594408],[-122.953792989,49.358953196],[-122.953722006,49.359572702],[-122.953270691,49.360466991],[-122.95187138,49.362104694],[-122.94903401,49.365150997],[-122.94891389,49.379358174],[-122.948825814,49.389771883],[-122.948849198,49.409393792],[-122.927964686,49.411530419],[-122.899349864,49.414545957],[-122.883598932,49.414417844],[-122.882261182,49.414383593]]]]},"properties":{"a": "38.8455", "q": "00001", "t": "CT", "dw": "1228", "hh": "1158", "id": "9330110.03", "nrr": "0.306", "pop": "2983", "rgid": "59", "rpid": "59933", "ruid": "5915046", "rguid": "5915"}},{"type":"Feature","geometry":{"type":"MultiPolygon","coordinates":[[[[-122.945500668,49.315833942],[-122.946927829,49.315859666],[-122.947485096,49.315776296],[-122.950213412,49.315806615],[-122.952271189,49.31584661],[-122.953567482,49.315838099],[-122.957335085,49.315876796],[-122.96730743,49.315957211],[-122.967830394,49.316006088],[-122.968948817,49.315991502],[-122.968975194,49.321012113],[-122.969033425,49.321384004],[-122.964310621,49.321345997],[-122.963172688,49.3214977],[-122.962799023,49.321007096],[-122.962330106,49.3210255],[-122.962179313,49.321165309],[-122.962499295,49.32169681],[-122.96181492,49.322023408],[-122.961160814,49.322451786],[-122.960495693,49.32325909],[-122.96005768,49.323896203],[-122.958726421,49.32336691],[-122.958793508,49.322407689],[-122.957569417,49.322362402],[-122.9567717,49.322384782],[-122.95464314,49.322555472],[-122.953564117,49.323063888],[-122.952064511,49.323066604],[-122.952083606,49.322712216],[-122.949528983,49.322670802],[-122.949332403,49.322710311],[-122.949363487,49.321778894],[-122.943987092,49.32170169],[-122.94181996,49.32219762],[-122.939225706,49.323766928],[-122.938685229,49.324165322],[-122.93865483,49.325037318],[-122.938545722,49.325348218],[-122.937562205,49.325248303],[-122.937040321,49.324897201],[-122.936904481,49.3239079],[-122.936934092,49.3225764],[-122.936755099,49.32216259],[-122.936810908,49.32160491],[-122.937471323,49.320822803],[-122.937761205,49.320651985],[-122.938450602,49.319690003],[-122.939649184,49.318907895],[-122.940406412,49.318611502],[-122.942731622,49.318343001],[-122.943075013,49.318351788],[-122.943420393,49.318505006],[-122.944617789,49.317849107],[-122.94461789,49.317534091],[-122.944149984,49.317120102],[-122.943984685,49.316733406],[-122.944151491,49.316445692],[-122.9446187,49.316139891],[-122.945500668,49.315833942]]]]},"properties":{"a": "1.49981", "q": "00001", "t": "CT", "dw": "1556", "hh": "1530", "id": "9330110.04", "nrr": "0.233", "pop": "4561", "rgid": "59", "rpid": "59933", "ruid": "5915046", "rguid": "5915"}},{"type":"Feature","geometry":{"type":"MultiPolygon","coordinates":[[[[-122.969443018,49.303138968],[-122.969778511,49.30314221],[-122.970811299,49.303277606],[-122.971856197,49.303673587],[-122.973794383,49.304816501],[-122.974894788,49.305365207],[-122.974894092,49.305428295],[-122.975802017,49.305950197],[-122.976476496,49.306256209],[-122.978003701,49.306877113],[-122.980506202,49.307426092],[-122.981221691,49.307534309],[-122.983271098,49.307660493],[-122.984687704,49.308002703],[-122.985623218,49.308425898],[-122.986312399,49.308443009],[-122.987274491,49.308218708],[-122.988471912,49.307463391],[-122.989132101,49.307382405],[-122.990109518,49.307445407],[-122.990672599,49.307562397],[-122.991278398,49.307895387],[-122.991401794,49.308219209],[-122.991732204,49.308425984],[-122.992750719,49.308174307],[-122.993643492,49.308138305],[-122.994441416,49.307868597],[-122.994690478,49.307949597],[-122.995061478,49.308246498],[-122.995942081,49.3082915],[-122.996946085,49.308237508],[-122.997579087,49.307886695],[-122.997868497,49.30782381],[-122.999669891,49.30787781],[-122.999807504,49.307320004],[-123.000233914,49.306843596],[-123.000246984,49.306330803],[-123.00006942,49.306087302],[-123.000343998,49.305682808],[-123.000467026,49.304369705],[-123.000728597,49.304171693],[-123.001320006,49.304180303],[-123.001553899,49.304432387],[-123.001967407,49.304190299],[-123.002353299,49.304153201],[-123.00258549,49.303911094],[-123.002682283,49.302804492],[-123.003123417,49.3023189],[-123.004015694,49.302202116],[-123.006616394,49.302237716],[-123.006809391,49.302175014],[-123.007001911,49.301841705],[-123.007194604,49.300555697],[-123.007428099,49.300231014],[-123.007744589,49.30005151],[-123.008060589,49.300087108],[-123.008183409,49.300285092],[-123.008362312,49.30230891],[-123.008486707,49.302615084],[-123.008665322,49.302623603],[-123.009271609,49.302066797],[-123.009009799,49.301293392],[-123.008954204,49.300384799],[-123.008692817,49.299997408],[-123.008251709,49.29976381],[-123.007302714,49.299953198],[-123.006807889,49.299863514],[-123.006711605,49.299745288],[-123.006781692,49.299098689],[-123.006699288,49.298917808],[-123.006079896,49.298855213],[-123.005819208,49.298917784],[-123.005530213,49.299232598],[-123.005021013,49.29935929],[-123.00453799,49.299206998],[-123.00420828,49.299207002],[-123.003864719,49.299449108],[-123.002957991,49.299575811],[-123.001691392,49.299476111],[-123.001513205,49.299413494],[-123.001223701,49.299044591],[-123.000659088,49.298675689],[-122.999820495,49.298469206],[-122.999945988,49.298100299],[-123.000989804,49.298054806],[-123.00258482,49.297812706],[-123.003080208,49.297587585],[-123.004001993,49.29756059],[-123.005033204,49.29729991],[-123.006298506,49.297164611],[-123.007880811,49.296768701],[-123.008526895,49.296822788],[-123.008939179,49.297244396],[-123.009063494,49.297623213],[-123.00900908,49.297802699],[-123.008623195,49.298046207],[-123.009077694,49.298917803],[-123.008898712,49.299269604],[-123.009133088,49.300060107],[-123.009367495,49.300231007],[-123.009627885,49.300149791],[-123.009587478,49.299340794],[-123.009793913,49.299223997],[-123.010659288,49.299215502],[-123.010852998,49.299457587],[-123.01096328,49.300572795],[-123.01111379,49.300672502],[-123.011816406,49.300501594],[-123.013191309,49.300518695],[-123.014003215,49.3001142],[-123.01405719,49.299916203],[-123.013480193,49.299205496],[-123.013162713,49.298342493],[-123.013107203,49.297919486],[-123.013478419,49.297713006],[-123.014854111,49.297667407],[-123.015129,49.297721505],[-123.015788794,49.298180116],[-123.01640841,49.298288301],[-123.016724312,49.298557504],[-123.016999592,49.298603099],[-123.017371707,49.298395207],[-123.017454104,49.297990708],[-123.017247392,49.297648906],[-123.017274906,49.29743241],[-123.017674114,49.297000908],[-123.017865485,49.297342694],[-123.01809919,49.29741531],[-123.018142096,49.296758711],[-123.018540385,49.296550806],[-123.018828696,49.296829998],[-123.019215818,49.298539005],[-123.019420706,49.298620211],[-123.01940619,49.296461096],[-123.019874417,49.299726801],[-123.020014095,49.299960415],[-123.020356186,49.300022993],[-123.020521891,49.299770901],[-123.020178711,49.298799601],[-123.020218099,49.296748811],[-123.020356511,49.296613492],[-123.021291315,49.296686097],[-123.021594007,49.29695529],[-123.021895382,49.297467996],[-123.021952413,49.298160192],[-123.021718908,49.298718506],[-123.021237197,49.299068803],[-123.021525797,49.299833603],[-123.022076599,49.299825096],[-123.022311103,49.300508702],[-123.02215809,49.300535703],[-123.022929317,49.302586601],[-123.023399292,49.303278801],[-123.02371489,49.303395591],[-123.024264899,49.3032432],[-123.024402489,49.302937006],[-123.024387611,49.302549603],[-123.02419539,49.302109514],[-123.025048502,49.3016594],[-123.025282396,49.301838891],[-123.025694395,49.3024413],[-123.025668215,49.302747505],[-123.025502998,49.302991109],[-123.024470693,49.303835608],[-123.023425586,49.304331307],[-123.021818094,49.305383691],[-123.0213646,49.305761209],[-123.021280216,49.305932108],[-123.02113079,49.306867801],[-123.021860901,49.308639505],[-123.021763616,49.309162197],[-123.021351588,49.309872896],[-123.020911324,49.310250306],[-123.019743163,49.310934128],[-123.019216005,49.310678795],[-123.018473303,49.310573699],[-123.017983495,49.310598011],[-123.014723594,49.311076317],[-123.014047615,49.311066591],[-123.013374392,49.310991284],[-123.011682802,49.31062919],[-123.010589415,49.310567487],[-123.009517801,49.310826009],[-123.008829418,49.311157397],[-123.004798283,49.313734402],[-123.004064297,49.314131889],[-123.003106426,49.314525104],[-123.001335221,49.315328004],[-123.000714423,49.315569306],[-122.999972917,49.315762209],[-122.999266202,49.315865089],[-122.998125925,49.315886502],[-122.99632699,49.315841988],[-122.993638112,49.315841007],[-122.98743841,49.315744897],[-122.985688195,49.31573481],[-122.981016496,49.315660201],[-122.980211613,49.315665589],[-122.974626295,49.315828184],[-122.970834406,49.315972397],[-122.968948817,49.315991502],[-122.967830394,49.316006088],[-122.967603194,49.314742011],[-122.968860463,49.314851307],[-122.968900822,49.312855596],[-122.968998859,49.312214663],[-122.969452026,49.3122098],[-122.969418044,49.305719857],[-122.969404406,49.304839668],[-122.969443018,49.303138968]]]]},"properties":{"a": "4.46", "q": "00000", "t": "CT", "dw": "2365", "hh": "2288", "id": "9330111.01", "nrr": "0.3", "pop": "5932", "rgid": "59", "rpid": "59933", "ruid": "5915046", "rguid": "5915"}},{"type":"Feature","geometry":{"type":"MultiPolygon","coordinates":[[[[-122.969033425,49.321384004],[-122.968975194,49.321012113],[-122.968948817,49.315991502],[-122.970834406,49.315972397],[-122.974626295,49.315828184],[-122.980211613,49.315665589],[-122.981016496,49.315660201],[-122.985688195,49.31573481],[-122.98743841,49.315744897],[-122.993638112,49.315841007],[-122.99632699,49.315841988],[-122.998125925,49.315886502],[-122.999266202,49.315865089],[-122.999972917,49.315762209],[-123.000714423,49.315569306],[-123.001335221,49.315328004],[-123.003106426,49.314525104],[-123.004064297,49.314131889],[-123.004798283,49.313734402],[-123.008829418,49.311157397],[-123.009517801,49.310826009],[-123.010589415,49.310567487],[-123.011682802,49.31062919],[-123.013374392,49.310991284],[-123.014047615,49.311066591],[-123.014723594,49.311076317],[-123.017983495,49.310598011],[-123.018473303,49.310573699],[-123.019216005,49.310678795],[-123.019743163,49.310934128],[-123.018586791,49.311483614],[-123.017884708,49.312013401],[-123.017472613,49.312517603],[-123.016895308,49.312932097],[-123.016261524,49.313219805],[-123.014487005,49.313795112],[-123.01261651,49.314649688],[-123.012149201,49.314928807],[-123.01169589,49.315451513],[-123.011530984,49.315801799],[-123.011475399,49.316925508],[-123.011655097,49.317951015],[-123.012388988,49.31875436],[-123.01210523,49.31864666],[-123.013592804,49.319567699],[-123.013851242,49.319973154],[-123.014215488,49.320272404],[-123.014462196,49.320893411],[-123.014420992,49.321927398],[-123.014202384,49.322521306],[-123.012716379,49.325084794],[-123.012316217,49.325399603],[-123.011187612,49.326704205],[-123.010306993,49.327891999],[-123.009950012,49.328215296],[-123.009194293,49.329348893],[-123.008712009,49.329734911],[-123.008366894,49.32978049],[-123.00760003,49.330133633],[-123.00710429,49.330307181],[-123.006536218,49.330613056],[-123.006364426,49.330805701],[-123.005643028,49.332271147],[-123.005472764,49.332549266],[-123.004239126,49.335220892],[-123.003734016,49.335827015],[-123.003366064,49.336650404],[-123.003119377,49.337501756],[-123.002236869,49.33872147],[-123.001949904,49.339563459],[-123.001596311,49.340071804],[-123.001596183,49.340647194],[-123.001927377,49.341860596],[-123.00228551,49.342977192],[-123.002367215,49.343911494],[-123.002559584,49.344371505],[-123.002782014,49.344595108],[-123.002822516,49.3450993],[-123.001817915,49.345945208],[-123.00122449,49.346322705],[-123.001157398,49.346574712],[-123.001473109,49.346645885],[-123.003193505,49.346672995],[-123.004349586,49.346853899],[-123.005108208,49.347329589],[-123.005397612,49.347942006],[-123.00541,49.348391993],[-123.005232521,49.349075703],[-123.004379296,49.350603788],[-123.002849703,49.352421095],[-123.00209239,49.352925307],[-123.001899406,49.353248589],[-123.001886118,49.353717098],[-123.002244097,49.354355195],[-123.003401084,49.354876498],[-123.004021002,49.355335005],[-123.004172589,49.35558711],[-123.004116596,49.356414592],[-123.003744497,49.356937303],[-123.003318579,49.357143797],[-123.00140541,49.357746204],[-123.00050981,49.358385705],[-123.000028304,49.359438205],[-122.999160185,49.360912202],[-122.999147101,49.361668505],[-122.999311202,49.362297988],[-122.999642002,49.362918999],[-123.000041113,49.363404609],[-123.00214751,49.364294711],[-123.003552579,49.365149295],[-123.003719778,49.365347193],[-123.003801291,49.3658685],[-123.003567299,49.366678915],[-123.002933026,49.367389605],[-123.002686208,49.367181597],[-123.002272411,49.367416602],[-123.002383788,49.367685812],[-123.00081359,49.368342402],[-123.000439814,49.368998894],[-123.000068294,49.370311994],[-123.000303706,49.371139491],[-123.000302702,49.371993998],[-123.000028294,49.372875607],[-122.999367109,49.373775709],[-122.998788784,49.374261395],[-122.994710308,49.37556591],[-122.994075297,49.375870689],[-122.99352429,49.376285197],[-122.992836596,49.377139706],[-122.991417108,49.378038383],[-122.991183106,49.37838021],[-122.991237403,49.379011091],[-122.992189319,49.380036507],[-122.992518102,49.3805849],[-122.992642196,49.380989295],[-122.992726406,49.382194184],[-122.993951694,49.383723797],[-122.994047592,49.38462389],[-122.994749588,49.386585093],[-122.994874413,49.387250199],[-122.994695299,49.387987896],[-122.994432284,49.388392405],[-122.993564406,49.389148602],[-122.992876802,49.390003192],[-122.992020798,49.390434707],[-122.991442293,49.390578501],[-122.988591086,49.390478804],[-122.987486893,49.390631213],[-122.987033498,49.390793605],[-122.986412703,49.391153907],[-122.984799697,49.392465613],[-122.984607283,49.392834506],[-122.984579017,49.393203397],[-122.985061207,49.393509598],[-122.986384778,49.394013699],[-122.987638006,49.394922397],[-122.988188799,49.395704307],[-122.988313192,49.396262589],[-122.98820251,49.397018787],[-122.987913115,49.397323605],[-122.987335378,49.3977736],[-122.987072493,49.398151108],[-122.987141986,49.399563907],[-122.986962292,49.399941303],[-122.985154992,49.401775698],[-122.985265396,49.402054796],[-122.986258595,49.40296351],[-122.986340784,49.403484704],[-122.986216184,49.404088593],[-122.985734509,49.404465998],[-122.98498968,49.404528694],[-122.98457529,49.404645411],[-122.982798007,49.405445884],[-122.981197888,49.406119499],[-122.980743875,49.406498296],[-122.980880087,49.406786009],[-122.981197513,49.407082305],[-122.982217499,49.407559392],[-122.982658483,49.408161795],[-122.982863899,49.408830963],[-122.982321319,49.4088314],[-122.970600058,49.408596773],[-122.948849198,49.409393792],[-122.948825814,49.389771883],[-122.94891389,49.379358174],[-122.94903401,49.365150997],[-122.95187138,49.362104694],[-122.953270691,49.360466991],[-122.953722006,49.359572702],[-122.953792989,49.358953196],[-122.953683108,49.358594408],[-122.953403794,49.35823521],[-122.953112089,49.358024395],[-122.952260295,49.357787794],[-122.951610801,49.357763192],[-122.950983589,49.357941907],[-122.949584892,49.358797701],[-122.9482669,49.359660305],[-122.947916639,49.359704672],[-122.947613909,49.35947967],[-122.947920192,49.358967807],[-122.949093624,49.357145496],[-122.950782311,49.356087004],[-122.951847291,49.355279395],[-122.952528796,49.354840209],[-122.955307109,49.353621419],[-122.955733409,49.353482089],[-122.956557897,49.353335999],[-122.957316601,49.35327001],[-122.958446206,49.353319809],[-122.958767285,49.353043305],[-122.958447794,49.352855892],[-122.955802187,49.352749104],[-122.954270528,49.352951798],[-122.94907441,49.354156395],[-122.945891909,49.354570913],[-122.944667691,49.354806611],[-122.943603203,49.355083605],[-122.942964576,49.355310602],[-122.942087589,49.355832504],[-122.941780403,49.355834603],[-122.941540021,49.355681912],[-122.941680227,49.355331004],[-122.942574491,49.355068103],[-122.94566619,49.353506198],[-122.947407516,49.352714089],[-122.948299687,49.352397992],[-122.949315694,49.352124904],[-122.949874513,49.351895697],[-122.951685193,49.351052308],[-122.95500091,49.349235405],[-122.955856117,49.348957708],[-122.957581806,49.348607307],[-122.958404805,49.348294501],[-122.961381719,49.346746088],[-122.962452908,49.346320398],[-122.963485797,49.346164818],[-122.964533907,49.345860111],[-122.966718798,49.345031504],[-122.967551212,49.344867492],[-122.968573895,49.344844793],[-122.969160499,49.344923392],[-122.969930723,49.345142299],[-122.970769802,49.345570203],[-122.971465906,49.345828394],[-122.971944199,49.345879601],[-122.972645592,49.345825408],[-122.973532988,49.345535894],[-122.973885696,49.345277406],[-122.974208506,49.344865807],[-122.974309997,49.344322782],[-122.97423882,49.344044302],[-122.973877309,49.343615302],[-122.973155307,49.343207798],[-122.972684004,49.343091003],[-122.969477102,49.342462592],[-122.968839512,49.342364494],[-122.968301353,49.342376556],[-122.968408392,49.339248693],[-122.968199985,49.326224092],[-122.970688489,49.325525111],[-122.971570693,49.325223805],[-122.972030706,49.324837697],[-122.97198929,49.324397794],[-122.971826006,49.323843786],[-122.970858098,49.32267821],[-122.969765715,49.322112508],[-122.969177191,49.321708692],[-122.969033425,49.321384004]]]]},"properties":{"a": "32.63457", "q": "00000", "t": "CT", "dw": "2723", "hh": "2686", "id": "9330111.02", "nrr": "0.244", "pop": "7450", "rgid": "59", "rpid": "59933", "ruid": "5915046", "rguid": "5915"}},{"type":"Feature","geometry":{"type":"MultiPolygon","coordinates":[[[[-123.019743163,49.310934128],[-123.020911324,49.310250306],[-123.021351588,49.309872896],[-123.021763616,49.309162197],[-123.021860901,49.308639505],[-123.02113079,49.306867801],[-123.021280216,49.305932108],[-123.0213646,49.305761209],[-123.021818094,49.305383691],[-123.023425586,49.304331307],[-123.024470693,49.303835608],[-123.025502998,49.302991109],[-123.025668215,49.302747505],[-123.025694395,49.3024413],[-123.025282396,49.301838891],[-123.025048502,49.3016594],[-123.024661985,49.301192304],[-123.023905899,49.300661089],[-123.023590384,49.299931894],[-123.022805613,49.299014697],[-123.022763685,49.2987897],[-123.023011399,49.298493409],[-123.022750218,49.298197205],[-123.022722704,49.297755693],[-123.023078318,49.297530699],[-123.023272009,49.297638886],[-123.023601905,49.29740531],[-123.023339602,49.296640499],[-123.023380514,49.296442607],[-123.023794881,49.296244599],[-123.024825698,49.296244602],[-123.02498999,49.296369915],[-123.02500409,49.29730561],[-123.02518489,49.297899514],[-123.025211993,49.299302405],[-123.025376802,49.299419207],[-123.026105422,49.298969105],[-123.026409221,49.298942007],[-123.026476805,49.298295491],[-123.026751612,49.298276897],[-123.026794795,49.299850692],[-123.026890692,49.300183991],[-123.026862983,49.301361795],[-123.026986506,49.301524098],[-123.028073393,49.301586816],[-123.028266608,49.301497108],[-123.028362106,49.299473284],[-123.02860928,49.299392094],[-123.029433993,49.299382106],[-123.029984696,49.299634206],[-123.029997599,49.297116188],[-123.030507307,49.297114783],[-123.032364012,49.297339808],[-123.035320487,49.297815507],[-123.038669233,49.298216491],[-123.038327589,49.301464067],[-123.038283013,49.302152133],[-123.038551186,49.302340206],[-123.038460711,49.305164405],[-123.038635683,49.305422255],[-123.03896133,49.306870483],[-123.038436391,49.307673889],[-123.038463186,49.309170699],[-123.038155719,49.309707412],[-123.038017698,49.309948307],[-123.036471121,49.310442499],[-123.035177225,49.310972305],[-123.034459889,49.311529207],[-123.033895022,49.312294004],[-123.033348775,49.313844772],[-123.03323132,49.314178203],[-123.0329491,49.316650688],[-123.029496005,49.321003695],[-123.029006113,49.321750789],[-123.028672883,49.323247597],[-123.027758296,49.32405089],[-123.025366408,49.325579003],[-123.024825691,49.32601771],[-123.024035199,49.326319615],[-123.02332808,49.326850899],[-123.023191798,49.327412015],[-123.023441396,49.327852097],[-123.024375292,49.328747899],[-123.024453709,49.329344859],[-123.024169417,49.330158586],[-123.023867274,49.330757511],[-123.023264706,49.331425089],[-123.023257506,49.332200933],[-123.021223532,49.33301776],[-123.019658883,49.333914908],[-123.019239709,49.334625721],[-123.017448577,49.335206494],[-123.016427054,49.335621801],[-123.015856993,49.335961395],[-123.015116774,49.336255404],[-123.01475662,49.336571105],[-123.014652078,49.336788999],[-123.014701993,49.338967998],[-123.015765011,49.340117401],[-123.016130203,49.34071443],[-123.016262578,49.341188414],[-123.016101985,49.341533223],[-123.016494724,49.342695823],[-123.016610996,49.342916658],[-123.017855915,49.343667554],[-123.019150594,49.344135088],[-123.019503882,49.344313104],[-123.019837296,49.345147702],[-123.020373999,49.345606314],[-123.020834309,49.345772911],[-123.021045304,49.346269998],[-123.020912498,49.346625992],[-123.020568911,49.347021908],[-123.020651555,49.347585948],[-123.020386222,49.348430359],[-123.020085742,49.349212847],[-123.019919818,49.349473764],[-123.019533816,49.349956854],[-123.019247999,49.350431489],[-123.018962699,49.350713513],[-123.018914021,49.351183801],[-123.019184097,49.351676304],[-123.019947003,49.352359911],[-123.021095507,49.353460791],[-123.022176404,49.354711197],[-123.02262181,49.355557209],[-123.023120691,49.35586769],[-123.024076314,49.356157105],[-123.024811997,49.356660988],[-123.025974005,49.358472591],[-123.026911311,49.359515088],[-123.027496197,49.360769795],[-123.02795451,49.361040398],[-123.028807292,49.361359493],[-123.029773193,49.36235209],[-123.031150393,49.363267903],[-123.031284516,49.363497202],[-123.031724309,49.3639273],[-123.03206859,49.364882914],[-123.032769299,49.365365813],[-123.032989409,49.365647793],[-123.032839098,49.366930996],[-123.033207098,49.367406615],[-123.034249706,49.368238404],[-123.034495693,49.36861719],[-123.035097189,49.370028608],[-123.035205497,49.371582243],[-123.03525549,49.371907023],[-123.035941012,49.372852803],[-123.036273796,49.373156206],[-123.036568621,49.373653205],[-123.036574396,49.37406629],[-123.036312187,49.3747314],[-123.036344989,49.375131602],[-123.036620891,49.375642811],[-123.036628495,49.376437589],[-123.035977901,49.377485793],[-123.036102315,49.378213499],[-123.03611751,49.378656491],[-123.036464295,49.379177696],[-123.037281787,49.379810104],[-123.037358286,49.380226007],[-123.037160403,49.380527909],[-123.0366568,49.380936609],[-123.036213082,49.381486395],[-123.036119497,49.381724208],[-123.036166794,49.382503311],[-123.036571199,49.383196889],[-123.03716101,49.383756589],[-123.037454604,49.384202305],[-123.037557407,49.38454129],[-123.037520703,49.384960004],[-123.037099421,49.385878604],[-123.037045601,49.386720291],[-123.036243809,49.387661807],[-123.035714776,49.387937998],[-123.035560705,49.38833261],[-123.035762417,49.389188801],[-123.035582811,49.389668499],[-123.035108418,49.390507299],[-123.035128284,49.391049896],[-123.034925212,49.391530093],[-123.035245017,49.392055096],[-123.035157281,49.392786092],[-123.035418318,49.393701808],[-123.035183388,49.39457769],[-123.033781385,49.396379308],[-123.033967889,49.397310399],[-123.035473783,49.398262092],[-123.035718607,49.399210691],[-123.035524519,49.399721998],[-123.034190401,49.400872696],[-123.034122812,49.401365505],[-123.034270602,49.401660311],[-123.034570392,49.401856804],[-123.034824793,49.402465013],[-123.035054506,49.403397808],[-123.035003577,49.4040094],[-123.034507586,49.404391892],[-123.034019386,49.404546603],[-123.034070489,49.405524194],[-123.034132415,49.405761997],[-123.034669206,49.406304707],[-123.034718993,49.407038105],[-123.0350993,49.407633016],[-123.000337527,49.408445868],[-122.986103656,49.408775116],[-122.982863899,49.408830963],[-122.982658483,49.408161795],[-122.982217499,49.407559392],[-122.981197513,49.407082305],[-122.980880087,49.406786009],[-122.980743875,49.406498296],[-122.981197888,49.406119499],[-122.982798007,49.405445884],[-122.98457529,49.404645411],[-122.98498968,49.404528694],[-122.985734509,49.404465998],[-122.986216184,49.404088593],[-122.986340784,49.403484704],[-122.986258595,49.40296351],[-122.985265396,49.402054796],[-122.985154992,49.401775698],[-122.986962292,49.399941303],[-122.987141986,49.399563907],[-122.987072493,49.398151108],[-122.987335378,49.3977736],[-122.987913115,49.397323605],[-122.98820251,49.397018787],[-122.988313192,49.396262589],[-122.988188799,49.395704307],[-122.987638006,49.394922397],[-122.986384778,49.394013699],[-122.985061207,49.393509598],[-122.984579017,49.393203397],[-122.984607283,49.392834506],[-122.984799697,49.392465613],[-122.986412703,49.391153907],[-122.987033498,49.390793605],[-122.987486893,49.390631213],[-122.988591086,49.390478804],[-122.991442293,49.390578501],[-122.992020798,49.390434707],[-122.992876802,49.390003192],[-122.993564406,49.389148602],[-122.994432284,49.388392405],[-122.994695299,49.387987896],[-122.994874413,49.387250199],[-122.994749588,49.386585093],[-122.994047592,49.38462389],[-122.993951694,49.383723797],[-122.992726406,49.382194184],[-122.992642196,49.380989295],[-122.992518102,49.3805849],[-122.992189319,49.380036507],[-122.991237403,49.379011091],[-122.991183106,49.37838021],[-122.991417108,49.378038383],[-122.992836596,49.377139706],[-122.99352429,49.376285197],[-122.994075297,49.375870689],[-122.994710308,49.37556591],[-122.998788784,49.374261395],[-122.999367109,49.373775709],[-123.000028294,49.372875607],[-123.000302702,49.371993998],[-123.000303706,49.371139491],[-123.000068294,49.370311994],[-123.000439814,49.368998894],[-123.00081359,49.368342402],[-123.002383788,49.367685812],[-123.002272411,49.367416602],[-123.002686208,49.367181597],[-123.002933026,49.367389605],[-123.003567299,49.366678915],[-123.003801291,49.3658685],[-123.003719778,49.365347193],[-123.003552579,49.365149295],[-123.00214751,49.364294711],[-123.000041113,49.363404609],[-122.999642002,49.362918999],[-122.999311202,49.362297988],[-122.999147101,49.361668505],[-122.999160185,49.360912202],[-123.000028304,49.359438205],[-123.00050981,49.358385705],[-123.00140541,49.357746204],[-123.003318579,49.357143797],[-123.003744497,49.356937303],[-123.004116596,49.356414592],[-123.004172589,49.35558711],[-123.004021002,49.355335005],[-123.003401084,49.354876498],[-123.002244097,49.354355195],[-123.001886118,49.353717098],[-123.001899406,49.353248589],[-123.00209239,49.352925307],[-123.002849703,49.352421095],[-123.004379296,49.350603788],[-123.005232521,49.349075703],[-123.00541,49.348391993],[-123.005397612,49.347942006],[-123.005108208,49.347329589],[-123.004349586,49.346853899],[-123.003193505,49.346672995],[-123.001473109,49.346645885],[-123.001157398,49.346574712],[-123.00122449,49.346322705],[-123.001817915,49.345945208],[-123.002822516,49.3450993],[-123.002782014,49.344595108],[-123.002559584,49.344371505],[-123.002367215,49.343911494],[-123.00228551,49.342977192],[-123.001927377,49.341860596],[-123.001596183,49.340647194],[-123.001596311,49.340071804],[-123.001949904,49.339563459],[-123.002236869,49.33872147],[-123.003119377,49.337501756],[-123.003366064,49.336650404],[-123.003734016,49.335827015],[-123.004239126,49.335220892],[-123.005472764,49.332549266],[-123.005643028,49.332271147],[-123.006364426,49.330805701],[-123.006536218,49.330613056],[-123.00710429,49.330307181],[-123.00760003,49.330133633],[-123.008366894,49.32978049],[-123.008712009,49.329734911],[-123.009194293,49.329348893],[-123.009950012,49.328215296],[-123.010306993,49.327891999],[-123.011187612,49.326704205],[-123.012316217,49.325399603],[-123.012716379,49.325084794],[-123.014202384,49.322521306],[-123.014420992,49.321927398],[-123.014462196,49.320893411],[-123.014215488,49.320272404],[-123.013851242,49.319973154],[-123.013592804,49.319567699],[-123.01210523,49.31864666],[-123.012388988,49.31875436],[-123.011655097,49.317951015],[-123.011475399,49.316925508],[-123.011530984,49.315801799],[-123.01169589,49.315451513],[-123.012149201,49.314928807],[-123.01261651,49.314649688],[-123.014487005,49.313795112],[-123.016261524,49.313219805],[-123.016895308,49.312932097],[-123.017472613,49.312517603],[-123.017884708,49.312013401],[-123.018586791,49.311483614],[-123.019743163,49.310934128]]]]},"properties":{"a": "24.55313", "q": "00000", "t": "CT", "dw": "1592", "hh": "1552", "id": "9330111.03", "nrr": "0.33799999999999997", "pop": "4108", "rgid": "59", "rpid": "59933", "ruid": "5915046", "rguid": "5915"}},{"type":"Feature","geometry":{"type":"MultiPolygon","coordinates":[[[[-123.041716268,49.320719663],[-123.038369847,49.316498253],[-123.037564808,49.315730404],[-123.036993823,49.315324717],[-123.036327007,49.314977697],[-123.034942599,49.314430796],[-123.033348775,49.313844772],[-123.033895022,49.312294004],[-123.034459889,49.311529207],[-123.035177225,49.310972305],[-123.036471121,49.310442499],[-123.038017698,49.309948307],[-123.038155719,49.309707412],[-123.038222592,49.310518006],[-123.038150075,49.313266804],[-123.054801712,49.313470712],[-123.054713912,49.319785891],[-123.054680614,49.320720797],[-123.046272305,49.320672288],[-123.044883171,49.32060933],[-123.041716268,49.320719663]]]]},"properties":{"a": "1.06754", "q": "00000", "t": "CT", "dw": "1145", "hh": "1086", "id": "9330112.00", "nrr": "0.213", "pop": "2733", "rgid": "59", "rpid": "59933", "ruid": "5915046", "rguid": "5915"}},{"type":"Feature","geometry":{"type":"MultiPolygon","coordinates":[[[[-123.037946292,49.336246994],[-123.032696287,49.336083216],[-123.027566681,49.335974696],[-123.021940971,49.335877386],[-123.021650113,49.335968403],[-123.017863456,49.335933833],[-123.015856993,49.335961395],[-123.016427054,49.335621801],[-123.017448577,49.335206494],[-123.019239709,49.334625721],[-123.019658883,49.333914908],[-123.021223532,49.33301776],[-123.023257506,49.332200933],[-123.023264706,49.331425089],[-123.023867274,49.330757511],[-123.024169417,49.330158586],[-123.024453709,49.329344859],[-123.024375292,49.328747899],[-123.023441396,49.327852097],[-123.023191798,49.327412015],[-123.02332808,49.326850899],[-123.024035199,49.326319615],[-123.024825691,49.32601771],[-123.025366408,49.325579003],[-123.027758296,49.32405089],[-123.028672883,49.323247597],[-123.029006113,49.321750789],[-123.029496005,49.321003695],[-123.0329491,49.316650688],[-123.03323132,49.314178203],[-123.033348775,49.313844772],[-123.034942599,49.314430796],[-123.036327007,49.314977697],[-123.036993823,49.315324717],[-123.037564808,49.315730404],[-123.038369847,49.316498253],[-123.041716268,49.320719663],[-123.040163202,49.320614081],[-123.0407881,49.32179129],[-123.041146806,49.323842998],[-123.040889488,49.324952575],[-123.040702001,49.325960074],[-123.041142275,49.32595951],[-123.041128694,49.326387013],[-123.04130132,49.326570893],[-123.041102723,49.326851577],[-123.041635195,49.326835917],[-123.041489096,49.327024797],[-123.042421523,49.32714718],[-123.043455724,49.32712992],[-123.046161834,49.326979273],[-123.047600014,49.3267333],[-123.047847616,49.326977709],[-123.048769692,49.327634409],[-123.050621303,49.327549915],[-123.051137222,49.327176655],[-123.053246896,49.327077883],[-123.053033987,49.327502605],[-123.053023091,49.328244993],[-123.053261153,49.328616622],[-123.053109819,49.329153404],[-123.050552504,49.330531098],[-123.043834074,49.334092507],[-123.039688609,49.336306491],[-123.037946292,49.336246994]]]]},"properties":{"a": "2.95841", "q": "00000", "t": "CT", "dw": "2975", "hh": "2863", "id": "9330113.00", "nrr": "0.258", "pop": "7570", "rgid": "59", "rpid": "59933", "ruid": "5915046", "rguid": "5915"}},{"type":"Feature","geometry":{"type":"MultiPolygon","coordinates":[[[[-123.019919818,49.349473764],[-123.020589503,49.349569294],[-123.022391291,49.348754299],[-123.02244512,49.348174896],[-123.02268719,49.347877999],[-123.024692598,49.347790894],[-123.030445785,49.347897694],[-123.0377843,49.348072894],[-123.0377374,49.35078529],[-123.0376531,49.351843997],[-123.037064834,49.355013523],[-123.037170346,49.356047438],[-123.036864751,49.356622937],[-123.03603838,49.357458501],[-123.035725658,49.357954195],[-123.035540045,49.358506012],[-123.035150193,49.369770558],[-123.035097189,49.370028608],[-123.034495693,49.36861719],[-123.034249706,49.368238404],[-123.033207098,49.367406615],[-123.032839098,49.366930996],[-123.032989409,49.365647793],[-123.032769299,49.365365813],[-123.03206859,49.364882914],[-123.031724309,49.3639273],[-123.031284516,49.363497202],[-123.031150393,49.363267903],[-123.029773193,49.36235209],[-123.028807292,49.361359493],[-123.02795451,49.361040398],[-123.027496197,49.360769795],[-123.026911311,49.359515088],[-123.025974005,49.358472591],[-123.024811997,49.356660988],[-123.024076314,49.356157105],[-123.023120691,49.35586769],[-123.02262181,49.355557209],[-123.022176404,49.354711197],[-123.021095507,49.353460791],[-123.019947003,49.352359911],[-123.019184097,49.351676304],[-123.018914021,49.351183801],[-123.018962699,49.350713513],[-123.019247999,49.350431489],[-123.019533816,49.349956854],[-123.019919818,49.349473764]]]]},"properties":{"a": "1.70479", "q": "00001", "t": "CT", "dw": "996", "hh": "963", "id": "9330114.01", "nrr": "0.213", "pop": "2955", "rgid": "59", "rpid": "59933", "ruid": "5915046", "rguid": "5915"}},{"type":"Feature","geometry":{"type":"MultiPolygon","coordinates":[[[[-123.019919818,49.349473764],[-123.020085742,49.349212847],[-123.020386222,49.348430359],[-123.020651555,49.347585948],[-123.020568911,49.347021908],[-123.020912498,49.346625992],[-123.021045304,49.346269998],[-123.020834309,49.345772911],[-123.020373999,49.345606314],[-123.019837296,49.345147702],[-123.019503882,49.344313104],[-123.019150594,49.344135088],[-123.017855915,49.343667554],[-123.016610996,49.342916658],[-123.016494724,49.342695823],[-123.016101985,49.341533223],[-123.016262578,49.341188414],[-123.016130203,49.34071443],[-123.015765011,49.340117401],[-123.014701993,49.338967998],[-123.014652078,49.336788999],[-123.01475662,49.336571105],[-123.015116774,49.336255404],[-123.015856993,49.335961395],[-123.017863456,49.335933833],[-123.021650113,49.335968403],[-123.021940971,49.335877386],[-123.027566681,49.335974696],[-123.032696287,49.336083216],[-123.037946292,49.336246994],[-123.038220599,49.336734605],[-123.038155095,49.338080194],[-123.038018192,49.341619697],[-123.0377843,49.348072894],[-123.030445785,49.347897694],[-123.024692598,49.347790894],[-123.02268719,49.347877999],[-123.02244512,49.348174896],[-123.022391291,49.348754299],[-123.020589503,49.349569294],[-123.019919818,49.349473764]]]]},"properties":{"a": "2.02093", "q": "00001", "t": "CT", "dw": "1885", "hh": "1777", "id": "9330114.02", "nrr": "0.256", "pop": "5155", "rgid": "59", "rpid": "59933", "ruid": "5915046", "rguid": "5915"}},{"type":"Feature","geometry":{"type":"MultiPolygon","coordinates":[[[[-123.035097189,49.370028608],[-123.035150193,49.369770558],[-123.035540045,49.358506012],[-123.035725658,49.357954195],[-123.03603838,49.357458501],[-123.036864751,49.356622937],[-123.037170346,49.356047438],[-123.037064834,49.355013523],[-123.0376531,49.351843997],[-123.0377374,49.35078529],[-123.0377843,49.348072894],[-123.038018192,49.341619697],[-123.038155095,49.338080194],[-123.038220599,49.336734605],[-123.037946292,49.336246994],[-123.039688609,49.336306491],[-123.043834074,49.334092507],[-123.050552504,49.330531098],[-123.053109819,49.329153404],[-123.053070356,49.331180828],[-123.053189572,49.331466798],[-123.053029003,49.335569507],[-123.051083841,49.335551031],[-123.051146892,49.337400128],[-123.051523423,49.340742039],[-123.05361963,49.342829168],[-123.0523078,49.342835312],[-123.051213615,49.343054992],[-123.049170979,49.343512589],[-123.045939008,49.343520827],[-123.045632307,49.343966746],[-123.046887775,49.34500767],[-123.047157558,49.345377854],[-123.047373664,49.346134058],[-123.047298651,49.346572039],[-123.047120775,49.346956487],[-123.047063017,49.347435106],[-123.045877192,49.347210016],[-123.044017075,49.347198706],[-123.043193618,49.347357307],[-123.041747792,49.347862598],[-123.041329349,49.347974229],[-123.042895541,49.357260563],[-123.042478508,49.35747869],[-123.042543143,49.358817056],[-123.042714267,49.360530821],[-123.04275585,49.362051199],[-123.042961762,49.385635936],[-123.04305229,49.407545938],[-123.0350993,49.407633016],[-123.034718993,49.407038105],[-123.034669206,49.406304707],[-123.034132415,49.405761997],[-123.034070489,49.405524194],[-123.034019386,49.404546603],[-123.034507586,49.404391892],[-123.035003577,49.4040094],[-123.035054506,49.403397808],[-123.034824793,49.402465013],[-123.034570392,49.401856804],[-123.034270602,49.401660311],[-123.034122812,49.401365505],[-123.034190401,49.400872696],[-123.035524519,49.399721998],[-123.035718607,49.399210691],[-123.035473783,49.398262092],[-123.033967889,49.397310399],[-123.033781385,49.396379308],[-123.035183388,49.39457769],[-123.035418318,49.393701808],[-123.035157281,49.392786092],[-123.035245017,49.392055096],[-123.034925212,49.391530093],[-123.035128284,49.391049896],[-123.035108418,49.390507299],[-123.035582811,49.389668499],[-123.035762417,49.389188801],[-123.035560705,49.38833261],[-123.035714776,49.387937998],[-123.036243809,49.387661807],[-123.037045601,49.386720291],[-123.037099421,49.385878604],[-123.037520703,49.384960004],[-123.037557407,49.38454129],[-123.037454604,49.384202305],[-123.03716101,49.383756589],[-123.036571199,49.383196889],[-123.036166794,49.382503311],[-123.036119497,49.381724208],[-123.036213082,49.381486395],[-123.0366568,49.380936609],[-123.037160403,49.380527909],[-123.037358286,49.380226007],[-123.037281787,49.379810104],[-123.036464295,49.379177696],[-123.03611751,49.378656491],[-123.036102315,49.378213499],[-123.035977901,49.377485793],[-123.036628495,49.376437589],[-123.036620891,49.375642811],[-123.036344989,49.375131602],[-123.036312187,49.3747314],[-123.036574396,49.37406629],[-123.036568621,49.373653205],[-123.036273796,49.373156206],[-123.035941012,49.372852803],[-123.03525549,49.371907023],[-123.035205497,49.371582243],[-123.035097189,49.370028608]]]]},"properties":{"a": "4.79478", "q": "00000", "t": "CT", "dw": "2097", "hh": "1995", "id": "9330115.00", "nrr": "0.231", "pop": "5714", "rgid": "59", "rpid": "59933", "ruid": "5915046", "rguid": "5915"}},{"type":"Feature","geometry":{"type":"MultiPolygon","coordinates":[[[[-123.053029003,49.335569507],[-123.054682614,49.335574007],[-123.064887888,49.335642704],[-123.068859786,49.335649609],[-123.072010304,49.335657513],[-123.071929787,49.33928049],[-123.071918323,49.341464306],[-123.07185098,49.345205593],[-123.073498923,49.345262807],[-123.07332201,49.349802697],[-123.073344508,49.350034784],[-123.073836107,49.350531709],[-123.073874901,49.350963285],[-123.074233193,49.351348488],[-123.075115285,49.351765108],[-123.075622016,49.3522201],[-123.076153019,49.352421805],[-123.076212392,49.353006097],[-123.077270617,49.353315692],[-123.077663983,49.353844205],[-123.078009399,49.3550226],[-123.080016548,49.356273083],[-123.079524424,49.356783505],[-123.077544301,49.357774698],[-123.076965801,49.358431289],[-123.076677103,49.358612186],[-123.075411981,49.358945396],[-123.074653794,49.359414006],[-123.074489188,49.359772903],[-123.074269615,49.359970907],[-123.07257679,49.361114509],[-123.072453191,49.361716913],[-123.071876196,49.362293697],[-123.071864188,49.362545795],[-123.072373994,49.36313829],[-123.072428098,49.363354812],[-123.07190659,49.364461398],[-123.07179751,49.364911391],[-123.070709781,49.365586499],[-123.070354707,49.366039059],[-123.070078761,49.366109331],[-123.070097502,49.366506125],[-123.07081876,49.377093808],[-123.070542383,49.379928749],[-123.070357568,49.385574012],[-123.070133515,49.386942519],[-123.069919476,49.402969064],[-123.069924866,49.40719469],[-123.04305229,49.407545938],[-123.042961762,49.385635936],[-123.04275585,49.362051199],[-123.042714267,49.360530821],[-123.042543143,49.358817056],[-123.042478508,49.35747869],[-123.042895541,49.357260563],[-123.041329349,49.347974229],[-123.041747792,49.347862598],[-123.043193618,49.347357307],[-123.044017075,49.347198706],[-123.045877192,49.347210016],[-123.047063017,49.347435106],[-123.047120775,49.346956487],[-123.047298651,49.346572039],[-123.047373664,49.346134058],[-123.047157558,49.345377854],[-123.046887775,49.34500767],[-123.045632307,49.343966746],[-123.045939008,49.343520827],[-123.049170979,49.343512589],[-123.051213615,49.343054992],[-123.0523078,49.342835312],[-123.05361963,49.342829168],[-123.051523423,49.340742039],[-123.051146892,49.337400128],[-123.051083841,49.335551031],[-123.053029003,49.335569507]]]]},"properties":{"a": "16.10803", "q": "00000", "t": "CT", "dw": "1956", "hh": "1840", "id": "9330116.00", "nrr": "0.233", "pop": "5277", "rgid": "59", "rpid": "59933", "ruid": "5915046", "rguid": "5915"}},{"type":"Feature","geometry":{"type":"MultiPolygon","coordinates":[[[[-123.072010304,49.335657513],[-123.078293483,49.335647403],[-123.078805038,49.3356709],[-123.079622897,49.335621215],[-123.081411802,49.335619115],[-123.084497809,49.335644709],[-123.087700024,49.335660796],[-123.08810168,49.335552706],[-123.09092876,49.335731188],[-123.091054602,49.336579699],[-123.093855204,49.336602866],[-123.093920485,49.337380002],[-123.093632295,49.337991011],[-123.091971406,49.34055601],[-123.090939715,49.341159895],[-123.090279713,49.342005892],[-123.0890792,49.343072267],[-123.088941704,49.343046726],[-123.088447305,49.343451359],[-123.088589638,49.343728272],[-123.088068404,49.344858603],[-123.087203496,49.34569601],[-123.087081208,49.346865286],[-123.086876606,49.347494797],[-123.086877585,49.348701099],[-123.086577417,49.349591196],[-123.086454901,49.350895809],[-123.086154187,49.351498205],[-123.085177612,49.352093507],[-123.084186095,49.35307129],[-123.082895679,49.354343798],[-123.081244386,49.355037405],[-123.080707887,49.355362105],[-123.08023952,49.355874801],[-123.080016548,49.356273083],[-123.078009399,49.3550226],[-123.077663983,49.353844205],[-123.077270617,49.353315692],[-123.076212392,49.353006097],[-123.076153019,49.352421805],[-123.075622016,49.3522201],[-123.075115285,49.351765108],[-123.074233193,49.351348488],[-123.073874901,49.350963285],[-123.073836107,49.350531709],[-123.073344508,49.350034784],[-123.07332201,49.349802697],[-123.073498923,49.345262807],[-123.07185098,49.345205593],[-123.071918323,49.341464306],[-123.071929787,49.33928049],[-123.072010304,49.335657513]]]]},"properties":{"a": "2.38266", "q": "00000", "t": "CT", "dw": "2258", "hh": "2151", "id": "9330117.00", "nrr": "0.26899999999999996", "pop": "5996", "rgid": "59", "rpid": "59933", "ruid": "5915046", "rguid": "5915"}},{"type":"Feature","geometry":{"type":"MultiPolygon","coordinates":[[[[-123.091597612,49.332162852],[-123.09162083,49.331945757],[-123.091434038,49.33072897],[-123.093262098,49.331047801],[-123.094991036,49.331068026],[-123.098106205,49.330891331],[-123.102044545,49.331035983],[-123.102100603,49.330246427],[-123.102218497,49.32981254],[-123.102305414,49.328440797],[-123.101933852,49.326537123],[-123.101975215,49.325683642],[-123.101890813,49.32471419],[-123.102146679,49.324170299],[-123.102206922,49.322944299],[-123.102281797,49.320206506],[-123.102393792,49.318129812],[-123.102398679,49.316435398],[-123.102507518,49.316305998],[-123.102584285,49.314065701],[-123.102516106,49.313732492],[-123.102705205,49.312823801],[-123.102838699,49.310691796],[-123.10352651,49.310646195],[-123.103610213,49.310710294],[-123.103558999,49.31280529],[-123.1030634,49.312950602],[-123.103025692,49.31403869],[-123.104979507,49.314064308],[-123.105350278,49.313973195],[-123.106863305,49.313990285],[-123.106901521,49.312981906],[-123.107219925,49.312990505],[-123.107365993,49.310724504],[-123.107501697,49.310670396],[-123.108205607,49.310750187],[-123.108492701,49.310633389],[-123.1096209,49.31057779],[-123.109854013,49.310398396],[-123.109895217,49.310010994],[-123.110211716,49.310065105],[-123.110185012,49.310569306],[-123.110433618,49.310765796],[-123.110818911,49.310676104],[-123.111946323,49.310710305],[-123.113034599,49.310817107],[-123.113433392,49.310988014],[-123.113340515,49.313003309],[-123.112502009,49.313148496],[-123.112421321,49.313705403],[-123.112531799,49.313849194],[-123.113603092,49.313605698],[-123.113768918,49.313318005],[-123.114593406,49.312920685],[-123.115376922,49.313010402],[-123.115611612,49.313108701],[-123.115970596,49.313783701],[-123.116411213,49.3138464],[-123.116629699,49.313450513],[-123.116656794,49.313179892],[-123.115980292,49.311983506],[-123.116021497,49.31135399],[-123.114766215,49.310780094],[-123.114394702,49.310223201],[-123.114267495,49.308810401],[-123.114609718,49.308531296],[-123.11502421,49.30853979],[-123.116358879,49.308996999],[-123.117033209,49.309428489],[-123.117845406,49.30965209],[-123.119169083,49.310290204],[-123.119499311,49.310550806],[-123.119940283,49.311116192],[-123.120421503,49.311080613],[-123.120889703,49.310710284],[-123.124440907,49.312064686],[-123.124842884,49.312460606],[-123.125985237,49.3128634],[-123.123608579,49.315125031],[-123.123017823,49.315821464],[-123.121297824,49.317380994],[-123.120610492,49.317694591],[-123.120131616,49.318485106],[-123.120152744,49.318542099],[-123.120136853,49.322173519],[-123.120083674,49.323957195],[-123.121036255,49.323969081],[-123.124365292,49.324918706],[-123.124605496,49.326124807],[-123.124383077,49.328833459],[-123.124420573,49.329066434],[-123.124322492,49.33086009],[-123.118753786,49.331028292],[-123.118276965,49.33101691],[-123.1181168,49.331178998],[-123.117847587,49.332141791],[-123.118049006,49.332610078],[-123.112966505,49.332609911],[-123.10618915,49.332588075],[-123.104697747,49.332566154],[-123.102226469,49.332460297],[-123.093936167,49.332167454],[-123.091597612,49.332162852]]]]},"properties":{"a": "3.55455", "q": "00000", "t": "CT", "dw": "3350", "hh": "3205", "id": "9330118.00", "nrr": "0.228", "pop": "7436", "rgid": "59", "rpid": "59933", "ruid": "5915046", "rguid": "5915"}},{"type":"Feature","geometry":{"type":"MultiPolygon","coordinates":[[[[-123.10707668,49.339378967],[-123.101860396,49.339321482],[-123.099128619,49.339305906],[-123.098762422,49.339286198],[-123.098379095,49.339035411],[-123.09810309,49.338608309],[-123.097950403,49.337861216],[-123.0981487,49.337222514],[-123.097977521,49.336880195],[-123.097662094,49.336642912],[-123.093855204,49.336602866],[-123.091054602,49.336579699],[-123.09092876,49.335731188],[-123.091373449,49.335729503],[-123.091454603,49.333429966],[-123.091539112,49.33238641],[-123.091597612,49.332162852],[-123.093936167,49.332167454],[-123.102226469,49.332460297],[-123.104697747,49.332566154],[-123.10618915,49.332588075],[-123.112966505,49.332609911],[-123.118049006,49.332610078],[-123.118399494,49.333425016],[-123.118283507,49.333983299],[-123.11813857,49.334178831],[-123.118207842,49.337778485],[-123.117969408,49.339321601],[-123.11714215,49.33930335],[-123.114486976,49.339497203],[-123.112370376,49.339479395],[-123.10967209,49.339168613],[-123.107532811,49.339381595],[-123.10707668,49.339378967]]]]},"properties":{"a": "1.34404", "q": "00000", "t": "CT", "dw": "895", "hh": "845", "id": "9330119.00", "nrr": "0.284", "pop": "2261", "rgid": "59", "rpid": "59933", "ruid": "5915046", "rguid": "5915"}},{"type":"Feature","geometry":{"type":"MultiPolygon","coordinates":[[[[-123.099818733,49.356217328],[-123.100013107,49.355742399],[-123.099968683,49.353737102],[-123.099622712,49.353395292],[-123.099594394,49.352963702],[-123.099167117,49.352253099],[-123.09905451,49.351273192],[-123.098804517,49.350508402],[-123.098099916,49.349015805],[-123.097491693,49.348000392],[-123.097325886,49.347514693],[-123.097350404,49.346174505],[-123.097557081,49.345895402],[-123.09854791,49.34552511],[-123.099276281,49.345335699],[-123.100032694,49.345308591],[-123.100790701,49.345163303],[-123.101354195,49.344667714],[-123.102208218,49.344461207],[-123.102757103,49.344199206],[-123.102936704,49.344036801],[-123.10347021,49.342831891],[-123.104115003,49.341877697],[-123.104994198,49.341157007],[-123.106508516,49.340507597],[-123.10698881,49.340066104],[-123.107138308,49.339571899],[-123.10707668,49.339378967],[-123.107532811,49.339381595],[-123.10967209,49.339168613],[-123.112370376,49.339479395],[-123.114486976,49.339497203],[-123.11714215,49.33930335],[-123.117969408,49.339321601],[-123.118075708,49.34417276],[-123.117951657,49.347449416],[-123.118107776,49.348704233],[-123.118104161,49.354280857],[-123.118087411,49.356406367],[-123.117666122,49.356438372],[-123.114320502,49.356378411],[-123.111178525,49.355861227],[-123.110116295,49.356018705],[-123.108268349,49.356164595],[-123.106959692,49.356293831],[-123.106134822,49.356181501],[-123.104332989,49.356203491],[-123.099818733,49.356217328]]]]},"properties":{"a": "2.36858", "q": "00000", "t": "CT", "dw": "1409", "hh": "1378", "id": "9330120.00", "nrr": "0.17800000000000002", "pop": "3926", "rgid": "59", "rpid": "59933", "ruid": "5915046", "rguid": "5915"}},{"type":"Feature","geometry":{"type":"MultiPolygon","coordinates":[[[[-123.084186095,49.35307129],[-123.085177612,49.352093507],[-123.086154187,49.351498205],[-123.086454901,49.350895809],[-123.086577417,49.349591196],[-123.086877585,49.348701099],[-123.086876606,49.347494797],[-123.087081208,49.346865286],[-123.087203496,49.34569601],[-123.088068404,49.344858603],[-123.088589638,49.343728272],[-123.088447305,49.343451359],[-123.088941704,49.343046726],[-123.0890792,49.343072267],[-123.090279713,49.342005892],[-123.090939715,49.341159895],[-123.091971406,49.34055601],[-123.093632295,49.337991011],[-123.093920485,49.337380002],[-123.093855204,49.336602866],[-123.097662094,49.336642912],[-123.097977521,49.336880195],[-123.0981487,49.337222514],[-123.097950403,49.337861216],[-123.09810309,49.338608309],[-123.098379095,49.339035411],[-123.098762422,49.339286198],[-123.099128619,49.339305906],[-123.101860396,49.339321482],[-123.10707668,49.339378967],[-123.107138308,49.339571899],[-123.10698881,49.340066104],[-123.106508516,49.340507597],[-123.104994198,49.341157007],[-123.104115003,49.341877697],[-123.10347021,49.342831891],[-123.102936704,49.344036801],[-123.102757103,49.344199206],[-123.102208218,49.344461207],[-123.101354195,49.344667714],[-123.100790701,49.345163303],[-123.100032694,49.345308591],[-123.099276281,49.345335699],[-123.09854791,49.34552511],[-123.097557081,49.345895402],[-123.097350404,49.346174505],[-123.097325886,49.347514693],[-123.097491693,49.348000392],[-123.098099916,49.349015805],[-123.098804517,49.350508402],[-123.09905451,49.351273192],[-123.099167117,49.352253099],[-123.099594394,49.352963702],[-123.099622712,49.353395292],[-123.099968683,49.353737102],[-123.100013107,49.355742399],[-123.099818733,49.356217328],[-123.094795299,49.3562404],[-123.090583909,49.356271283],[-123.090120604,49.356261507],[-123.089796778,49.356157291],[-123.084186095,49.35307129]]]]},"properties":{"a": "1.85344", "q": "00000", "t": "CT", "dw": "1571", "hh": "1490", "id": "9330121.00", "nrr": "0.226", "pop": "4543", "rgid": "59", "rpid": "59933", "ruid": "5915046", "rguid": "5915"}},{"type":"Feature","geometry":{"type":"MultiPolygon","coordinates":[[[[-123.080016548,49.356273083],[-123.08023952,49.355874801],[-123.080707887,49.355362105],[-123.081244386,49.355037405],[-123.082895679,49.354343798],[-123.084186095,49.35307129],[-123.089796778,49.356157291],[-123.090120604,49.356261507],[-123.090583909,49.356271283],[-123.094795299,49.3562404],[-123.099818733,49.356217328],[-123.104332989,49.356203491],[-123.106134822,49.356181501],[-123.106959692,49.356293831],[-123.108268349,49.356164595],[-123.110116295,49.356018705],[-123.111178525,49.355861227],[-123.114320502,49.356378411],[-123.117666122,49.356438372],[-123.118087411,49.356406367],[-123.117946078,49.357326536],[-123.117869157,49.359245314],[-123.11814436,49.359450494],[-123.117202181,49.359503632],[-123.11711635,49.363666565],[-123.117920689,49.36434706],[-123.117933937,49.367372292],[-123.117904748,49.370946398],[-123.118107072,49.373064957],[-123.118486945,49.37673312],[-123.119110688,49.377185307],[-123.121828107,49.378720604],[-123.122582916,49.379492505],[-123.123609234,49.379626406],[-123.12361987,49.381733884],[-123.123806256,49.406199269],[-123.121539265,49.406198905],[-123.119980081,49.406301801],[-123.119648568,49.406295963],[-123.102645626,49.406598394],[-123.077779061,49.407036446],[-123.069924866,49.40719469],[-123.069919476,49.402969064],[-123.070133515,49.386942519],[-123.070357568,49.385574012],[-123.070542383,49.379928749],[-123.07081876,49.377093808],[-123.070097502,49.366506125],[-123.070078761,49.366109331],[-123.070354707,49.366039059],[-123.070709781,49.365586499],[-123.07179751,49.364911391],[-123.07190659,49.364461398],[-123.072428098,49.363354812],[-123.072373994,49.36313829],[-123.071864188,49.362545795],[-123.071876196,49.362293697],[-123.072453191,49.361716913],[-123.07257679,49.361114509],[-123.074269615,49.359970907],[-123.074489188,49.359772903],[-123.074653794,49.359414006],[-123.075411981,49.358945396],[-123.076677103,49.358612186],[-123.076965801,49.358431289],[-123.077544301,49.357774698],[-123.079524424,49.356783505],[-123.080016548,49.356273083]]]]},"properties":{"a": "20.57512", "q": "00000", "t": "CT", "dw": "1424", "hh": "1395", "id": "9330122.00", "nrr": "0.32299999999999995", "pop": "4223", "rgid": "59", "rpid": "59933", "ruid": "5915046", "rguid": "5915"}},{"type":"Feature","geometry":{"type":"MultiPolygon","coordinates":[[[[-123.160214099,49.331608306],[-123.160231986,49.330643316],[-123.160238725,49.327683961],[-123.16026597,49.327220144],[-123.158897331,49.327238901],[-123.158974978,49.326604025],[-123.159888287,49.326603099],[-123.160410389,49.326476297],[-123.161500107,49.326789598],[-123.162560482,49.326923504],[-123.163798911,49.3269206],[-123.164761014,49.32708159],[-123.166028884,49.327242492],[-123.168809412,49.327148507],[-123.169606603,49.327299504],[-123.17077989,49.327854911],[-123.173801005,49.330397105],[-123.174960609,49.331123507],[-123.175552806,49.33137421],[-123.177235378,49.331983697],[-123.179148087,49.332214403],[-123.179782493,49.332375401],[-123.181022504,49.332940797],[-123.182247915,49.333046199],[-123.182426718,49.332973508],[-123.182480411,49.332712907],[-123.182659594,49.332685793],[-123.183943592,49.333420698],[-123.184919482,49.333519001],[-123.18547089,49.333652912],[-123.187443311,49.334719586],[-123.188325895,49.33500591],[-123.190402298,49.335042983],[-123.190484689,49.33523811],[-123.190415197,49.33615759],[-123.190369813,49.337632493],[-123.189482887,49.337622],[-123.188824494,49.337476116],[-123.18432268,49.336386301],[-123.182384794,49.335899016],[-123.177299881,49.334697305],[-123.173387105,49.333748508],[-123.17095181,49.33370461],[-123.170994956,49.331697109],[-123.168061792,49.331624994],[-123.166446215,49.331609702],[-123.160214099,49.331608306]]]]},"properties":{"a": "0.88039", "q": "01000", "t": "CT", "dw": "2844", "hh": "2597", "id": "9330130.01", "nrr": "0.355", "pop": "4388", "rgid": "59", "rpid": "59933", "ruid": "5915055", "rguid": "5915"}},{"type":"Feature","geometry":{"type":"MultiPolygon","coordinates":[[[[-123.137630628,49.320142564],[-123.136738943,49.321106583],[-123.134380756,49.319996719],[-123.135587227,49.318708178],[-123.134456217,49.317854512],[-123.134444292,49.31754079],[-123.134953481,49.3174596],[-123.135159598,49.317216098],[-123.135682911,49.316964002],[-123.13690572,49.316899903],[-123.137401902,49.317087913],[-123.137321506,49.317556483],[-123.137432299,49.317915411],[-123.137434698,49.319057613],[-123.137629408,49.319722708],[-123.137630628,49.320142564]]],[[[-123.124322492,49.33086009],[-123.124420573,49.329066434],[-123.124383077,49.328833459],[-123.124605496,49.326124807],[-123.124365292,49.324918706],[-123.128896904,49.326200187],[-123.131921771,49.326906168],[-123.132728043,49.325650021],[-123.134900649,49.326165788],[-123.137778974,49.327050911],[-123.140528708,49.327947713],[-123.14281458,49.328608239],[-123.14355913,49.328844296],[-123.144196022,49.327931588],[-123.145136501,49.326712759],[-123.145717229,49.325785255],[-123.147132513,49.323973148],[-123.147989127,49.322926889],[-123.146289668,49.32233566],[-123.147269292,49.3218704],[-123.148161408,49.321626902],[-123.148589792,49.321688096],[-123.148603984,49.321967196],[-123.148990291,49.322480012],[-123.150259504,49.323485505],[-123.152109788,49.325885193],[-123.153033921,49.326540399],[-123.15357189,49.326701304],[-123.154039094,49.326682804],[-123.154465111,49.326528993],[-123.155265886,49.326681398],[-123.157508498,49.326722697],[-123.158512982,49.326604494],[-123.158974978,49.326604025],[-123.158897331,49.327238901],[-123.16026597,49.327220144],[-123.160238725,49.327683961],[-123.160231986,49.330643316],[-123.160214099,49.331608306],[-123.151477982,49.331497203],[-123.145946304,49.331403608],[-123.144451684,49.331389294],[-123.143145411,49.33131151],[-123.143038123,49.330338161],[-123.142050694,49.330323432],[-123.139431958,49.330802634],[-123.138935165,49.330871434],[-123.134930587,49.33084461],[-123.133447107,49.330852089],[-123.127768799,49.330793201],[-123.126487169,49.330629449],[-123.12584596,49.330585372],[-123.124322492,49.33086009]]]]},"properties":{"a": "1.50249", "q": "00000", "t": "CT", "dw": "2618", "hh": "2427", "id": "9330130.03", "nrr": "0.34600000000000003", "pop": "4552", "rgid": "59", "rpid": "59933", "ruid": "5915808", "rguid": "5915"}},{"type":"Feature","geometry":{"type":"MultiPolygon","coordinates":[[[[-123.124365292,49.324918706],[-123.121036255,49.323969081],[-123.120083674,49.323957195],[-123.120136853,49.322173519],[-123.120152744,49.318542099],[-123.120131616,49.318485106],[-123.120610492,49.317694591],[-123.121297824,49.317380994],[-123.123017823,49.315821464],[-123.123608579,49.315125031],[-123.125985237,49.3128634],[-123.126369785,49.312998991],[-123.126892611,49.31302459],[-123.127551998,49.312610208],[-123.127704607,49.312718395],[-123.127692401,49.313212587],[-123.127788486,49.313366405],[-123.128780082,49.313805098],[-123.129166815,49.314228093],[-123.129621591,49.314515799],[-123.130915386,49.315160897],[-123.131893886,49.315538409],[-123.132733204,49.315672207],[-123.13307898,49.315878793],[-123.133148811,49.3163829],[-123.132682616,49.316795905],[-123.132643111,49.317426888],[-123.132382289,49.317839897],[-123.132753188,49.318029296],[-123.133441495,49.317848401],[-123.133647985,49.317865494],[-123.133814592,49.318126191],[-123.133760298,49.318648805],[-123.13410431,49.318747103],[-123.134474703,49.318341188],[-123.134456217,49.317854512],[-123.135587227,49.318708178],[-123.134380756,49.319996719],[-123.136738943,49.321106583],[-123.137630628,49.320142564],[-123.137632077,49.320641297],[-123.137756889,49.3208834],[-123.138445301,49.321125486],[-123.138679121,49.320621406],[-123.139682802,49.320619893],[-123.140525772,49.320385594],[-123.141018307,49.320565578],[-123.14039831,49.320745311],[-123.139518412,49.321132704],[-123.139231584,49.3213762],[-123.140194583,49.321735099],[-123.14110159,49.321445995],[-123.143043495,49.321470188],[-123.143702589,49.321587009],[-123.145205315,49.322296196],[-123.145592092,49.322411598],[-123.146072708,49.322438702],[-123.146289668,49.32233566],[-123.147989127,49.322926889],[-123.147132513,49.323973148],[-123.145717229,49.325785255],[-123.145136501,49.326712759],[-123.144196022,49.327931588],[-123.14355913,49.328844296],[-123.14281458,49.328608239],[-123.140528708,49.327947713],[-123.137778974,49.327050911],[-123.134900649,49.326165788],[-123.132728043,49.325650021],[-123.131921771,49.326906168],[-123.128896904,49.326200187],[-123.124365292,49.324918706]]]]},"properties":{"a": "1.79039", "q": "02000", "t": "CT", "dw": "1375", "hh": "1316", "id": "9330130.04", "nrr": "0.33", "pop": "2700", "rgid": "59", "rpid": "59933", "ruid": "5915808", "rguid": "5915"}},{"type":"Feature","geometry":{"type":"MultiPolygon","coordinates":[[[[-123.139809002,49.338162415],[-123.137918194,49.337979302],[-123.134962679,49.337777639],[-123.134679826,49.33761254],[-123.134674746,49.337760998],[-123.131127944,49.337709266],[-123.130350028,49.337650767],[-123.129691745,49.337540609],[-123.129407745,49.337668988],[-123.129261191,49.338013602],[-123.128907596,49.338124016],[-123.128481774,49.3379344],[-123.124034816,49.337887302],[-123.119212482,49.337853577],[-123.118207842,49.337778485],[-123.11813857,49.334178831],[-123.118283507,49.333983299],[-123.118399494,49.333425016],[-123.118049006,49.332610078],[-123.117847587,49.332141791],[-123.1181168,49.331178998],[-123.118276965,49.33101691],[-123.118753786,49.331028292],[-123.124322492,49.33086009],[-123.12584596,49.330585372],[-123.126487169,49.330629449],[-123.127768799,49.330793201],[-123.133447107,49.330852089],[-123.134930587,49.33084461],[-123.138935165,49.330871434],[-123.139431958,49.330802634],[-123.142050694,49.330323432],[-123.143038123,49.330338161],[-123.143145411,49.33131151],[-123.144451684,49.331389294],[-123.145946304,49.331403608],[-123.151477982,49.331497203],[-123.160214099,49.331608306],[-123.166446215,49.331609702],[-123.168061792,49.331624994],[-123.170994956,49.331697109],[-123.17095181,49.33370461],[-123.173387105,49.333748508],[-123.177299881,49.334697305],[-123.182384794,49.335899016],[-123.18432268,49.336386301],[-123.188824494,49.337476116],[-123.189482887,49.337622],[-123.190369813,49.337632493],[-123.190369904,49.337766716],[-123.18994098,49.338530897],[-123.182263501,49.338413001],[-123.174754196,49.338311591],[-123.168017116,49.33820647],[-123.16394584,49.338202724],[-123.156937624,49.338166019],[-123.151437247,49.338154491],[-123.145866907,49.338117389],[-123.143298211,49.338112613],[-123.143037502,49.338034583],[-123.140785087,49.338066932],[-123.139809002,49.338162415]]]]},"properties":{"a": "3.37004", "q": "00000", "t": "CT", "dw": "2777", "hh": "2567", "id": "9330131.00", "nrr": "0.289", "pop": "7174", "rgid": "59", "rpid": "59933", "ruid": "5915055", "rguid": "5915"}},{"type":"Feature","geometry":{"type":"MultiPolygon","coordinates":[[[[-123.1909414,49.347248566],[-123.190181303,49.347156791],[-123.189992982,49.345724447],[-123.189857244,49.343244289],[-123.189965655,49.342931901],[-123.190031631,49.341731319],[-123.190153119,49.340477239],[-123.189893481,49.339426703],[-123.18994098,49.338530897],[-123.190369904,49.337766716],[-123.190369813,49.337632493],[-123.190415197,49.33615759],[-123.190484689,49.33523811],[-123.190402298,49.335042983],[-123.192469304,49.335079888],[-123.194272186,49.335230895],[-123.195169094,49.335534311],[-123.195955411,49.336009894],[-123.197489191,49.33739289],[-123.198164089,49.337787393],[-123.198867576,49.338046597],[-123.201444116,49.338483795],[-123.2022957,49.338257403],[-123.202693703,49.337959701],[-123.203023813,49.337932598],[-123.2034936,49.33802951],[-123.203991494,49.338532188],[-123.204060591,49.339081993],[-123.204392596,49.33939529],[-123.204918193,49.339764204],[-123.205495987,49.339789796],[-123.205580206,49.340185698],[-123.20609018,49.340346698],[-123.206668001,49.340372307],[-123.207382909,49.340101705],[-123.208167997,49.339973509],[-123.208744607,49.339955003],[-123.209118699,49.340124511],[-123.209724219,49.340043302],[-123.210068082,49.340258393],[-123.210358988,49.340671395],[-123.2107187,49.340769713],[-123.211255513,49.340786707],[-123.21215139,49.34104601],[-123.212454402,49.341036011],[-123.2127002,49.340775393],[-123.212710986,49.3402],[-123.212958113,49.339848194],[-123.213286616,49.339623194],[-123.214236117,49.339405302],[-123.214910807,49.339591793],[-123.215707193,49.338906801],[-123.216736791,49.338500901],[-123.217823994,49.338283012],[-123.219158982,49.338171903],[-123.220465894,49.338295814],[-123.221032293,49.338438197],[-123.221335099,49.338671792],[-123.221737504,49.339193085],[-123.222522098,49.3393981],[-123.223018303,49.339235798],[-123.223526596,49.339198811],[-123.224531903,49.3394038],[-123.22493439,49.33981691],[-123.225677396,49.340049007],[-123.226190502,49.340506186],[-123.227223291,49.340890713],[-123.227458885,49.340926295],[-123.227927986,49.341213991],[-123.229111697,49.341273798],[-123.231285094,49.341044516],[-123.231670296,49.340738304],[-123.231957107,49.3406215],[-123.231873999,49.340486214],[-123.233386897,49.340168591],[-123.233440288,49.339853898],[-123.234293624,49.339527706],[-123.234525706,49.339302696],[-123.23639441,49.338614794],[-123.237605617,49.338297199],[-123.239847983,49.338355598],[-123.240883486,49.338623399],[-123.241269013,49.339000806],[-123.241011602,49.339873803],[-123.240713099,49.340413606],[-123.240178007,49.340756788],[-123.239931494,49.341018897],[-123.239849906,49.341523096],[-123.239494919,49.342000197],[-123.23927418,49.342135495],[-123.238477306,49.342307792],[-123.237901212,49.342561293],[-123.237419892,49.342948699],[-123.23735611,49.343865891],[-123.237580988,49.344999602],[-123.237266309,49.34521601],[-123.236661303,49.345450994],[-123.236511907,49.34592809],[-123.236836094,49.347385099],[-123.237044199,49.347554593],[-123.237677803,49.347617304],[-123.237775778,49.348236796],[-123.238109102,49.348532992],[-123.237994602,49.348954649],[-123.236371185,49.348983998],[-123.233837999,49.348975883],[-123.231746815,49.348804404],[-123.230492108,49.348658795],[-123.228278492,49.348279705],[-123.221835023,49.346676105],[-123.221384015,49.346902024],[-123.219728799,49.346617484],[-123.218032207,49.346453206],[-123.213616212,49.346223292],[-123.21249471,49.346198891],[-123.21087519,49.346241691],[-123.20893992,49.346408807],[-123.201298033,49.347137108],[-123.200018508,49.347245401],[-123.197691298,49.347383205],[-123.196192319,49.347432608],[-123.194861185,49.347415197],[-123.194423478,49.347030991],[-123.193982998,49.34682771],[-123.193075916,49.346741103],[-123.192384496,49.346954604],[-123.191730577,49.34707966],[-123.191514579,49.347286461],[-123.1909414,49.347248566]]]]},"properties":{"a": "3.30046", "q": "00000", "t": "CT", "dw": "1413", "hh": "1327", "id": "9330132.00", "nrr": "0.336", "pop": "3732", "rgid": "59", "rpid": "59933", "ruid": "5915055", "rguid": "5915"}},{"type":"Feature","geometry":{"type":"MultiPolygon","coordinates":[[[[-123.271946299,49.352865507],[-123.272221513,49.352648995],[-123.272636194,49.352855515],[-123.273226094,49.352476703],[-123.273637784,49.352367004],[-123.274092018,49.352348508],[-123.274710312,49.3519696],[-123.275454,49.351976806],[-123.275578295,49.352120598],[-123.2755171,49.353523508],[-123.275326487,49.353892294],[-123.274681918,49.354550295],[-123.274452803,49.355181202],[-123.274164804,49.355334993],[-123.273502905,49.355380596],[-123.272868997,49.355167008],[-123.272591894,49.354906412],[-123.272573308,49.353997695],[-123.272074191,49.353467893],[-123.271946299,49.352865507]]],[[[-123.269904438,49.351190806],[-123.269710203,49.351566589],[-123.269063022,49.351830106],[-123.26897019,49.352540691],[-123.268150393,49.353396701],[-123.268095888,49.353504903],[-123.268771505,49.353962085],[-123.269309403,49.354058988],[-123.269419907,49.353952103],[-123.269915216,49.353860999],[-123.270547086,49.353570498],[-123.271039408,49.353174511],[-123.271370608,49.353335511],[-123.271334283,49.354081695],[-123.271490909,49.354819495],[-123.271451096,49.355215407],[-123.271080999,49.35547599],[-123.26986819,49.355533007],[-123.269347109,49.355642686],[-123.268797498,49.355950293],[-123.26903268,49.356273599],[-123.268224018,49.356850405],[-123.269193796,49.358162096],[-123.270020924,49.357998305],[-123.271833916,49.357435806],[-123.271983008,49.356733607],[-123.272339493,49.356481517],[-123.273248517,49.356478698],[-123.27407151,49.356225189],[-123.275457586,49.35521401],[-123.276392092,49.354933412],[-123.277689217,49.355451796],[-123.278777609,49.355503085],[-123.279606305,49.355906212],[-123.279924681,49.356229393],[-123.279777086,49.357029906],[-123.28021949,49.357226413],[-123.280400987,49.357505499],[-123.280760716,49.357693508],[-123.281753191,49.357907189],[-123.282811715,49.357553992],[-123.283183815,49.357813201],[-123.283829808,49.357667895],[-123.284340681,49.357739102],[-123.284603905,49.358016794],[-123.284468706,49.358458287],[-123.284622192,49.358771714],[-123.284256015,49.359727304],[-123.283241902,49.360781211],[-123.28310719,49.361268311],[-123.282600495,49.361845087],[-123.282712902,49.362122801],[-123.283374489,49.362085809],[-123.283814708,49.362255311],[-123.284875119,49.362216805],[-123.285608417,49.362638404],[-123.285856698,49.362601396],[-123.286225592,49.362222507],[-123.286749598,49.362266694],[-123.28695831,49.362850588],[-123.287413377,49.363001593],[-123.287393415,49.364216405],[-123.287615991,49.364674991],[-123.287551392,49.365231894],[-123.2871441,49.366241602],[-123.286156297,49.366818398],[-123.285744395,49.367242908],[-123.284618402,49.367812493],[-123.284495788,49.367983501],[-123.284363883,49.3689548],[-123.284601622,49.369449002],[-123.284830386,49.370959996],[-123.284532821,49.372147805],[-123.284739995,49.37227321],[-123.285774904,49.372478294],[-123.28600779,49.372387111],[-123.286557809,49.371872988],[-123.287380908,49.371421489],[-123.287806797,49.371348888],[-123.288369999,49.371086804],[-123.289418398,49.371073997],[-123.290451106,49.371306101],[-123.290994477,49.372123599],[-123.291546583,49.372374305],[-123.291819403,49.372130698],[-123.292152092,49.372254699],[-123.292494993,49.37206519],[-123.29281119,49.372028196],[-123.292867705,49.372288811],[-123.293267097,49.372278893],[-123.293529586,49.372503909],[-123.293491801,49.372800091],[-123.292943801,49.37340401],[-123.292753899,49.373908186],[-123.292095909,49.374396696],[-123.291010216,49.3749649],[-123.290888487,49.375289604],[-123.291028812,49.375595903],[-123.290988786,49.375892109],[-123.290415323,49.376739505],[-123.289962695,49.377018599],[-123.289480799,49.377074215],[-123.289381099,49.376544408],[-123.289790713,49.375894904],[-123.289638114,49.375742503],[-123.288987817,49.375429202],[-123.288161406,49.375179992],[-123.287707411,49.375387908],[-123.286856396,49.376055908],[-123.285852296,49.376354908],[-123.285318021,49.376635504],[-123.285086105,49.377175297],[-123.284619301,49.377545592],[-123.282352811,49.3786294],[-123.281225498,49.37901111],[-123.280784614,49.379021107],[-123.280245516,49.378770399],[-123.279954683,49.378257696],[-123.279154193,49.378269098],[-123.278291611,49.3790624],[-123.276932315,49.379983806],[-123.276054614,49.380516496],[-123.275090196,49.380779991],[-123.274373498,49.380735797],[-123.274166114,49.3805293],[-123.274289182,49.380206003],[-123.274297497,49.3794498],[-123.274761201,49.378603794],[-123.274870315,49.378099606],[-123.275278788,49.37723511],[-123.275081986,49.376893308],[-123.275136419,49.376560004],[-123.275327497,49.376263814],[-123.275036716,49.376120005],[-123.275007907,49.375759599],[-123.274729594,49.375473389],[-123.273763013,49.374890905],[-123.272811503,49.374650187],[-123.272039195,49.374724193],[-123.272251899,49.375658514],[-123.27171501,49.375776693],[-123.271689206,49.375993197],[-123.271207215,49.376021697],[-123.271111003,49.376246698],[-123.270835316,49.376219701],[-123.270673411,49.376615589],[-123.270071196,49.3773462],[-123.2683029,49.379167807],[-123.268045199,49.379582207],[-123.267910815,49.380391195],[-123.267446401,49.38106771],[-123.266088303,49.382258307],[-123.264482191,49.383268109],[-123.263699091,49.383873405],[-123.26265511,49.384262191],[-123.262148117,49.384703697],[-123.261929613,49.385207797],[-123.261174202,49.385686409],[-123.260572503,49.386435513],[-123.2604781,49.386894091],[-123.259694193,49.387345612],[-123.258735306,49.38824709],[-123.258256208,49.389038997],[-123.258195502,49.390641193],[-123.257949991,49.39101861],[-123.25741571,49.391380387],[-123.256919489,49.391569811],[-123.256579294,49.392227792],[-123.255851891,49.39311079],[-123.254698898,49.393859899],[-123.254026086,49.394149004],[-123.252911692,49.394825511],[-123.251938691,49.395647304],[-123.25177491,49.396124387],[-123.252042505,49.397148403],[-123.251867803,49.398192385],[-123.252051114,49.398713603],[-123.252038782,49.399182198],[-123.251586406,49.3997675],[-123.250461502,49.40043549],[-123.249263099,49.400888387],[-123.248632008,49.401231595],[-123.2480126,49.401402485],[-123.246940891,49.40197219],[-123.246458117,49.402125998],[-123.245453317,49.402541907],[-123.245153822,49.402991907],[-123.245088292,49.403756695],[-123.244622992,49.404279414],[-123.244376883,49.404910402],[-123.243924499,49.405468602],[-123.244284396,49.405692213],[-123.244534483,49.406106695],[-123.244468399,49.406600907],[-123.2440431,49.406998192],[-123.243588509,49.407241809],[-123.243275701,49.40767838],[-123.241477286,49.40811016],[-123.2416429,49.406996891],[-123.242100749,49.406066651],[-123.24219021,49.40544489],[-123.241982879,49.404485098],[-123.24199933,49.404093788],[-123.242230283,49.403455837],[-123.242840772,49.402575387],[-123.24297257,49.402491404],[-123.243651193,49.401623492],[-123.244091473,49.401217786],[-123.246156547,49.399809742],[-123.247044244,49.399247003],[-123.248134628,49.398171623],[-123.250273672,49.39586219],[-123.250746195,49.395189808],[-123.253693112,49.393120545],[-123.2545193,49.392313939],[-123.255058871,49.391647765],[-123.255483784,49.3908706],[-123.255665533,49.390244859],[-123.255727691,49.389359446],[-123.255831526,49.388839793],[-123.256217149,49.388144481],[-123.258808842,49.385433003],[-123.259974419,49.38463587],[-123.260359933,49.384289021],[-123.26078866,49.383793803],[-123.261156594,49.383580671],[-123.262494666,49.383009401],[-123.26299846,49.382594399],[-123.26383713,49.382036576],[-123.264844494,49.381699155],[-123.265413141,49.381398336],[-123.265930263,49.380827871],[-123.266180738,49.380410969],[-123.266399398,49.379530405],[-123.266613612,49.379214323],[-123.268144167,49.378061612],[-123.26858511,49.377590071],[-123.268916561,49.376943781],[-123.269454746,49.374590812],[-123.269574145,49.373547434],[-123.269876993,49.372918402],[-123.270621738,49.372314944],[-123.272032431,49.37132033],[-123.273030309,49.3708592],[-123.27356027,49.370510575],[-123.274240796,49.369896443],[-123.27466397,49.369373991],[-123.274973174,49.368845989],[-123.275401523,49.367884223],[-123.275384365,49.367427234],[-123.275256296,49.366843171],[-123.274862715,49.366045299],[-123.27480957,49.365615311],[-123.275534235,49.363641607],[-123.275591073,49.363331452],[-123.275475846,49.362716183],[-123.275121931,49.362180478],[-123.274661496,49.361817669],[-123.27417004,49.361560336],[-123.273501573,49.361411099],[-123.27362275,49.361153008],[-123.273068001,49.361059794],[-123.271767519,49.360983764],[-123.270234879,49.361133292],[-123.265619774,49.3619398],[-123.264322219,49.362070896],[-123.263476702,49.362098099],[-123.262358611,49.362057195],[-123.261583805,49.361983495],[-123.2603011,49.361746618],[-123.259492015,49.361509095],[-123.255898351,49.360268017],[-123.256725034,49.360185413],[-123.257163233,49.360223547],[-123.257876168,49.360435238],[-123.259291379,49.36061882],[-123.259729325,49.360824417],[-123.260120995,49.360602898],[-123.259990519,49.360133128],[-123.259196853,49.359867149],[-123.259023576,49.359608811],[-123.258970304,49.35904374],[-123.259049851,49.357839918],[-123.259210047,49.357668389],[-123.25967895,49.357490241],[-123.259900389,49.357306741],[-123.260221084,49.356702507],[-123.26119366,49.355804978],[-123.261378859,49.355443162],[-123.261358961,49.355150883],[-123.261130637,49.354938863],[-123.25983812,49.354382905],[-123.25921844,49.354039412],[-123.258911474,49.35364439],[-123.259066431,49.353189048],[-123.259273874,49.353009704],[-123.260609857,49.352923766],[-123.260593881,49.352845019],[-123.267503517,49.352952291],[-123.26778991,49.352880272],[-123.26851391,49.352890484],[-123.268999183,49.351806569],[-123.269618242,49.351545284],[-123.269904438,49.351190806]]]]},"properties":{"a": "3.91186", "q": "00000", "t": "CT", "dw": "1559", "hh": "1431", "id": "9330133.01", "nrr": "0.301", "pop": "3642", "rgid": "59", "rpid": "59933", "ruid": "5915055", "rguid": "5915"}},{"type":"Feature","geometry":{"type":"MultiPolygon","coordinates":[[[[-123.189609931,49.406733605],[-123.189301544,49.40421439],[-123.190785606,49.390803422],[-123.190816691,49.388491664],[-123.190044872,49.383694794],[-123.191359604,49.364455586],[-123.191278026,49.362624854],[-123.191454791,49.359981724],[-123.191669506,49.359278696],[-123.191596587,49.358657706],[-123.191041606,49.357571104],[-123.190953692,49.356230893],[-123.190716914,49.355474608],[-123.190590189,49.354423606],[-123.19074531,49.351912687],[-123.191300007,49.349762092],[-123.191142588,49.347765408],[-123.1909414,49.347248566],[-123.191514579,49.347286461],[-123.191730577,49.34707966],[-123.192384496,49.346954604],[-123.193075916,49.346741103],[-123.193982998,49.34682771],[-123.194423478,49.347030991],[-123.194861185,49.347415197],[-123.196192319,49.347432608],[-123.197691298,49.347383205],[-123.200018508,49.347245401],[-123.201298033,49.347137108],[-123.20893992,49.346408807],[-123.21087519,49.346241691],[-123.21249471,49.346198891],[-123.213616212,49.346223292],[-123.218032207,49.346453206],[-123.219728799,49.346617484],[-123.221384015,49.346902024],[-123.221835023,49.346676105],[-123.228278492,49.348279705],[-123.230492108,49.348658795],[-123.231746815,49.348804404],[-123.233837999,49.348975883],[-123.236371185,49.348983998],[-123.237994602,49.348954649],[-123.238109102,49.348532992],[-123.237775778,49.348236796],[-123.237677803,49.347617304],[-123.237044199,49.347554593],[-123.236836094,49.347385099],[-123.236511907,49.34592809],[-123.236661303,49.345450994],[-123.237266309,49.34521601],[-123.237580988,49.344999602],[-123.23735611,49.343865891],[-123.237419892,49.342948699],[-123.237901212,49.342561293],[-123.238477306,49.342307792],[-123.23927418,49.342135495],[-123.239494919,49.342000197],[-123.239849906,49.341523096],[-123.239931494,49.341018897],[-123.240178007,49.340756788],[-123.240713099,49.340413606],[-123.241011602,49.339873803],[-123.241269013,49.339000806],[-123.241737203,49.338694605],[-123.24223199,49.338801389],[-123.242923496,49.339438006],[-123.243860684,49.339787001],[-123.244951915,49.340540407],[-123.245351382,49.340576001],[-123.246164909,49.340447807],[-123.248573385,49.340452099],[-123.248957202,49.340388004],[-123.249452812,49.340152989],[-123.249723694,49.339271406],[-123.250243191,49.338549313],[-123.250256701,49.338405511],[-123.249923188,49.337858603],[-123.249962886,49.337579397],[-123.250168385,49.337444095],[-123.250608902,49.33740711],[-123.250813904,49.337144989],[-123.251696006,49.337216291],[-123.25246699,49.337484007],[-123.252687301,49.337465491],[-123.25311299,49.337230509],[-123.253747182,49.337399993],[-123.253639781,49.337868496],[-123.254221794,49.338621991],[-123.254828118,49.338701702],[-123.2551025,49.338637598],[-123.255320207,49.338368394],[-123.254974289,49.3380095],[-123.254544101,49.337308789],[-123.254193698,49.335933001],[-123.254205889,49.335420298],[-123.254078203,49.334988801],[-123.25447709,49.334735301],[-123.255118689,49.333952002],[-123.255806613,49.33368989],[-123.256422799,49.333257003],[-123.256627695,49.332886704],[-123.257259684,49.332553399],[-123.257616806,49.332579007],[-123.257798595,49.333127393],[-123.25793761,49.333225586],[-123.258625105,49.333134495],[-123.258719418,49.332747097],[-123.25972331,49.332529192],[-123.260190111,49.332573304],[-123.260523208,49.332707185],[-123.260895112,49.333011993],[-123.261282004,49.333066087],[-123.2614454,49.332939413],[-123.261607797,49.332218711],[-123.261645298,49.331572096],[-123.261408425,49.331221804],[-123.261502287,49.330842908],[-123.261900389,49.330617902],[-123.262423088,49.330489694],[-123.262837379,49.330479694],[-123.263482377,49.330173498],[-123.263688709,49.330334501],[-123.263963999,49.33009089],[-123.26480001,49.32978329],[-123.265118102,49.329827496],[-123.265146216,49.330160707],[-123.265533403,49.330330198],[-123.265577589,49.330905606],[-123.266417079,49.330750298],[-123.266789104,49.330768904],[-123.266790015,49.331065097],[-123.26695701,49.331280186],[-123.267619693,49.331774414],[-123.267580897,49.332187396],[-123.267706483,49.332672995],[-123.268024714,49.332825407],[-123.268191784,49.333229906],[-123.26861842,49.333345304],[-123.26804442,49.334013201],[-123.267800412,49.334777991],[-123.268145699,49.335010193],[-123.26828528,49.335289293],[-123.26802669,49.335739293],[-123.268452513,49.335801999],[-123.26896531,49.336294809],[-123.268759594,49.336546891],[-123.269560013,49.336716403],[-123.269794818,49.336985506],[-123.269770118,49.337300302],[-123.269194786,49.33804801],[-123.269145486,49.338893994],[-123.268748199,49.339597486],[-123.268971682,49.339956404],[-123.269398719,49.339873804],[-123.269687293,49.339982097],[-123.269772387,49.340466305],[-123.269362386,49.341107202],[-123.269201909,49.341647003],[-123.267505508,49.343710685],[-123.267548509,49.343971297],[-123.267824891,49.344186309],[-123.26728811,49.344196291],[-123.267151407,49.344314492],[-123.267316793,49.344521003],[-123.267868484,49.344546706],[-123.267965405,49.34495969],[-123.269198323,49.346063405],[-123.269588492,49.346979217],[-123.26989019,49.346952101],[-123.270150884,49.346637398],[-123.270520592,49.346509215],[-123.270838108,49.346527684],[-123.271447017,49.346974901],[-123.271545317,49.347389401],[-123.272233919,49.347459208],[-123.272400209,49.347540404],[-123.272305107,49.347863584],[-123.271989304,49.34809011],[-123.271397309,49.348054484],[-123.270957307,49.348299493],[-123.270421902,49.348461804],[-123.270062688,49.348238191],[-123.269731815,49.3481855],[-123.269486095,49.348671203],[-123.269476787,49.349427409],[-123.269314494,49.349769206],[-123.269026198,49.350039794],[-123.26902948,49.350750501],[-123.269238083,49.350830297],[-123.269607496,49.350722009],[-123.269927317,49.350945606],[-123.269904438,49.351190806],[-123.269618242,49.351545284],[-123.268999183,49.351806569],[-123.26851391,49.352890484],[-123.26778991,49.352880272],[-123.267503517,49.352952291],[-123.260593881,49.352845019],[-123.260609857,49.352923766],[-123.259273874,49.353009704],[-123.259066431,49.353189048],[-123.258911474,49.35364439],[-123.25921844,49.354039412],[-123.25983812,49.354382905],[-123.261130637,49.354938863],[-123.261358961,49.355150883],[-123.261378859,49.355443162],[-123.26119366,49.355804978],[-123.260221084,49.356702507],[-123.259900389,49.357306741],[-123.25967895,49.357490241],[-123.259210047,49.357668389],[-123.259049851,49.357839918],[-123.258970304,49.35904374],[-123.259023576,49.359608811],[-123.259196853,49.359867149],[-123.259990519,49.360133128],[-123.260120995,49.360602898],[-123.259729325,49.360824417],[-123.259291379,49.36061882],[-123.257876168,49.360435238],[-123.257163233,49.360223547],[-123.256725034,49.360185413],[-123.255898351,49.360268017],[-123.259492015,49.361509095],[-123.2603011,49.361746618],[-123.261583805,49.361983495],[-123.262358611,49.362057195],[-123.263476702,49.362098099],[-123.264322219,49.362070896],[-123.265619774,49.3619398],[-123.270234879,49.361133292],[-123.271767519,49.360983764],[-123.273068001,49.361059794],[-123.27362275,49.361153008],[-123.273501573,49.361411099],[-123.27417004,49.361560336],[-123.274661496,49.361817669],[-123.275121931,49.362180478],[-123.275475846,49.362716183],[-123.275591073,49.363331452],[-123.275534235,49.363641607],[-123.27480957,49.365615311],[-123.274862715,49.366045299],[-123.275256296,49.366843171],[-123.275384365,49.367427234],[-123.275401523,49.367884223],[-123.274973174,49.368845989],[-123.27466397,49.369373991],[-123.274240796,49.369896443],[-123.27356027,49.370510575],[-123.273030309,49.3708592],[-123.272032431,49.37132033],[-123.270621738,49.372314944],[-123.269876993,49.372918402],[-123.269574145,49.373547434],[-123.269454746,49.374590812],[-123.268916561,49.376943781],[-123.26858511,49.377590071],[-123.268144167,49.378061612],[-123.266613612,49.379214323],[-123.266399398,49.379530405],[-123.266180738,49.380410969],[-123.265930263,49.380827871],[-123.265413141,49.381398336],[-123.264844494,49.381699155],[-123.26383713,49.382036576],[-123.26299846,49.382594399],[-123.262494666,49.383009401],[-123.261156594,49.383580671],[-123.26078866,49.383793803],[-123.260359933,49.384289021],[-123.259974419,49.38463587],[-123.258808842,49.385433003],[-123.256217149,49.388144481],[-123.255831526,49.388839793],[-123.255727691,49.389359446],[-123.255665533,49.390244859],[-123.255483784,49.3908706],[-123.255058871,49.391647765],[-123.2545193,49.392313939],[-123.253693112,49.393120545],[-123.250746195,49.395189808],[-123.250273672,49.39586219],[-123.248134628,49.398171623],[-123.247044244,49.399247003],[-123.246156547,49.399809742],[-123.244091473,49.401217786],[-123.243651193,49.401623492],[-123.24297257,49.402491404],[-123.242840772,49.402575387],[-123.242230283,49.403455837],[-123.24199933,49.404093788],[-123.241982879,49.404485098],[-123.24219021,49.40544489],[-123.242100749,49.406066651],[-123.2416429,49.406996891],[-123.241477286,49.40811016],[-123.240622852,49.408033982],[-123.238840981,49.407982142],[-123.211412325,49.407090735],[-123.194999725,49.406818965],[-123.189609931,49.406733605]]]]},"properties":{"a": "36.98253", "q": "00000", "t": "CT", "dw": "2385", "hh": "2268", "id": "9330133.02", "nrr": "0.28", "pop": "6333", "rgid": "59", "rpid": "59933", "ruid": "5915055", "rguid": "5915"}},{"type":"Feature","geometry":{"type":"MultiPolygon","coordinates":[[[[-123.139809002,49.338162415],[-123.140785087,49.338066932],[-123.143037502,49.338034583],[-123.143298211,49.338112613],[-123.145866907,49.338117389],[-123.151437247,49.338154491],[-123.156937624,49.338166019],[-123.16394584,49.338202724],[-123.168017116,49.33820647],[-123.174754196,49.338311591],[-123.182263501,49.338413001],[-123.18994098,49.338530897],[-123.189893481,49.339426703],[-123.190153119,49.340477239],[-123.190031631,49.341731319],[-123.189965655,49.342931901],[-123.189857244,49.343244289],[-123.189992982,49.345724447],[-123.190181303,49.347156791],[-123.1909414,49.347248566],[-123.191142588,49.347765408],[-123.191300007,49.349762092],[-123.19074531,49.351912687],[-123.190590189,49.354423606],[-123.190716914,49.355474608],[-123.190953692,49.356230893],[-123.191041606,49.357571104],[-123.191596587,49.358657706],[-123.191669506,49.359278696],[-123.191454791,49.359981724],[-123.191278026,49.362624854],[-123.191359604,49.364455586],[-123.190044872,49.383694794],[-123.190816691,49.388491664],[-123.190785606,49.390803422],[-123.189301544,49.40421439],[-123.189609931,49.406733605],[-123.182767995,49.406784217],[-123.18137308,49.406815607],[-123.179068916,49.395421067],[-123.178488601,49.390015136],[-123.173439555,49.383495193],[-123.173236847,49.383212075],[-123.172109189,49.382057492],[-123.171584917,49.381267107],[-123.171100491,49.380835503],[-123.170203193,49.380190391],[-123.168241284,49.379041],[-123.16702779,49.378556807],[-123.166780203,49.378279109],[-123.166571995,49.377811901],[-123.166281495,49.377559793],[-123.165079908,49.376896089],[-123.164085591,49.376024489],[-123.163367792,49.375611505],[-123.163009987,49.3754862],[-123.162151895,49.374903689],[-123.160000908,49.373827003],[-123.158936902,49.373090697],[-123.157999701,49.372597901],[-123.157197799,49.371951311],[-123.157071878,49.3715824],[-123.157250299,49.370943013],[-123.156626407,49.3695415],[-123.156553701,49.368264001],[-123.156675195,49.367705689],[-123.15610909,49.367229992],[-123.155927004,49.366663192],[-123.15494869,49.36598099],[-123.15505651,49.365674802],[-123.155481914,49.365360091],[-123.155234299,49.364847286],[-123.155177004,49.364280488],[-123.154816704,49.3636154],[-123.155295286,49.362940304],[-123.155306887,49.362221096],[-123.155512607,49.361950485],[-123.155388611,49.361671405],[-123.1546443,49.361259806],[-123.154749806,49.360116096],[-123.154613082,49.359963705],[-123.153866897,49.35961339],[-123.153590801,49.359398289],[-123.153450615,49.358391397],[-123.152344403,49.357044111],[-123.152232694,49.35639611],[-123.151694012,49.355641303],[-123.150781808,49.355013199],[-123.149830801,49.354545997],[-123.149058011,49.35433949],[-123.148313107,49.353863809],[-123.148118924,49.352929604],[-123.147523779,49.351958202],[-123.147495507,49.351599309],[-123.147216735,49.350947563],[-123.1467641,49.351180205],[-123.146728878,49.350478602],[-123.146302392,49.349180392],[-123.146072607,49.348667294],[-123.145289999,49.347654087],[-123.144893912,49.34680159],[-123.144692395,49.346163196],[-123.145773585,49.34603771],[-123.14659389,49.345635206],[-123.147247499,49.345122009],[-123.147979103,49.344372091],[-123.148577281,49.343975396],[-123.148617099,49.343508196],[-123.148610597,49.341759002],[-123.151050589,49.341755806],[-123.150775002,49.341270287],[-123.149507185,49.340404713],[-123.148006085,49.339464505],[-123.147189207,49.339055688],[-123.146467105,49.338804191],[-123.145444083,49.338613287],[-123.140682515,49.338247007],[-123.139809002,49.338162415]]]]},"properties":{"a": "15.2026", "q": "00000", "t": "CT", "dw": "3149", "hh": "2705", "id": "9330134.00", "nrr": "0.276", "pop": "7634", "rgid": "59", "rpid": "59933", "ruid": "5915055", "rguid": "5915"}},{"type":"Feature","geometry":{"type":"MultiPolygon","coordinates":[[[[-123.123806256,49.406199269],[-123.12361987,49.381733884],[-123.123609234,49.379626406],[-123.122582916,49.379492505],[-123.121828107,49.378720604],[-123.119110688,49.377185307],[-123.118486945,49.37673312],[-123.118107072,49.373064957],[-123.117904748,49.370946398],[-123.117933937,49.367372292],[-123.117920689,49.36434706],[-123.11711635,49.363666565],[-123.117202181,49.359503632],[-123.11814436,49.359450494],[-123.117869157,49.359245314],[-123.117946078,49.357326536],[-123.118087411,49.356406367],[-123.118104161,49.354280857],[-123.118107776,49.348704233],[-123.117951657,49.347449416],[-123.118075708,49.34417276],[-123.117969408,49.339321601],[-123.118207842,49.337778485],[-123.119212482,49.337853577],[-123.124034816,49.337887302],[-123.128481774,49.3379344],[-123.128907596,49.338124016],[-123.129261191,49.338013602],[-123.129407745,49.337668988],[-123.129691745,49.337540609],[-123.130350028,49.337650767],[-123.131127944,49.337709266],[-123.134674746,49.337760998],[-123.134679826,49.33761254],[-123.134962679,49.337777639],[-123.137918194,49.337979302],[-123.139809002,49.338162415],[-123.140682515,49.338247007],[-123.145444083,49.338613287],[-123.146467105,49.338804191],[-123.147189207,49.339055688],[-123.148006085,49.339464505],[-123.149507185,49.340404713],[-123.150775002,49.341270287],[-123.151050589,49.341755806],[-123.148610597,49.341759002],[-123.148617099,49.343508196],[-123.148577281,49.343975396],[-123.147979103,49.344372091],[-123.147247499,49.345122009],[-123.14659389,49.345635206],[-123.145773585,49.34603771],[-123.144692395,49.346163196],[-123.144893912,49.34680159],[-123.145289999,49.347654087],[-123.146072607,49.348667294],[-123.146302392,49.349180392],[-123.146728878,49.350478602],[-123.1467641,49.351180205],[-123.147216735,49.350947563],[-123.147495507,49.351599309],[-123.147523779,49.351958202],[-123.148118924,49.352929604],[-123.148313107,49.353863809],[-123.149058011,49.35433949],[-123.149830801,49.354545997],[-123.150781808,49.355013199],[-123.151694012,49.355641303],[-123.152232694,49.35639611],[-123.152344403,49.357044111],[-123.153450615,49.358391397],[-123.153590801,49.359398289],[-123.153866897,49.35961339],[-123.154613082,49.359963705],[-123.154749806,49.360116096],[-123.1546443,49.361259806],[-123.155388611,49.361671405],[-123.155512607,49.361950485],[-123.155306887,49.362221096],[-123.155295286,49.362940304],[-123.154816704,49.3636154],[-123.155177004,49.364280488],[-123.155234299,49.364847286],[-123.155481914,49.365360091],[-123.15505651,49.365674802],[-123.15494869,49.36598099],[-123.155927004,49.366663192],[-123.15610909,49.367229992],[-123.156675195,49.367705689],[-123.156553701,49.368264001],[-123.156626407,49.3695415],[-123.157250299,49.370943013],[-123.157071878,49.3715824],[-123.157197799,49.371951311],[-123.157999701,49.372597901],[-123.158936902,49.373090697],[-123.160000908,49.373827003],[-123.162151895,49.374903689],[-123.163009987,49.3754862],[-123.163367792,49.375611505],[-123.164085591,49.376024489],[-123.165079908,49.376896089],[-123.166281495,49.377559793],[-123.166571995,49.377811901],[-123.166780203,49.378279109],[-123.16702779,49.378556807],[-123.168241284,49.379041],[-123.170203193,49.380190391],[-123.171100491,49.380835503],[-123.171584917,49.381267107],[-123.172109189,49.382057492],[-123.173236847,49.383212075],[-123.173439555,49.383495193],[-123.178488601,49.390015136],[-123.179068916,49.395421067],[-123.18137308,49.406815607],[-123.180042903,49.406822041],[-123.152706221,49.40655458],[-123.142054811,49.406478164],[-123.123806256,49.406199269]]]]},"properties":{"a": "23.60397", "q": "00000", "t": "CT", "dw": "1925", "hh": "1752", "id": "9330135.00", "nrr": "0.316", "pop": "5239", "rgid": "59", "rpid": "59933", "ruid": "5915055", "rguid": "5915"}},{"type":"Feature","geometry":{"type":"MultiPolygon","coordinates":[[[[-123.147802335,49.133513713],[-123.136584801,49.133523896],[-123.121872194,49.133471797],[-123.114284021,49.133451501],[-123.106926397,49.133422309],[-123.102726718,49.133385094],[-123.0994447,49.133384796],[-123.099284279,49.133430998],[-123.092134801,49.133404635],[-123.086592888,49.133477203],[-123.086619085,49.131833718],[-123.086554199,49.131447311],[-123.086293306,49.130800606],[-123.085440798,49.129977417],[-123.083313607,49.128181006],[-123.080784988,49.126083388],[-123.075482662,49.121802948],[-123.078437894,49.120749289],[-123.085270902,49.118229813],[-123.085836627,49.118110655],[-123.086849251,49.110531551],[-123.090732829,49.103424209],[-123.092872031,49.098897577],[-123.093403513,49.097724785],[-123.094289249,49.095643558],[-123.095391489,49.093118074],[-123.096646429,49.090136444],[-123.097662744,49.089286142],[-123.098660682,49.088625056],[-123.100251606,49.088006616],[-123.1023856,49.087468367],[-123.106233872,49.086861169],[-123.109358354,49.086444486],[-123.11317197,49.086464753],[-123.116309548,49.086724933],[-123.118449108,49.086831797],[-123.121115989,49.086846399],[-123.123668851,49.087493726],[-123.124794336,49.087744615],[-123.125775107,49.088050771],[-123.126756787,49.088672677],[-123.140139478,49.103463958],[-123.145292373,49.108915092],[-123.148873487,49.109310004],[-123.153679397,49.110112091],[-123.156887788,49.1107973],[-123.173168146,49.114737364],[-123.171980732,49.117101132],[-123.171519315,49.118703098],[-123.171208411,49.119637833],[-123.172137862,49.121070865],[-123.172453763,49.121303629],[-123.172017232,49.122103633],[-123.171424286,49.122281501],[-123.171255895,49.122572588],[-123.170893302,49.1229496],[-123.169630556,49.123350811],[-123.169930886,49.124192856],[-123.169970377,49.126083781],[-123.170029173,49.126267537],[-123.169986157,49.129337453],[-123.169991371,49.130502832],[-123.169945953,49.131409923],[-123.170022219,49.133571218],[-123.169803519,49.133732592],[-123.158859113,49.133533303],[-123.155103514,49.133521404],[-123.147802335,49.133513713]]]]},"properties":{"a": "24.38228", "q": "00000", "t": "CT", "dw": "3010", "hh": "2941", "id": "9330140.02", "nrr": "0.231", "pop": "7305", "rgid": "59", "rpid": "59933", "ruid": "5915015", "rguid": "5915"}},{"type":"Feature","geometry":{"type":"MultiPolygon","coordinates":[[[[-123.056444482,49.204659681],[-123.055044845,49.20457076],[-123.050669464,49.204571358],[-123.047312026,49.204645875],[-123.042325623,49.204157663],[-123.039875968,49.203775117],[-123.029777018,49.201290139],[-123.02416807,49.200016776],[-123.023139507,49.199744471],[-123.019339818,49.198871794],[-123.017545103,49.198277407],[-123.014391577,49.197016482],[-123.011546856,49.195842341],[-123.008744652,49.194866782],[-123.00471156,49.193052605],[-123.000865697,49.19079069],[-122.994280479,49.18725671],[-122.99055756,49.184892916],[-122.988559575,49.183813687],[-122.987150813,49.182980921],[-122.982809078,49.181369053],[-122.980252227,49.180687711],[-122.980457887,49.179341041],[-122.980504959,49.177274123],[-122.980576669,49.177004574],[-122.980499041,49.170790445],[-122.980562364,49.170628815],[-122.981615874,49.170291441],[-122.981800667,49.169280579],[-122.980891252,49.167712803],[-122.980894353,49.167209964],[-122.984730593,49.165053201],[-122.980730397,49.165769332],[-122.981789253,49.163710184],[-122.982230596,49.163597609],[-122.983131486,49.163204405],[-122.983740112,49.1628205],[-122.984850705,49.161688096],[-122.985222319,49.161023002],[-122.985743197,49.160473302],[-122.987397592,49.159118911],[-122.988640818,49.155737801],[-122.995480198,49.154492994],[-122.999556679,49.1535274],[-123.004073402,49.152430787],[-123.016985297,49.150315207],[-123.02987429,49.147709611],[-123.034392294,49.146684196],[-123.038771314,49.145341093],[-123.041730098,49.143990891],[-123.043958218,49.142488402],[-123.045838616,49.141132495],[-123.050045308,49.137136185],[-123.050995003,49.135998297],[-123.052602609,49.134452399],[-123.054228904,49.133272499],[-123.056345615,49.132047699],[-123.061931777,49.129226796],[-123.064503382,49.127810196],[-123.07077191,49.123965111],[-123.075014603,49.121969805],[-123.075482662,49.121802948],[-123.080784988,49.126083388],[-123.083313607,49.128181006],[-123.085440798,49.129977417],[-123.086293306,49.130800606],[-123.086554199,49.131447311],[-123.086619085,49.131833718],[-123.086592888,49.133477203],[-123.086569102,49.136154157],[-123.086593245,49.140450445],[-123.086538862,49.156410191],[-123.086491801,49.166922597],[-123.086489201,49.169371206],[-123.086694289,49.169970398],[-123.086898785,49.170361501],[-123.080361612,49.170340312],[-123.080333995,49.171587296],[-123.080191108,49.17216],[-123.080241497,49.176291003],[-123.080441606,49.178060293],[-123.080360498,49.17902381],[-123.080332503,49.18082391],[-123.080305992,49.18454111],[-123.091518879,49.184567902],[-123.091513794,49.189514395],[-123.09148041,49.191975494],[-123.091495986,49.194355996],[-123.091431805,49.196521704],[-123.092006059,49.19681887],[-123.091370115,49.198202817],[-123.089957864,49.198635922],[-123.079917477,49.201206942],[-123.0773876,49.201838119],[-123.06763762,49.204235251],[-123.067902122,49.205047616],[-123.068297904,49.206478479],[-123.06752708,49.206147243],[-123.066604178,49.205938535],[-123.063222942,49.205354057],[-123.058769046,49.204656412],[-123.056444482,49.204659681]]]]},"properties":{"a": "47.42177", "q": "00000", "t": "CT", "dw": "1518", "hh": "1448", "id": "9330140.03", "nrr": "0.249", "pop": "4366", "rgid": "59", "rpid": "59933", "ruid": "5915015", "rguid": "5915"}},{"type":"Feature","geometry":{"type":"MultiPolygon","coordinates":[[[[-122.956908841,49.175171881],[-122.957638607,49.174843601],[-122.958281999,49.174399492],[-122.960286199,49.17325561],[-122.961723806,49.171869811],[-122.962310087,49.171055203],[-122.963544398,49.169791906],[-122.963939207,49.169173786],[-122.964697206,49.168564196],[-122.965685786,49.167970305],[-122.966122405,49.16775669],[-122.969194508,49.166933493],[-122.973637306,49.166044791],[-122.975674099,49.165374008],[-122.97882271,49.164466807],[-122.981789253,49.163710184],[-122.980730397,49.165769332],[-122.984730593,49.165053201],[-122.980894353,49.167209964],[-122.980891252,49.167712803],[-122.981800667,49.169280579],[-122.981615874,49.170291441],[-122.980562364,49.170628815],[-122.980499041,49.170790445],[-122.980576669,49.177004574],[-122.980504959,49.177274123],[-122.980457887,49.179341041],[-122.980252227,49.180687711],[-122.978205946,49.180159892],[-122.972949356,49.180722471],[-122.969741832,49.181905445],[-122.967952403,49.183911224],[-122.96518026,49.186491342],[-122.960834649,49.188291271],[-122.957426373,49.190120828],[-122.957467817,49.188913447],[-122.957233511,49.185926611],[-122.957236904,49.183192336],[-122.957273958,49.181851901],[-122.957335952,49.177175959],[-122.957321614,49.176201604],[-122.957250112,49.175854118],[-122.956908841,49.175171881]]]]},"properties":{"a": "3.05063", "q": "00000", "t": "CT", "dw": "1635", "hh": "1565", "id": "9330140.04", "nrr": "0.24600000000000002", "pop": "5094", "rgid": "59", "rpid": "59933", "ruid": "5915015", "rguid": "5915"}},{"type":"Feature","geometry":{"type":"MultiPolygon","coordinates":[[[[-123.169803519,49.133732592],[-123.170022219,49.133571218],[-123.169945953,49.131409923],[-123.169991371,49.130502832],[-123.169986157,49.129337453],[-123.170029173,49.126267537],[-123.169970377,49.126083781],[-123.169930886,49.124192856],[-123.169630556,49.123350811],[-123.170893302,49.1229496],[-123.171255895,49.122572588],[-123.171424286,49.122281501],[-123.172017232,49.122103633],[-123.172453763,49.121303629],[-123.172137862,49.121070865],[-123.171208411,49.119637833],[-123.171519315,49.118703098],[-123.171980732,49.117101132],[-123.173168146,49.114737364],[-123.187685696,49.11824791],[-123.19099539,49.118870908],[-123.191446591,49.120787707],[-123.191763591,49.121435694],[-123.191824807,49.12289271],[-123.191362784,49.124062007],[-123.191446689,49.124611711],[-123.192119704,49.124637286],[-123.192738503,49.124986311],[-123.193149796,49.124986294],[-123.193724711,49.124840992],[-123.195490584,49.124675803],[-123.197465684,49.124727104],[-123.199235299,49.124966301],[-123.199906015,49.125262592],[-123.2006223,49.125863606],[-123.200979684,49.126357794],[-123.200760881,49.1264931],[-123.195538703,49.12655569],[-123.195513404,49.126718098],[-123.19595181,49.127005807],[-123.197404802,49.127030011],[-123.197831994,49.127101189],[-123.197419596,49.127282092],[-123.196228001,49.127265004],[-123.195706785,49.127339096],[-123.19569389,49.127616796],[-123.196025607,49.127904483],[-123.197067503,49.128019785],[-123.195503496,49.128041197],[-123.195493188,49.128706312],[-123.195741701,49.129154899],[-123.195743901,49.129550912],[-123.195416379,49.130173197],[-123.194599576,49.131244297],[-123.1943023,49.132548796],[-123.194237204,49.133386299],[-123.194305268,49.134153372],[-123.19380391,49.133781084],[-123.173631304,49.133749389],[-123.169803519,49.133732592]],[[-123.175928094,49.1232638],[-123.175391792,49.123546207],[-123.175340078,49.1236538],[-123.175347703,49.125153095],[-123.181201291,49.12518049],[-123.181188095,49.123882907],[-123.180686515,49.123867002],[-123.179814896,49.123648706],[-123.179168085,49.123360605],[-123.178472307,49.123226997],[-123.176149811,49.123242607],[-123.175928094,49.1232638]]]]},"properties":{"a": "3.12433", "q": "00001", "t": "CT", "dw": "3285", "hh": "3214", "id": "9330141.01", "nrr": "0.23800000000000002", "pop": "8321", "rgid": "59", "rpid": "59933", "ruid": "5915015", "rguid": "5915"}},{"type":"Feature","geometry":{"type":"MultiPolygon","coordinates":[[[[-123.175928094,49.1232638],[-123.176149811,49.123242607],[-123.178472307,49.123226997],[-123.179168085,49.123360605],[-123.179814896,49.123648706],[-123.180686515,49.123867002],[-123.181188095,49.123882907],[-123.181201291,49.12518049],[-123.175347703,49.125153095],[-123.175340078,49.1236538],[-123.175391792,49.123546207],[-123.175928094,49.1232638]]]]},"properties":{"a": "0.0826", "q": "00001", "t": "CT", "dw": "394", "hh": "382", "id": "9330141.02", "nrr": "0.359", "pop": "788", "rgid": "59", "rpid": "59933", "ruid": "5915015", "rguid": "5915"}},{"type":"Feature","geometry":{"type":"MultiPolygon","coordinates":[[[[-123.169977504,49.141023094],[-123.17000599,49.13697962],[-123.169803519,49.133732592],[-123.173631304,49.133749389],[-123.19380391,49.133781084],[-123.194305268,49.134153372],[-123.195178711,49.135821692],[-123.195143609,49.137288594],[-123.195021689,49.137711606],[-123.194799118,49.1405087],[-123.194695938,49.141030187],[-123.194039593,49.141004097],[-123.181365691,49.14103321],[-123.169977504,49.141023094]]]]},"properties":{"a": "1.46876", "q": "00000", "t": "CT", "dw": "2142", "hh": "2099", "id": "9330142.01", "nrr": "0.20800000000000002", "pop": "6284", "rgid": "59", "rpid": "59933", "ruid": "5915015", "rguid": "5915"}},{"type":"Feature","geometry":{"type":"MultiPolygon","coordinates":[[[[-123.169977504,49.141023094],[-123.181365691,49.14103321],[-123.194039593,49.141004097],[-123.194695938,49.141030187],[-123.194314723,49.142956905],[-123.194307409,49.144261505],[-123.195002799,49.146706887],[-123.195284954,49.148310488],[-123.194826038,49.1483222],[-123.188919028,49.148313398],[-123.184674,49.148331311],[-123.1813304,49.148331094],[-123.177621799,49.148361894],[-123.170010207,49.148392786],[-123.169985248,49.144772484],[-123.170026739,49.143885606],[-123.169977504,49.141023094]]]]},"properties":{"a": "1.46436", "q": "00000", "t": "CT", "dw": "1850", "hh": "1797", "id": "9330142.02", "nrr": "0.213", "pop": "5194", "rgid": "59", "rpid": "59933", "ruid": "5915015", "rguid": "5915"}},{"type":"Feature","geometry":{"type":"MultiPolygon","coordinates":[[[[-123.17029032,49.155619501],[-123.169938243,49.155613076],[-123.170010207,49.148392786],[-123.177621799,49.148361894],[-123.1813304,49.148331094],[-123.184674,49.148331311],[-123.188919028,49.148313398],[-123.194826038,49.1483222],[-123.195284954,49.148310488],[-123.195689416,49.150609205],[-123.196118185,49.155223705],[-123.196409426,49.155661208],[-123.192417698,49.155641292],[-123.185443782,49.155651111],[-123.181077917,49.155663806],[-123.173335202,49.155648212],[-123.17029032,49.155619501]]]]},"properties":{"a": "1.53098", "q": "00000", "t": "CT", "dw": "2337", "hh": "2253", "id": "9330142.03", "nrr": "0.23199999999999998", "pop": "6317", "rgid": "59", "rpid": "59933", "ruid": "5915015", "rguid": "5915"}},{"type":"Feature","geometry":{"type":"MultiPolygon","coordinates":[[[[-123.147870982,49.140952393],[-123.14782731,49.13455939],[-123.147802335,49.133513713],[-123.155103514,49.133521404],[-123.158859113,49.133533303],[-123.169803519,49.133732592],[-123.17000599,49.13697962],[-123.169977504,49.141023094],[-123.163699619,49.141006002],[-123.158965915,49.14100539],[-123.154770685,49.140981004],[-123.150893699,49.140972215],[-123.147870982,49.140952393]]]]},"properties":{"a": "1.33096", "q": "00000", "t": "CT", "dw": "1733", "hh": "1696", "id": "9330143.01", "nrr": "0.213", "pop": "5536", "rgid": "59", "rpid": "59933", "ruid": "5915015", "rguid": "5915"}},{"type":"Feature","geometry":{"type":"MultiPolygon","coordinates":[[[[-123.158930805,49.155579691],[-123.15615581,49.155594791],[-123.150864524,49.155588201],[-123.147800903,49.155594392],[-123.147802115,49.151887401],[-123.147831693,49.148298104],[-123.15325599,49.148312901],[-123.158969795,49.148345016],[-123.162587313,49.148392691],[-123.166432502,49.148370614],[-123.170010207,49.148392786],[-123.169938243,49.155613076],[-123.165056995,49.155604298],[-123.158930805,49.155579691]]]]},"properties":{"a": "1.30321", "q": "00000", "t": "CT", "dw": "1669", "hh": "1610", "id": "9330143.02", "nrr": "0.212", "pop": "4707", "rgid": "59", "rpid": "59933", "ruid": "5915015", "rguid": "5915"}},{"type":"Feature","geometry":{"type":"MultiPolygon","coordinates":[[[[-123.136673714,49.148285596],[-123.136704396,49.140885608],[-123.136644907,49.136999391],[-123.136657076,49.135354597],[-123.136584801,49.133523896],[-123.147802335,49.133513713],[-123.14782731,49.13455939],[-123.147870982,49.140952393],[-123.147882415,49.141817601],[-123.147858496,49.143815981],[-123.147831693,49.148298104],[-123.136673714,49.148285596]]]]},"properties":{"a": "1.33996", "q": "00000", "t": "CT", "dw": "1645", "hh": "1606", "id": "9330143.03", "nrr": "0.278", "pop": "4774", "rgid": "59", "rpid": "59933", "ruid": "5915015", "rguid": "5915"}},{"type":"Feature","geometry":{"type":"MultiPolygon","coordinates":[[[[-123.147831693,49.148298104],[-123.147858496,49.143815981],[-123.147882415,49.141817601],[-123.147870982,49.140952393],[-123.150893699,49.140972215],[-123.154770685,49.140981004],[-123.158965915,49.14100539],[-123.163699619,49.141006002],[-123.169977504,49.141023094],[-123.170026739,49.143885606],[-123.169985248,49.144772484],[-123.170010207,49.148392786],[-123.166432502,49.148370614],[-123.162587313,49.148392691],[-123.158969795,49.148345016],[-123.15325599,49.148312901],[-123.147831693,49.148298104]]]]},"properties":{"a": "1.32106", "q": "00000", "t": "CT", "dw": "1803", "hh": "1773", "id": "9330143.04", "nrr": "0.209", "pop": "5673", "rgid": "59", "rpid": "59933", "ruid": "5915015", "rguid": "5915"}},{"type":"Feature","geometry":{"type":"MultiPolygon","coordinates":[[[[-123.102556569,49.14069795],[-123.10260909,49.139890647],[-123.102655908,49.13575737],[-123.102726718,49.133385094],[-123.106926397,49.133422309],[-123.114284021,49.133451501],[-123.114189794,49.137554394],[-123.114143286,49.140733395],[-123.102556569,49.14069795]]]]},"properties":{"a": "0.68392", "q": "00000", "t": "CT", "dw": "813", "hh": "749", "id": "9330144.03", "nrr": "0.35", "pop": "2519", "rgid": "59", "rpid": "59933", "ruid": "5915015", "rguid": "5915"}},{"type":"Feature","geometry":{"type":"MultiPolygon","coordinates":[[[[-123.125243102,49.140841301],[-123.114143286,49.140733395],[-123.114189794,49.137554394],[-123.114284021,49.133451501],[-123.121872194,49.133471797],[-123.136584801,49.133523896],[-123.136657076,49.135354597],[-123.136644907,49.136999391],[-123.136704396,49.140885608],[-123.127996284,49.140832804],[-123.125243102,49.140841301]]]]},"properties":{"a": "1.33641", "q": "00000", "t": "CT", "dw": "2097", "hh": "2030", "id": "9330144.04", "nrr": "0.231", "pop": "5712", "rgid": "59", "rpid": "59933", "ruid": "5915015", "rguid": "5915"}},{"type":"Feature","geometry":{"type":"MultiPolygon","coordinates":[[[[-123.125163707,49.148201287],[-123.125123616,49.145524601],[-123.125243102,49.140841301],[-123.127996284,49.140832804],[-123.136704396,49.140885608],[-123.136673714,49.148285596],[-123.134571788,49.148259416],[-123.129038103,49.148217409],[-123.125163707,49.148201287]]]]},"properties":{"a": "0.68995", "q": "00000", "t": "CT", "dw": "876", "hh": "858", "id": "9330144.05", "nrr": "0.256", "pop": "2599", "rgid": "59", "rpid": "59933", "ruid": "5915015", "rguid": "5915"}},{"type":"Feature","geometry":{"type":"MultiPolygon","coordinates":[[[[-123.102542814,49.148036338],[-123.102576105,49.144311708],[-123.102556569,49.14069795],[-123.114143286,49.140733395],[-123.125243102,49.140841301],[-123.125123616,49.145524601],[-123.125163707,49.148201287],[-123.122530727,49.148142667],[-123.119767793,49.148102981],[-123.116285004,49.148024987],[-123.114189085,49.148013001],[-123.114074724,49.147868802],[-123.11296401,49.147849511],[-123.113034065,49.147976608],[-123.105837411,49.147824791],[-123.103763819,49.14805667],[-123.102542814,49.148036338]]]]},"properties":{"a": "1.33078", "q": "00000", "t": "CT", "dw": "1741", "hh": "1682", "id": "9330144.06", "nrr": "0.268", "pop": "5374", "rgid": "59", "rpid": "59933", "ruid": "5915015", "rguid": "5915"}},{"type":"Feature","geometry":{"type":"MultiPolygon","coordinates":[[[[-123.136646689,49.155579405],[-123.130951006,49.155529501],[-123.125339698,49.155464486],[-123.125284469,49.15369727],[-123.125219393,49.150027111],[-123.125163707,49.148201287],[-123.129038103,49.148217409],[-123.134571788,49.148259416],[-123.136673714,49.148285596],[-123.147831693,49.148298104],[-123.147802115,49.151887401],[-123.147800903,49.155594392],[-123.14371729,49.155605091],[-123.140343887,49.155611888],[-123.136646689,49.155579405]]]]},"properties":{"a": "1.33596", "q": "00001", "t": "CT", "dw": "1469", "hh": "1399", "id": "9330145.01", "nrr": "0.271", "pop": "4438", "rgid": "59", "rpid": "59933", "ruid": "5915015", "rguid": "5915"}},{"type":"Feature","geometry":{"type":"MultiPolygon","coordinates":[[[[-123.102633972,49.155471985],[-123.102558703,49.148489067],[-123.102542814,49.148036338],[-123.103763819,49.14805667],[-123.105837411,49.147824791],[-123.113034065,49.147976608],[-123.11296401,49.147849511],[-123.114074724,49.147868802],[-123.114189085,49.148013001],[-123.116285004,49.148024987],[-123.119767793,49.148102981],[-123.122530727,49.148142667],[-123.125163707,49.148201287],[-123.125219393,49.150027111],[-123.125284469,49.15369727],[-123.125339698,49.155464486],[-123.119801324,49.155483996],[-123.114104624,49.155492683],[-123.102633972,49.155471985]]]]},"properties":{"a": "1.37417", "q": "00001", "t": "CT", "dw": "1028", "hh": "999", "id": "9330145.02", "nrr": "0.19899999999999998", "pop": "3283", "rgid": "59", "rpid": "59933", "ruid": "5915015", "rguid": "5915"}},{"type":"Feature","geometry":{"type":"MultiPolygon","coordinates":[[[[-123.086592888,49.133477203],[-123.092134801,49.133404635],[-123.099284279,49.133430998],[-123.0994447,49.133384796],[-123.102726718,49.133385094],[-123.102655908,49.13575737],[-123.10260909,49.139890647],[-123.102556569,49.14069795],[-123.102576105,49.144311708],[-123.102542814,49.148036338],[-123.102558703,49.148489067],[-123.102633972,49.155471985],[-123.102433923,49.162821943],[-123.102966236,49.170072489],[-123.102966527,49.170177891],[-123.095199089,49.170164115],[-123.092879327,49.170339353],[-123.09164316,49.170352827],[-123.086898785,49.170361501],[-123.086694289,49.169970398],[-123.086489201,49.169371206],[-123.086491801,49.166922597],[-123.086538862,49.156410191],[-123.086593245,49.140450445],[-123.086569102,49.136154157],[-123.086592888,49.133477203]]]]},"properties":{"a": "4.79845", "q": "00000", "t": "CT", "dw": "2313", "hh": "2186", "id": "9330146.00", "nrr": "0.267", "pop": "6748", "rgid": "59", "rpid": "59933", "ruid": "5915015", "rguid": "5915"}},{"type":"Feature","geometry":{"type":"MultiPolygon","coordinates":[[[[-123.113990556,49.170096464],[-123.102966236,49.170072489],[-123.102433923,49.162821943],[-123.102633972,49.155471985],[-123.114104624,49.155492683],[-123.119801324,49.155483996],[-123.125339698,49.155464486],[-123.125364117,49.157330848],[-123.125413768,49.159122238],[-123.125378774,49.162349122],[-123.125319854,49.162814223],[-123.125504025,49.162762377],[-123.125742492,49.163074109],[-123.125216915,49.163415896],[-123.124868593,49.163904813],[-123.124803422,49.164117504],[-123.12468997,49.170185397],[-123.124568147,49.170092973],[-123.11933965,49.170106361],[-123.113990556,49.170096464]]]]},"properties":{"a": "2.66576", "q": "00000", "t": "CT", "dw": "3779", "hh": "3563", "id": "9330147.01", "nrr": "0.23399999999999999", "pop": "9674", "rgid": "59", "rpid": "59933", "ruid": "5915015", "rguid": "5915"}},{"type":"Feature","geometry":{"type":"MultiPolygon","coordinates":[[[[-123.125339698,49.155464486],[-123.130951006,49.155529501],[-123.130927001,49.1573621],[-123.130962508,49.159185596],[-123.130994412,49.162667381],[-123.13101091,49.162778604],[-123.127577593,49.16277001],[-123.126661418,49.1627996],[-123.125742492,49.163074109],[-123.125504025,49.162762377],[-123.125319854,49.162814223],[-123.125378774,49.162349122],[-123.125413768,49.159122238],[-123.125364117,49.157330848],[-123.125339698,49.155464486]]]]},"properties":{"a": "0.33082", "q": "00000", "t": "CT", "dw": "2444", "hh": "2376", "id": "9330147.04", "nrr": "0.223", "pop": "5408", "rgid": "59", "rpid": "59933", "ruid": "5915015", "rguid": "5915"}},{"type":"Feature","geometry":{"type":"MultiPolygon","coordinates":[[[[-123.13101091,49.162778604],[-123.130994412,49.162667381],[-123.130962508,49.159185596],[-123.130927001,49.1573621],[-123.130951006,49.155529501],[-123.136646689,49.155579405],[-123.136590118,49.159215609],[-123.136580615,49.160771135],[-123.136523018,49.160860588],[-123.136518689,49.162778401],[-123.13101091,49.162778604]]]]},"properties":{"a": "0.32955", "q": "00000", "t": "CT", "dw": "1825", "hh": "1708", "id": "9330147.05", "nrr": "0.201", "pop": "4466", "rgid": "59", "rpid": "59933", "ruid": "5915015", "rguid": "5915"}},{"type":"Feature","geometry":{"type":"MultiPolygon","coordinates":[[[[-123.131545863,49.173882496],[-123.131558196,49.171972112],[-123.13150301,49.170133789],[-123.131494906,49.166486892],[-123.131533582,49.165926691],[-123.131538003,49.163610706],[-123.131079788,49.162994896],[-123.13101091,49.162778604],[-123.136518689,49.162778401],[-123.136472579,49.166509496],[-123.136623364,49.166510789],[-123.136618789,49.168832201],[-123.136474901,49.168832011],[-123.136466478,49.17201808],[-123.136667994,49.173910711],[-123.131545863,49.173882496]]]]},"properties":{"a": "0.45299", "q": "00000", "t": "CT", "dw": "3018", "hh": "2678", "id": "9330147.07", "nrr": "0.258", "pop": "5771", "rgid": "59", "rpid": "59933", "ruid": "5915015", "rguid": "5915"}},{"type":"Feature","geometry":{"type":"MultiPolygon","coordinates":[[[[-123.12468997,49.170185397],[-123.124803422,49.164117504],[-123.124868593,49.163904813],[-123.125216915,49.163415896],[-123.125742492,49.163074109],[-123.126661418,49.1627996],[-123.127577593,49.16277001],[-123.13101091,49.162778604],[-123.131079788,49.162994896],[-123.131538003,49.163610706],[-123.131533582,49.165926691],[-123.131494906,49.166486892],[-123.13150301,49.170133789],[-123.131558196,49.171972112],[-123.131545863,49.173882496],[-123.128979483,49.173876292],[-123.128007522,49.173941311],[-123.1246724,49.173949586],[-123.12468997,49.170185397]]]]},"properties":{"a": "0.60566", "q": "00000", "t": "CT", "dw": "3179", "hh": "2933", "id": "9330147.08", "nrr": "0.17600000000000002", "pop": "6861", "rgid": "59", "rpid": "59933", "ruid": "5915015", "rguid": "5915"}},{"type":"Feature","geometry":{"type":"MultiPolygon","coordinates":[[[[-123.14371729,49.155605091],[-123.147800903,49.155594392],[-123.147789816,49.161093894],[-123.147770712,49.162791505],[-123.143649686,49.162796405],[-123.143638112,49.162674811],[-123.14371729,49.155605091]]]]},"properties":{"a": "0.24015", "q": "00001", "t": "CT", "dw": "1608", "hh": "1595", "id": "9330147.09", "nrr": "0.188", "pop": "3772", "rgid": "59", "rpid": "59933", "ruid": "5915015", "rguid": "5915"}},{"type":"Feature","geometry":{"type":"MultiPolygon","coordinates":[[[[-123.136518689,49.162778401],[-123.136523018,49.160860588],[-123.136580615,49.160771135],[-123.136590118,49.159215609],[-123.136646689,49.155579405],[-123.140343887,49.155611888],[-123.14371729,49.155605091],[-123.143638112,49.162674811],[-123.143649686,49.162796405],[-123.140173546,49.162795394],[-123.136518689,49.162778401]]]]},"properties":{"a": "0.41369", "q": "00001", "t": "CT", "dw": "1997", "hh": "1939", "id": "9330147.10", "nrr": "0.247", "pop": "4354", "rgid": "59", "rpid": "59933", "ruid": "5915015", "rguid": "5915"}},{"type":"Feature","geometry":{"type":"MultiPolygon","coordinates":[[[[-123.136667994,49.173910711],[-123.136466478,49.17201808],[-123.136474901,49.168832011],[-123.136618789,49.168832201],[-123.136623364,49.166510789],[-123.136472579,49.166509496],[-123.136518689,49.162778401],[-123.140173546,49.162795394],[-123.143649686,49.162796405],[-123.147770712,49.162791505],[-123.153121508,49.162780008],[-123.158852999,49.162798097],[-123.158752112,49.163125095],[-123.158698594,49.170102604],[-123.158719096,49.171786803],[-123.158591488,49.17252759],[-123.1579325,49.173933511],[-123.156699262,49.176235517],[-123.155447711,49.176414492],[-123.153183911,49.1770328],[-123.14999329,49.178151994],[-123.14762798,49.179157494],[-123.144867207,49.180546103],[-123.142855199,49.181970294],[-123.141781503,49.183143901],[-123.14103935,49.184396485],[-123.140484439,49.184169586],[-123.139699156,49.183956336],[-123.139002148,49.183957212],[-123.136570291,49.183802457],[-123.136624954,49.182511755],[-123.136570003,49.181533777],[-123.136611025,49.179398963],[-123.136520801,49.178370507],[-123.136522413,49.177342683],[-123.136698431,49.176377165],[-123.136667994,49.173910711]]]]},"properties":{"a": "3.02005", "q": "00000", "t": "CT", "dw": "3848", "hh": "3534", "id": "9330148.00", "nrr": "0.237", "pop": "8304", "rgid": "59", "rpid": "59933", "ruid": "5915015", "rguid": "5915"}},{"type":"Feature","geometry":{"type":"MultiPolygon","coordinates":[[[[-123.181203214,49.16282261],[-123.1804444,49.162880216],[-123.170298004,49.162879691],[-123.17029032,49.155619501],[-123.173335202,49.155648212],[-123.181077917,49.155663806],[-123.185443782,49.155651111],[-123.192417698,49.155641292],[-123.196409426,49.155661208],[-123.196615101,49.155951412],[-123.196470101,49.157418403],[-123.196306718,49.157822797],[-123.196401005,49.160530305],[-123.196649438,49.163025515],[-123.194868285,49.163046859],[-123.193409336,49.162972339],[-123.189386794,49.162796],[-123.18468252,49.162794695],[-123.184353507,49.16295271],[-123.183835209,49.162797696],[-123.181669501,49.162795989],[-123.181203214,49.16282261]]]]},"properties":{"a": "1.53256", "q": "00000", "t": "CT", "dw": "1643", "hh": "1581", "id": "9330149.02", "nrr": "0.26899999999999996", "pop": "4910", "rgid": "59", "rpid": "59933", "ruid": "5915015", "rguid": "5915"}},{"type":"Feature","geometry":{"type":"MultiPolygon","coordinates":[[[[-123.147770712,49.162791505],[-123.147789816,49.161093894],[-123.147800903,49.155594392],[-123.150864524,49.155588201],[-123.15615581,49.155594791],[-123.158930805,49.155579691],[-123.158900993,49.157189703],[-123.158878979,49.161093504],[-123.158852999,49.162798097],[-123.153121508,49.162780008],[-123.147770712,49.162791505]]]]},"properties":{"a": "0.64778", "q": "00000", "t": "CT", "dw": "713", "hh": "686", "id": "9330149.05", "nrr": "0.193", "pop": "2296", "rgid": "59", "rpid": "59933", "ruid": "5915015", "rguid": "5915"}},{"type":"Feature","geometry":{"type":"MultiPolygon","coordinates":[[[[-123.181203214,49.16282261],[-123.181669501,49.162795989],[-123.183835209,49.162797696],[-123.184353507,49.16295271],[-123.18468252,49.162794695],[-123.189386794,49.162796],[-123.193409336,49.162972339],[-123.194868285,49.163046859],[-123.196649438,49.163025515],[-123.196672407,49.163256207],[-123.1970444,49.164001095],[-123.197069397,49.166403708],[-123.19737438,49.167392096],[-123.197405292,49.168067199],[-123.198356695,49.169495714],[-123.198371996,49.169854595],[-123.199416495,49.17048259],[-123.199914506,49.171201908],[-123.200427321,49.172792704],[-123.200418096,49.173557503],[-123.199474998,49.174477491],[-123.198774889,49.174658389],[-123.197199396,49.175361993],[-123.195155715,49.175545694],[-123.194784394,49.175249495],[-123.194016508,49.175278001],[-123.194059705,49.175511498],[-123.193577596,49.175485902],[-123.193664928,49.176353996],[-123.188255633,49.176265778],[-123.181333825,49.176421637],[-123.181228316,49.174031401],[-123.181235742,49.170131924],[-123.181203214,49.16282261]]]]},"properties":{"a": "1.83118", "q": "00001", "t": "CT", "dw": "1774", "hh": "1711", "id": "9330149.06", "nrr": "0.196", "pop": "5140", "rgid": "59", "rpid": "59933", "ruid": "5915015", "rguid": "5915"}},{"type":"Feature","geometry":{"type":"MultiPolygon","coordinates":[[[[-123.170376603,49.175829174],[-123.1704495,49.173781139],[-123.169978702,49.173577815],[-123.170025178,49.170178396],[-123.169359043,49.170179043],[-123.169806843,49.169434941],[-123.16996065,49.168524491],[-123.169991214,49.165632753],[-123.169884776,49.162819053],[-123.170298004,49.162879691],[-123.1804444,49.162880216],[-123.181203214,49.16282261],[-123.181235742,49.170131924],[-123.181228316,49.174031401],[-123.181333825,49.176421637],[-123.176657337,49.176526668],[-123.175379261,49.176480045],[-123.172149513,49.175890402],[-123.170376603,49.175829174]]]]},"properties":{"a": "1.21873", "q": "00001", "t": "CT", "dw": "933", "hh": "878", "id": "9330149.07", "nrr": "0.23", "pop": "2919", "rgid": "59", "rpid": "59933", "ruid": "5915015", "rguid": "5915"}},{"type":"Feature","geometry":{"type":"MultiPolygon","coordinates":[[[[-123.158852999,49.162798097],[-123.164568402,49.162809108],[-123.167998395,49.162759812],[-123.168769988,49.162581902],[-123.16908911,49.162406494],[-123.169884776,49.162819053],[-123.169991214,49.165632753],[-123.16996065,49.168524491],[-123.169806843,49.169434941],[-123.169359043,49.170179043],[-123.170025178,49.170178396],[-123.169978702,49.173577815],[-123.1704495,49.173781139],[-123.170376603,49.175829174],[-123.168647498,49.175769407],[-123.163695189,49.175736608],[-123.16167121,49.175797787],[-123.15785808,49.176069795],[-123.156699262,49.176235517],[-123.1579325,49.173933511],[-123.158591488,49.17252759],[-123.158719096,49.171786803],[-123.158698594,49.170102604],[-123.158752112,49.163125095],[-123.158852999,49.162798097]]]]},"properties":{"a": "1.22302", "q": "00001", "t": "CT", "dw": "1855", "hh": "1792", "id": "9330149.08", "nrr": "0.265", "pop": "4644", "rgid": "59", "rpid": "59933", "ruid": "5915015", "rguid": "5915"}},{"type":"Feature","geometry":{"type":"MultiPolygon","coordinates":[[[[-123.169884776,49.162819053],[-123.16908911,49.162406494],[-123.168769988,49.162581902],[-123.167998395,49.162759812],[-123.164568402,49.162809108],[-123.158852999,49.162798097],[-123.158878979,49.161093504],[-123.158900993,49.157189703],[-123.158930805,49.155579691],[-123.165056995,49.155604298],[-123.169938243,49.155613076],[-123.17029032,49.155619501],[-123.170298004,49.162879691],[-123.169884776,49.162819053]]]]},"properties":{"a": "0.6636", "q": "00001", "t": "CT", "dw": "1067", "hh": "1042", "id": "9330149.09", "nrr": "0.22399999999999998", "pop": "3077", "rgid": "59", "rpid": "59933", "ruid": "5915015", "rguid": "5915"}},{"type":"Feature","geometry":{"type":"MultiPolygon","coordinates":[[[[-123.248187865,49.248935408],[-123.247549187,49.248630399],[-123.246474219,49.248364107],[-123.245854314,49.248049392],[-123.244272901,49.247622095],[-123.242317499,49.24681599],[-123.241738309,49.246502705],[-123.241202899,49.246377296],[-123.240088795,49.245957197],[-123.239756801,49.245723614],[-123.237692611,49.244775088],[-123.237029504,49.244290887],[-123.236149477,49.243923397],[-123.234384281,49.242775504],[-123.233710804,49.242524791],[-123.232967301,49.242086196],[-123.23141181,49.241468099],[-123.230103392,49.24115619],[-123.229265599,49.24078019],[-123.227737786,49.240351507],[-123.226870297,49.239758989],[-123.225216616,49.238980006],[-123.224320714,49.238414592],[-123.222409294,49.237555801],[-123.221602384,49.236965741],[-123.225943911,49.228871506],[-123.207319991,49.222817513],[-123.202841226,49.221942122],[-123.191295977,49.219439706],[-123.18035492,49.215698493],[-123.172187683,49.214961196],[-123.168237302,49.214460056],[-123.163543539,49.213587635],[-123.156924776,49.210478328],[-123.155281058,49.209299012],[-123.153550113,49.207400998],[-123.150727395,49.205347662],[-123.147422942,49.204540605],[-123.141205513,49.20198712],[-123.140852372,49.201913483],[-123.140108207,49.201496129],[-123.13662953,49.199134886],[-123.1359882,49.199075488],[-123.132422891,49.198534898],[-123.133469785,49.197366006],[-123.134649,49.196006298],[-123.135708393,49.194541794],[-123.138675714,49.188759494],[-123.140460197,49.185593612],[-123.14103935,49.184396485],[-123.141781503,49.183143901],[-123.142855199,49.181970294],[-123.144867207,49.180546103],[-123.14762798,49.179157494],[-123.14999329,49.178151994],[-123.153183911,49.1770328],[-123.155447711,49.176414492],[-123.156699262,49.176235517],[-123.15785808,49.176069795],[-123.16167121,49.175797787],[-123.163695189,49.175736608],[-123.168647498,49.175769407],[-123.170376603,49.175829174],[-123.172149513,49.175890402],[-123.175379261,49.176480045],[-123.176657337,49.176526668],[-123.181333825,49.176421637],[-123.188255633,49.176265778],[-123.193664928,49.176353996],[-123.193751799,49.17792271],[-123.193616503,49.17838131],[-123.194235093,49.17858779],[-123.195333686,49.17882],[-123.198906602,49.180000604],[-123.202422489,49.180697104],[-123.206047504,49.181706813],[-123.212709399,49.182908912],[-123.212943596,49.183025689],[-123.212820517,49.183394503],[-123.212478599,49.183512706],[-123.211875509,49.183576791],[-123.208443985,49.183645192],[-123.203132678,49.183582497],[-123.201266077,49.183378898],[-123.199865892,49.183327597],[-123.198506284,49.183086906],[-123.196885797,49.182631096],[-123.193449916,49.181377808],[-123.193203894,49.181350799],[-123.193386605,49.182726612],[-123.193348212,49.183195094],[-123.193353295,49.184760292],[-123.19486518,49.185234601],[-123.195991788,49.185475312],[-123.197610503,49.185624791],[-123.201250896,49.18648219],[-123.203735496,49.186775612],[-123.208389424,49.187135902],[-123.209501695,49.187313907],[-123.210216907,49.187573202],[-123.210547508,49.187815305],[-123.210988984,49.188290997],[-123.21100289,49.188507414],[-123.210769904,49.188552997],[-123.210315006,49.187986197],[-123.209545583,49.187538999],[-123.20942038,49.187556101],[-123.209332815,49.189239495],[-123.209432013,49.190227908],[-123.210036197,49.190353195],[-123.2114915,49.190395894],[-123.211848702,49.190484193],[-123.214485717,49.190713508],[-123.219207784,49.191253305],[-123.220334689,49.191494003],[-123.220307617,49.191583702],[-123.219484998,49.191612204],[-123.219072094,49.191434211],[-123.217850106,49.191364398],[-123.213744814,49.190858793],[-123.212866896,49.190816095],[-123.211149893,49.190521289],[-123.209323313,49.190552605],[-123.208797977,49.199305794],[-123.20860982,49.200260006],[-123.206247515,49.202980204],[-123.205715698,49.203799193],[-123.204772406,49.204854489],[-123.203447012,49.206619096],[-123.203188517,49.207168894],[-123.203238,49.20913],[-123.202853595,49.212458413],[-123.201738526,49.215060405],[-123.201548805,49.215860812],[-123.20183869,49.216121405],[-123.2027058,49.216478894],[-123.203240397,49.216397708],[-123.20410248,49.215802395],[-123.205090607,49.215548885],[-123.2055315,49.215862212],[-123.205698805,49.216303686],[-123.205547093,49.216447596],[-123.204751105,49.216674011],[-123.204601018,49.216853504],[-123.209419791,49.216638395],[-123.211754587,49.216769403],[-123.212221014,49.216624208],[-123.212646488,49.216209712],[-123.213016085,49.215993305],[-123.216981014,49.215194293],[-123.2174462,49.215031899],[-123.219874216,49.214550509],[-123.221616606,49.214097584],[-123.230712605,49.212334492],[-123.237926003,49.210717989],[-123.240684092,49.210226597],[-123.241409681,49.210008697],[-123.243041985,49.209745203],[-123.250968913,49.208019108],[-123.261584607,49.205818691],[-123.2630526,49.205590787],[-123.263544781,49.205372898],[-123.263323285,49.204995496],[-123.262940509,49.205005509],[-123.262857195,49.204826012],[-123.263281718,49.204761896],[-123.263846013,49.204904406],[-123.264095397,49.205462599],[-123.2639996,49.205723286],[-123.263685606,49.20585001],[-123.261203187,49.206305798],[-123.248285194,49.209031695],[-123.246364003,49.209377801],[-123.231192898,49.21262069],[-123.228162592,49.213176198],[-123.222839085,49.214382498],[-123.214676889,49.215990395],[-123.214443884,49.216196902],[-123.214260395,49.218320387],[-123.214567589,49.219489709],[-123.214943192,49.220163305],[-123.215714786,49.22082701],[-123.216938218,49.221221495],[-123.217888697,49.221785495],[-123.218549306,49.222073188],[-123.220102309,49.222501903],[-123.220927981,49.222913498],[-123.221658589,49.223722396],[-123.223061015,49.223917599],[-123.224159807,49.223960291],[-123.224834715,49.224453097],[-123.228841409,49.226630703],[-123.229694187,49.226791611],[-123.23079431,49.227238805],[-123.232392089,49.228279902],[-123.233250598,49.229348113],[-123.233456505,49.229446293],[-123.23440539,49.229580191],[-123.235781778,49.230332197],[-123.236552209,49.230599895],[-123.238661401,49.23200849],[-123.239309108,49.232538304],[-123.239709012,49.233005388],[-123.240123376,49.233220496],[-123.240948303,49.233388489],[-123.241567196,49.233738897],[-123.242437408,49.234852593],[-123.243002026,49.234922405],[-123.243745203,49.235173094],[-123.244613895,49.235782595],[-123.244904786,49.236276806],[-123.245137285,49.236393591],[-123.245908907,49.236517484],[-123.246375912,49.236678498],[-123.24706742,49.237819297],[-123.247343707,49.238035697],[-123.247920816,49.238141099],[-123.248721307,49.238598311],[-123.249481803,49.239541097],[-123.250142098,49.239818807],[-123.251392612,49.239986904],[-123.251598604,49.240085198],[-123.253627919,49.241898204],[-123.254784993,49.242353912],[-123.255529902,49.242848105],[-123.256191916,49.243584496],[-123.259047211,49.24551139],[-123.260560593,49.246227797],[-123.263071988,49.247931106],[-123.264779604,49.248871105],[-123.267192278,49.2504491],[-123.269577785,49.251829195],[-123.271535992,49.25318219],[-123.273025877,49.253952696],[-123.27551911,49.255070703],[-123.277475596,49.256254204],[-123.279445995,49.257113005],[-123.280094797,49.257543113],[-123.279626612,49.257525995],[-123.274803681,49.254973901],[-123.272543005,49.253899994],[-123.270737512,49.25287029],[-123.269620314,49.252108399],[-123.267401421,49.250880707],[-123.2631282,49.248120587],[-123.261984783,49.247636301],[-123.260743885,49.246946993],[-123.258428291,49.245333395],[-123.257394196,49.244795013],[-123.256358486,49.244006004],[-123.252969792,49.241962305],[-123.251314885,49.241030792],[-123.250379218,49.240646306],[-123.247624597,49.238997099],[-123.247170599,49.238836113],[-123.24629862,49.237874807],[-123.245370908,49.237235331],[-123.248187865,49.248935408]]]]},"properties":{"a": "23.2006", "q": "00000", "t": "CT", "dw": "296", "hh": "291", "id": "9330150.00", "nrr": "0.375", "pop": "789", "rgid": "59", "rpid": "59933", "ruid": "5915015", "rguid": "5915"}},{"type":"Feature","geometry":{"type":"MultiPolygon","coordinates":[[[[-123.070988414,49.207550508],[-123.069240141,49.206827],[-123.068297904,49.206478479],[-123.067902122,49.205047616],[-123.06763762,49.204235251],[-123.0773876,49.201838119],[-123.079917477,49.201206942],[-123.089957864,49.198635922],[-123.091370115,49.198202817],[-123.092006059,49.19681887],[-123.091431805,49.196521704],[-123.091495986,49.194355996],[-123.09148041,49.191975494],[-123.095773993,49.191972394],[-123.102705607,49.192008608],[-123.11389471,49.192001798],[-123.118298395,49.192014203],[-123.125831138,49.200124719],[-123.121907168,49.201852725],[-123.1173221,49.203800304],[-123.117027741,49.203874611],[-123.115710804,49.204140137],[-123.113506055,49.20476096],[-123.109128538,49.204534237],[-123.101560442,49.204084495],[-123.100041221,49.204033258],[-123.097901029,49.204184456],[-123.093452078,49.204831511],[-123.091742975,49.205239615],[-123.091259594,49.205299392],[-123.088642047,49.205787389],[-123.083335275,49.206792639],[-123.080642816,49.207398675],[-123.077215096,49.208108193],[-123.076258678,49.208282214],[-123.074463287,49.208330785],[-123.073131996,49.208134778],[-123.072148464,49.207899919],[-123.070988414,49.207550508]]]]},"properties":{"a": "4.15303", "q": "00000", "t": "CT", "dw": "729", "hh": "709", "id": "9330151.03", "nrr": "0.32799999999999996", "pop": "2598", "rgid": "59", "rpid": "59933", "ruid": "5915015", "rguid": "5915"}},{"type":"Feature","geometry":{"type":"MultiPolygon","coordinates":[[[[-123.09148041,49.191975494],[-123.091513794,49.189514395],[-123.091518879,49.184567902],[-123.097808298,49.184590686],[-123.100871888,49.184574093],[-123.102750077,49.184584098],[-123.104639422,49.184570941],[-123.107525956,49.184577318],[-123.111741568,49.18738397],[-123.116412,49.190450403],[-123.117380815,49.1911069],[-123.11812051,49.191829291],[-123.118298395,49.192014203],[-123.11389471,49.192001798],[-123.102705607,49.192008608],[-123.095773993,49.191972394],[-123.09148041,49.191975494]]]]},"properties":{"a": "1.29821", "q": "00000", "t": "CT", "dw": "1227", "hh": "1180", "id": "9330151.05", "nrr": "0.349", "pop": "3915", "rgid": "59", "rpid": "59933", "ruid": "5915015", "rguid": "5915"}},{"type":"Feature","geometry":{"type":"MultiPolygon","coordinates":[[[[-123.091518879,49.184567902],[-123.080305992,49.18454111],[-123.080332503,49.18082391],[-123.080360498,49.17902381],[-123.080441606,49.178060293],[-123.080241497,49.176291003],[-123.080191108,49.17216],[-123.080333995,49.171587296],[-123.080361612,49.170340312],[-123.086898785,49.170361501],[-123.087283506,49.170896202],[-123.087975187,49.171519389],[-123.089069489,49.17228321],[-123.095671378,49.176672157],[-123.100362508,49.179812899],[-123.102298997,49.181085603],[-123.107525956,49.184577318],[-123.104639422,49.184570941],[-123.102750077,49.184584098],[-123.100871888,49.184574093],[-123.097808298,49.184590686],[-123.091518879,49.184567902]]]]},"properties":{"a": "1.91004", "q": "00000", "t": "CT", "dw": "1559", "hh": "1523", "id": "9330151.06", "nrr": "0.248", "pop": "5362", "rgid": "59", "rpid": "59933", "ruid": "5915015", "rguid": "5915"}},{"type":"Feature","geometry":{"type":"MultiPolygon","coordinates":[[[[-123.118298395,49.192014203],[-123.11812051,49.191829291],[-123.118788807,49.191669705],[-123.120277993,49.191102384],[-123.121053683,49.190934792],[-123.124550301,49.190929107],[-123.124584888,49.190703899],[-123.124867894,49.190075504],[-123.124873302,49.187771289],[-123.124842386,49.187006593],[-123.124651691,49.186143904],[-123.124637423,49.184667912],[-123.124665917,49.1817463],[-123.124655525,49.177258906],[-123.116395714,49.177230009],[-123.114002302,49.177239693],[-123.113990556,49.170096464],[-123.11933965,49.170106361],[-123.124568147,49.170092973],[-123.12468997,49.170185397],[-123.1246724,49.173949586],[-123.128007522,49.173941311],[-123.128979483,49.173876292],[-123.131545863,49.173882496],[-123.136667994,49.173910711],[-123.136698431,49.176377165],[-123.136522413,49.177342683],[-123.136520801,49.178370507],[-123.136611025,49.179398963],[-123.136570003,49.181533777],[-123.136624954,49.182511755],[-123.136570291,49.183802457],[-123.139002148,49.183957212],[-123.139699156,49.183956336],[-123.140484439,49.184169586],[-123.14103935,49.184396485],[-123.140460197,49.185593612],[-123.138675714,49.188759494],[-123.135708393,49.194541794],[-123.134649,49.196006298],[-123.133469785,49.197366006],[-123.132422891,49.198534898],[-123.130380657,49.198846105],[-123.126812078,49.19934809],[-123.125831138,49.200124719],[-123.118298395,49.192014203]]]]},"properties":{"a": "3.33782", "q": "01001", "t": "CT", "dw": "1697", "hh": "1524", "id": "9330151.07", "nrr": "0.304", "pop": "3325", "rgid": "59", "rpid": "59933", "ruid": "5915015", "rguid": "5915"}},{"type":"Feature","geometry":{"type":"MultiPolygon","coordinates":[[[[-123.107525956,49.184577318],[-123.102298997,49.181085603],[-123.100362508,49.179812899],[-123.095671378,49.176672157],[-123.089069489,49.17228321],[-123.087975187,49.171519389],[-123.087283506,49.170896202],[-123.086898785,49.170361501],[-123.09164316,49.170352827],[-123.092879327,49.170339353],[-123.095199089,49.170164115],[-123.102966527,49.170177891],[-123.102966236,49.170072489],[-123.113990556,49.170096464],[-123.114002302,49.177239693],[-123.116395714,49.177230009],[-123.124655525,49.177258906],[-123.124665917,49.1817463],[-123.124637423,49.184667912],[-123.124651691,49.186143904],[-123.124842386,49.187006593],[-123.124873302,49.187771289],[-123.124867894,49.190075504],[-123.124584888,49.190703899],[-123.124550301,49.190929107],[-123.121053683,49.190934792],[-123.120277993,49.191102384],[-123.118788807,49.191669705],[-123.11812051,49.191829291],[-123.117380815,49.1911069],[-123.116412,49.190450403],[-123.111741568,49.18738397],[-123.107525956,49.184577318]]]]},"properties":{"a": "3.30079", "q": "00001", "t": "CT", "dw": "2621", "hh": "2446", "id": "9330151.08", "nrr": "0.27", "pop": "7856", "rgid": "59", "rpid": "59933", "ruid": "5915015", "rguid": "5915"}},{"type":"Feature","geometry":{"type":"MultiPolygon","coordinates":[[[[-123.06861088,49.002061239],[-123.088359591,49.002008376],[-123.089773384,49.001919083],[-123.090758283,49.001932862],[-123.09116235,49.002591241],[-123.091471512,49.00330016],[-123.091792811,49.003865418],[-123.091985742,49.004431994],[-123.091994203,49.004697489],[-123.092396811,49.005826612],[-123.092443681,49.00623084],[-123.092424202,49.00829509],[-123.092561719,49.008843402],[-123.094019213,49.011880923],[-123.094122746,49.012627863],[-123.091583523,49.013409707],[-123.091443391,49.013025595],[-123.090805188,49.01186659],[-123.087405395,49.01186989],[-123.086007197,49.011940993],[-123.085300399,49.012056893],[-123.085437316,49.012577002],[-123.085433171,49.013540098],[-123.079685795,49.013607309],[-123.073524817,49.013689096],[-123.068762272,49.013737492],[-123.068623704,49.013768784],[-123.06866609,49.007330611],[-123.068649595,49.004461004],[-123.068687887,49.002263316],[-123.06861088,49.002061239]]]]},"properties":{"a": "2.17417", "q": "00000", "t": "CT", "dw": "1700", "hh": "1680", "id": "9330160.01", "nrr": "0.23199999999999998", "pop": "4805", "rgid": "59", "rpid": "59933", "ruid": "5915011", "rguid": "5915"}},{"type":"Feature","geometry":{"type":"MultiPolygon","coordinates":[[[[-123.052672384,49.034523401],[-123.053666414,49.033019745],[-123.054582779,49.031934807],[-123.054853476,49.031481072],[-123.055992385,49.029758084],[-123.056460977,49.028784751],[-123.056632064,49.028257854],[-123.057123398,49.027213061],[-123.0571811,49.026829016],[-123.05713565,49.026105573],[-123.056985906,49.025601573],[-123.056742446,49.025410785],[-123.056471642,49.025499041],[-123.056756016,49.026292794],[-123.056541992,49.026631697],[-123.05652549,49.027452557],[-123.056386622,49.027560404],[-123.055483205,49.026957895],[-123.055195402,49.026606196],[-123.053840191,49.025698901],[-123.053196797,49.025033812],[-123.052865187,49.024820871],[-123.052197885,49.024525068],[-123.052088385,49.024350192],[-123.051581191,49.024062494],[-123.050096242,49.023384876],[-123.049367472,49.022985409],[-123.048872851,49.022803298],[-123.047829155,49.022565185],[-123.047073622,49.022310037],[-123.045671748,49.021673723],[-123.044778611,49.021300774],[-123.044077599,49.020955514],[-123.043555705,49.020818406],[-123.042420295,49.02032358],[-123.041962313,49.020019196],[-123.040949614,49.019245809],[-123.040251794,49.018525189],[-123.039717716,49.017626496],[-123.039448751,49.016426677],[-123.039409872,49.015338222],[-123.039276599,49.014759507],[-123.039100607,49.014488155],[-123.038108159,49.013817934],[-123.037703832,49.01321592],[-123.037676609,49.012680192],[-123.037182967,49.011650203],[-123.036954159,49.011057651],[-123.036894005,49.010637901],[-123.036751842,49.010453547],[-123.03653651,49.009296255],[-123.036265379,49.008269726],[-123.035799529,49.007415783],[-123.035623376,49.006884841],[-123.035481582,49.004314395],[-123.035330509,49.002668001],[-123.035183211,49.002068259],[-123.036150108,49.002065294],[-123.037934568,49.002014079],[-123.039577573,49.002046174],[-123.054080599,49.002046869],[-123.065444683,49.002012049],[-123.067871139,49.001978945],[-123.06861088,49.002061239],[-123.068687887,49.002263316],[-123.068649595,49.004461004],[-123.06866609,49.007330611],[-123.068623704,49.013768784],[-123.068667097,49.019168609],[-123.06858678,49.019641205],[-123.0685809,49.021040501],[-123.068731106,49.021041888],[-123.068746201,49.022650806],[-123.06858239,49.022648107],[-123.068597302,49.024693999],[-123.068630803,49.027466676],[-123.068611379,49.032016638],[-123.068590811,49.033779483],[-123.068088191,49.033772062],[-123.067800508,49.033607424],[-123.067205799,49.033608306],[-123.067200171,49.034089317],[-123.06701707,49.034500633],[-123.068582366,49.034501024],[-123.068570799,49.035293663],[-123.068614363,49.038313467],[-123.066700277,49.038313847],[-123.066601365,49.036495633],[-123.065152937,49.036550656],[-123.065137329,49.034735328],[-123.060306785,49.034684704],[-123.05405088,49.034643805],[-123.052672384,49.034523401]]]]},"properties":{"a": "6.54584", "q": "00000", "t": "CT", "dw": "3215", "hh": "3124", "id": "9330160.02", "nrr": "0.258", "pop": "7014", "rgid": "59", "rpid": "59933", "ruid": "5915011", "rguid": "5915"}},{"type":"Feature","geometry":{"type":"MultiPolygon","coordinates":[[[[-123.068597302,49.024693999],[-123.06858239,49.022648107],[-123.068746201,49.022650806],[-123.068731106,49.021041888],[-123.0685809,49.021040501],[-123.06858678,49.019641205],[-123.068667097,49.019168609],[-123.068623704,49.013768784],[-123.068762272,49.013737492],[-123.073524817,49.013689096],[-123.079685795,49.013607309],[-123.085433171,49.013540098],[-123.085437316,49.012577002],[-123.085300399,49.012056893],[-123.086007197,49.011940993],[-123.087405395,49.01186989],[-123.090805188,49.01186659],[-123.091443391,49.013025595],[-123.091583523,49.013409707],[-123.094122746,49.012627863],[-123.094347202,49.013584029],[-123.094720999,49.014394776],[-123.095035758,49.014802035],[-123.095465666,49.016057522],[-123.096034298,49.016904977],[-123.096660947,49.017722257],[-123.095543494,49.017556603],[-123.093023265,49.017717868],[-123.093215753,49.018147944],[-123.094180844,49.018501212],[-123.094894052,49.018878308],[-123.095466983,49.019497575],[-123.095874546,49.019804893],[-123.097237117,49.020629616],[-123.098074327,49.020950931],[-123.098593184,49.02130856],[-123.099158304,49.021780509],[-123.099649631,49.022310926],[-123.099898727,49.022697607],[-123.100076869,49.023175032],[-123.100479997,49.023662379],[-123.100556754,49.024173335],[-123.100496842,49.024640661],[-123.099636929,49.024570049],[-123.097365759,49.024666347],[-123.096808041,49.024630413],[-123.093634259,49.02464978],[-123.09082882,49.024723192],[-123.089410195,49.024700896],[-123.071572458,49.024699528],[-123.068597302,49.024693999]]]]},"properties":{"a": "2.62945", "q": "00000", "t": "CT", "dw": "2149", "hh": "2125", "id": "9330160.03", "nrr": "0.253", "pop": "5692", "rgid": "59", "rpid": "59933", "ruid": "5915011", "rguid": "5915"}},{"type":"Feature","geometry":{"type":"MultiPolygon","coordinates":[[[[-123.068614363,49.038313467],[-123.068570799,49.035293663],[-123.068582366,49.034501024],[-123.06701707,49.034500633],[-123.067200171,49.034089317],[-123.067205799,49.033608306],[-123.067800508,49.033607424],[-123.068088191,49.033772062],[-123.068590811,49.033779483],[-123.068611379,49.032016638],[-123.068630803,49.027466676],[-123.068597302,49.024693999],[-123.071572458,49.024699528],[-123.089410195,49.024700896],[-123.09082882,49.024723192],[-123.09080761,49.026159806],[-123.090959195,49.032110244],[-123.079701911,49.037516393],[-123.070904384,49.041781109],[-123.070772403,49.041791884],[-123.068691614,49.042811022],[-123.068649988,49.042407115],[-123.068614363,49.038313467]]]]},"properties":{"a": "2.32708", "q": "01000", "t": "CT", "dw": "1659", "hh": "1598", "id": "9330160.04", "nrr": "0.28600000000000003", "pop": "3670", "rgid": "59", "rpid": "59933", "ruid": "5915011", "rguid": "5915"}},{"type":"Feature","geometry":{"type":"MultiPolygon","coordinates":[[[[-122.892405405,49.08727179],[-122.89314481,49.087083811],[-122.894829209,49.0873373],[-122.895266516,49.0875623],[-122.8953885,49.087922588],[-122.89475799,49.088335697],[-122.894046416,49.088550702],[-122.892593992,49.088764401],[-122.890592286,49.089213008],[-122.890214581,49.089195167],[-122.890179384,49.087874663],[-122.890431594,49.087664905],[-122.891253686,49.087476907],[-122.891474486,49.087324505],[-122.892405405,49.08727179]]],[[[-122.92381432,49.119001285],[-122.924648194,49.119012211],[-122.926092396,49.119376982],[-122.926711776,49.119455028],[-122.926343517,49.118912899],[-122.925805069,49.11829382],[-122.925328215,49.117840466],[-122.924703939,49.117338776],[-122.923974963,49.116867396],[-122.92274073,49.116228382],[-122.921493525,49.115724125],[-122.920311071,49.115379412],[-122.913562762,49.11416776],[-122.911420699,49.113529577],[-122.910327953,49.113135052],[-122.908876318,49.112474296],[-122.908075897,49.1120305],[-122.906992217,49.111356861],[-122.905643841,49.110298075],[-122.90462287,49.109279312],[-122.904169899,49.108698593],[-122.903640469,49.107887705],[-122.900268276,49.102490396],[-122.900382704,49.10237659],[-122.897611889,49.097890358],[-122.897607329,49.098212982],[-122.893993493,49.092306306],[-122.890539349,49.092095384],[-122.890392214,49.09144119],[-122.890655911,49.091470388],[-122.892313913,49.09115699],[-122.893247111,49.090375094],[-122.895015395,49.089675794],[-122.895386386,49.089594691],[-122.897166605,49.089524897],[-122.897976117,49.089309805],[-122.898798486,49.088940998],[-122.899155806,49.088473785],[-122.8990874,49.088050795],[-122.899404692,49.087025391],[-122.900035298,49.086018496],[-122.900762584,49.085317801],[-122.901216289,49.08518391],[-122.901694392,49.085229492],[-122.902570991,49.084977412],[-122.902640486,49.084906197],[-122.902148786,49.084410494],[-122.902477482,49.084176997],[-122.903011311,49.084141402],[-122.903763411,49.084457493],[-122.904297383,49.084834996],[-122.904940286,49.085042893],[-122.905489614,49.085096998],[-122.906858497,49.085008709],[-122.908640389,49.084631314],[-122.91073561,49.083896385],[-122.910983306,49.08367139],[-122.911269813,49.083698396],[-122.911436609,49.083365205],[-122.912285115,49.083285397],[-122.912668413,49.083412198],[-122.913091817,49.083420698],[-122.913037586,49.083303902],[-122.913257689,49.082953595],[-122.913682289,49.082674395],[-122.914368194,49.082702892],[-122.915902401,49.082227188],[-122.917134596,49.082299904],[-122.917695201,49.082191587],[-122.920176403,49.081240298],[-122.921025301,49.080998088],[-122.921382893,49.080691897],[-122.922286504,49.080539499],[-122.923684293,49.079938509],[-122.924574789,49.079650804],[-122.924725014,49.079210806],[-122.925301312,49.079417309],[-122.92694539,49.078860407],[-122.929725,49.078106986],[-122.934615808,49.076642908],[-122.935931716,49.076311104],[-122.939779796,49.075540611],[-122.942340117,49.074831295],[-122.945957686,49.073609295],[-122.948833708,49.072944188],[-122.951887497,49.072388788],[-122.956105019,49.071490102],[-122.958118282,49.071203797],[-122.959280908,49.070843505],[-122.961787194,49.070701094],[-122.965703105,49.070018909],[-122.967991289,49.069802406],[-122.969578508,49.069335287],[-122.972412994,49.068824],[-122.975725893,49.06801501],[-122.977026797,49.06784411],[-122.979505322,49.067764402],[-122.981723014,49.067368494],[-122.984161193,49.067170507],[-122.985488917,49.066892794],[-122.990924297,49.066055315],[-122.992347198,49.065687899],[-122.9946888,49.065427312],[-122.996072115,49.065004294],[-122.997139888,49.064562795],[-122.998479587,49.064203906],[-122.999054903,49.064193908],[-123.000561991,49.063654099],[-123.001014093,49.063654112],[-123.001766508,49.063807899],[-123.003259009,49.063798002],[-123.003968982,49.063735297],[-123.005120494,49.063510309],[-123.006393689,49.063402],[-123.008077115,49.063366405],[-123.010691389,49.062674306],[-123.011785391,49.06248479],[-123.012524414,49.062251302],[-123.012539284,49.061863905],[-123.012758689,49.061728591],[-123.013305815,49.061684398],[-123.013662005,49.061297104],[-123.014029888,49.061224394],[-123.014468099,49.061395299],[-123.015112703,49.06137819],[-123.016371816,49.060955205],[-123.01657739,49.060342814],[-123.017494601,49.060576399],[-123.017712001,49.059928408],[-123.018520479,49.0598757],[-123.018847813,49.059146498],[-123.019519298,49.05889439],[-123.019313496,49.058121095],[-123.019272407,49.057005912],[-123.019777511,49.056654106],[-123.020340296,49.057068601],[-123.020408505,49.058200792],[-123.020627801,49.058363186],[-123.021518092,49.058650914],[-123.022202686,49.059117994],[-123.022475298,49.059199214],[-123.022735193,49.059117994],[-123.023050295,49.058767713],[-123.023420593,49.058713504],[-123.023118385,49.057346293],[-123.023090708,49.0565544],[-123.023967705,49.056537311],[-123.024829709,49.056760887],[-123.024937482,49.056446202],[-123.0245692,49.055897893],[-123.025293812,49.055429307],[-123.025922589,49.054772709],[-123.026140901,49.05438681],[-123.026375279,49.054233],[-123.026934607,49.054295602],[-123.027114908,49.054943686],[-123.027441791,49.055024792],[-123.029057596,49.055041909],[-123.02982431,49.054052098],[-123.030986714,49.0539168],[-123.03126059,49.053683192],[-123.030999494,49.053126413],[-123.03108131,49.052649302],[-123.030794891,49.052207702],[-123.031861715,49.0522533],[-123.032011913,49.052207695],[-123.032203995,49.051622408],[-123.0324359,49.051461488],[-123.033242995,49.051290607],[-123.033804319,49.050686703],[-123.034486715,49.049669808],[-123.035062383,49.049184194],[-123.035336007,49.049346492],[-123.035308413,49.050057197],[-123.03426929,49.051101114],[-123.034174999,49.051388797],[-123.034365102,49.051470007],[-123.035555782,49.050686701],[-123.036308506,49.050398986],[-123.037032405,49.050003097],[-123.0380593,49.049740992],[-123.039728305,49.048859385],[-123.039851008,49.048643007],[-123.039481781,49.048246998],[-123.039713999,49.047626093],[-123.039371785,49.0472401],[-123.039344203,49.046817105],[-123.039986601,49.046573586],[-123.040425298,49.046735906],[-123.041834191,49.046681797],[-123.042285309,49.046852686],[-123.04283351,49.046546505],[-123.043107283,49.046546506],[-123.04447619,49.0467801],[-123.045008917,49.047336899],[-123.045638698,49.047363996],[-123.045939994,49.04723731],[-123.045966999,49.046968094],[-123.045555001,49.046032403],[-123.045595992,49.045411398],[-123.046060801,49.044808989],[-123.047428903,49.043846202],[-123.048809706,49.042684098],[-123.050571999,49.040551999],[-123.05072349,49.040093406],[-123.050749492,49.0389412],[-123.050980792,49.038672114],[-123.051281804,49.037555492],[-123.05132108,49.036854802],[-123.052672384,49.034523401],[-123.05405088,49.034643805],[-123.060306785,49.034684704],[-123.065137329,49.034735328],[-123.065152937,49.036550656],[-123.066601365,49.036495633],[-123.066700277,49.038313847],[-123.068614363,49.038313467],[-123.068649988,49.042407115],[-123.068691614,49.042811022],[-123.070772403,49.041791884],[-123.070904384,49.041781109],[-123.079701911,49.037516393],[-123.090959195,49.032110244],[-123.09080761,49.026159806],[-123.09082882,49.024723192],[-123.093634259,49.02464978],[-123.096808041,49.024630413],[-123.097365759,49.024666347],[-123.099636929,49.024570049],[-123.100496842,49.024640661],[-123.100556754,49.024173335],[-123.100479997,49.023662379],[-123.100076869,49.023175032],[-123.099898727,49.022697607],[-123.099649631,49.022310926],[-123.099158304,49.021780509],[-123.098593184,49.02130856],[-123.098074327,49.020950931],[-123.097237117,49.020629616],[-123.095874546,49.019804893],[-123.095466983,49.019497575],[-123.094894052,49.018878308],[-123.094180844,49.018501212],[-123.093215753,49.018147944],[-123.093023265,49.017717868],[-123.095543494,49.017556603],[-123.096660947,49.017722257],[-123.096859704,49.01800681],[-123.09801129,49.01939969],[-123.099449009,49.020684301],[-123.100217609,49.021197004],[-123.100245694,49.021592908],[-123.100669791,49.022051516],[-123.101903411,49.022850495],[-123.102450887,49.023102607],[-123.103024779,49.023244993],[-123.1051037,49.023270698],[-123.105474123,49.023189504],[-123.106525287,49.022612705],[-123.109447898,49.020586013],[-123.111919494,49.018622005],[-123.115087608,49.016549797],[-123.115865104,49.015739401],[-123.116670386,49.015253793],[-123.117546323,49.014902001],[-123.118310795,49.014442009],[-123.119454699,49.013127407],[-123.121000091,49.012423901],[-123.122419098,49.011397005],[-123.123033116,49.010776103],[-123.123331708,49.009930106],[-123.123589817,49.009561201],[-123.126279401,49.007516105],[-123.126702593,49.007264014],[-123.128548114,49.006785409],[-123.128848694,49.006568992],[-123.129394984,49.006559002],[-123.129749912,49.0064593],[-123.130295596,49.00617159],[-123.132438613,49.004584993],[-123.132670099,49.004639202],[-123.13104822,49.005864001],[-123.131020606,49.005972197],[-123.132978591,49.007265399],[-123.132678609,49.00747329],[-123.132199611,49.007536006],[-123.131763795,49.007825102],[-123.131120883,49.0077539],[-123.129644619,49.0080516],[-123.1279918,49.0090699],[-123.127106607,49.009773384],[-123.126396098,49.010494113],[-123.125604101,49.01099821],[-123.123978707,49.011441209],[-123.123036689,49.011926808],[-123.117425304,49.015990102],[-123.114447587,49.017999693],[-123.114297817,49.018233206],[-123.11240052,49.019449507],[-123.108521289,49.022152706],[-123.107769597,49.022530106],[-123.107484015,49.022908893],[-123.106908983,49.023413097],[-123.106390291,49.023683691],[-123.102251788,49.026493592],[-123.101992601,49.026898111],[-123.101599402,49.028500387],[-123.100780185,49.029733701],[-123.100727807,49.030390284],[-123.101100292,49.032341505],[-123.100705413,49.032891189],[-123.100240819,49.033241605],[-123.098968912,49.033503596],[-123.098682502,49.034268387],[-123.098109398,49.03509731],[-123.098043602,49.035879204],[-123.098249224,49.036329204],[-123.098264018,49.036635395],[-123.09849669,49.036985795],[-123.098770414,49.037200903],[-123.099071794,49.037273508],[-123.099400491,49.037596796],[-123.099401592,49.037300515],[-123.098688794,49.036950196],[-123.098303408,49.035816511],[-123.098315705,49.035195584],[-123.098820601,49.034583207],[-123.099050682,49.033674496],[-123.099324391,49.033557694],[-123.100117691,49.033530701],[-123.100092298,49.03369161],[-123.099297814,49.033962199],[-123.099203803,49.034826687],[-123.099889881,49.035185595],[-123.101640705,49.035778112],[-123.1020809,49.036047212],[-123.104914208,49.037178097],[-123.1070649,49.038264687],[-123.10753158,49.038884293],[-123.107725363,49.039511079],[-123.10827693,49.040032275],[-123.109056927,49.041746675],[-123.109057985,49.042184197],[-123.109278213,49.042571489],[-123.109346108,49.043201009],[-123.111583185,49.046184808],[-123.111613523,49.047030703],[-123.112463008,49.047650299],[-123.114969504,49.048305397],[-123.116653391,49.048339606],[-123.118912812,49.048858007],[-123.120404602,49.049721091],[-123.121802079,49.049890601],[-123.122528085,49.049844997],[-123.123114006,49.049574413],[-123.124810108,49.048393684],[-123.125492694,49.047735708],[-123.126461396,49.047177398],[-123.127690785,49.046150607],[-123.129440194,49.045005492],[-123.131091013,49.043699501],[-123.13219859,49.043141202],[-123.133030804,49.042412002],[-123.1339475,49.041762612],[-123.135380286,49.040933695],[-123.136527815,49.039950996],[-123.138058387,49.038978306],[-123.139859076,49.037528397],[-123.14144431,49.036626891],[-123.143642995,49.03499481],[-123.145048821,49.033797],[-123.150168394,49.03025499],[-123.1522543,49.02818419],[-123.154190886,49.026040791],[-123.155540996,49.024743298],[-123.156058991,49.024076805],[-123.156646306,49.023652397],[-123.156669587,49.022762192],[-123.156490611,49.022159797],[-123.156230089,49.021800893],[-123.154229707,49.020895099],[-123.154010801,49.020868004],[-123.153681901,49.020526206],[-123.152804301,49.02019439],[-123.152680691,49.020050492],[-123.151740907,49.020970606],[-123.15163019,49.020808201],[-123.151889391,49.0204294],[-123.152284297,49.020079002],[-123.152256494,49.019727207],[-123.157545602,49.014188505],[-123.158228083,49.013692899],[-123.158993409,49.0135932],[-123.160169217,49.013662906],[-123.163358409,49.014396399],[-123.166452095,49.015605593],[-123.167534213,49.01581211],[-123.168711886,49.016169604],[-123.169604017,49.016932899],[-123.171877378,49.0178473],[-123.172056699,49.018305908],[-123.17185298,49.018701793],[-123.170245102,49.020655793],[-123.169074902,49.022268012],[-123.166811604,49.024682109],[-123.165828817,49.025133498],[-123.165540802,49.0251962],[-123.164186498,49.02512639],[-123.163818291,49.025253211],[-123.163448897,49.025038114],[-123.162762405,49.024822993],[-123.161352197,49.02415939],[-123.160941584,49.024042602],[-123.159628621,49.024071105],[-123.15865849,49.024405794],[-123.158127205,49.02483869],[-123.157253289,49.025901213],[-123.156448392,49.026549213],[-123.15441699,49.028846405],[-123.153721389,49.029342101],[-123.152726994,49.030485716],[-123.151334892,49.031459901],[-123.150448289,49.032234609],[-123.149532588,49.0327203],[-123.147769978,49.033937998],[-123.146473708,49.034983403],[-123.145231405,49.035749612],[-123.144126608,49.036658205],[-123.143661091,49.036938791],[-123.1431159,49.037524194],[-123.142296204,49.03790299],[-123.140165003,49.039327185],[-123.138690713,49.040443801],[-123.135549012,49.042498902],[-123.134348381,49.043453097],[-123.132135282,49.044939993],[-123.131138391,49.04596691],[-123.130645891,49.046075115],[-123.1300175,49.046408404],[-123.126930584,49.048571693],[-123.126384914,49.049120103],[-123.123816503,49.050804908],[-123.123802915,49.0510214],[-123.123981391,49.051254905],[-123.124749714,49.051695008],[-123.127419915,49.052565193],[-123.128049291,49.05286149],[-123.129172986,49.053174806],[-123.130090067,49.053565564],[-123.130068629,49.054112182],[-123.130549193,49.054231216],[-123.131005868,49.053955721],[-123.131803606,49.054295604],[-123.135515815,49.055452098],[-123.137571308,49.056367889],[-123.139216177,49.057381898],[-123.141627709,49.058242091],[-123.144013708,49.05923759],[-123.145383604,49.059955397],[-123.146330484,49.060827097],[-123.146796591,49.061131811],[-123.149250297,49.062127393],[-123.151346102,49.062584502],[-123.152771903,49.0627626],[-123.154141299,49.063038908],[-123.157786905,49.064472993],[-123.158007286,49.064725102],[-123.1582973,49.065632299],[-123.158284812,49.066100907],[-123.157931486,49.066784493],[-123.157549394,49.067154815],[-123.156715799,49.067569298],[-123.156868509,49.068272804],[-123.156384003,49.068935099],[-123.156125392,49.069533306],[-123.156028908,49.070223996],[-123.155642796,49.070877702],[-123.155799301,49.071635391],[-123.156589882,49.072648],[-123.157404075,49.073199195],[-123.158650794,49.073818703],[-123.159815511,49.074240301],[-123.161172393,49.074471014],[-123.163488316,49.075178805],[-123.163915689,49.075483606],[-123.164012193,49.075906611],[-123.164686394,49.077111493],[-123.164741901,49.077318009],[-123.165031319,49.077560101],[-123.165510296,49.077505993],[-123.16689159,49.077125692],[-123.16778198,49.077097201],[-123.168891515,49.077266694],[-123.16971352,49.077634198],[-123.170126819,49.078236601],[-123.170556912,49.079791806],[-123.170804087,49.0802063],[-123.172532609,49.080995288],[-123.173629482,49.081406892],[-123.175289286,49.082285601],[-123.176015919,49.082573299],[-123.177127911,49.082886599],[-123.178705014,49.083621501],[-123.179254294,49.084097215],[-123.179474817,49.084501699],[-123.179429022,49.087271805],[-123.179202597,49.08897229],[-123.179768874,49.090375095],[-123.179923294,49.09124821],[-123.180157205,49.091705309],[-123.18069451,49.092361905],[-123.181122721,49.093170906],[-123.18093442,49.094088002],[-123.180538713,49.094539494],[-123.180374219,49.094583698],[-123.18053901,49.094854301],[-123.181184086,49.094924091],[-123.183156005,49.094948299],[-123.185144504,49.095691699],[-123.186028105,49.097255487],[-123.186454205,49.097749705],[-123.186509605,49.098154198],[-123.18837071,49.10130879],[-123.1883056,49.101867107],[-123.187827912,49.1022189],[-123.186279981,49.102445299],[-123.185376386,49.102663194],[-123.184294202,49.102737312],[-123.183787705,49.102926704],[-123.18352859,49.103170211],[-123.183325907,49.103737089],[-123.183340295,49.103989203],[-123.185684215,49.104660001],[-123.18620621,49.104937696],[-123.186853877,49.105736694],[-123.187039698,49.10795841],[-123.187165399,49.108677696],[-123.187101415,49.109542109],[-123.187828395,49.11013459],[-123.188891076,49.111752496],[-123.190259217,49.114628004],[-123.19099539,49.118870908],[-123.187685696,49.11824791],[-123.173168146,49.114737364],[-123.156887788,49.1107973],[-123.153679397,49.110112091],[-123.148873487,49.109310004],[-123.145292373,49.108915092],[-123.140139478,49.103463958],[-123.126756787,49.088672677],[-123.125775107,49.088050771],[-123.124794336,49.087744615],[-123.123668851,49.087493726],[-123.121115989,49.086846399],[-123.118449108,49.086831797],[-123.116309548,49.086724933],[-123.11317197,49.086464753],[-123.109358354,49.086444486],[-123.106233872,49.086861169],[-123.106755329,49.085840271],[-123.106735207,49.085150839],[-123.104521896,49.085851051],[-123.104547196,49.08559298],[-123.099689516,49.083917457],[-123.095254415,49.082334494],[-123.090949101,49.082409784],[-123.090494454,49.082370187],[-123.090595056,49.080045162],[-123.090519508,49.079656414],[-123.087140892,49.079794194],[-123.07888757,49.079605188],[-123.078383348,49.079226514],[-123.07827431,49.0793973],[-123.078260699,49.079810405],[-123.077876824,49.080341603],[-123.077371892,49.081385497],[-123.077263411,49.081970909],[-123.077264696,49.082815407],[-123.077390614,49.08307171],[-123.07447351,49.083045113],[-123.074298631,49.083066357],[-123.068803516,49.082962688],[-123.065410095,49.082954803],[-123.063081396,49.082927357],[-123.059652403,49.083178504],[-123.057011149,49.082889637],[-123.056552861,49.082864247],[-123.055261621,49.083145702],[-123.051157689,49.083118697],[-123.046962975,49.083105865],[-123.046295858,49.083134521],[-123.046278902,49.08496463],[-123.044757647,49.084967791],[-123.041833402,49.085111389],[-123.040443563,49.085237895],[-123.040439828,49.085704299],[-123.035974467,49.086257227],[-123.036013324,49.090131669],[-123.040406193,49.090147591],[-123.046243328,49.090134273],[-123.046249912,49.091109293],[-123.046220195,49.093088998],[-123.046243684,49.094165626],[-123.048134795,49.094247603],[-123.049216086,49.094417004],[-123.049559577,49.094560897],[-123.05058639,49.094579397],[-123.053339384,49.095090701],[-123.055285813,49.0955749],[-123.057285948,49.096242669],[-123.057343299,49.10411141],[-123.0573459,49.105371099],[-123.057180504,49.106102698],[-123.05679439,49.106621913],[-123.055537503,49.107769506],[-123.060952408,49.110226904],[-123.061573194,49.110588003],[-123.064716908,49.113110993],[-123.075482662,49.121802948],[-123.075014603,49.121969805],[-123.07077191,49.123965111],[-123.064503382,49.127810196],[-123.061931777,49.129226796],[-123.056345615,49.132047699],[-123.054228904,49.133272499],[-123.052602609,49.134452399],[-123.050995003,49.135998297],[-123.050045308,49.137136185],[-123.045838616,49.141132495],[-123.043958218,49.142488402],[-123.041730098,49.143990891],[-123.038771314,49.145341093],[-123.034392294,49.146684196],[-123.02987429,49.147709611],[-123.016985297,49.150315207],[-123.004073402,49.152430787],[-122.999556679,49.1535274],[-122.995480198,49.154492994],[-122.988640818,49.155737801],[-122.987397592,49.159118911],[-122.985743197,49.160473302],[-122.985222319,49.161023002],[-122.984850705,49.161688096],[-122.983740112,49.1628205],[-122.983131486,49.163204405],[-122.982230596,49.163597609],[-122.981789253,49.163710184],[-122.97882271,49.164466807],[-122.975674099,49.165374008],[-122.973637306,49.166044791],[-122.969194508,49.166933493],[-122.966122405,49.16775669],[-122.965685786,49.167970305],[-122.964697206,49.168564196],[-122.963939207,49.169173786],[-122.963544398,49.169791906],[-122.962310087,49.171055203],[-122.961723806,49.171869811],[-122.960286199,49.17325561],[-122.958281999,49.174399492],[-122.957638607,49.174843601],[-122.956908841,49.175171881],[-122.955370082,49.175705501],[-122.954391396,49.176004305],[-122.952058696,49.176495588],[-122.949753891,49.177169298],[-122.947381206,49.178048009],[-122.946124506,49.178630512],[-122.943243784,49.179611795],[-122.939494101,49.181187003],[-122.938159615,49.181601406],[-122.936134514,49.182757909],[-122.935384713,49.183848809],[-122.933960915,49.185126396],[-122.932674684,49.186100499],[-122.930888293,49.186648802],[-122.929415592,49.187231312],[-122.927175779,49.188578601],[-122.924976399,49.190173809],[-122.924461215,49.190686501],[-122.924025805,49.190912905],[-122.923308094,49.191478305],[-122.922357297,49.192475304],[-122.920967992,49.193556306],[-122.920721895,49.193930807],[-122.9199724,49.194688724],[-122.912196199,49.194062608],[-122.914611519,49.191355802],[-122.916151983,49.189346304],[-122.919359587,49.184354397],[-122.920119889,49.183374601],[-122.923325768,49.177210258],[-122.926068303,49.171935365],[-122.927427201,49.169702801],[-122.92799121,49.169084294],[-122.928914098,49.168396213],[-122.933749099,49.165576189],[-122.938731008,49.162341904],[-122.939184602,49.162091201],[-122.941169201,49.160617598],[-122.94182098,49.160241426],[-122.941182656,49.159283205],[-122.939884246,49.157926364],[-122.940237011,49.157202788],[-122.940457354,49.15640811],[-122.940459325,49.155492181],[-122.939720812,49.154051272],[-122.938604222,49.152793363],[-122.937996867,49.152338015],[-122.936811484,49.151559539],[-122.934901977,49.150408696],[-122.933426503,49.149378536],[-122.92568424,49.144136009],[-122.92443634,49.143221975],[-122.923971379,49.142841843],[-122.923443698,49.142422039],[-122.922448809,49.141532693],[-122.921494223,49.1404559],[-122.919803112,49.137971872],[-122.919357201,49.13693871],[-122.919160434,49.136226113],[-122.919032138,49.135486749],[-122.919353678,49.133930547],[-122.919861329,49.13154329],[-122.920403607,49.129433284],[-122.920407796,49.12917926],[-122.921062653,49.127753358],[-122.921445368,49.127018847],[-122.922657481,49.125122679],[-122.923431142,49.124004625],[-122.923940551,49.123077838],[-122.924293115,49.122238468],[-122.924538041,49.120994791],[-122.924167078,49.119671752],[-122.92381432,49.119001285]]]]},"properties":{"a": "157.31286", "q": "01001", "t": "CT", "dw": "1198", "hh": "1115", "id": "9330161.01", "nrr": "0.35200000000000004", "pop": "3263", "rgid": "59", "rpid": "59933", "ruid": "5915011", "rguid": "5915"}},{"type":"Feature","geometry":{"type":"MultiPolygon","coordinates":[[[[-123.082618508,49.09054389],[-123.082032293,49.090025281],[-123.080586055,49.088860637],[-123.079325105,49.08740551],[-123.07918021,49.086987118],[-123.079239387,49.085737189],[-123.079084014,49.0851392],[-123.07806131,49.083333796],[-123.077962396,49.083078796],[-123.077390614,49.08307171],[-123.077264696,49.082815407],[-123.077263411,49.081970909],[-123.077371892,49.081385497],[-123.077876824,49.080341603],[-123.078260699,49.079810405],[-123.07827431,49.0793973],[-123.078383348,49.079226514],[-123.07888757,49.079605188],[-123.087140892,49.079794194],[-123.090519508,49.079656414],[-123.090595056,49.080045162],[-123.090494454,49.082370187],[-123.090949101,49.082409784],[-123.095254415,49.082334494],[-123.099689516,49.083917457],[-123.104547196,49.08559298],[-123.104521896,49.085851051],[-123.106735207,49.085150839],[-123.106755329,49.085840271],[-123.106233872,49.086861169],[-123.1023856,49.087468367],[-123.100251606,49.088006616],[-123.098660682,49.088625056],[-123.097662744,49.089286142],[-123.096646429,49.090136444],[-123.094708373,49.090029412],[-123.09217962,49.090985654],[-123.089189963,49.092774534],[-123.087568626,49.093482679],[-123.086081009,49.093562114],[-123.08597355,49.09309736],[-123.084237801,49.091919514],[-123.082618508,49.09054389]]]]},"properties":{"a": "1.82669", "q": "00000", "t": "CT", "dw": "2365", "hh": "2312", "id": "9330161.02", "nrr": "0.263", "pop": "5589", "rgid": "59", "rpid": "59933", "ruid": "5915011", "rguid": "5915"}},{"type":"Feature","geometry":{"type":"MultiPolygon","coordinates":[[[[-123.075847194,49.09022119],[-123.072347498,49.090219597],[-123.06556274,49.09019946],[-123.065425769,49.090244382],[-123.057061025,49.090231006],[-123.054403896,49.090216777],[-123.050982021,49.090217543],[-123.050834828,49.090164849],[-123.046243328,49.090134273],[-123.040406193,49.090147591],[-123.036013324,49.090131669],[-123.035974467,49.086257227],[-123.040439828,49.085704299],[-123.040443563,49.085237895],[-123.041833402,49.085111389],[-123.044757647,49.084967791],[-123.046278902,49.08496463],[-123.046295858,49.083134521],[-123.046962975,49.083105865],[-123.051157689,49.083118697],[-123.055261621,49.083145702],[-123.056552861,49.082864247],[-123.057011149,49.082889637],[-123.059652403,49.083178504],[-123.063081396,49.082927357],[-123.065410095,49.082954803],[-123.068803516,49.082962688],[-123.074298631,49.083066357],[-123.07447351,49.083045113],[-123.077390614,49.08307171],[-123.077962396,49.083078796],[-123.07806131,49.083333796],[-123.079084014,49.0851392],[-123.079239387,49.085737189],[-123.07918021,49.086987118],[-123.079325105,49.08740551],[-123.080586055,49.088860637],[-123.082032293,49.090025281],[-123.082618508,49.09054389],[-123.08140418,49.090228028],[-123.080991595,49.09025201],[-123.075847194,49.09022119]]]]},"properties":{"a": "2.33244", "q": "00000", "t": "CT", "dw": "2439", "hh": "2410", "id": "9330161.03", "nrr": "0.24", "pop": "6500", "rgid": "59", "rpid": "59933", "ruid": "5915011", "rguid": "5915"}},{"type":"Feature","geometry":{"type":"MultiPolygon","coordinates":[[[[-123.057285948,49.096242669],[-123.055285813,49.0955749],[-123.053339384,49.095090701],[-123.05058639,49.094579397],[-123.049559577,49.094560897],[-123.049216086,49.094417004],[-123.048134795,49.094247603],[-123.046243684,49.094165626],[-123.046220195,49.093088998],[-123.046249912,49.091109293],[-123.046243328,49.090134273],[-123.050834828,49.090164849],[-123.050982021,49.090217543],[-123.054403896,49.090216777],[-123.057061025,49.090231006],[-123.065425769,49.090244382],[-123.06556274,49.09019946],[-123.072347498,49.090219597],[-123.075847194,49.09022119],[-123.075780092,49.094886492],[-123.075881108,49.094912708],[-123.074577216,49.095950313],[-123.069300989,49.100025898],[-123.068578189,49.099525091],[-123.067017859,49.100493343],[-123.065277492,49.099357614],[-123.064551207,49.099069898],[-123.064181,49.098790792],[-123.062179087,49.097956203],[-123.059834683,49.097138693],[-123.058163792,49.096455096],[-123.057285948,49.096242669]]]]},"properties":{"a": "1.61132", "q": "00000", "t": "CT", "dw": "2017", "hh": "1992", "id": "9330161.05", "nrr": "0.24", "pop": "5753", "rgid": "59", "rpid": "59933", "ruid": "5915011", "rguid": "5915"}},{"type":"Feature","geometry":{"type":"MultiPolygon","coordinates":[[[[-123.057285948,49.096242669],[-123.058163792,49.096455096],[-123.059834683,49.097138693],[-123.062179087,49.097956203],[-123.064181,49.098790792],[-123.064551207,49.099069898],[-123.065277492,49.099357614],[-123.067017859,49.100493343],[-123.068578189,49.099525091],[-123.069300989,49.100025898],[-123.074577216,49.095950313],[-123.075881108,49.094912708],[-123.075780092,49.094886492],[-123.075847194,49.09022119],[-123.080991595,49.09025201],[-123.08140418,49.090228028],[-123.082618508,49.09054389],[-123.084237801,49.091919514],[-123.08597355,49.09309736],[-123.086081009,49.093562114],[-123.087568626,49.093482679],[-123.089189963,49.092774534],[-123.09217962,49.090985654],[-123.094708373,49.090029412],[-123.096646429,49.090136444],[-123.095391489,49.093118074],[-123.094289249,49.095643558],[-123.093403513,49.097724785],[-123.092872031,49.098897577],[-123.090732829,49.103424209],[-123.086849251,49.110531551],[-123.085836627,49.118110655],[-123.085270902,49.118229813],[-123.078437894,49.120749289],[-123.075482662,49.121802948],[-123.064716908,49.113110993],[-123.061573194,49.110588003],[-123.060952408,49.110226904],[-123.055537503,49.107769506],[-123.05679439,49.106621913],[-123.057180504,49.106102698],[-123.0573459,49.105371099],[-123.057343299,49.10411141],[-123.057285948,49.096242669]]]]},"properties":{"a": "5.8088", "q": "00001", "t": "CT", "dw": "1767", "hh": "1738", "id": "9330161.06", "nrr": "0.21", "pop": "4362", "rgid": "59", "rpid": "59933", "ruid": "5915011", "rguid": "5915"}},{"type":"Feature","geometry":{"type":"MultiPolygon","coordinates":[[[[-122.890296886,49.134072086],[-122.890285481,49.126719231],[-122.890280224,49.12300583],[-122.890342885,49.11938271],[-122.891595251,49.119396382],[-122.891794963,49.119339087],[-122.8959817,49.119407682],[-122.895993411,49.120915486],[-122.895984512,49.123411202],[-122.895804616,49.123808791],[-122.8952537,49.124099196],[-122.894908083,49.124145993],[-122.89489939,49.125673107],[-122.896415573,49.125676302],[-122.897012496,49.125723208],[-122.898921387,49.126063002],[-122.899288623,49.126205108],[-122.900846181,49.127027602],[-122.901317687,49.127209688],[-122.904438813,49.128275405],[-122.906188187,49.128852913],[-122.909975816,49.129435716],[-122.911741589,49.129292714],[-122.912048901,49.129203305],[-122.915527389,49.127053192],[-122.915963999,49.126603494],[-122.916383889,49.126365898],[-122.919710981,49.124634004],[-122.919990803,49.124234697],[-122.919992491,49.121828992],[-122.919974223,49.11922899],[-122.920742006,49.119196897],[-122.922071903,49.118990805],[-122.92381432,49.119001285],[-122.924167078,49.119671752],[-122.924538041,49.120994791],[-122.924293115,49.122238468],[-122.923940551,49.123077838],[-122.923431142,49.124004625],[-122.922657481,49.125122679],[-122.921445368,49.127018847],[-122.921062653,49.127753358],[-122.920407796,49.12917926],[-122.920403607,49.129433284],[-122.919861329,49.13154329],[-122.919353678,49.133930547],[-122.917347589,49.133904489],[-122.914196491,49.133839397],[-122.908397893,49.133905411],[-122.904381999,49.13392691],[-122.893649238,49.134036486],[-122.891172112,49.134035196],[-122.890296886,49.134072086]]]]},"properties":{"a": "2.15455", "q": "00000", "t": "CT", "dw": "1857", "hh": "1843", "id": "9330162.01", "nrr": "0.196", "pop": "5852", "rgid": "59", "rpid": "59933", "ruid": "5915011", "rguid": "5915"}},{"type":"Feature","geometry":{"type":"MultiPolygon","coordinates":[[[[-122.904167295,49.148621801],[-122.904192507,49.1476872],[-122.904215981,49.144843402],[-122.904273982,49.143147593],[-122.904340203,49.139393103],[-122.904337407,49.13859109],[-122.904381999,49.13392691],[-122.908397893,49.133905411],[-122.914196491,49.133839397],[-122.917347589,49.133904489],[-122.919353678,49.133930547],[-122.919032138,49.135486749],[-122.919160434,49.136226113],[-122.919357201,49.13693871],[-122.919803112,49.137971872],[-122.921494223,49.1404559],[-122.922448809,49.141532693],[-122.923443698,49.142422039],[-122.923971379,49.142841843],[-122.923641989,49.143313996],[-122.923518817,49.1444257],[-122.923654214,49.144927902],[-122.923626208,49.148459909],[-122.918232515,49.148427198],[-122.917554511,49.148462708],[-122.91253049,49.148641309],[-122.911390502,49.148658105],[-122.904167295,49.148621801]]]]},"properties":{"a": "2.07882", "q": "00000", "t": "CT", "dw": "2063", "hh": "1996", "id": "9330162.02", "nrr": "0.252", "pop": "6372", "rgid": "59", "rpid": "59933", "ruid": "5915011", "rguid": "5915"}},{"type":"Feature","geometry":{"type":"MultiPolygon","coordinates":[[[[-122.890309495,49.148600602],[-122.890296886,49.134072086],[-122.891172112,49.134035196],[-122.893649238,49.134036486],[-122.904381999,49.13392691],[-122.904337407,49.13859109],[-122.904340203,49.139393103],[-122.904273982,49.143147593],[-122.904215981,49.144843402],[-122.904192507,49.1476872],[-122.904167295,49.148621801],[-122.898665891,49.1486003],[-122.893646186,49.148590702],[-122.890309495,49.148600602]]]]},"properties":{"a": "1.6576", "q": "00000", "t": "CT", "dw": "2373", "hh": "2305", "id": "9330162.03", "nrr": "0.313", "pop": "7599", "rgid": "59", "rpid": "59933", "ruid": "5915011", "rguid": "5915"}},{"type":"Feature","geometry":{"type":"MultiPolygon","coordinates":[[[[-122.890342885,49.11938271],[-122.890350719,49.115595777],[-122.890310214,49.112901309],[-122.89038591,49.109636208],[-122.890396894,49.108283096],[-122.890416893,49.107205109],[-122.890396051,49.104708523],[-122.890374379,49.102776903],[-122.890307723,49.102689303],[-122.890353267,49.101647069],[-122.889205049,49.09308405],[-122.88990483,49.092703757],[-122.890539349,49.092095384],[-122.893993493,49.092306306],[-122.897607329,49.098212982],[-122.897611889,49.097890358],[-122.900382704,49.10237659],[-122.900268276,49.102490396],[-122.903640469,49.107887705],[-122.904169899,49.108698593],[-122.90462287,49.109279312],[-122.905643841,49.110298075],[-122.906992217,49.111356861],[-122.908075897,49.1120305],[-122.908876318,49.112474296],[-122.910327953,49.113135052],[-122.911420699,49.113529577],[-122.913562762,49.11416776],[-122.920311071,49.115379412],[-122.921493525,49.115724125],[-122.92274073,49.116228382],[-122.923974963,49.116867396],[-122.924703939,49.117338776],[-122.925328215,49.117840466],[-122.925805069,49.11829382],[-122.926343517,49.118912899],[-122.926711776,49.119455028],[-122.926092396,49.119376982],[-122.924648194,49.119012211],[-122.92381432,49.119001285],[-122.922071903,49.118990805],[-122.920742006,49.119196897],[-122.919974223,49.11922899],[-122.919992491,49.121828992],[-122.919990803,49.124234697],[-122.919710981,49.124634004],[-122.916383889,49.126365898],[-122.915963999,49.126603494],[-122.915527389,49.127053192],[-122.912048901,49.129203305],[-122.911741589,49.129292714],[-122.909975816,49.129435716],[-122.906188187,49.128852913],[-122.904438813,49.128275405],[-122.901317687,49.127209688],[-122.900846181,49.127027602],[-122.899288623,49.126205108],[-122.898921387,49.126063002],[-122.897012496,49.125723208],[-122.896415573,49.125676302],[-122.89489939,49.125673107],[-122.894908083,49.124145993],[-122.8952537,49.124099196],[-122.895804616,49.123808791],[-122.895984512,49.123411202],[-122.895993411,49.120915486],[-122.8959817,49.119407682],[-122.891794963,49.119339087],[-122.891595251,49.119396382],[-122.890342885,49.11938271]]]]},"properties":{"a": "4.92306", "q": "00000", "t": "CT", "dw": "1902", "hh": "1894", "id": "9330162.04", "nrr": "0.214", "pop": "5892", "rgid": "59", "rpid": "59933", "ruid": "5915011", "rguid": "5915"}},{"type":"Feature","geometry":{"type":"MultiPolygon","coordinates":[[[[-122.912377409,49.156046706],[-122.912395283,49.154270504],[-122.9124553,49.152231404],[-122.91253049,49.148641309],[-122.917554511,49.148462708],[-122.918232515,49.148427198],[-122.923626208,49.148459909],[-122.923654214,49.144927902],[-122.923518817,49.1444257],[-122.923641989,49.143313996],[-122.923971379,49.142841843],[-122.92443634,49.143221975],[-122.92568424,49.144136009],[-122.933426503,49.149378536],[-122.934901977,49.150408696],[-122.936811484,49.151559539],[-122.937996867,49.152338015],[-122.938604222,49.152793363],[-122.939720812,49.154051272],[-122.940459325,49.155492181],[-122.940457354,49.15640811],[-122.940237011,49.157202788],[-122.939884246,49.157926364],[-122.939558425,49.157627602],[-122.9374322,49.156130008],[-122.934773115,49.154359582],[-122.932650433,49.155951527],[-122.932428124,49.155851491],[-122.931271144,49.155873475],[-122.931086442,49.155826759],[-122.929987246,49.155849986],[-122.928225513,49.155953279],[-122.926640002,49.155988209],[-122.924398391,49.156066687],[-122.923359949,49.156047654],[-122.918041102,49.156051414],[-122.916998478,49.156064797],[-122.912377409,49.156046706]]]]},"properties":{"a": "1.70466", "q": "00000", "t": "CT", "dw": "1593", "hh": "1544", "id": "9330163.01", "nrr": "0.282", "pop": "4787", "rgid": "59", "rpid": "59933", "ruid": "5915011", "rguid": "5915"}},{"type":"Feature","geometry":{"type":"MultiPolygon","coordinates":[[[[-122.913503394,49.177124105],[-122.914227094,49.17640611],[-122.915232186,49.175105993],[-122.915564305,49.174502786],[-122.915986714,49.173594093],[-122.91603849,49.173184802],[-122.915855187,49.172371292],[-122.912473582,49.171836601],[-122.910913702,49.171621518],[-122.912344795,49.167830708],[-122.912359495,49.163335194],[-122.912393306,49.162000893],[-122.912377191,49.159662386],[-122.912377409,49.156046706],[-122.916998478,49.156064797],[-122.918041102,49.156051414],[-122.923359949,49.156047654],[-122.924398391,49.156066687],[-122.926640002,49.155988209],[-122.928225513,49.155953279],[-122.929987246,49.155849986],[-122.931086442,49.155826759],[-122.931271144,49.155873475],[-122.932428124,49.155851491],[-122.932650433,49.155951527],[-122.934773115,49.154359582],[-122.9374322,49.156130008],[-122.939558425,49.157627602],[-122.939884246,49.157926364],[-122.941182656,49.159283205],[-122.94182098,49.160241426],[-122.941169201,49.160617598],[-122.939184602,49.162091201],[-122.938731008,49.162341904],[-122.933749099,49.165576189],[-122.928914098,49.168396213],[-122.92799121,49.169084294],[-122.927427201,49.169702801],[-122.926068303,49.171935365],[-122.923325768,49.177210258],[-122.919865483,49.177068797],[-122.917450188,49.177092363],[-122.916254017,49.177176973],[-122.915408811,49.177332721],[-122.914012598,49.17730359],[-122.913503394,49.177124105]]]]},"properties":{"a": "3.36841", "q": "00000", "t": "CT", "dw": "1809", "hh": "1758", "id": "9330163.04", "nrr": "0.223", "pop": "5406", "rgid": "59", "rpid": "59933", "ruid": "5915011", "rguid": "5915"}},{"type":"Feature","geometry":{"type":"MultiPolygon","coordinates":[[[[-122.890267498,49.163208402],[-122.890246586,49.159585794],[-122.890319084,49.155980203],[-122.897197701,49.155919213],[-122.901523198,49.155908696],[-122.901477218,49.152217805],[-122.910822492,49.152216088],[-122.9124553,49.152231404],[-122.912395283,49.154270504],[-122.912377409,49.156046706],[-122.912377191,49.159662386],[-122.912393306,49.162000893],[-122.912359495,49.163335194],[-122.903492785,49.163281493],[-122.900881015,49.163240596],[-122.894602695,49.163228112],[-122.890267498,49.163208402]]]]},"properties":{"a": "1.64336", "q": "00000", "t": "CT", "dw": "1827", "hh": "1689", "id": "9330163.05", "nrr": "0.34299999999999997", "pop": "5263", "rgid": "59", "rpid": "59933", "ruid": "5915011", "rguid": "5915"}},{"type":"Feature","geometry":{"type":"MultiPolygon","coordinates":[[[[-122.890319084,49.155980203],[-122.890309495,49.148600602],[-122.893646186,49.148590702],[-122.898665891,49.1486003],[-122.904167295,49.148621801],[-122.911390502,49.148658105],[-122.91253049,49.148641309],[-122.9124553,49.152231404],[-122.910822492,49.152216088],[-122.901477218,49.152217805],[-122.901523198,49.155908696],[-122.897197701,49.155919213],[-122.890319084,49.155980203]]]]},"properties":{"a": "0.98532", "q": "00000", "t": "CT", "dw": "1345", "hh": "1230", "id": "9330163.06", "nrr": "0.22899999999999998", "pop": "4031", "rgid": "59", "rpid": "59933", "ruid": "5915011", "rguid": "5915"}},{"type":"Feature","geometry":{"type":"MultiPolygon","coordinates":[[[[-122.890217711,49.170450886],[-122.890224607,49.1691789],[-122.890331787,49.169176597],[-122.890365105,49.166813401],[-122.890207373,49.166812398],[-122.890267498,49.163208402],[-122.894602695,49.163228112],[-122.900881015,49.163240596],[-122.903492785,49.163281493],[-122.912359495,49.163335194],[-122.912344795,49.167830708],[-122.910913702,49.171621518],[-122.907562094,49.171090985],[-122.90772939,49.170636399],[-122.904448545,49.170609651],[-122.895736907,49.1705111],[-122.892383199,49.170466608],[-122.890217711,49.170450886]]]]},"properties":{"a": "1.31614", "q": "00000", "t": "CT", "dw": "1541", "hh": "1465", "id": "9330163.07", "nrr": "0.21899999999999997", "pop": "4716", "rgid": "59", "rpid": "59933", "ruid": "5915011", "rguid": "5915"}},{"type":"Feature","geometry":{"type":"MultiPolygon","coordinates":[[[[-122.890217711,49.170450886],[-122.892383199,49.170466608],[-122.895736907,49.1705111],[-122.904448545,49.170609651],[-122.90772939,49.170636399],[-122.907562094,49.171090985],[-122.910913702,49.171621518],[-122.912473582,49.171836601],[-122.915855187,49.172371292],[-122.91603849,49.173184802],[-122.915986714,49.173594093],[-122.915564305,49.174502786],[-122.915232186,49.175105993],[-122.914227094,49.17640611],[-122.913503394,49.177124105],[-122.901192301,49.177123807],[-122.890110059,49.177143054],[-122.890133941,49.174019136],[-122.890217711,49.170450886]]]]},"properties":{"a": "1.26722", "q": "00000", "t": "CT", "dw": "1283", "hh": "1242", "id": "9330163.08", "nrr": "0.23800000000000002", "pop": "4022", "rgid": "59", "rpid": "59933", "ruid": "5915011", "rguid": "5915"}},{"type":"Feature","geometry":{"type":"MultiPolygon","coordinates":[[[[-122.80112236,49.031181231],[-122.801109144,49.027746233],[-122.801160514,49.027575612],[-122.801160689,49.024781801],[-122.801210297,49.023879298],[-122.803916205,49.023890491],[-122.805311494,49.023915895],[-122.809420287,49.023940815],[-122.809343392,49.024725305],[-122.809342784,49.025333603],[-122.809435113,49.025782504],[-122.809471386,49.028450309],[-122.809472318,49.03113421],[-122.806081914,49.031130672],[-122.805886398,49.031190633],[-122.80112236,49.031181231]]]]},"properties":{"a": "0.48982", "q": "01000", "t": "CT", "dw": "2730", "hh": "2580", "id": "9330170.03", "nrr": "0.27899999999999997", "pop": "3851", "rgid": "59", "rpid": "59933", "ruid": "5915007", "rguid": "5915"}},{"type":"Feature","geometry":{"type":"MultiPolygon","coordinates":[[[[-122.834357884,49.0311916],[-122.830410905,49.031171494],[-122.826074496,49.031166795],[-122.824686285,49.031175302],[-122.812219,49.031154497],[-122.809472318,49.03113421],[-122.809471386,49.028450309],[-122.809435113,49.025782504],[-122.809342784,49.025333603],[-122.809343392,49.024725305],[-122.809420287,49.023940815],[-122.805311494,49.023915895],[-122.803916205,49.023890491],[-122.801210297,49.023879298],[-122.801192085,49.022530506],[-122.801215707,49.021648902],[-122.800301005,49.021531495],[-122.80088163,49.020700704],[-122.80108836,49.020614957],[-122.801043307,49.019976436],[-122.80129937,49.019537473],[-122.802675602,49.019812696],[-122.807020118,49.021313796],[-122.809971213,49.022191096],[-122.81232251,49.022770803],[-122.813250397,49.023086911],[-122.815997991,49.023810396],[-122.819304179,49.024481193],[-122.821027513,49.024744699],[-122.826100103,49.02531011],[-122.82890321,49.025431205],[-122.832310798,49.025364308],[-122.833967011,49.025250292],[-122.8363062,49.024973997],[-122.838247994,49.024932697],[-122.841656114,49.024640702],[-122.843872591,49.0245268],[-122.845526021,49.024545016],[-122.845438135,49.027159601],[-122.845444794,49.028415208],[-122.845409005,49.028661085],[-122.845413108,49.031227804],[-122.843840603,49.031232087],[-122.834357884,49.0311916]]]]},"properties":{"a": "2.16129", "q": "00000", "t": "CT", "dw": "2443", "hh": "2267", "id": "9330170.04", "nrr": "0.312", "pop": "5369", "rgid": "59", "rpid": "59933", "ruid": "5915007", "rguid": "5915"}},{"type":"Feature","geometry":{"type":"MultiPolygon","coordinates":[[[[-122.795655983,49.031085699],[-122.795662797,49.029256394],[-122.79569291,49.02752421],[-122.795667319,49.026604201],[-122.795689206,49.023897491],[-122.796369386,49.023906096],[-122.797134177,49.023895598],[-122.799819494,49.023967599],[-122.80073011,49.023874432],[-122.801210297,49.023879298],[-122.801160689,49.024781801],[-122.801160514,49.027575612],[-122.801109144,49.027746233],[-122.80112236,49.031181231],[-122.798672136,49.031164039],[-122.798457719,49.031100869],[-122.795655983,49.031085699]]]]},"properties":{"a": "0.32064", "q": "01000", "t": "CT", "dw": "1729", "hh": "1671", "id": "9330170.05", "nrr": "0.348", "pop": "2418", "rgid": "59", "rpid": "59933", "ruid": "5915007", "rguid": "5915"}},{"type":"Feature","geometry":{"type":"MultiPolygon","coordinates":[[[[-122.779177104,49.031065586],[-122.779183898,49.027442789],[-122.7792071,49.025623003],[-122.779190905,49.0237785],[-122.779232508,49.022027693],[-122.790144823,49.022028394],[-122.79013968,49.022340988],[-122.792428808,49.023044904],[-122.793617717,49.02141939],[-122.797258181,49.022607789],[-122.796369386,49.023906096],[-122.795689206,49.023897491],[-122.795667319,49.026604201],[-122.79569291,49.02752421],[-122.795662797,49.029256394],[-122.795655983,49.031085699],[-122.790160474,49.03107654],[-122.784681493,49.031084721],[-122.779177104,49.031065586]]]]},"properties":{"a": "1.21921", "q": "00001", "t": "CT", "dw": "1617", "hh": "1542", "id": "9330170.07", "nrr": "0.341", "pop": "4009", "rgid": "59", "rpid": "59933", "ruid": "5915007", "rguid": "5915"}},{"type":"Feature","geometry":{"type":"MultiPolygon","coordinates":[[[[-122.796369386,49.023906096],[-122.797258181,49.022607789],[-122.793617717,49.02141939],[-122.792428808,49.023044904],[-122.79013968,49.022340988],[-122.790144823,49.022028394],[-122.779232508,49.022027693],[-122.779229484,49.020209789],[-122.779268114,49.01656259],[-122.782014713,49.016572906],[-122.788896816,49.016567314],[-122.788765004,49.016211666],[-122.788763634,49.015806004],[-122.789686399,49.0160115],[-122.790244391,49.016246497],[-122.792430998,49.016861713],[-122.792785313,49.017051092],[-122.79714239,49.0184625],[-122.80046239,49.01926861],[-122.80129937,49.019537473],[-122.801043307,49.019976436],[-122.80108836,49.020614957],[-122.80088163,49.020700704],[-122.800301005,49.021531495],[-122.801215707,49.021648902],[-122.801192085,49.022530506],[-122.801210297,49.023879298],[-122.80073011,49.023874432],[-122.799819494,49.023967599],[-122.797134177,49.023895598],[-122.796369386,49.023906096]]]]},"properties":{"a": "0.93317", "q": "01001", "t": "CT", "dw": "1979", "hh": "1806", "id": "9330170.08", "nrr": "0.311", "pop": "3692", "rgid": "59", "rpid": "59933", "ruid": "5915007", "rguid": "5915"}},{"type":"Feature","geometry":{"type":"MultiPolygon","coordinates":[[[[-122.779145873,49.06010037],[-122.790228545,49.060100534],[-122.795910319,49.060117002],[-122.796948116,49.060403891],[-122.797344084,49.060673504],[-122.79819922,49.060214123],[-122.798640405,49.060105616],[-122.799811225,49.06010899],[-122.800344365,49.059954515],[-122.801239382,49.060109156],[-122.802456217,49.060118399],[-122.803689082,49.06037498],[-122.812450773,49.06677614],[-122.815365829,49.068905103],[-122.812943094,49.068902308],[-122.810435791,49.069124515],[-122.807691514,49.068654502],[-122.806762892,49.068610416],[-122.805948288,49.068822608],[-122.80521171,49.069469191],[-122.804788102,49.069655695],[-122.80377361,49.069916403],[-122.800608695,49.070252501],[-122.799718087,49.070483202],[-122.798954601,49.070899114],[-122.797453322,49.071918803],[-122.795962786,49.07265799],[-122.793428289,49.074123493],[-122.793070678,49.074428293],[-122.79302976,49.07464603],[-122.787652554,49.074647142],[-122.779118488,49.074608795],[-122.779150626,49.069731605],[-122.779145899,49.067324396],[-122.779045545,49.06622891],[-122.779108121,49.061293235],[-122.779145873,49.06010037]]]]},"properties":{"a": "3.04733", "q": "00000", "t": "CT", "dw": "2317", "hh": "2274", "id": "9330180.01", "nrr": "0.29600000000000004", "pop": "6910", "rgid": "59", "rpid": "59933", "ruid": "5915004", "rguid": "5915"}},{"type":"Feature","geometry":{"type":"MultiPolygon","coordinates":[[[[-122.680402387,49.074717395],[-122.680425915,49.071601607],[-122.680565891,49.067409692],[-122.680548524,49.060125197],[-122.680477894,49.05548871],[-122.68044889,49.055376898],[-122.6804345,49.052889899],[-122.6803458,49.045647091],[-122.680322422,49.041788901],[-122.680812961,49.039317602],[-122.680347703,49.0384171],[-122.680297294,49.031097886],[-122.679658086,49.016608398],[-122.680661277,49.015973446],[-122.681664378,49.01053942],[-122.67986211,49.00585005],[-122.681628636,49.002208089],[-122.68639311,49.002230402],[-122.687550696,49.002187703],[-122.691206286,49.002183406],[-122.696649799,49.002188889],[-122.713777395,49.002159899],[-122.731130713,49.002163006],[-122.73612304,49.002148612],[-122.741172359,49.002145027],[-122.751603383,49.002145996],[-122.754929502,49.002161095],[-122.755150911,49.002279518],[-122.756032734,49.002259949],[-122.7570736,49.003848304],[-122.757124819,49.006552813],[-122.757360056,49.0068628],[-122.757371866,49.007480486],[-122.757364349,49.012602299],[-122.757426373,49.013027788],[-122.757709235,49.013873629],[-122.758047897,49.014467887],[-122.759273936,49.016749105],[-122.760563655,49.018882636],[-122.765358538,49.02706479],[-122.765918132,49.02794506],[-122.766716726,49.028809998],[-122.769166065,49.031073668],[-122.779400457,49.040316337],[-122.785259853,49.045601904],[-122.787389626,49.047481644],[-122.793487287,49.052942311],[-122.803689082,49.06037498],[-122.802456217,49.060118399],[-122.801239382,49.060109156],[-122.800344365,49.059954515],[-122.799811225,49.06010899],[-122.798640405,49.060105616],[-122.79819922,49.060214123],[-122.797344084,49.060673504],[-122.796948116,49.060403891],[-122.795910319,49.060117002],[-122.790228545,49.060100534],[-122.779145873,49.06010037],[-122.768036137,49.060173946],[-122.756860681,49.060304798],[-122.745961036,49.060148983],[-122.735486938,49.06014741],[-122.724420317,49.060127659],[-122.713453815,49.060161208],[-122.713502597,49.074581491],[-122.705645309,49.074664394],[-122.69823199,49.074700887],[-122.697268501,49.074682097],[-122.697035399,49.074726292],[-122.69167148,49.074771204],[-122.680402387,49.074717395]]]]},"properties":{"a": "47.59253", "q": "00000", "t": "CT", "dw": "5212", "hh": "4482", "id": "9330180.02", "nrr": "0.264", "pop": "12007", "rgid": "59", "rpid": "59933", "ruid": "5915004", "rguid": "5915"}},{"type":"Feature","geometry":{"type":"MultiPolygon","coordinates":[[[[-122.83438523,49.045733303],[-122.837089684,49.045742797],[-122.845461595,49.045749411],[-122.850965807,49.045774911],[-122.855118391,49.045785696],[-122.861126682,49.045758801],[-122.864604309,49.045760391],[-122.867420003,49.045783098],[-122.876452084,49.045793105],[-122.878376904,49.045782394],[-122.88255821,49.045792987],[-122.883506217,49.045854594],[-122.88444453,49.045780382],[-122.884129999,49.047045011],[-122.88395112,49.047278605],[-122.883840784,49.047899497],[-122.883853811,49.048285498],[-122.885322883,49.052200598],[-122.886426198,49.054386804],[-122.88712231,49.055161593],[-122.887831322,49.056457602],[-122.887884897,49.056844997],[-122.887404879,49.0573207],[-122.887118289,49.057428896],[-122.88651621,49.05725659],[-122.885748595,49.057598402],[-122.884871496,49.058380301],[-122.883130004,49.059681992],[-122.88221081,49.059842896],[-122.881569196,49.059645005],[-122.880980014,49.059607899],[-122.8802261,49.059858593],[-122.879814903,49.060200407],[-122.879347796,49.061144714],[-122.878867216,49.061647403],[-122.87792189,49.062276889],[-122.876716791,49.062698503],[-122.876675903,49.062427908],[-122.877113609,49.06191659],[-122.877512606,49.061745686],[-122.877636192,49.061566209],[-122.878158797,49.060432605],[-122.878241782,49.059704802],[-122.87810629,49.059469793],[-122.877598505,49.059550984],[-122.877517919,49.0592177],[-122.877600587,49.058696409],[-122.877246098,49.058659409],[-122.876490307,49.05933311],[-122.876244317,49.059288898],[-122.875412281,49.058235],[-122.875400191,49.058109695],[-122.876180102,49.058226494],[-122.87682171,49.058128195],[-122.877521091,49.057698104],[-122.878671798,49.057276513],[-122.87881099,49.057051512],[-122.879207905,49.056880612],[-122.879275791,49.056628511],[-122.878962106,49.056547286],[-122.878235397,49.056691205],[-122.876841084,49.056535896],[-122.876074608,49.056302309],[-122.875498897,49.056238302],[-122.874609596,49.05642631],[-122.874252415,49.056641307],[-122.874308287,49.056822205],[-122.874609005,49.056993093],[-122.87453971,49.057172494],[-122.874100492,49.05713549],[-122.873417104,49.05687491],[-122.872542803,49.056711093],[-122.872062199,49.0569176],[-122.871953297,49.057124115],[-122.871389379,49.057492994],[-122.870760692,49.057816315],[-122.870006289,49.058022794],[-122.869715978,49.058212199],[-122.868479914,49.056926208],[-122.865746623,49.057007302],[-122.863649012,49.057517198],[-122.862610394,49.057898908],[-122.861742979,49.058367493],[-122.860334895,49.058808995],[-122.857179991,49.059271793],[-122.855222005,49.059814508],[-122.854180117,49.060220399],[-122.853566899,49.060557912],[-122.85271839,49.061308406],[-122.852342399,49.061843887],[-122.851831002,49.063006096],[-122.849781902,49.06659119],[-122.849503711,49.06688119],[-122.848922892,49.067247401],[-122.847858588,49.067497203],[-122.847225094,49.067495609],[-122.842206409,49.066743207],[-122.840515706,49.066656403],[-122.839647816,49.066855707],[-122.838913782,49.067240297],[-122.837403282,49.068640299],[-122.837058994,49.069188604],[-122.836414118,49.069865103],[-122.836263292,49.07031229],[-122.836191502,49.0712338],[-122.836414904,49.072669401],[-122.836263922,49.073169302],[-122.835826697,49.073911298],[-122.834529991,49.074096403],[-122.834129131,49.07411628],[-122.834093477,49.072806924],[-122.8340815,49.068912185],[-122.834722388,49.068146467],[-122.834263208,49.067688801],[-122.834287522,49.067310985],[-122.834407988,49.061912001],[-122.834448852,49.056578286],[-122.834419718,49.054912903],[-122.834415582,49.052999606],[-122.834379881,49.049355996],[-122.83438523,49.045733303]]]]},"properties":{"a": "6.62829", "q": "00000", "t": "CT", "dw": "2210", "hh": "2044", "id": "9330181.03", "nrr": "0.303", "pop": "5413", "rgid": "59", "rpid": "59933", "ruid": "5915004", "rguid": "5915"}},{"type":"Feature","geometry":{"type":"MultiPolygon","coordinates":[[[[-122.785259853,49.045601904],[-122.779400457,49.040316337],[-122.779219611,49.039297902],[-122.779181902,49.038299998],[-122.779174704,49.035197686],[-122.779224661,49.034018618],[-122.779189819,49.032602592],[-122.779212702,49.031677705],[-122.779177104,49.031065586],[-122.784681493,49.031084721],[-122.790160474,49.03107654],[-122.795655983,49.031085699],[-122.798457719,49.031100869],[-122.798672136,49.031164039],[-122.80112236,49.031181231],[-122.801133312,49.034748637],[-122.80110848,49.036565666],[-122.801135779,49.038359906],[-122.801191756,49.038580587],[-122.801217484,49.041992455],[-122.801204606,49.045668131],[-122.793570284,49.045631443],[-122.790191135,49.045627796],[-122.785259853,49.045601904]]]]},"properties":{"a": "2.46113", "q": "01000", "t": "CT", "dw": "3536", "hh": "3416", "id": "9330181.05", "nrr": "0.327", "pop": "7466", "rgid": "59", "rpid": "59933", "ruid": "5915004", "rguid": "5915"}},{"type":"Feature","geometry":{"type":"MultiPolygon","coordinates":[[[[-122.756032734,49.002259949],[-122.757878986,49.002217338],[-122.758606593,49.002996992],[-122.759888606,49.004006809],[-122.763744878,49.0065433],[-122.770962318,49.0102719],[-122.7730497,49.011149193],[-122.774989681,49.011773003],[-122.775903299,49.011963913],[-122.777705799,49.012589091],[-122.778622488,49.012815502],[-122.778934308,49.013040583],[-122.782583214,49.013929307],[-122.782897404,49.014083096],[-122.783963003,49.014382187],[-122.784769211,49.01450039],[-122.787595617,49.015288002],[-122.788763634,49.015806004],[-122.788765004,49.016211666],[-122.788896816,49.016567314],[-122.782014713,49.016572906],[-122.779268114,49.01656259],[-122.779229484,49.020209789],[-122.779232508,49.022027693],[-122.779190905,49.0237785],[-122.7792071,49.025623003],[-122.779183898,49.027442789],[-122.779177104,49.031065586],[-122.779212702,49.031677705],[-122.779189819,49.032602592],[-122.779224661,49.034018618],[-122.779174704,49.035197686],[-122.779181902,49.038299998],[-122.779219611,49.039297902],[-122.779400457,49.040316337],[-122.769166065,49.031073668],[-122.766716726,49.028809998],[-122.765918132,49.02794506],[-122.765358538,49.02706479],[-122.760563655,49.018882636],[-122.759273936,49.016749105],[-122.758047897,49.014467887],[-122.757709235,49.013873629],[-122.757426373,49.013027788],[-122.757364349,49.012602299],[-122.757371866,49.007480486],[-122.757360056,49.0068628],[-122.757124819,49.006552813],[-122.7570736,49.003848304],[-122.756032734,49.002259949]]]]},"properties":{"a": "3.81156", "q": "01000", "t": "CT", "dw": "2157", "hh": "2081", "id": "9330181.06", "nrr": "0.318", "pop": "5122", "rgid": "59", "rpid": "59933", "ruid": "5915004", "rguid": "5915"}},{"type":"Feature","geometry":{"type":"MultiPolygon","coordinates":[[[[-122.867420003,49.045783098],[-122.867396702,49.044054],[-122.867444337,49.042530582],[-122.867498682,49.035351505],[-122.867562796,49.03130251],[-122.867577617,49.030554103],[-122.867526392,49.027204595],[-122.86754176,49.025511953],[-122.867787964,49.02469097],[-122.869078796,49.025160605],[-122.871048013,49.026070696],[-122.872945396,49.027422212],[-122.874092198,49.028431996],[-122.87480169,49.029394807],[-122.875167594,49.030582604],[-122.875955101,49.032480991],[-122.875900509,49.032616296],[-122.876759593,49.033624715],[-122.877484286,49.034210009],[-122.879271318,49.036191101],[-122.880663582,49.037524093],[-122.881045409,49.038307509],[-122.881890096,49.039603509],[-122.883607793,49.041997617],[-122.883499791,49.042150016],[-122.883963882,49.042627103],[-122.884220498,49.043401889],[-122.884465798,49.043698088],[-122.884587605,49.045012604],[-122.88444453,49.045780382],[-122.883506217,49.045854594],[-122.88255821,49.045792987],[-122.878376904,49.045782394],[-122.876452084,49.045793105],[-122.867420003,49.045783098]]]]},"properties":{"a": "1.85676", "q": "00000", "t": "CT", "dw": "1331", "hh": "1295", "id": "9330181.07", "nrr": "0.29", "pop": "3558", "rgid": "59", "rpid": "59933", "ruid": "5915004", "rguid": "5915"}},{"type":"Feature","geometry":{"type":"MultiPolygon","coordinates":[[[[-122.845413108,49.031227804],[-122.845409005,49.028661085],[-122.845444794,49.028415208],[-122.845438135,49.027159601],[-122.845526021,49.024545016],[-122.853048877,49.024627895],[-122.855238791,49.024559613],[-122.857727212,49.02459799],[-122.859013895,49.024555308],[-122.861258316,49.024296096],[-122.863651121,49.024155102],[-122.865335489,49.024239102],[-122.866729609,49.024411507],[-122.867787964,49.02469097],[-122.86754176,49.025511953],[-122.867526392,49.027204595],[-122.867577617,49.030554103],[-122.867562796,49.03130251],[-122.865357304,49.031307496],[-122.862019821,49.031291105],[-122.85647581,49.031293789],[-122.854493102,49.031277993],[-122.845413108,49.031227804]]]]},"properties":{"a": "1.22238", "q": "00000", "t": "CT", "dw": "990", "hh": "954", "id": "9330181.08", "nrr": "0.298", "pop": "2562", "rgid": "59", "rpid": "59933", "ruid": "5915004", "rguid": "5915"}},{"type":"Feature","geometry":{"type":"MultiPolygon","coordinates":[[[[-122.83438523,49.045733303],[-122.834407018,49.0420499],[-122.834353422,49.034822395],[-122.834357884,49.0311916],[-122.843840603,49.031232087],[-122.845413108,49.031227804],[-122.854493102,49.031277993],[-122.85647581,49.031293789],[-122.862019821,49.031291105],[-122.865357304,49.031307496],[-122.867562796,49.03130251],[-122.867498682,49.035351505],[-122.867444337,49.042530582],[-122.867396702,49.044054],[-122.867420003,49.045783098],[-122.864604309,49.045760391],[-122.861126682,49.045758801],[-122.855118391,49.045785696],[-122.850965807,49.045774911],[-122.845461595,49.045749411],[-122.837089684,49.045742797],[-122.83438523,49.045733303]]]]},"properties":{"a": "3.90341", "q": "00000", "t": "CT", "dw": "2273", "hh": "2254", "id": "9330181.09", "nrr": "0.213", "pop": "6411", "rgid": "59", "rpid": "59933", "ruid": "5915004", "rguid": "5915"}},{"type":"Feature","geometry":{"type":"MultiPolygon","coordinates":[[[[-122.812211912,49.045657592],[-122.804757878,49.04562526],[-122.803536453,49.045667318],[-122.801204606,49.045668131],[-122.801217484,49.041992455],[-122.801191756,49.038580587],[-122.801135779,49.038359906],[-122.80671818,49.038350396],[-122.812233704,49.038379167],[-122.8121972,49.032973408],[-122.812219,49.031154497],[-122.824686285,49.031175302],[-122.826074496,49.031166795],[-122.830410905,49.031171494],[-122.834357884,49.0311916],[-122.834353422,49.034822395],[-122.834407018,49.0420499],[-122.83438523,49.045733303],[-122.828876404,49.045714896],[-122.823256496,49.045681294],[-122.817571801,49.045675104],[-122.812211912,49.045657592]]]]},"properties":{"a": "3.26952", "q": "00001", "t": "CT", "dw": "2201", "hh": "2172", "id": "9330181.10", "nrr": "0.20600000000000002", "pop": "5189", "rgid": "59", "rpid": "59933", "ruid": "5915004", "rguid": "5915"}},{"type":"Feature","geometry":{"type":"MultiPolygon","coordinates":[[[[-122.801135779,49.038359906],[-122.80110848,49.036565666],[-122.801133312,49.034748637],[-122.80112236,49.031181231],[-122.805886398,49.031190633],[-122.806081914,49.031130672],[-122.809472318,49.03113421],[-122.812219,49.031154497],[-122.8121972,49.032973408],[-122.812233704,49.038379167],[-122.80671818,49.038350396],[-122.801135779,49.038359906]]]]},"properties":{"a": "0.64919", "q": "00001", "t": "CT", "dw": "1453", "hh": "1405", "id": "9330181.11", "nrr": "0.319", "pop": "2639", "rgid": "59", "rpid": "59933", "ruid": "5915004", "rguid": "5915"}},{"type":"Feature","geometry":{"type":"MultiPolygon","coordinates":[[[[-122.822710957,49.069146943],[-122.822306455,49.068766746],[-122.820667661,49.06739714],[-122.822428144,49.066681436],[-122.822565815,49.066508875],[-122.823255298,49.064925195],[-122.823299909,49.061601166],[-122.82329189,49.060213999],[-122.81774484,49.060168746],[-122.817270352,49.059605929],[-122.816654129,49.059213618],[-122.815378302,49.057964582],[-122.81497442,49.057309207],[-122.81438951,49.054818007],[-122.813105996,49.05358499],[-122.812666097,49.053377308],[-122.812265526,49.052933688],[-122.81226681,49.049694823],[-122.812198569,49.049253005],[-122.812223933,49.046222115],[-122.812211912,49.045657592],[-122.817571801,49.045675104],[-122.823256496,49.045681294],[-122.828876404,49.045714896],[-122.83438523,49.045733303],[-122.834379881,49.049355996],[-122.834415582,49.052999606],[-122.834419718,49.054912903],[-122.834448852,49.056578286],[-122.834407988,49.061912001],[-122.834287522,49.067310985],[-122.834263208,49.067688801],[-122.834722388,49.068146467],[-122.8340815,49.068912185],[-122.834093477,49.072806924],[-122.834129131,49.07411628],[-122.8327191,49.074186107],[-122.831980312,49.074110708],[-122.831731287,49.0740152],[-122.831313421,49.073626407],[-122.830922486,49.072659402],[-122.830509993,49.071954405],[-122.830028496,49.071615515],[-122.829498108,49.071431708],[-122.828652189,49.070930413],[-122.827380908,49.069974793],[-122.8267661,49.069667113],[-122.826383995,49.069568889],[-122.824861087,49.069413611],[-122.823748104,49.069121696],[-122.823064696,49.069081787],[-122.822710957,49.069146943]]]]},"properties":{"a": "3.49046", "q": "00001", "t": "CT", "dw": "1016", "hh": "974", "id": "9330181.12", "nrr": "0.205", "pop": "2884", "rgid": "59", "rpid": "59933", "ruid": "5915004", "rguid": "5915"}},{"type":"Feature","geometry":{"type":"MultiPolygon","coordinates":[[[[-122.815365829,49.068905103],[-122.812450773,49.06677614],[-122.812205456,49.06571164],[-122.812254689,49.061892106],[-122.812164927,49.060704382],[-122.80983472,49.058871551],[-122.808924624,49.058057792],[-122.808841761,49.057929152],[-122.807617847,49.056964563],[-122.8070883,49.056507203],[-122.804014118,49.054020375],[-122.803244028,49.053381932],[-122.802721877,49.052858098],[-122.80126119,49.051719635],[-122.801188667,49.050185439],[-122.801167165,49.048724848],[-122.801238807,49.048617925],[-122.801204606,49.045668131],[-122.803536453,49.045667318],[-122.804757878,49.04562526],[-122.812211912,49.045657592],[-122.812223933,49.046222115],[-122.812198569,49.049253005],[-122.81226681,49.049694823],[-122.812265526,49.052933688],[-122.812666097,49.053377308],[-122.813105996,49.05358499],[-122.81438951,49.054818007],[-122.81497442,49.057309207],[-122.815378302,49.057964582],[-122.816654129,49.059213618],[-122.817270352,49.059605929],[-122.81774484,49.060168746],[-122.82329189,49.060213999],[-122.823299909,49.061601166],[-122.823255298,49.064925195],[-122.822565815,49.066508875],[-122.822428144,49.066681436],[-122.820667661,49.06739714],[-122.822306455,49.068766746],[-122.822710957,49.069146943],[-122.822373813,49.069358093],[-122.821548396,49.070981713],[-122.821132814,49.071259399],[-122.820617021,49.071357702],[-122.820259292,49.071303515],[-122.819880106,49.071084206],[-122.818201988,49.069410795],[-122.817594182,49.069106],[-122.81707929,49.068982096],[-122.815365829,49.068905103]]]]},"properties":{"a": "1.8873", "q": "00001", "t": "CT", "dw": "1408", "hh": "1378", "id": "9330181.13", "nrr": "0.247", "pop": "3274", "rgid": "59", "rpid": "59933", "ruid": "5915004", "rguid": "5915"}},{"type":"Feature","geometry":{"type":"MultiPolygon","coordinates":[[[[-122.803689082,49.06037498],[-122.793487287,49.052942311],[-122.787389626,49.047481644],[-122.785259853,49.045601904],[-122.790191135,49.045627796],[-122.793570284,49.045631443],[-122.801204606,49.045668131],[-122.801238807,49.048617925],[-122.801167165,49.048724848],[-122.801188667,49.050185439],[-122.80126119,49.051719635],[-122.802721877,49.052858098],[-122.803244028,49.053381932],[-122.804014118,49.054020375],[-122.8070883,49.056507203],[-122.807617847,49.056964563],[-122.808841761,49.057929152],[-122.808924624,49.058057792],[-122.80983472,49.058871551],[-122.812164927,49.060704382],[-122.812254689,49.061892106],[-122.812205456,49.06571164],[-122.812450773,49.06677614],[-122.803689082,49.06037498]]]]},"properties":{"a": "1.44862", "q": "00001", "t": "CT", "dw": "1643", "hh": "1564", "id": "9330181.14", "nrr": "0.303", "pop": "3706", "rgid": "59", "rpid": "59933", "ruid": "5915004", "rguid": "5915"}},{"type":"Feature","geometry":{"type":"MultiPolygon","coordinates":[[[[-122.679816097,49.104390017],[-122.679959786,49.102584481],[-122.679650296,49.10024477],[-122.679839185,49.098471995],[-122.680064473,49.097402426],[-122.680032753,49.096724182],[-122.67941185,49.095335511],[-122.679397798,49.095205728],[-122.679471012,49.09323589],[-122.679633293,49.092687603],[-122.679654902,49.091769907],[-122.679560306,49.089583297],[-122.679248518,49.087678408],[-122.679862591,49.085843591],[-122.679931593,49.084586711],[-122.680025806,49.083880305],[-122.680256547,49.082282048],[-122.680170833,49.081077212],[-122.680074609,49.080507591],[-122.680069891,49.080035192],[-122.680191704,49.078479806],[-122.680402387,49.074717395],[-122.69167148,49.074771204],[-122.697035399,49.074726292],[-122.697268501,49.074682097],[-122.69823199,49.074700887],[-122.705645309,49.074664394],[-122.713502597,49.074581491],[-122.713453815,49.060161208],[-122.724420317,49.060127659],[-122.735486938,49.06014741],[-122.745961036,49.060148983],[-122.756860681,49.060304798],[-122.768036137,49.060173946],[-122.779145873,49.06010037],[-122.779108121,49.061293235],[-122.779045545,49.06622891],[-122.779145899,49.067324396],[-122.779150626,49.069731605],[-122.779118488,49.074608795],[-122.787652554,49.074647142],[-122.79302976,49.07464603],[-122.793070678,49.074428293],[-122.793428289,49.074123493],[-122.795962786,49.07265799],[-122.797453322,49.071918803],[-122.798954601,49.070899114],[-122.799718087,49.070483202],[-122.800608695,49.070252501],[-122.80377361,49.069916403],[-122.804788102,49.069655695],[-122.80521171,49.069469191],[-122.805948288,49.068822608],[-122.806762892,49.068610416],[-122.807691514,49.068654502],[-122.810435791,49.069124515],[-122.812943094,49.068902308],[-122.815365829,49.068905103],[-122.81707929,49.068982096],[-122.817594182,49.069106],[-122.818201988,49.069410795],[-122.819880106,49.071084206],[-122.820259292,49.071303515],[-122.820617021,49.071357702],[-122.821132814,49.071259399],[-122.821548396,49.070981713],[-122.822373813,49.069358093],[-122.822710957,49.069146943],[-122.823064696,49.069081787],[-122.823748104,49.069121696],[-122.824861087,49.069413611],[-122.826383995,49.069568889],[-122.8267661,49.069667113],[-122.827380908,49.069974793],[-122.828652189,49.070930413],[-122.829498108,49.071431708],[-122.830028496,49.071615515],[-122.830509993,49.071954405],[-122.830922486,49.072659402],[-122.831313421,49.073626407],[-122.831731287,49.0740152],[-122.831980312,49.074110708],[-122.8327191,49.074186107],[-122.834129131,49.07411628],[-122.834529991,49.074096403],[-122.835826697,49.073911298],[-122.836263922,49.073169302],[-122.836414904,49.072669401],[-122.836191502,49.0712338],[-122.836263292,49.07031229],[-122.836414118,49.069865103],[-122.837058994,49.069188604],[-122.837403282,49.068640299],[-122.838913782,49.067240297],[-122.839647816,49.066855707],[-122.840515706,49.066656403],[-122.842206409,49.066743207],[-122.847225094,49.067495609],[-122.847858588,49.067497203],[-122.848922892,49.067247401],[-122.849503711,49.06688119],[-122.849781902,49.06659119],[-122.851831002,49.063006096],[-122.852342399,49.061843887],[-122.85271839,49.061308406],[-122.853566899,49.060557912],[-122.854180117,49.060220399],[-122.855222005,49.059814508],[-122.857179991,49.059271793],[-122.860334895,49.058808995],[-122.861742979,49.058367493],[-122.862610394,49.057898908],[-122.863649012,49.057517198],[-122.865746623,49.057007302],[-122.868479914,49.056926208],[-122.869715978,49.058212199],[-122.869445402,49.05839019],[-122.867567612,49.059008301],[-122.867033794,49.059250491],[-122.867197199,49.059377207],[-122.867262087,49.06038559],[-122.867098508,49.060708887],[-122.866549203,49.061157486],[-122.865740494,49.061453697],[-122.86482182,49.061606105],[-122.863685,49.062063298],[-122.862836104,49.062151595],[-122.861083292,49.062823807],[-122.860698499,49.063048796],[-122.860518604,49.063355002],[-122.860033614,49.065989802],[-122.859673684,49.067105003],[-122.859768515,49.067563598],[-122.859699294,49.068057791],[-122.859025017,49.0687143],[-122.858694513,49.069550291],[-122.858651017,49.070476097],[-122.858924808,49.070926084],[-122.858647911,49.071538495],[-122.858630711,49.072707797],[-122.858721891,49.07421891],[-122.858858604,49.07457921],[-122.859226992,49.075046394],[-122.859319996,49.076063288],[-122.859469511,49.076540387],[-122.860425584,49.077621307],[-122.860753903,49.0777752],[-122.861093616,49.078269395],[-122.858805389,49.078833293],[-122.858105899,49.079346105],[-122.856980808,49.079820292],[-122.855927222,49.079766203],[-122.854258115,49.079367402],[-122.851775293,49.080956795],[-122.850690506,49.081882594],[-122.850181595,49.082610302],[-122.850030291,49.082627407],[-122.849772015,49.082079098],[-122.849470501,49.081987993],[-122.849346797,49.082096204],[-122.849510601,49.082698612],[-122.850255694,49.083221416],[-122.851343792,49.083249802],[-122.851631403,49.082944989],[-122.851905096,49.082836815],[-122.852523111,49.082892297],[-122.853124496,49.083171508],[-122.853970403,49.083775408],[-122.855446878,49.084532993],[-122.856282787,49.085064295],[-122.858321001,49.085363289],[-122.859225501,49.085652493],[-122.859348279,49.085616801],[-122.859703005,49.085860391],[-122.859949507,49.086301903],[-122.860606119,49.086508397],[-122.86104358,49.086410093],[-122.861440878,49.086707797],[-122.861974784,49.086897196],[-122.862012584,49.087563704],[-122.862136991,49.087743198],[-122.862683304,49.087869906],[-122.862957177,49.087780194],[-122.863561199,49.087375689],[-122.864002195,49.086764814],[-122.864316814,49.086837404],[-122.864519794,49.087556605],[-122.865135799,49.087683387],[-122.865684116,49.087513896],[-122.865901402,49.088215997],[-122.865886898,49.088485208],[-122.866227907,49.088872606],[-122.866391005,49.089304107],[-122.866665208,49.089529191],[-122.867102999,49.08967441],[-122.867842685,49.089422296],[-122.868526998,49.089423806],[-122.869102606,49.089856707],[-122.869540781,49.089892299],[-122.869786785,49.089775503],[-122.870336014,49.089191609],[-122.870555695,49.089138891],[-122.871117484,49.089201597],[-122.871320788,49.089526291],[-122.872267189,49.089428001],[-122.873264397,49.089888104],[-122.873962575,49.090113095],[-122.874730106,49.090519011],[-122.875591709,49.090555988],[-122.87611309,49.090718412],[-122.88183611,49.091065904],[-122.884069298,49.091122801],[-122.886150609,49.091340687],[-122.888411109,49.091433302],[-122.889601197,49.091353604],[-122.890392214,49.09144119],[-122.890539349,49.092095384],[-122.88990483,49.092703757],[-122.889205049,49.09308405],[-122.888625944,49.093157729],[-122.887418467,49.093225824],[-122.884316209,49.093459979],[-122.883521595,49.093469251],[-122.882727975,49.093336032],[-122.881703365,49.093330907],[-122.877224054,49.093472393],[-122.875437535,49.09349493],[-122.873643512,49.093637739],[-122.872714503,49.093807797],[-122.871987705,49.093999103],[-122.870844079,49.094059348],[-122.868569421,49.094278002],[-122.867418293,49.094167365],[-122.862148162,49.09456934],[-122.860069177,49.094695388],[-122.859023613,49.094880367],[-122.858760456,49.09501059],[-122.857762486,49.094876505],[-122.85730231,49.0947369],[-122.856964623,49.09473061],[-122.849105606,49.095188088],[-122.845492124,49.095576062],[-122.844109181,49.095724513],[-122.81901921,49.097215194],[-122.817651989,49.097287391],[-122.815405384,49.097445207],[-122.807806593,49.097905605],[-122.801096685,49.098280086],[-122.801060425,49.101976406],[-122.801002753,49.102078323],[-122.800969076,49.104501352],[-122.797018402,49.104463033],[-122.789930747,49.10444085],[-122.779068113,49.104532272],[-122.756657725,49.104342378],[-122.756127279,49.103881062],[-122.741430967,49.103688566],[-122.73882598,49.103682501],[-122.738191206,49.104150419],[-122.737788731,49.103685147],[-122.735409468,49.103717311],[-122.734964866,49.104111935],[-122.733461188,49.103036273],[-122.731306136,49.102327033],[-122.726478187,49.100158028],[-122.723877158,49.099267223],[-122.723901012,49.099584798],[-122.723838393,49.104210491],[-122.718326279,49.104174802],[-122.7126801,49.104194306],[-122.711070907,49.104176592],[-122.708311587,49.104175909],[-122.701645782,49.1042257],[-122.695499289,49.10438662],[-122.691134495,49.104546214],[-122.691136919,49.1044165],[-122.690107208,49.104492006],[-122.68938602,49.104658105],[-122.689031009,49.104835595],[-122.688516799,49.104460104],[-122.684829018,49.104438407],[-122.679816097,49.104390017]]]]},"properties":{"a": "51.24206", "q": "00000", "t": "CT", "dw": "1233", "hh": "1144", "id": "9330182.01", "nrr": "0.385", "pop": "4160", "rgid": "59", "rpid": "59933", "ruid": "5915004", "rguid": "5915"}},{"type":"Feature","geometry":{"type":"MultiPolygon","coordinates":[[[[-122.756499526,49.118956007],[-122.75653837,49.116472743],[-122.756556496,49.113362561],[-122.756596631,49.111764225],[-122.756649982,49.111686539],[-122.756647424,49.107241985],[-122.756657725,49.104342378],[-122.779068113,49.104532272],[-122.779328378,49.109716021],[-122.779421897,49.110203],[-122.779788516,49.110911556],[-122.779854389,49.111597475],[-122.778998134,49.112337471],[-122.778977169,49.118884485],[-122.772714759,49.118885169],[-122.770491174,49.118949977],[-122.76778299,49.118951527],[-122.76582523,49.118935923],[-122.765554299,49.11899084],[-122.762387695,49.118965845],[-122.756499526,49.118956007]]]]},"properties":{"a": "2.6565", "q": "00000", "t": "CT", "dw": "1678", "hh": "1594", "id": "9330182.02", "nrr": "0.369", "pop": "5604", "rgid": "59", "rpid": "59933", "ruid": "5915004", "rguid": "5915"}},{"type":"Feature","geometry":{"type":"MultiPolygon","coordinates":[[[[-122.790109601,49.151873101],[-122.790083793,49.1482365],[-122.784446815,49.148248434],[-122.781725358,49.148239169],[-122.778843021,49.148256564],[-122.778875538,49.14090014],[-122.778873483,49.139762002],[-122.778998155,49.133796288],[-122.779019703,49.130494226],[-122.779056294,49.12954282],[-122.778900959,49.125768592],[-122.77888391,49.119453922],[-122.778977169,49.118884485],[-122.778998134,49.112337471],[-122.779854389,49.111597475],[-122.779788516,49.110911556],[-122.779421897,49.110203],[-122.779328378,49.109716021],[-122.779068113,49.104532272],[-122.789930747,49.10444085],[-122.797018402,49.104463033],[-122.800969076,49.104501352],[-122.800954463,49.105869748],[-122.800989764,49.107588332],[-122.800954844,49.10859477],[-122.800924583,49.111725267],[-122.800969431,49.114559726],[-122.800958626,49.119101005],[-122.800942964,49.122577016],[-122.800995114,49.1263614],[-122.801027575,49.133661246],[-122.801044602,49.141065969],[-122.801168104,49.148077774],[-122.801235439,49.151901636],[-122.79574559,49.151901416],[-122.790109601,49.151873101]]]]},"properties":{"a": "8.14591", "q": "00000", "t": "CT", "dw": "1179", "hh": "1107", "id": "9330182.03", "nrr": "0.31", "pop": "3798", "rgid": "59", "rpid": "59933", "ruid": "5915004", "rguid": "5915"}},{"type":"Feature","geometry":{"type":"MultiPolygon","coordinates":[[[[-122.756566775,49.144504806],[-122.756463533,49.133938685],[-122.767452896,49.134064313],[-122.778998155,49.133796288],[-122.778873483,49.139762002],[-122.778875538,49.14090014],[-122.778843021,49.148256564],[-122.773149451,49.148234658],[-122.767688168,49.148223033],[-122.767635798,49.144538711],[-122.761893913,49.144528204],[-122.756566775,49.144504806]]]]},"properties":{"a": "2.25546", "q": "00000", "t": "CT", "dw": "535", "hh": "528", "id": "9330182.04", "nrr": "0.25", "pop": "1731", "rgid": "59", "rpid": "59933", "ruid": "5915004", "rguid": "5915"}},{"type":"Feature","geometry":{"type":"MultiPolygon","coordinates":[[[[-122.73480468,49.170001795],[-122.732455912,49.169998092],[-122.718222796,49.170073396],[-122.712745625,49.170112699],[-122.712711191,49.165790008],[-122.71276015,49.162828639],[-122.712530794,49.154477407],[-122.712243223,49.154374534],[-122.712452412,49.153316996],[-122.712389693,49.147902106],[-122.712431995,49.140556495],[-122.712509499,49.133311898],[-122.723650589,49.133301298],[-122.725165172,49.133503893],[-122.727087308,49.134799965],[-122.727853328,49.135208963],[-122.734126831,49.137977717],[-122.734564659,49.138124377],[-122.734704496,49.127249279],[-122.734839396,49.123374872],[-122.734862949,49.118802261],[-122.738004956,49.118827332],[-122.745974185,49.118872338],[-122.748271494,49.118870627],[-122.756499526,49.118956007],[-122.762387695,49.118965845],[-122.765554299,49.11899084],[-122.76582523,49.118935923],[-122.76778299,49.118951527],[-122.770491174,49.118949977],[-122.772714759,49.118885169],[-122.778977169,49.118884485],[-122.77888391,49.119453922],[-122.778900959,49.125768592],[-122.779056294,49.12954282],[-122.779019703,49.130494226],[-122.778998155,49.133796288],[-122.767452896,49.134064313],[-122.756463533,49.133938685],[-122.756566775,49.144504806],[-122.756569204,49.146631366],[-122.756692921,49.147314574],[-122.756642732,49.147562679],[-122.756169055,49.148497258],[-122.756118117,49.148834536],[-122.756225794,49.149295539],[-122.756526882,49.149852469],[-122.756562443,49.150266243],[-122.756603015,49.152062408],[-122.756586694,49.153260407],[-122.756657762,49.155483728],[-122.756618009,49.157350494],[-122.756632803,49.162838509],[-122.756684025,49.169997126],[-122.75668918,49.170717351],[-122.756631987,49.175015512],[-122.75659062,49.176984911],[-122.745877213,49.177009409],[-122.741460293,49.176977711],[-122.741502281,49.170745401],[-122.741460482,49.17018719],[-122.74130039,49.17010401],[-122.73480468,49.170001795]]]]},"properties":{"a": "19.05692", "q": "00000", "t": "CT", "dw": "2131", "hh": "2033", "id": "9330182.05", "nrr": "0.33299999999999996", "pop": "6539", "rgid": "59", "rpid": "59933", "ruid": "5915004", "rguid": "5915"}},{"type":"Feature","geometry":{"type":"MultiPolygon","coordinates":[[[[-122.678373829,49.176986694],[-122.67846859,49.175782772],[-122.679083593,49.170134697],[-122.678035521,49.166802421],[-122.678293833,49.165551862],[-122.678913392,49.162880895],[-122.679173395,49.159221387],[-122.6793124,49.152822209],[-122.679313881,49.151937298],[-122.678832897,49.148241422],[-122.679347328,49.148244597],[-122.690723424,49.148163399],[-122.701548207,49.148044288],[-122.712389693,49.147902106],[-122.712452412,49.153316996],[-122.712243223,49.154374534],[-122.712530794,49.154477407],[-122.71276015,49.162828639],[-122.712711191,49.165790008],[-122.712745625,49.170112699],[-122.712688112,49.174648783],[-122.712812602,49.174847194],[-122.712619308,49.175933871],[-122.716965438,49.177081386],[-122.716886481,49.180702403],[-122.716947292,49.18367345],[-122.718419797,49.185782898],[-122.715813017,49.184669194],[-122.713083187,49.183947099],[-122.710758986,49.183532692],[-122.70727749,49.183227914],[-122.706100997,49.183205096],[-122.703616419,49.1833076],[-122.700707897,49.183397408],[-122.693087217,49.184052508],[-122.69004501,49.184481208],[-122.684077524,49.185666104],[-122.6806688,49.186695805],[-122.679492917,49.187178595],[-122.678837184,49.187549869],[-122.678805737,49.185850937],[-122.678905939,49.184735393],[-122.678666298,49.182268805],[-122.678648804,49.181900545],[-122.679308604,49.18042149],[-122.678373829,49.176986694]]]]},"properties":{"a": "10.20122", "q": "00000", "t": "CT", "dw": "453", "hh": "408", "id": "9330182.06", "nrr": "0.35100000000000003", "pop": "1180", "rgid": "59", "rpid": "59933", "ruid": "5915004", "rguid": "5915"}},{"type":"Feature","geometry":{"type":"MultiPolygon","coordinates":[[[[-122.734862949,49.118802261],[-122.734854878,49.11653561],[-122.734828384,49.115721985],[-122.734773014,49.111493866],[-122.73478719,49.109964131],[-122.734932801,49.10921606],[-122.734949294,49.105075695],[-122.734964866,49.104111935],[-122.735409468,49.103717311],[-122.737788731,49.103685147],[-122.738191206,49.104150419],[-122.73882598,49.103682501],[-122.741430967,49.103688566],[-122.756127279,49.103881062],[-122.756657725,49.104342378],[-122.756647424,49.107241985],[-122.756649982,49.111686539],[-122.756596631,49.111764225],[-122.756556496,49.113362561],[-122.75653837,49.116472743],[-122.756499526,49.118956007],[-122.748271494,49.118870627],[-122.745974185,49.118872338],[-122.738004956,49.118827332],[-122.734862949,49.118802261]]]]},"properties":{"a": "2.6634", "q": "00000", "t": "CT", "dw": "2089", "hh": "2009", "id": "9330183.01", "nrr": "0.298", "pop": "6161", "rgid": "59", "rpid": "59933", "ruid": "5915004", "rguid": "5915"}},{"type":"Feature","geometry":{"type":"MultiPolygon","coordinates":[[[[-122.712590297,49.118730995],[-122.712588498,49.116719589],[-122.71262851,49.111421902],[-122.712664201,49.107755212],[-122.7126801,49.104194306],[-122.718326279,49.104174802],[-122.723838393,49.104210491],[-122.723901012,49.099584798],[-122.723877158,49.099267223],[-122.726478187,49.100158028],[-122.731306136,49.102327033],[-122.733461188,49.103036273],[-122.734964866,49.104111935],[-122.734949294,49.105075695],[-122.734932801,49.10921606],[-122.73478719,49.109964131],[-122.734773014,49.111493866],[-122.734828384,49.115721985],[-122.734854878,49.11653561],[-122.734862949,49.118802261],[-122.733411196,49.118798709],[-122.731121318,49.11883097],[-122.730969643,49.118786706],[-122.727732677,49.118747722],[-122.723767896,49.118735085],[-122.714338505,49.118726798],[-122.712590297,49.118730995]]]]},"properties":{"a": "2.87277", "q": "00000", "t": "CT", "dw": "2539", "hh": "2429", "id": "9330183.03", "nrr": "0.35", "pop": "5922", "rgid": "59", "rpid": "59933", "ruid": "5915004", "rguid": "5915"}},{"type":"Feature","geometry":{"type":"MultiPolygon","coordinates":[[[[-122.678832897,49.148241422],[-122.678799972,49.144539282],[-122.678845831,49.140863265],[-122.679095078,49.138382422],[-122.679472288,49.136251332],[-122.679560473,49.136158664],[-122.679601541,49.133606034],[-122.679498777,49.133605562],[-122.679577263,49.128378539],[-122.679741732,49.127667164],[-122.679781763,49.126338273],[-122.679946769,49.119071785],[-122.687854357,49.119120986],[-122.688474937,49.119159027],[-122.689352236,49.119343722],[-122.690210374,49.119354825],[-122.690253372,49.119443578],[-122.691272141,49.119063984],[-122.691590221,49.119214357],[-122.699488413,49.122737304],[-122.701660989,49.123725857],[-122.706143697,49.125737653],[-122.708567507,49.126994187],[-122.710942679,49.128087841],[-122.71249567,49.12869944],[-122.718115533,49.130861683],[-122.719504637,49.131409608],[-122.720115036,49.131594927],[-122.721965762,49.131931598],[-122.722828158,49.132176854],[-122.723541073,49.132463498],[-122.724190005,49.132841022],[-122.725165172,49.133503893],[-122.723650589,49.133301298],[-122.712509499,49.133311898],[-122.712431995,49.140556495],[-122.712389693,49.147902106],[-122.701548207,49.148044288],[-122.690723424,49.148163399],[-122.679347328,49.148244597],[-122.678832897,49.148241422]]]]},"properties":{"a": "7.19658", "q": "00000", "t": "CT", "dw": "5723", "hh": "5192", "id": "9330183.04", "nrr": "0.268", "pop": "14034", "rgid": "59", "rpid": "59933", "ruid": "5915004", "rguid": "5915"}},{"type":"Feature","geometry":{"type":"MultiPolygon","coordinates":[[[[-122.725165172,49.133503893],[-122.724190005,49.132841022],[-122.723541073,49.132463498],[-122.722828158,49.132176854],[-122.721965762,49.131931598],[-122.720115036,49.131594927],[-122.719504637,49.131409608],[-122.718115533,49.130861683],[-122.71249567,49.12869944],[-122.710942679,49.128087841],[-122.708567507,49.126994187],[-122.706143697,49.125737653],[-122.701660989,49.123725857],[-122.699488413,49.122737304],[-122.691590221,49.119214357],[-122.691272141,49.119063984],[-122.692195826,49.118615684],[-122.692960348,49.11863288],[-122.694295938,49.118980359],[-122.695041187,49.119057303],[-122.700494121,49.118987806],[-122.707143395,49.118852792],[-122.712590297,49.118730995],[-122.714338505,49.118726798],[-122.723767896,49.118735085],[-122.727732677,49.118747722],[-122.730969643,49.118786706],[-122.731121318,49.11883097],[-122.733411196,49.118798709],[-122.734862949,49.118802261],[-122.734839396,49.123374872],[-122.734704496,49.127249279],[-122.734564659,49.138124377],[-122.734126831,49.137977717],[-122.727853328,49.135208963],[-122.727087308,49.134799965],[-122.725165172,49.133503893]]]]},"properties":{"a": "3.45843", "q": "00000", "t": "CT", "dw": "3068", "hh": "3035", "id": "9330183.05", "nrr": "0.29100000000000004", "pop": "9377", "rgid": "59", "rpid": "59933", "ruid": "5915004", "rguid": "5915"}},{"type":"Feature","geometry":{"type":"MultiPolygon","coordinates":[[[[-122.679946769,49.119071785],[-122.679975822,49.118414778],[-122.67990141,49.118133161],[-122.679740978,49.114075168],[-122.679680716,49.113930405],[-122.679974099,49.113561903],[-122.680001593,49.111237594],[-122.679906668,49.10983025],[-122.680126183,49.10877941],[-122.680051308,49.107937049],[-122.679816097,49.104390017],[-122.684829018,49.104438407],[-122.688516799,49.104460104],[-122.689031009,49.104835595],[-122.68938602,49.104658105],[-122.690107208,49.104492006],[-122.691136919,49.1044165],[-122.691134495,49.104546214],[-122.691166605,49.106098108],[-122.691152614,49.107798194],[-122.691204209,49.11131081],[-122.691165292,49.113111099],[-122.691071437,49.115201685],[-122.691000101,49.117456925],[-122.691247742,49.117981831],[-122.691966038,49.118359887],[-122.692156482,49.118571214],[-122.690752753,49.119202108],[-122.690210374,49.119354825],[-122.689352236,49.119343722],[-122.688474937,49.119159027],[-122.687854357,49.119120986],[-122.679946769,49.119071785]]]]},"properties":{"a": "1.34115", "q": "00000", "t": "CT", "dw": "998", "hh": "985", "id": "9330183.06", "nrr": "0.314", "pop": "2356", "rgid": "59", "rpid": "59933", "ruid": "5915004", "rguid": "5915"}},{"type":"Feature","geometry":{"type":"MultiPolygon","coordinates":[[[[-122.690210374,49.119354825],[-122.690752753,49.119202108],[-122.692156482,49.118571214],[-122.691966038,49.118359887],[-122.691247742,49.117981831],[-122.691000101,49.117456925],[-122.691071437,49.115201685],[-122.691165292,49.113111099],[-122.691204209,49.11131081],[-122.691152614,49.107798194],[-122.691166605,49.106098108],[-122.691134495,49.104546214],[-122.695499289,49.10438662],[-122.701645782,49.1042257],[-122.708311587,49.104175909],[-122.711070907,49.104176592],[-122.7126801,49.104194306],[-122.712664201,49.107755212],[-122.71262851,49.111421902],[-122.712588498,49.116719589],[-122.712590297,49.118730995],[-122.707143395,49.118852792],[-122.700494121,49.118987806],[-122.695041187,49.119057303],[-122.694295938,49.118980359],[-122.692960348,49.11863288],[-122.692195826,49.118615684],[-122.691272141,49.119063984],[-122.690253372,49.119443578],[-122.690210374,49.119354825]]]]},"properties":{"a": "2.54659", "q": "00000", "t": "CT", "dw": "2253", "hh": "2224", "id": "9330183.07", "nrr": "0.3", "pop": "6474", "rgid": "59", "rpid": "59933", "ruid": "5915004", "rguid": "5915"}},{"type":"Feature","geometry":{"type":"MultiPolygon","coordinates":[[[[-122.834578216,49.162840369],[-122.834561308,49.160450348],[-122.834582185,49.158532649],[-122.834542922,49.153602215],[-122.834523551,49.151601016],[-122.83458885,49.151487595],[-122.834522196,49.140907304],[-122.8344956,49.139063815],[-122.834495435,49.13727337],[-122.834461007,49.133650962],[-122.842799014,49.133583338],[-122.845477259,49.133589812],[-122.845503144,49.137209234],[-122.845715394,49.137210988],[-122.845739774,49.140873602],[-122.845552213,49.140870766],[-122.845565036,49.148158848],[-122.845638252,49.155425189],[-122.845689102,49.162798898],[-122.838933894,49.1628422],[-122.834578216,49.162840369]]]]},"properties":{"a": "2.62379", "q": "00000", "t": "CT", "dw": "3001", "hh": "2872", "id": "9330184.02", "nrr": "0.245", "pop": "7509", "rgid": "59", "rpid": "59933", "ruid": "5915004", "rguid": "5915"}},{"type":"Feature","geometry":{"type":"MultiPolygon","coordinates":[[[[-122.801027575,49.133661246],[-122.800995114,49.1263614],[-122.800942964,49.122577016],[-122.800958626,49.119101005],[-122.812220964,49.119180428],[-122.823274477,49.119167834],[-122.823318293,49.122740157],[-122.823309218,49.126204602],[-122.823312874,49.127695988],[-122.823360812,49.130907065],[-122.8233363,49.133774475],[-122.822787233,49.133728518],[-122.819230269,49.133747747],[-122.817858886,49.133725199],[-122.812146701,49.13374262],[-122.806661895,49.133720521],[-122.801027575,49.133661246]]]]},"properties":{"a": "2.64074", "q": "00000", "t": "CT", "dw": "2444", "hh": "2235", "id": "9330184.06", "nrr": "0.315", "pop": "8965", "rgid": "59", "rpid": "59933", "ruid": "5915004", "rguid": "5915"}},{"type":"Feature","geometry":{"type":"MultiPolygon","coordinates":[[[[-122.823309218,49.126204602],[-122.832551771,49.126213135],[-122.832933317,49.126243304],[-122.833706793,49.126493138],[-122.834318382,49.126222791],[-122.837708316,49.126229351],[-122.840990822,49.126211728],[-122.841525267,49.126411257],[-122.8418977,49.126272612],[-122.842726056,49.126178881],[-122.845413235,49.12618834],[-122.845477259,49.133589812],[-122.842799014,49.133583338],[-122.834461007,49.133650962],[-122.830250522,49.133690097],[-122.828930787,49.13371427],[-122.8233363,49.133774475],[-122.823360812,49.130907065],[-122.823312874,49.127695988],[-122.823309218,49.126204602]]]]},"properties":{"a": "1.33489", "q": "00000", "t": "CT", "dw": "1910", "hh": "1823", "id": "9330184.07", "nrr": "0.285", "pop": "5105", "rgid": "59", "rpid": "59933", "ruid": "5915004", "rguid": "5915"}},{"type":"Feature","geometry":{"type":"MultiPolygon","coordinates":[[[[-122.823309218,49.126204602],[-122.823318293,49.122740157],[-122.823274477,49.119167834],[-122.828817858,49.119148498],[-122.834329998,49.119145107],[-122.834330001,49.119044192],[-122.839869316,49.119023273],[-122.8398665,49.119125025],[-122.845399946,49.119109963],[-122.845413235,49.12618834],[-122.842726056,49.126178881],[-122.8418977,49.126272612],[-122.841525267,49.126411257],[-122.840990822,49.126211728],[-122.837708316,49.126229351],[-122.834318382,49.126222791],[-122.833706793,49.126493138],[-122.832933317,49.126243304],[-122.832551771,49.126213135],[-122.823309218,49.126204602]]]]},"properties":{"a": "1.27555", "q": "00000", "t": "CT", "dw": "1523", "hh": "1412", "id": "9330184.08", "nrr": "0.392", "pop": "5005", "rgid": "59", "rpid": "59933", "ruid": "5915004", "rguid": "5915"}},{"type":"Feature","geometry":{"type":"MultiPolygon","coordinates":[[[[-122.801422862,49.162887485],[-122.80136759,49.159187044],[-122.801324294,49.155531966],[-122.806948691,49.155535006],[-122.812426711,49.155513504],[-122.8175698,49.155517986],[-122.823347094,49.155549005],[-122.823405799,49.157800594],[-122.823423912,49.1600231],[-122.823425288,49.162912803],[-122.820690274,49.162908594],[-122.817899427,49.162920799],[-122.812384687,49.162864802],[-122.80427448,49.162890187],[-122.801422862,49.162887485]]]]},"properties":{"a": "1.3166", "q": "00000", "t": "CT", "dw": "1405", "hh": "1323", "id": "9330184.09", "nrr": "0.305", "pop": "4828", "rgid": "59", "rpid": "59933", "ruid": "5915004", "rguid": "5915"}},{"type":"Feature","geometry":{"type":"MultiPolygon","coordinates":[[[[-122.801324294,49.155531966],[-122.801235439,49.151901636],[-122.801168104,49.148077774],[-122.806871699,49.147981643],[-122.807915523,49.147947277],[-122.812437907,49.147955403],[-122.815535807,49.148383695],[-122.817639922,49.148445559],[-122.8216519,49.148142733],[-122.822253594,49.148220898],[-122.823433814,49.148239498],[-122.823412044,49.150332741],[-122.823387903,49.15308491],[-122.823347094,49.155549005],[-122.8175698,49.155517986],[-122.812426711,49.155513504],[-122.806948691,49.155535006],[-122.801324294,49.155531966]]]]},"properties":{"a": "1.32954", "q": "00000", "t": "CT", "dw": "1644", "hh": "1455", "id": "9330184.10", "nrr": "0.299", "pop": "5265", "rgid": "59", "rpid": "59933", "ruid": "5915004", "rguid": "5915"}},{"type":"Feature","geometry":{"type":"MultiPolygon","coordinates":[[[[-122.801168104,49.148077774],[-122.801044602,49.141065969],[-122.801027575,49.133661246],[-122.806661895,49.133720521],[-122.812146701,49.13374262],[-122.817858886,49.133725199],[-122.819230269,49.133747747],[-122.822787233,49.133728518],[-122.8233363,49.133774475],[-122.823363546,49.138231093],[-122.823400397,49.141504865],[-122.823398996,49.143230398],[-122.823423313,49.145082799],[-122.823411898,49.146112287],[-122.823433814,49.148239498],[-122.822253594,49.148220898],[-122.8216519,49.148142733],[-122.817639922,49.148445559],[-122.815535807,49.148383695],[-122.812437907,49.147955403],[-122.807915523,49.147947277],[-122.806871699,49.147981643],[-122.801168104,49.148077774]]]]},"properties":{"a": "2.60844", "q": "00000", "t": "CT", "dw": "2563", "hh": "2417", "id": "9330184.11", "nrr": "0.33899999999999997", "pop": "9118", "rgid": "59", "rpid": "59933", "ruid": "5915004", "rguid": "5915"}},{"type":"Feature","geometry":{"type":"MultiPolygon","coordinates":[[[[-122.817755296,49.111802102],[-122.828846977,49.111826117],[-122.834380876,49.111852226],[-122.83954157,49.111848167],[-122.845354971,49.111852172],[-122.845455192,49.111929011],[-122.845424438,49.115434245],[-122.845376537,49.116282564],[-122.84540631,49.116651998],[-122.845622117,49.116741216],[-122.845682273,49.117086303],[-122.845213728,49.117209511],[-122.845317391,49.117559484],[-122.845399946,49.119109963],[-122.8398665,49.119125025],[-122.839869316,49.119023273],[-122.834330001,49.119044192],[-122.834329998,49.119145107],[-122.828817858,49.119148498],[-122.823274477,49.119167834],[-122.812220964,49.119180428],[-122.812252207,49.115424649],[-122.812263933,49.111793513],[-122.815017581,49.111780498],[-122.817755296,49.111802102]]]]},"properties":{"a": "1.96801", "q": "00001", "t": "CT", "dw": "1219", "hh": "978", "id": "9330184.12", "nrr": "0.35600000000000004", "pop": "3601", "rgid": "59", "rpid": "59933", "ruid": "5915004", "rguid": "5915"}},{"type":"Feature","geometry":{"type":"MultiPolygon","coordinates":[[[[-122.817755296,49.111802102],[-122.817759867,49.108168941],[-122.815802275,49.108158732],[-122.815834773,49.106542203],[-122.812291836,49.106486774],[-122.812297866,49.104558535],[-122.803776706,49.104494755],[-122.800969076,49.104501352],[-122.801002753,49.102078323],[-122.801060425,49.101976406],[-122.801096685,49.098280086],[-122.807806593,49.097905605],[-122.815405384,49.097445207],[-122.817651989,49.097287391],[-122.81901921,49.097215194],[-122.844109181,49.095724513],[-122.845492124,49.095576062],[-122.845594691,49.096026413],[-122.84612309,49.103033994],[-122.845976005,49.103677506],[-122.845708672,49.104418408],[-122.845612023,49.105229408],[-122.845530835,49.109499169],[-122.845471716,49.111786223],[-122.845354971,49.111852172],[-122.83954157,49.111848167],[-122.834380876,49.111852226],[-122.828846977,49.111826117],[-122.817755296,49.111802102]]]]},"properties":{"a": "4.51808", "q": "01001", "t": "CT", "dw": "1214", "hh": "1119", "id": "9330184.13", "nrr": "0.293", "pop": "4058", "rgid": "59", "rpid": "59933", "ruid": "5915004", "rguid": "5915"}},{"type":"Feature","geometry":{"type":"MultiPolygon","coordinates":[[[[-122.800958626,49.119101005],[-122.800969431,49.114559726],[-122.800924583,49.111725267],[-122.800954844,49.10859477],[-122.800989764,49.107588332],[-122.800954463,49.105869748],[-122.800969076,49.104501352],[-122.803776706,49.104494755],[-122.812297866,49.104558535],[-122.812291836,49.106486774],[-122.815834773,49.106542203],[-122.815802275,49.108158732],[-122.817759867,49.108168941],[-122.817755296,49.111802102],[-122.815017581,49.111780498],[-122.812263933,49.111793513],[-122.812252207,49.115424649],[-122.812220964,49.119180428],[-122.800958626,49.119101005]]]]},"properties":{"a": "1.55115", "q": "00001", "t": "CT", "dw": "2379", "hh": "2169", "id": "9330184.14", "nrr": "0.239", "pop": "6331", "rgid": "59", "rpid": "59933", "ruid": "5915004", "rguid": "5915"}},{"type":"Feature","geometry":{"type":"MultiPolygon","coordinates":[[[[-122.823347094,49.155549005],[-122.823387903,49.15308491],[-122.823412044,49.150332741],[-122.826195165,49.15118445],[-122.827825575,49.151618653],[-122.829715815,49.152269127],[-122.833140964,49.153254624],[-122.834542922,49.153602215],[-122.834582185,49.158532649],[-122.834561308,49.160450348],[-122.834578216,49.162840369],[-122.833500708,49.162838399],[-122.830965987,49.162873703],[-122.823425288,49.162912803],[-122.823423912,49.1600231],[-122.823405799,49.157800594],[-122.823347094,49.155549005]]]]},"properties":{"a": "0.98485", "q": "00001", "t": "CT", "dw": "900", "hh": "843", "id": "9330184.15", "nrr": "0.20199999999999999", "pop": "3166", "rgid": "59", "rpid": "59933", "ruid": "5915004", "rguid": "5915"}},{"type":"Feature","geometry":{"type":"MultiPolygon","coordinates":[[[[-122.823412044,49.150332741],[-122.823433814,49.148239498],[-122.823411898,49.146112287],[-122.823423313,49.145082799],[-122.823398996,49.143230398],[-122.823400397,49.141504865],[-122.823363546,49.138231093],[-122.8233363,49.133774475],[-122.828930787,49.13371427],[-122.830250522,49.133690097],[-122.834461007,49.133650962],[-122.834495435,49.13727337],[-122.8344956,49.139063815],[-122.834522196,49.140907304],[-122.83458885,49.151487595],[-122.834523551,49.151601016],[-122.834542922,49.153602215],[-122.833140964,49.153254624],[-122.829715815,49.152269127],[-122.827825575,49.151618653],[-122.826195165,49.15118445],[-122.823412044,49.150332741]]]]},"properties":{"a": "1.65294", "q": "00001", "t": "CT", "dw": "1608", "hh": "1520", "id": "9330184.16", "nrr": "0.28300000000000003", "pop": "5485", "rgid": "59", "rpid": "59933", "ruid": "5915004", "rguid": "5915"}},{"type":"Feature","geometry":{"type":"MultiPolygon","coordinates":[[[[-122.845477259,49.133589812],[-122.845413235,49.12618834],[-122.846607938,49.126247715],[-122.8483691,49.126257003],[-122.859441207,49.126456502],[-122.86775741,49.126589059],[-122.867788106,49.131933253],[-122.867812229,49.13393608],[-122.862313481,49.13387946],[-122.856661132,49.133743288],[-122.851124698,49.133656157],[-122.845477259,49.133589812]]]]},"properties":{"a": "1.33354", "q": "00000", "t": "CT", "dw": "1850", "hh": "1658", "id": "9330185.05", "nrr": "0.369", "pop": "5748", "rgid": "59", "rpid": "59933", "ruid": "5915004", "rguid": "5915"}},{"type":"Feature","geometry":{"type":"MultiPolygon","coordinates":[[[[-122.845399946,49.119109963],[-122.845317391,49.117559484],[-122.845213728,49.117209511],[-122.845682273,49.117086303],[-122.845622117,49.116741216],[-122.84540631,49.116651998],[-122.845376537,49.116282564],[-122.845424438,49.115434245],[-122.845455192,49.111929011],[-122.845354971,49.111852172],[-122.845471716,49.111786223],[-122.845530835,49.109499169],[-122.845612023,49.105229408],[-122.846731509,49.105076616],[-122.84876789,49.104730803],[-122.850105719,49.104527712],[-122.855287508,49.104563096],[-122.859610104,49.104567807],[-122.861547802,49.104768613],[-122.862054501,49.10476809],[-122.863425992,49.104471084],[-122.86502459,49.104441111],[-122.867858346,49.104493081],[-122.867840082,49.107877948],[-122.86778883,49.108172011],[-122.867796667,49.110334847],[-122.86777899,49.113141193],[-122.867795574,49.117291146],[-122.867790147,49.119183244],[-122.863704383,49.119140757],[-122.862235863,49.119142983],[-122.85649073,49.11906892],[-122.850991723,49.119081923],[-122.845399946,49.119109963]]]]},"properties":{"a": "2.62527", "q": "00000", "t": "CT", "dw": "2289", "hh": "2089", "id": "9330185.07", "nrr": "0.2", "pop": "7752", "rgid": "59", "rpid": "59933", "ruid": "5915004", "rguid": "5915"}},{"type":"Feature","geometry":{"type":"MultiPolygon","coordinates":[[[[-122.845492124,49.095576062],[-122.849105606,49.095188088],[-122.856964623,49.09473061],[-122.85730231,49.0947369],[-122.857762486,49.094876505],[-122.858760456,49.09501059],[-122.859023613,49.094880367],[-122.860069177,49.094695388],[-122.862148162,49.09456934],[-122.867418293,49.094167365],[-122.868569421,49.094278002],[-122.870844079,49.094059348],[-122.871987705,49.093999103],[-122.872714503,49.093807797],[-122.873643512,49.093637739],[-122.875437535,49.09349493],[-122.877224054,49.093472393],[-122.881703365,49.093330907],[-122.882727975,49.093336032],[-122.883521595,49.093469251],[-122.884316209,49.093459979],[-122.887418467,49.093225824],[-122.888625944,49.093157729],[-122.889205049,49.09308405],[-122.890353267,49.101647069],[-122.890307723,49.102689303],[-122.890374379,49.102776903],[-122.890396051,49.104708523],[-122.884900067,49.104621497],[-122.884456421,49.104683242],[-122.883952093,49.104525492],[-122.882790893,49.104649595],[-122.882107917,49.104808192],[-122.882049698,49.104614609],[-122.882071283,49.103473496],[-122.877767948,49.104185709],[-122.87648708,49.104418827],[-122.874516395,49.104402113],[-122.870763691,49.104455999],[-122.869377702,49.10454181],[-122.867858346,49.104493081],[-122.86502459,49.104441111],[-122.863425992,49.104471084],[-122.862054501,49.10476809],[-122.861547802,49.104768613],[-122.859610104,49.104567807],[-122.855287508,49.104563096],[-122.850105719,49.104527712],[-122.84876789,49.104730803],[-122.846731509,49.105076616],[-122.845612023,49.105229408],[-122.845708672,49.104418408],[-122.845976005,49.103677506],[-122.84612309,49.103033994],[-122.845594691,49.096026413],[-122.845492124,49.095576062]]]]},"properties":{"a": "3.69636", "q": "00000", "t": "CT", "dw": "445", "hh": "414", "id": "9330185.08", "nrr": "0.336", "pop": "1432", "rgid": "59", "rpid": "59933", "ruid": "5915004", "rguid": "5915"}},{"type":"Feature","geometry":{"type":"MultiPolygon","coordinates":[[[[-122.867962348,49.162580664],[-122.867976771,49.158947293],[-122.867962726,49.155349994],[-122.867914183,49.148133179],[-122.870801111,49.148207242],[-122.875536409,49.148309708],[-122.879104214,49.14840869],[-122.883211199,49.148460214],[-122.888155584,49.148570813],[-122.890309495,49.148600602],[-122.890319084,49.155980203],[-122.890246586,49.159585794],[-122.890267498,49.163208402],[-122.885670504,49.163208792],[-122.885382512,49.163168999],[-122.8848919,49.16285931],[-122.884082389,49.16319619],[-122.883522923,49.163259309],[-122.87908308,49.163225302],[-122.877430582,49.163109804],[-122.873543794,49.162905094],[-122.871229613,49.162761264],[-122.867962348,49.162580664]]]]},"properties":{"a": "2.65706", "q": "00000", "t": "CT", "dw": "1826", "hh": "1723", "id": "9330185.09", "nrr": "0.192", "pop": "5002", "rgid": "59", "rpid": "59933", "ruid": "5915004", "rguid": "5915"}},{"type":"Feature","geometry":{"type":"MultiPolygon","coordinates":[[[[-122.867914183,49.148133179],[-122.867906128,49.146420969],[-122.867863291,49.144716762],[-122.867965957,49.144718853],[-122.867967942,49.141025546],[-122.867945699,49.137427932],[-122.867829347,49.13742633],[-122.867812229,49.13393608],[-122.873416352,49.133973861],[-122.876242697,49.133957737],[-122.87911022,49.133960776],[-122.879095581,49.135649802],[-122.879063307,49.136294887],[-122.879021306,49.14106649],[-122.879069508,49.143902605],[-122.879065993,49.144689087],[-122.879104214,49.14840869],[-122.875536409,49.148309708],[-122.870801111,49.148207242],[-122.867914183,49.148133179]]]]},"properties":{"a": "1.29478", "q": "00000", "t": "CT", "dw": "1679", "hh": "1522", "id": "9330185.10", "nrr": "0.302", "pop": "5781", "rgid": "59", "rpid": "59933", "ruid": "5915004", "rguid": "5915"}},{"type":"Feature","geometry":{"type":"MultiPolygon","coordinates":[[[[-122.879104214,49.14840869],[-122.879065993,49.144689087],[-122.879069508,49.143902605],[-122.879021306,49.14106649],[-122.879063307,49.136294887],[-122.879095581,49.135649802],[-122.87911022,49.133960776],[-122.881937814,49.133986907],[-122.884832572,49.134033836],[-122.890296886,49.134072086],[-122.890309495,49.148600602],[-122.888155584,49.148570813],[-122.883211199,49.148460214],[-122.879104214,49.14840869]]]]},"properties":{"a": "1.32045", "q": "00000", "t": "CT", "dw": "2409", "hh": "2277", "id": "9330185.11", "nrr": "0.21", "pop": "7856", "rgid": "59", "rpid": "59933", "ruid": "5915004", "rguid": "5915"}},{"type":"Feature","geometry":{"type":"MultiPolygon","coordinates":[[[[-122.845413235,49.12618834],[-122.845399946,49.119109963],[-122.850991723,49.119081923],[-122.85649073,49.11906892],[-122.862235863,49.119142983],[-122.863704383,49.119140757],[-122.867790147,49.119183244],[-122.867759406,49.120759224],[-122.867740783,49.124902689],[-122.86775741,49.126589059],[-122.859441207,49.126456502],[-122.8483691,49.126257003],[-122.846607938,49.126247715],[-122.845413235,49.12618834]]]]},"properties":{"a": "1.32328", "q": "00000", "t": "CT", "dw": "1846", "hh": "1724", "id": "9330185.12", "nrr": "0.331", "pop": "6657", "rgid": "59", "rpid": "59933", "ruid": "5915004", "rguid": "5915"}},{"type":"Feature","geometry":{"type":"MultiPolygon","coordinates":[[[[-122.845565036,49.148158848],[-122.853977904,49.148156389],[-122.862280319,49.148185284],[-122.867914183,49.148133179],[-122.867962726,49.155349994],[-122.867976771,49.158947293],[-122.867962348,49.162580664],[-122.865325641,49.162584105],[-122.862418435,49.162614742],[-122.856917969,49.16263448],[-122.849310379,49.162712093],[-122.847622083,49.16274019],[-122.847543618,49.162786497],[-122.845689102,49.162798898],[-122.845638252,49.155425189],[-122.845565036,49.148158848]]]]},"properties":{"a": "2.6243", "q": "00000", "t": "CT", "dw": "1855", "hh": "1681", "id": "9330185.15", "nrr": "0.235", "pop": "6175", "rgid": "59", "rpid": "59933", "ruid": "5915004", "rguid": "5915"}},{"type":"Feature","geometry":{"type":"MultiPolygon","coordinates":[[[[-122.845565036,49.148158848],[-122.845552213,49.140870766],[-122.845739774,49.140873602],[-122.845715394,49.137210988],[-122.845503144,49.137209234],[-122.845477259,49.133589812],[-122.851124698,49.133656157],[-122.856661132,49.133743288],[-122.862313481,49.13387946],[-122.867812229,49.13393608],[-122.867829347,49.13742633],[-122.867945699,49.137427932],[-122.867967942,49.141025546],[-122.867965957,49.144718853],[-122.867863291,49.144716762],[-122.867906128,49.146420969],[-122.867914183,49.148133179],[-122.862280319,49.148185284],[-122.853977904,49.148156389],[-122.845565036,49.148158848]]]]},"properties":{"a": "2.60928", "q": "00000", "t": "CT", "dw": "1378", "hh": "1226", "id": "9330185.16", "nrr": "0.258", "pop": "4994", "rgid": "59", "rpid": "59933", "ruid": "5915004", "rguid": "5915"}},{"type":"Feature","geometry":{"type":"MultiPolygon","coordinates":[[[[-122.879035265,49.119289424],[-122.879087484,49.116427292],[-122.87918072,49.113648398],[-122.87933551,49.113238396],[-122.880080203,49.112385998],[-122.879479199,49.112075716],[-122.879202488,49.111810893],[-122.877746913,49.111809199],[-122.877794973,49.108437806],[-122.877610136,49.10826107],[-122.879123554,49.10827095],[-122.884091061,49.108239308],[-122.890396894,49.108283096],[-122.89038591,49.109636208],[-122.890310214,49.112901309],[-122.890350719,49.115595777],[-122.890342885,49.11938271],[-122.879035265,49.119289424]]]]},"properties":{"a": "1.04321", "q": "00001", "t": "CT", "dw": "1358", "hh": "1322", "id": "9330185.17", "nrr": "0.24", "pop": "3649", "rgid": "59", "rpid": "59933", "ruid": "5915004", "rguid": "5915"}},{"type":"Feature","geometry":{"type":"MultiPolygon","coordinates":[[[[-122.867790147,49.119183244],[-122.867795574,49.117291146],[-122.86777899,49.113141193],[-122.867796667,49.110334847],[-122.86778883,49.108172011],[-122.867840082,49.107877948],[-122.867858346,49.104493081],[-122.869377702,49.10454181],[-122.870763691,49.104455999],[-122.874516395,49.104402113],[-122.87648708,49.104418827],[-122.877767948,49.104185709],[-122.882071283,49.103473496],[-122.882049698,49.104614609],[-122.882107917,49.104808192],[-122.882790893,49.104649595],[-122.883952093,49.104525492],[-122.884456421,49.104683242],[-122.884900067,49.104621497],[-122.890396051,49.104708523],[-122.890416893,49.107205109],[-122.890396894,49.108283096],[-122.884091061,49.108239308],[-122.879123554,49.10827095],[-122.877610136,49.10826107],[-122.877794973,49.108437806],[-122.877746913,49.111809199],[-122.879202488,49.111810893],[-122.879479199,49.112075716],[-122.880080203,49.112385998],[-122.87933551,49.113238396],[-122.87918072,49.113648398],[-122.879087484,49.116427292],[-122.879035265,49.119289424],[-122.873391842,49.119251639],[-122.867790147,49.119183244]]]]},"properties":{"a": "1.68416", "q": "00001", "t": "CT", "dw": "1374", "hh": "1295", "id": "9330185.18", "nrr": "0.33", "pop": "4779", "rgid": "59", "rpid": "59933", "ruid": "5915004", "rguid": "5915"}},{"type":"Feature","geometry":{"type":"MultiPolygon","coordinates":[[[[-122.879011199,49.126654897],[-122.878988307,49.122910307],[-122.879035265,49.119289424],[-122.890342885,49.11938271],[-122.890280224,49.12300583],[-122.890285481,49.126719231],[-122.883205248,49.126684595],[-122.879011199,49.126654897]]]]},"properties":{"a": "0.67403", "q": "00001", "t": "CT", "dw": "1751", "hh": "1643", "id": "9330185.19", "nrr": "0.187", "pop": "5418", "rgid": "59", "rpid": "59933", "ruid": "5915004", "rguid": "5915"}},{"type":"Feature","geometry":{"type":"MultiPolygon","coordinates":[[[[-122.86775741,49.126589059],[-122.867740783,49.124902689],[-122.867759406,49.120759224],[-122.867790147,49.119183244],[-122.873391842,49.119251639],[-122.879035265,49.119289424],[-122.878988307,49.122910307],[-122.879011199,49.126654897],[-122.877421897,49.126656497],[-122.873372602,49.126611913],[-122.86775741,49.126589059]]]]},"properties":{"a": "0.67359", "q": "00001", "t": "CT", "dw": "1312", "hh": "1224", "id": "9330185.20", "nrr": "0.24", "pop": "4808", "rgid": "59", "rpid": "59933", "ruid": "5915004", "rguid": "5915"}},{"type":"Feature","geometry":{"type":"MultiPolygon","coordinates":[[[[-122.87911022,49.133960776],[-122.879101508,49.132661224],[-122.879011199,49.126654897],[-122.883205248,49.126684595],[-122.890285481,49.126719231],[-122.890296886,49.134072086],[-122.884832572,49.134033836],[-122.881937814,49.133986907],[-122.87911022,49.133960776]]]]},"properties":{"a": "0.66837", "q": "00001", "t": "CT", "dw": "1292", "hh": "1199", "id": "9330185.21", "nrr": "0.336", "pop": "3640", "rgid": "59", "rpid": "59933", "ruid": "5915004", "rguid": "5915"}},{"type":"Feature","geometry":{"type":"MultiPolygon","coordinates":[[[[-122.867812229,49.13393608],[-122.867788106,49.131933253],[-122.86775741,49.126589059],[-122.873372602,49.126611913],[-122.877421897,49.126656497],[-122.879011199,49.126654897],[-122.879101508,49.132661224],[-122.87911022,49.133960776],[-122.876242697,49.133957737],[-122.873416352,49.133973861],[-122.867812229,49.13393608]]]]},"properties":{"a": "0.67219", "q": "00001", "t": "CT", "dw": "1118", "hh": "1003", "id": "9330185.22", "nrr": "0.285", "pop": "4214", "rgid": "59", "rpid": "59933", "ruid": "5915004", "rguid": "5915"}},{"type":"Feature","geometry":{"type":"MultiPolygon","coordinates":[[[[-122.880884592,49.187010809],[-122.880875687,49.184427114],[-122.880496916,49.184430508],[-122.880485904,49.180712802],[-122.880508097,49.177132882],[-122.884596186,49.177154862],[-122.890110059,49.177143054],[-122.901192301,49.177123807],[-122.913503394,49.177124105],[-122.911365201,49.178860289],[-122.910248903,49.179828309],[-122.909829513,49.180298289],[-122.909301792,49.180562518],[-122.9074036,49.18212971],[-122.906366492,49.182667509],[-122.900549575,49.184747292],[-122.899814703,49.184927901],[-122.898511757,49.185130986],[-122.89737731,49.185440693],[-122.895323227,49.186313983],[-122.894754118,49.186455251],[-122.893135095,49.186667146],[-122.89286806,49.186927036],[-122.890780007,49.186913261],[-122.890077415,49.187059117],[-122.887088791,49.187034056],[-122.887088718,49.186871896],[-122.883157002,49.186897793],[-122.881612727,49.186807437],[-122.880884592,49.187010809]]]]},"properties":{"a": "1.991", "q": "00000", "t": "CT", "dw": "2391", "hh": "2207", "id": "9330186.01", "nrr": "0.302", "pop": "7137", "rgid": "59", "rpid": "59933", "ruid": "5915004", "rguid": "5915"}},{"type":"Feature","geometry":{"type":"MultiPolygon","coordinates":[[[[-122.867602348,49.199362906],[-122.867706968,49.195369269],[-122.867693478,49.193575052],[-122.8677724,49.191713185],[-122.867704495,49.188019088],[-122.867686113,49.184446107],[-122.867776712,49.180802486],[-122.867859888,49.179872403],[-122.867876093,49.1789818],[-122.867999203,49.177155409],[-122.870811506,49.177142603],[-122.876415107,49.177162892],[-122.880508097,49.177132882],[-122.880485904,49.180712802],[-122.880496916,49.184430508],[-122.880875687,49.184427114],[-122.880884592,49.187010809],[-122.880489804,49.187249714],[-122.880003848,49.187668921],[-122.879516855,49.188401194],[-122.878968485,49.190645314],[-122.878460962,49.191163602],[-122.877955808,49.191802497],[-122.877738569,49.192218728],[-122.877179906,49.192910605],[-122.87620247,49.19402788],[-122.87532122,49.194907574],[-122.874240701,49.196517053],[-122.874309418,49.197327881],[-122.874389994,49.197450478],[-122.873917072,49.197644384],[-122.871729915,49.198420596],[-122.871105386,49.198729509],[-122.869294696,49.19939496],[-122.868581296,49.199495873],[-122.867602348,49.199362906]]]]},"properties":{"a": "1.91099", "q": "01000", "t": "CT", "dw": "2048", "hh": "1830", "id": "9330186.02", "nrr": "0.486", "pop": "5495", "rgid": "59", "rpid": "59933", "ruid": "5915004", "rguid": "5915"}},{"type":"Feature","geometry":{"type":"MultiPolygon","coordinates":[[[[-122.867999203,49.177155409],[-122.868056294,49.171667314],[-122.868042399,49.169776589],[-122.872261588,49.169939807],[-122.873639111,49.170009605],[-122.877872199,49.170171109],[-122.8803938,49.170254104],[-122.882782307,49.170297186],[-122.887461288,49.170413608],[-122.890217711,49.170450886],[-122.890133941,49.174019136],[-122.890110059,49.177143054],[-122.884596186,49.177154862],[-122.880508097,49.177132882],[-122.876415107,49.177162892],[-122.870811506,49.177142603],[-122.867999203,49.177155409]]]]},"properties":{"a": "1.25138", "q": "00000", "t": "CT", "dw": "2252", "hh": "2130", "id": "9330186.05", "nrr": "0.302", "pop": "7187", "rgid": "59", "rpid": "59933", "ruid": "5915004", "rguid": "5915"}},{"type":"Feature","geometry":{"type":"MultiPolygon","coordinates":[[[[-122.868042399,49.169776589],[-122.868051581,49.166588238],[-122.867999802,49.162797988],[-122.867962348,49.162580664],[-122.871229613,49.162761264],[-122.873543794,49.162905094],[-122.877430582,49.163109804],[-122.87908308,49.163225302],[-122.883522923,49.163259309],[-122.884082389,49.16319619],[-122.8848919,49.16285931],[-122.885382512,49.163168999],[-122.885670504,49.163208792],[-122.890267498,49.163208402],[-122.890207373,49.166812398],[-122.890365105,49.166813401],[-122.890331787,49.169176597],[-122.890224607,49.1691789],[-122.890217711,49.170450886],[-122.887461288,49.170413608],[-122.882782307,49.170297186],[-122.8803938,49.170254104],[-122.877872199,49.170171109],[-122.873639111,49.170009605],[-122.872261588,49.169939807],[-122.868042399,49.169776589]]]]},"properties":{"a": "1.28473", "q": "00000", "t": "CT", "dw": "1152", "hh": "1045", "id": "9330186.06", "nrr": "0.23600000000000002", "pop": "4079", "rgid": "59", "rpid": "59933", "ruid": "5915004", "rguid": "5915"}},{"type":"Feature","geometry":{"type":"MultiPolygon","coordinates":[[[[-122.845741497,49.17005001],[-122.845689102,49.162798898],[-122.847543618,49.162786497],[-122.847622083,49.16274019],[-122.849310379,49.162712093],[-122.856917969,49.16263448],[-122.862418435,49.162614742],[-122.865325641,49.162584105],[-122.867962348,49.162580664],[-122.867999802,49.162797988],[-122.868051581,49.166588238],[-122.868042399,49.169776589],[-122.861987009,49.169728664],[-122.860585211,49.1697649],[-122.859908011,49.169883907],[-122.858161299,49.169921184],[-122.85689619,49.169913105],[-122.853673721,49.169954199],[-122.851519076,49.17000019],[-122.848738699,49.170035114],[-122.845741497,49.17005001]]]]},"properties":{"a": "1.31071", "q": "00000", "t": "CT", "dw": "1569", "hh": "1463", "id": "9330186.07", "nrr": "0.24600000000000002", "pop": "5679", "rgid": "59", "rpid": "59933", "ruid": "5915004", "rguid": "5915"}},{"type":"Feature","geometry":{"type":"MultiPolygon","coordinates":[[[[-122.8568384,49.177095096],[-122.852579516,49.1770627],[-122.84558941,49.177059911],[-122.845735161,49.174649517],[-122.845741497,49.17005001],[-122.848738699,49.170035114],[-122.851519076,49.17000019],[-122.853673721,49.169954199],[-122.85689619,49.169913105],[-122.858161299,49.169921184],[-122.859908011,49.169883907],[-122.860585211,49.1697649],[-122.861987009,49.169728664],[-122.868042399,49.169776589],[-122.868056294,49.171667314],[-122.867999203,49.177155409],[-122.861453396,49.177112607],[-122.8568384,49.177095096]]]]},"properties":{"a": "1.30317", "q": "00000", "t": "CT", "dw": "1943", "hh": "1841", "id": "9330186.08", "nrr": "0.28800000000000003", "pop": "6269", "rgid": "59", "rpid": "59933", "ruid": "5915004", "rguid": "5915"}},{"type":"Feature","geometry":{"type":"MultiPolygon","coordinates":[[[[-122.812283781,49.176894593],[-122.806619993,49.176849293],[-122.800941105,49.176842896],[-122.80119099,49.170083549],[-122.801303249,49.166100675],[-122.801422862,49.162887485],[-122.80427448,49.162890187],[-122.812384687,49.162864802],[-122.817899427,49.162920799],[-122.820690274,49.162908594],[-122.823425288,49.162912803],[-122.823406232,49.165559502],[-122.823396395,49.170118399],[-122.823388487,49.174588137],[-122.828470827,49.176538189],[-122.827854409,49.17686871],[-122.826980497,49.177014193],[-122.812283781,49.176894593]]]]},"properties":{"a": "2.58115", "q": "00000", "t": "CT", "dw": "2362", "hh": "2168", "id": "9330187.03", "nrr": "0.312", "pop": "7252", "rgid": "59", "rpid": "59933", "ruid": "5915004", "rguid": "5915"}},{"type":"Feature","geometry":{"type":"MultiPolygon","coordinates":[[[[-122.828470827,49.176538189],[-122.823388487,49.174588137],[-122.823396395,49.170118399],[-122.827541186,49.170105494],[-122.830678202,49.170112187],[-122.834656415,49.170088697],[-122.837531608,49.170093899],[-122.845741497,49.17005001],[-122.845735161,49.174649517],[-122.84558941,49.177059911],[-122.837684478,49.177018199],[-122.834588487,49.176986697],[-122.834535106,49.178858295],[-122.828470827,49.176538189]]]]},"properties":{"a": "1.22853", "q": "00000", "t": "CT", "dw": "485", "hh": "439", "id": "9330187.04", "nrr": "0.184", "pop": "1699", "rgid": "59", "rpid": "59933", "ruid": "5915004", "rguid": "5915"}},{"type":"Feature","geometry":{"type":"MultiPolygon","coordinates":[[[[-122.823396395,49.170118399],[-122.823406232,49.165559502],[-122.823425288,49.162912803],[-122.830965987,49.162873703],[-122.833500708,49.162838399],[-122.834578216,49.162840369],[-122.838933894,49.1628422],[-122.845689102,49.162798898],[-122.845741497,49.17005001],[-122.837531608,49.170093899],[-122.834656415,49.170088697],[-122.830678202,49.170112187],[-122.827541186,49.170105494],[-122.823396395,49.170118399]]]]},"properties":{"a": "1.30964", "q": "00000", "t": "CT", "dw": "2087", "hh": "1885", "id": "9330187.05", "nrr": "0.374", "pop": "7306", "rgid": "59", "rpid": "59933", "ruid": "5915004", "rguid": "5915"}},{"type":"Feature","geometry":{"type":"MultiPolygon","coordinates":[[[[-122.778867275,49.176897582],[-122.778904191,49.172901613],[-122.778877405,49.170063395],[-122.777629925,49.1700576],[-122.770624667,49.170125248],[-122.76774833,49.170135351],[-122.756684025,49.169997126],[-122.756632803,49.162838509],[-122.760183886,49.162819304],[-122.764808413,49.162822287],[-122.767712062,49.162807727],[-122.777684092,49.162747215],[-122.790171001,49.162800359],[-122.790149702,49.165790312],[-122.79010949,49.168358],[-122.790079093,49.17209469],[-122.790035006,49.173507989],[-122.7900309,49.176266806],[-122.790013188,49.176901509],[-122.784466794,49.176902701],[-122.780283269,49.176888564],[-122.778867275,49.176897582]]]]},"properties":{"a": "2.59674", "q": "00000", "t": "CT", "dw": "2203", "hh": "2091", "id": "9330187.06", "nrr": "0.19399999999999998", "pop": "6777", "rgid": "59", "rpid": "59933", "ruid": "5915004", "rguid": "5915"}},{"type":"Feature","geometry":{"type":"MultiPolygon","coordinates":[[[[-122.756657762,49.155483728],[-122.759451916,49.155479589],[-122.765618782,49.155450596],[-122.76779053,49.155467224],[-122.767802471,49.15736615],[-122.767752542,49.159583088],[-122.767712062,49.162807727],[-122.764808413,49.162822287],[-122.760183886,49.162819304],[-122.756632803,49.162838509],[-122.756618009,49.157350494],[-122.756657762,49.155483728]]]]},"properties":{"a": "0.66415", "q": "00000", "t": "CT", "dw": "576", "hh": "541", "id": "9330187.07", "nrr": "0.35", "pop": "1932", "rgid": "59", "rpid": "59933", "ruid": "5915004", "rguid": "5915"}},{"type":"Feature","geometry":{"type":"MultiPolygon","coordinates":[[[[-122.756657762,49.155483728],[-122.756586694,49.153260407],[-122.756603015,49.152062408],[-122.756562443,49.150266243],[-122.756526882,49.149852469],[-122.756225794,49.149295539],[-122.756118117,49.148834536],[-122.75629581,49.148933402],[-122.760991759,49.150368024],[-122.762045607,49.150814345],[-122.763552906,49.151412949],[-122.767762335,49.153032551],[-122.773441682,49.155283569],[-122.778812602,49.157363729],[-122.782170873,49.158697735],[-122.790192136,49.161799016],[-122.790171001,49.162800359],[-122.777684092,49.162747215],[-122.767712062,49.162807727],[-122.767752542,49.159583088],[-122.767802471,49.15736615],[-122.76779053,49.155467224],[-122.765618782,49.155450596],[-122.759451916,49.155479589],[-122.756657762,49.155483728]]]]},"properties":{"a": "1.38528", "q": "00000", "t": "CT", "dw": "1701", "hh": "1647", "id": "9330187.11", "nrr": "0.196", "pop": "4861", "rgid": "59", "rpid": "59933", "ruid": "5915004", "rguid": "5915"}},{"type":"Feature","geometry":{"type":"MultiPolygon","coordinates":[[[[-122.790013188,49.176901509],[-122.7900309,49.176266806],[-122.790035006,49.173507989],[-122.790079093,49.17209469],[-122.79010949,49.168358],[-122.790149702,49.165790312],[-122.790171001,49.162800359],[-122.791183982,49.162823371],[-122.79180962,49.162896972],[-122.792778898,49.163116874],[-122.793418981,49.163040426],[-122.79512296,49.163680468],[-122.797944796,49.16479343],[-122.801303249,49.166100675],[-122.80119099,49.170083549],[-122.800941105,49.176842896],[-122.79551088,49.176889601],[-122.790013188,49.176901509]]]]},"properties":{"a": "1.14835", "q": "00001", "t": "CT", "dw": "1405", "hh": "1393", "id": "9330187.12", "nrr": "0.265", "pop": "4270", "rgid": "59", "rpid": "59933", "ruid": "5915004", "rguid": "5915"}},{"type":"Feature","geometry":{"type":"MultiPolygon","coordinates":[[[[-122.790171001,49.162800359],[-122.790192136,49.161799016],[-122.790154995,49.1603508],[-122.790181481,49.1582792],[-122.790149789,49.156553599],[-122.790150295,49.154124309],[-122.790109601,49.151873101],[-122.79574559,49.151901416],[-122.801235439,49.151901636],[-122.801324294,49.155531966],[-122.80136759,49.159187044],[-122.801422862,49.162887485],[-122.801303249,49.166100675],[-122.797944796,49.16479343],[-122.79512296,49.163680468],[-122.793418981,49.163040426],[-122.792778898,49.163116874],[-122.79180962,49.162896972],[-122.791183982,49.162823371],[-122.790171001,49.162800359]]]]},"properties":{"a": "1.10751", "q": "00001", "t": "CT", "dw": "1245", "hh": "1174", "id": "9330187.13", "nrr": "0.195", "pop": "3842", "rgid": "59", "rpid": "59933", "ruid": "5915004", "rguid": "5915"}},{"type":"Feature","geometry":{"type":"MultiPolygon","coordinates":[[[[-122.767762335,49.153032551],[-122.767766426,49.151829722],[-122.773143518,49.151816281],[-122.778890783,49.151821758],[-122.778896602,49.153617769],[-122.778864593,49.15542527],[-122.781636499,49.155425291],[-122.783972241,49.15540863],[-122.785861688,49.15544253],[-122.785858053,49.15612994],[-122.786121091,49.156390084],[-122.787677178,49.156983497],[-122.788838697,49.156681203],[-122.789559391,49.156567506],[-122.790149789,49.156553599],[-122.790181481,49.1582792],[-122.790154995,49.1603508],[-122.790192136,49.161799016],[-122.782170873,49.158697735],[-122.778812602,49.157363729],[-122.773441682,49.155283569],[-122.767762335,49.153032551]]]]},"properties":{"a": "0.64619", "q": "00001", "t": "CT", "dw": "1300", "hh": "1263", "id": "9330187.14", "nrr": "0.28600000000000003", "pop": "3404", "rgid": "59", "rpid": "59933", "ruid": "5915004", "rguid": "5915"}},{"type":"Feature","geometry":{"type":"MultiPolygon","coordinates":[[[[-122.778890783,49.151821758],[-122.778884824,49.14957249],[-122.778843021,49.148256564],[-122.781725358,49.148239169],[-122.784446815,49.148248434],[-122.790083793,49.1482365],[-122.790109601,49.151873101],[-122.790150295,49.154124309],[-122.790149789,49.156553599],[-122.789559391,49.156567506],[-122.788838697,49.156681203],[-122.787677178,49.156983497],[-122.786121091,49.156390084],[-122.785858053,49.15612994],[-122.785861688,49.15544253],[-122.783972241,49.15540863],[-122.781636499,49.155425291],[-122.778864593,49.15542527],[-122.778896602,49.153617769],[-122.778890783,49.151821758]]]]},"properties":{"a": "0.6979", "q": "01001", "t": "CT", "dw": "1230", "hh": "1179", "id": "9330187.15", "nrr": "0.316", "pop": "4066", "rgid": "59", "rpid": "59933", "ruid": "5915004", "rguid": "5915"}},{"type":"Feature","geometry":{"type":"MultiPolygon","coordinates":[[[[-122.756118117,49.148834536],[-122.756169055,49.148497258],[-122.756642732,49.147562679],[-122.756692921,49.147314574],[-122.756569204,49.146631366],[-122.756566775,49.144504806],[-122.761893913,49.144528204],[-122.767635798,49.144538711],[-122.767688168,49.148223033],[-122.773149451,49.148234658],[-122.778843021,49.148256564],[-122.778884824,49.14957249],[-122.778890783,49.151821758],[-122.773143518,49.151816281],[-122.767766426,49.151829722],[-122.767762335,49.153032551],[-122.763552906,49.151412949],[-122.762045607,49.150814345],[-122.760991759,49.150368024],[-122.75629581,49.148933402],[-122.756118117,49.148834536]]]]},"properties":{"a": "0.90313", "q": "00001", "t": "CT", "dw": "934", "hh": "892", "id": "9330187.16", "nrr": "0.298", "pop": "2972", "rgid": "59", "rpid": "59933", "ruid": "5915004", "rguid": "5915"}},{"type":"Feature","geometry":{"type":"MultiPolygon","coordinates":[[[[-122.77880747,49.21392436],[-122.778751425,49.212649932],[-122.77916656,49.206810202],[-122.778854901,49.206560705],[-122.778687814,49.206061056],[-122.778684909,49.202422708],[-122.780242634,49.202419713],[-122.78352768,49.202441208],[-122.785121682,49.202429355],[-122.785628247,49.202287697],[-122.786071742,49.202026111],[-122.786443973,49.202239024],[-122.787257614,49.202498466],[-122.791172488,49.202520531],[-122.797058333,49.20245688],[-122.797024337,49.202034202],[-122.797172503,49.201676415],[-122.797581729,49.201074992],[-122.801726378,49.204992205],[-122.808376088,49.211389899],[-122.808953871,49.212049396],[-122.809532618,49.212935988],[-122.809905892,49.213675109],[-122.812018604,49.219571254],[-122.809718797,49.219431302],[-122.807670783,49.219330196],[-122.80472517,49.21933915],[-122.803916001,49.219341593],[-122.801700355,49.219660271],[-122.795355885,49.216633202],[-122.789445948,49.215516828],[-122.785266728,49.214869783],[-122.779150746,49.213939645],[-122.77880747,49.21392436]]]]},"properties":{"a": "3.24027", "q": "00000", "t": "CT", "dw": "896", "hh": "857", "id": "9330188.01", "nrr": "0.252", "pop": "3148", "rgid": "59", "rpid": "59933", "ruid": "5915004", "rguid": "5915"}},{"type":"Feature","geometry":{"type":"MultiPolygon","coordinates":[[[[-122.778684909,49.202422708],[-122.778659489,49.198792696],[-122.778613679,49.195139466],[-122.778343004,49.194689877],[-122.777502301,49.194151198],[-122.777045582,49.193613981],[-122.777003942,49.193284775],[-122.777122789,49.192797285],[-122.7773538,49.192295999],[-122.781764884,49.193382092],[-122.783401988,49.193773418],[-122.787322898,49.194748991],[-122.789194396,49.195364415],[-122.790291799,49.195804292],[-122.791473103,49.1963414],[-122.79267318,49.196983495],[-122.794017497,49.197883098],[-122.795101288,49.198781198],[-122.797581729,49.201074992],[-122.797172503,49.201676415],[-122.797024337,49.202034202],[-122.797058333,49.20245688],[-122.791172488,49.202520531],[-122.787257614,49.202498466],[-122.786443973,49.202239024],[-122.786071742,49.202026111],[-122.785628247,49.202287697],[-122.785121682,49.202429355],[-122.78352768,49.202441208],[-122.780242634,49.202419713],[-122.778684909,49.202422708]]]]},"properties":{"a": "1.06859", "q": "00000", "t": "CT", "dw": "826", "hh": "774", "id": "9330188.02", "nrr": "0.20199999999999999", "pop": "2832", "rgid": "59", "rpid": "59933", "ruid": "5915004", "rguid": "5915"}},{"type":"Feature","geometry":{"type":"MultiPolygon","coordinates":[[[[-122.767470885,49.191516927],[-122.7636178,49.191546297],[-122.758759119,49.191613801],[-122.756468192,49.191610597],[-122.756472482,49.188699392],[-122.756498488,49.187501788],[-122.756439699,49.187361309],[-122.756802901,49.187257836],[-122.756862793,49.186566691],[-122.756607091,49.18633919],[-122.756474122,49.186042308],[-122.75648669,49.184388399],[-122.75659062,49.176984911],[-122.756631987,49.175015512],[-122.75668918,49.170717351],[-122.756684025,49.169997126],[-122.76774833,49.170135351],[-122.770624667,49.170125248],[-122.777629925,49.1700576],[-122.778877405,49.170063395],[-122.778904191,49.172901613],[-122.778867275,49.176897582],[-122.778732783,49.180619404],[-122.77868132,49.183003803],[-122.778502292,49.190136395],[-122.778213739,49.190875595],[-122.7773538,49.192295999],[-122.773713455,49.191683593],[-122.773179289,49.191560155],[-122.772154827,49.191534844],[-122.767470885,49.191516927]]]]},"properties":{"a": "3.86936", "q": "00000", "t": "CT", "dw": "1278", "hh": "1151", "id": "9330188.04", "nrr": "0.326", "pop": "4108", "rgid": "59", "rpid": "59933", "ruid": "5915004", "rguid": "5915"}},{"type":"Feature","geometry":{"type":"MultiPolygon","coordinates":[[[[-122.73066971,49.21109799],[-122.733188553,49.208426945],[-122.733998861,49.205808002],[-122.734295647,49.199047548],[-122.734282109,49.191975564],[-122.734380805,49.19145591],[-122.734442509,49.187103904],[-122.734484676,49.181232971],[-122.734547379,49.179129992],[-122.734582597,49.176969392],[-122.73480468,49.170001795],[-122.74130039,49.17010401],[-122.741460482,49.17018719],[-122.741502281,49.170745401],[-122.741460293,49.176977711],[-122.745877213,49.177009409],[-122.75659062,49.176984911],[-122.75648669,49.184388399],[-122.756474122,49.186042308],[-122.756607091,49.18633919],[-122.756862793,49.186566691],[-122.756802901,49.187257836],[-122.756439699,49.187361309],[-122.756498488,49.187501788],[-122.756472482,49.188699392],[-122.756468192,49.191610597],[-122.7565048,49.19442649],[-122.756490597,49.195219902],[-122.756525711,49.199099007],[-122.756604756,49.199327963],[-122.756635031,49.200865946],[-122.756747658,49.20234743],[-122.756736019,49.203484282],[-122.757523293,49.20443877],[-122.756710366,49.206239331],[-122.756646194,49.206941995],[-122.755941859,49.212242211],[-122.755934239,49.212871398],[-122.755594981,49.215087809],[-122.751393053,49.215771738],[-122.750601915,49.215571697],[-122.744379006,49.214701212],[-122.741153782,49.214158905],[-122.738083597,49.213315692],[-122.731976492,49.211256315],[-122.73066971,49.21109799]]]]},"properties":{"a": "7.19567", "q": "00000", "t": "CT", "dw": "796", "hh": "750", "id": "9330188.05", "nrr": "0.272", "pop": "2687", "rgid": "59", "rpid": "59933", "ruid": "5915004", "rguid": "5915"}},{"type":"Feature","geometry":{"type":"MultiPolygon","coordinates":[[[[-122.718419797,49.185782898],[-122.716947292,49.18367345],[-122.716886481,49.180702403],[-122.716965438,49.177081386],[-122.712619308,49.175933871],[-122.712812602,49.174847194],[-122.712688112,49.174648783],[-122.712745625,49.170112699],[-122.718222796,49.170073396],[-122.732455912,49.169998092],[-122.73480468,49.170001795],[-122.734582597,49.176969392],[-122.734547379,49.179129992],[-122.734484676,49.181232971],[-122.734442509,49.187103904],[-122.734380805,49.19145591],[-122.734282109,49.191975564],[-122.734295647,49.199047548],[-122.733998861,49.205808002],[-122.733188553,49.208426945],[-122.73066971,49.21109799],[-122.730364212,49.209010393],[-122.729767101,49.208204204],[-122.72893621,49.207354002],[-122.728053188,49.205995292],[-122.727189408,49.204328984],[-122.726671193,49.2028036],[-122.72589638,49.199802803],[-122.725627192,49.197908589],[-122.725584811,49.196653886],[-122.725007182,49.192592105],[-122.724189906,49.190535502],[-122.722257805,49.188071586],[-122.721101214,49.187115992],[-122.719583397,49.186280002],[-122.718419797,49.185782898]]]]},"properties":{"a": "4.11064", "q": "00000", "t": "CT", "dw": "407", "hh": "369", "id": "9330188.06", "nrr": "0.33899999999999997", "pop": "1184", "rgid": "59", "rpid": "59933", "ruid": "5915004", "rguid": "5915"}},{"type":"Feature","geometry":{"type":"MultiPolygon","coordinates":[[[[-122.756468192,49.191610597],[-122.758759119,49.191613801],[-122.7636178,49.191546297],[-122.767470885,49.191516927],[-122.767452101,49.192891284],[-122.767184894,49.193359996],[-122.767119597,49.193766191],[-122.767147113,49.1949077],[-122.767533501,49.195803209],[-122.767500811,49.197199698],[-122.767521496,49.200648492],[-122.767489298,49.201564812],[-122.767478191,49.2047811],[-122.767499203,49.206155796],[-122.770254978,49.206134804],[-122.773672922,49.2061245],[-122.778687814,49.206061056],[-122.778854901,49.206560705],[-122.77916656,49.206810202],[-122.778751425,49.212649932],[-122.77880747,49.21392436],[-122.770205582,49.213381215],[-122.768632828,49.213543879],[-122.767187372,49.213664747],[-122.755594981,49.215087809],[-122.755934239,49.212871398],[-122.755941859,49.212242211],[-122.756646194,49.206941995],[-122.756710366,49.206239331],[-122.757523293,49.20443877],[-122.756736019,49.203484282],[-122.756747658,49.20234743],[-122.756635031,49.200865946],[-122.756604756,49.199327963],[-122.756525711,49.199099007],[-122.756490597,49.195219902],[-122.7565048,49.19442649],[-122.756468192,49.191610597]]]]},"properties":{"a": "2.71778", "q": "00001", "t": "CT", "dw": "1266", "hh": "1212", "id": "9330188.07", "nrr": "0.244", "pop": "4431", "rgid": "59", "rpid": "59933", "ruid": "5915004", "rguid": "5915"}},{"type":"Feature","geometry":{"type":"MultiPolygon","coordinates":[[[[-122.767470885,49.191516927],[-122.772154827,49.191534844],[-122.773179289,49.191560155],[-122.773713455,49.191683593],[-122.7773538,49.192295999],[-122.777122789,49.192797285],[-122.777003942,49.193284775],[-122.777045582,49.193613981],[-122.777502301,49.194151198],[-122.778343004,49.194689877],[-122.778613679,49.195139466],[-122.778659489,49.198792696],[-122.778684909,49.202422708],[-122.778687814,49.206061056],[-122.773672922,49.2061245],[-122.770254978,49.206134804],[-122.767499203,49.206155796],[-122.767478191,49.2047811],[-122.767489298,49.201564812],[-122.767521496,49.200648492],[-122.767500811,49.197199698],[-122.767533501,49.195803209],[-122.767147113,49.1949077],[-122.767119597,49.193766191],[-122.767184894,49.193359996],[-122.767452101,49.192891284],[-122.767470885,49.191516927]]]]},"properties":{"a": "1.2783", "q": "00001", "t": "CT", "dw": "1158", "hh": "1141", "id": "9330188.08", "nrr": "0.213", "pop": "4046", "rgid": "59", "rpid": "59933", "ruid": "5915004", "rguid": "5915"}},{"type":"Feature","geometry":{"type":"MultiPolygon","coordinates":[[[[-122.812018604,49.219571254],[-122.809905892,49.213675109],[-122.809532618,49.212935988],[-122.808953871,49.212049396],[-122.808376088,49.211389899],[-122.801726378,49.204992205],[-122.797581729,49.201074992],[-122.799139303,49.198883183],[-122.799275782,49.198833197],[-122.80059099,49.197070295],[-122.801339156,49.197386815],[-122.800842791,49.198752709],[-122.803641887,49.198713201],[-122.80389612,49.198609054],[-122.804488866,49.19874827],[-122.804772005,49.198721529],[-122.806250001,49.198738337],[-122.812538586,49.198735398],[-122.812549299,49.200519588],[-122.812643003,49.204993089],[-122.812677106,49.205216691],[-122.813711587,49.205820301],[-122.814253203,49.206227313],[-122.815053325,49.2070664],[-122.815577906,49.207982],[-122.814946105,49.208289398],[-122.814256676,49.208876302],[-122.813979406,49.209378096],[-122.813838274,49.209934307],[-122.813860007,49.210718808],[-122.814073303,49.211349491],[-122.814488104,49.211965407],[-122.8151052,49.212674692],[-122.816909187,49.21382809],[-122.817126089,49.214267804],[-122.817080818,49.215095398],[-122.817187295,49.215866884],[-122.817117867,49.21707245],[-122.817204155,49.217299164],[-122.817177243,49.21782696],[-122.816597854,49.219849748],[-122.812018604,49.219571254]]]]},"properties":{"a": "1.57755", "q": "00000", "t": "CT", "dw": "1153", "hh": "1081", "id": "9330189.03", "nrr": "0.35", "pop": "3350", "rgid": "59", "rpid": "59933", "ruid": "5915004", "rguid": "5915"}},{"type":"Feature","geometry":{"type":"MultiPolygon","coordinates":[[[[-122.800941105,49.176842896],[-122.806619993,49.176849293],[-122.812283781,49.176894593],[-122.812166402,49.180465389],[-122.812077402,49.184202021],[-122.812065853,49.186110044],[-122.81199362,49.188163104],[-122.811990912,49.189821804],[-122.812052298,49.190165995],[-122.812449634,49.190975088],[-122.812448252,49.191533697],[-122.800988413,49.191557994],[-122.801035816,49.184194504],[-122.801060885,49.182534696],[-122.800861989,49.182534999],[-122.800941105,49.176842896]]]]},"properties":{"a": "1.3284", "q": "00000", "t": "CT", "dw": "3644", "hh": "3547", "id": "9330189.05", "nrr": "0.19699999999999998", "pop": "8114", "rgid": "59", "rpid": "59933", "ruid": "5915004", "rguid": "5915"}},{"type":"Feature","geometry":{"type":"MultiPolygon","coordinates":[[[[-122.812448252,49.191533697],[-122.812449634,49.190975088],[-122.812052298,49.190165995],[-122.811990912,49.189821804],[-122.81199362,49.188163104],[-122.812065853,49.186110044],[-122.812077402,49.184202021],[-122.812166402,49.180465389],[-122.812283781,49.176894593],[-122.826980497,49.177014193],[-122.827854409,49.17686871],[-122.828470827,49.176538189],[-122.834535106,49.178858295],[-122.834211581,49.184271103],[-122.831409386,49.18416881],[-122.831372301,49.188233987],[-122.831356015,49.191489702],[-122.823099901,49.191510493],[-122.817200858,49.191509354],[-122.817078159,49.191538169],[-122.812448252,49.191533697]]]]},"properties":{"a": "2.41577", "q": "00000", "t": "CT", "dw": "1034", "hh": "944", "id": "9330189.06", "nrr": "0.319", "pop": "2925", "rgid": "59", "rpid": "59933", "ruid": "5915004", "rguid": "5915"}},{"type":"Feature","geometry":{"type":"MultiPolygon","coordinates":[[[[-122.7773538,49.192295999],[-122.778213739,49.190875595],[-122.780946797,49.191565501],[-122.781257452,49.1915964],[-122.784126675,49.191609137],[-122.789688609,49.191587615],[-122.793120354,49.191559189],[-122.793249603,49.191515288],[-122.795304056,49.191525073],[-122.798989606,49.191496796],[-122.799129004,49.191564879],[-122.800988413,49.191557994],[-122.800994025,49.193209695],[-122.8009606,49.196206397],[-122.800857313,49.196590704],[-122.80059099,49.197070295],[-122.799275782,49.198833197],[-122.799139303,49.198883183],[-122.797581729,49.201074992],[-122.795101288,49.198781198],[-122.794017497,49.197883098],[-122.79267318,49.196983495],[-122.791473103,49.1963414],[-122.790291799,49.195804292],[-122.789194396,49.195364415],[-122.787322898,49.194748991],[-122.783401988,49.193773418],[-122.781764884,49.193382092],[-122.7773538,49.192295999]]]]},"properties":{"a": "0.83665", "q": "00000", "t": "CT", "dw": "998", "hh": "948", "id": "9330189.07", "nrr": "0.303", "pop": "2487", "rgid": "59", "rpid": "59933", "ruid": "5915004", "rguid": "5915"}},{"type":"Feature","geometry":{"type":"MultiPolygon","coordinates":[[[[-122.80059099,49.197070295],[-122.800857313,49.196590704],[-122.8009606,49.196206397],[-122.800994025,49.193209695],[-122.800988413,49.191557994],[-122.812448252,49.191533697],[-122.812478124,49.195298991],[-122.812486585,49.197834594],[-122.812538586,49.198735398],[-122.806250001,49.198738337],[-122.804772005,49.198721529],[-122.804488866,49.19874827],[-122.80389612,49.198609054],[-122.803641887,49.198713201],[-122.800842791,49.198752709],[-122.801339156,49.197386815],[-122.80059099,49.197070295]]]]},"properties":{"a": "0.66963", "q": "00000", "t": "CT", "dw": "2845", "hh": "2721", "id": "9330189.08", "nrr": "0.371", "pop": "6617", "rgid": "59", "rpid": "59933", "ruid": "5915004", "rguid": "5915"}},{"type":"Feature","geometry":{"type":"MultiPolygon","coordinates":[[[[-122.778213739,49.190875595],[-122.778502292,49.190136395],[-122.77868132,49.183003803],[-122.778732783,49.180619404],[-122.778867275,49.176897582],[-122.780283269,49.176888564],[-122.784466794,49.176902701],[-122.790013188,49.176901509],[-122.789896335,49.180677887],[-122.78986555,49.184360377],[-122.78979082,49.187964098],[-122.789791819,49.189299391],[-122.789688609,49.191587615],[-122.784126675,49.191609137],[-122.781257452,49.1915964],[-122.780946797,49.191565501],[-122.778213739,49.190875595]]]]},"properties":{"a": "1.32943", "q": "00000", "t": "CT", "dw": "1333", "hh": "1261", "id": "9330189.09", "nrr": "0.324", "pop": "4088", "rgid": "59", "rpid": "59933", "ruid": "5915004", "rguid": "5915"}},{"type":"Feature","geometry":{"type":"MultiPolygon","coordinates":[[[[-122.790013188,49.176901509],[-122.79551088,49.176889601],[-122.800941105,49.176842896],[-122.800861989,49.182534999],[-122.801060885,49.182534696],[-122.801035816,49.184194504],[-122.800988413,49.191557994],[-122.799129004,49.191564879],[-122.798989606,49.191496796],[-122.795304056,49.191525073],[-122.793249603,49.191515288],[-122.793120354,49.191559189],[-122.789688609,49.191587615],[-122.789791819,49.189299391],[-122.78979082,49.187964098],[-122.78986555,49.184360377],[-122.789896335,49.180677887],[-122.790013188,49.176901509]]]]},"properties":{"a": "1.32113", "q": "00000", "t": "CT", "dw": "2338", "hh": "2244", "id": "9330189.10", "nrr": "0.23199999999999998", "pop": "6618", "rgid": "59", "rpid": "59933", "ruid": "5915004", "rguid": "5915"}},{"type":"Feature","geometry":{"type":"MultiPolygon","coordinates":[[[[-122.831356015,49.191489702],[-122.831372301,49.188233987],[-122.831409386,49.18416881],[-122.834211581,49.184271103],[-122.834535106,49.178858295],[-122.834588487,49.176986697],[-122.837684478,49.177018199],[-122.84558941,49.177059911],[-122.845454803,49.179224704],[-122.845438635,49.1805343],[-122.845359239,49.184270205],[-122.84531994,49.187771197],[-122.845260867,49.19163923],[-122.842433628,49.191595132],[-122.842311972,49.191569047],[-122.836965819,49.191507698],[-122.831356015,49.191489702]]]]},"properties":{"a": "1.46946", "q": "01000", "t": "CT", "dw": "3679", "hh": "2806", "id": "9330190.01", "nrr": "0.272", "pop": "6748", "rgid": "59", "rpid": "59933", "ruid": "5915004", "rguid": "5915"}},{"type":"Feature","geometry":{"type":"MultiPolygon","coordinates":[[[[-122.834162374,49.198845904],[-122.82149358,49.198787299],[-122.817446916,49.198772298],[-122.812538586,49.198735398],[-122.812486585,49.197834594],[-122.812478124,49.195298991],[-122.812448252,49.191533697],[-122.817078159,49.191538169],[-122.817200858,49.191509354],[-122.823099901,49.191510493],[-122.831356015,49.191489702],[-122.836965819,49.191507698],[-122.842311972,49.191569047],[-122.842433628,49.191595132],[-122.845260867,49.19163923],[-122.845215313,49.192754211],[-122.845192002,49.197501712],[-122.845367707,49.197985295],[-122.845821905,49.19887429],[-122.836938705,49.198858007],[-122.834162374,49.198845904]]]]},"properties":{"a": "1.93869", "q": "00000", "t": "CT", "dw": "2491", "hh": "2200", "id": "9330190.03", "nrr": "0.332", "pop": "6183", "rgid": "59", "rpid": "59933", "ruid": "5915004", "rguid": "5915"}},{"type":"Feature","geometry":{"type":"MultiPolygon","coordinates":[[[[-122.817126089,49.214267804],[-122.816909187,49.21382809],[-122.8151052,49.212674692],[-122.814488104,49.211965407],[-122.814073303,49.211349491],[-122.813860007,49.210718808],[-122.813838274,49.209934307],[-122.813979406,49.209378096],[-122.814256676,49.208876302],[-122.814946105,49.208289398],[-122.815577906,49.207982],[-122.815053325,49.2070664],[-122.814253203,49.206227313],[-122.813711587,49.205820301],[-122.812677106,49.205216691],[-122.812643003,49.204993089],[-122.812549299,49.200519588],[-122.812538586,49.198735398],[-122.817446916,49.198772298],[-122.82149358,49.198787299],[-122.834162374,49.198845904],[-122.834144497,49.200719399],[-122.83417831,49.202215995],[-122.834288198,49.202516495],[-122.838565401,49.20590359],[-122.839073897,49.2060934],[-122.839779786,49.206126696],[-122.845317197,49.206164599],[-122.845269187,49.209598594],[-122.845207204,49.211522086],[-122.835542515,49.211457707],[-122.834186519,49.211457493],[-122.83417173,49.213345507],[-122.832520413,49.2135096],[-122.829162503,49.213739703],[-122.826411391,49.213325399],[-122.825559793,49.213912239],[-122.823369591,49.21442567],[-122.822272386,49.214199903],[-122.819318003,49.21429019],[-122.817222996,49.214316712],[-122.817126089,49.214267804]]]]},"properties":{"a": "3.05245", "q": "00000", "t": "CT", "dw": "2387", "hh": "2172", "id": "9330190.04", "nrr": "0.335", "pop": "6623", "rgid": "59", "rpid": "59933", "ruid": "5915004", "rguid": "5915"}},{"type":"Feature","geometry":{"type":"MultiPolygon","coordinates":[[[[-122.834162374,49.198845904],[-122.836938705,49.198858007],[-122.845821905,49.19887429],[-122.846296017,49.199469287],[-122.846663486,49.199836897],[-122.847188084,49.200235102],[-122.846723123,49.200516105],[-122.845298316,49.201492479],[-122.845270999,49.202541411],[-122.845317197,49.206164599],[-122.839779786,49.206126696],[-122.839073897,49.2060934],[-122.838565401,49.20590359],[-122.834288198,49.202516495],[-122.83417831,49.202215995],[-122.834144497,49.200719399],[-122.834162374,49.198845904]]]]},"properties":{"a": "0.60743", "q": "00000", "t": "CT", "dw": "654", "hh": "603", "id": "9330190.05", "nrr": "0.44299999999999995", "pop": "1753", "rgid": "59", "rpid": "59933", "ruid": "5915004", "rguid": "5915"}},{"type":"Feature","geometry":{"type":"MultiPolygon","coordinates":[[[[-122.856469426,49.191694806],[-122.856521901,49.18984389],[-122.856478186,49.187692003],[-122.856544405,49.185355],[-122.856568905,49.183410496],[-122.856694407,49.180765195],[-122.856736405,49.178967094],[-122.8568384,49.177095096],[-122.861453396,49.177112607],[-122.867999203,49.177155409],[-122.867876093,49.1789818],[-122.867859888,49.179872403],[-122.867776712,49.180802486],[-122.867686113,49.184446107],[-122.867704495,49.188019088],[-122.8677724,49.191713185],[-122.865042705,49.191687906],[-122.859512751,49.191666455],[-122.859334666,49.1917036],[-122.856469426,49.191694806]]]]},"properties":{"a": "1.31926", "q": "00000", "t": "CT", "dw": "1697", "hh": "1552", "id": "9330191.03", "nrr": "0.275", "pop": "5377", "rgid": "59", "rpid": "59933", "ruid": "5915004", "rguid": "5915"}},{"type":"Feature","geometry":{"type":"MultiPolygon","coordinates":[[[[-122.845260867,49.19163923],[-122.84531994,49.187771197],[-122.845359239,49.184270205],[-122.845438635,49.1805343],[-122.845454803,49.179224704],[-122.84558941,49.177059911],[-122.852579516,49.1770627],[-122.8568384,49.177095096],[-122.856736405,49.178967094],[-122.856694407,49.180765195],[-122.856568905,49.183410496],[-122.856544405,49.185355],[-122.856478186,49.187692003],[-122.856521901,49.18984389],[-122.856469426,49.191694806],[-122.85426268,49.191706077],[-122.850517072,49.191671398],[-122.845260867,49.19163923]]]]},"properties":{"a": "1.32867", "q": "01000", "t": "CT", "dw": "2815", "hh": "2616", "id": "9330191.04", "nrr": "0.34700000000000003", "pop": "5884", "rgid": "59", "rpid": "59933", "ruid": "5915004", "rguid": "5915"}},{"type":"Feature","geometry":{"type":"MultiPolygon","coordinates":[[[[-122.854271933,49.204942492],[-122.855674071,49.204034709],[-122.855993831,49.203933218],[-122.856415917,49.203373403],[-122.856455108,49.202187101],[-122.856471407,49.198945003],[-122.856482895,49.197010103],[-122.856441813,49.194475308],[-122.856428294,49.192242286],[-122.856469426,49.191694806],[-122.859334666,49.1917036],[-122.859512751,49.191666455],[-122.865042705,49.191687906],[-122.8677724,49.191713185],[-122.867693478,49.193575052],[-122.867706968,49.195369269],[-122.867602348,49.199362906],[-122.867529548,49.200645545],[-122.867472139,49.200724061],[-122.868350602,49.202714591],[-122.867987517,49.202949995],[-122.867756387,49.203325306],[-122.867719998,49.203864783],[-122.867527495,49.204339407],[-122.867419305,49.206349907],[-122.865514191,49.20655849],[-122.863669186,49.206851697],[-122.861822103,49.2071979],[-122.861052809,49.207290791],[-122.860194008,49.207306391],[-122.858719992,49.207146303],[-122.857750089,49.206918008],[-122.856584311,49.206462285],[-122.854271933,49.204942492]]]]},"properties":{"a": "1.40808", "q": "01001", "t": "CT", "dw": "1360", "hh": "1212", "id": "9330191.05", "nrr": "0.318", "pop": "3837", "rgid": "59", "rpid": "59933", "ruid": "5915004", "rguid": "5915"}},{"type":"Feature","geometry":{"type":"MultiPolygon","coordinates":[[[[-122.845317197,49.206164599],[-122.845270999,49.202541411],[-122.845298316,49.201492479],[-122.846723123,49.200516105],[-122.847188084,49.200235102],[-122.849132767,49.201523801],[-122.851187024,49.200186286],[-122.850826765,49.199691942],[-122.850895545,49.198920017],[-122.856471407,49.198945003],[-122.856455108,49.202187101],[-122.856415917,49.203373403],[-122.855993831,49.203933218],[-122.855674071,49.204034709],[-122.854271933,49.204942492],[-122.853109127,49.204180576],[-122.851800973,49.205056844],[-122.851731997,49.206216205],[-122.845317197,49.206164599]]]]},"properties":{"a": "0.50094", "q": "01001", "t": "CT", "dw": "1182", "hh": "1117", "id": "9330191.06", "nrr": "0.39399999999999996", "pop": "2594", "rgid": "59", "rpid": "59933", "ruid": "5915004", "rguid": "5915"}},{"type":"Feature","geometry":{"type":"MultiPolygon","coordinates":[[[[-122.847188084,49.200235102],[-122.846663486,49.199836897],[-122.846296017,49.199469287],[-122.845821905,49.19887429],[-122.845367707,49.197985295],[-122.845192002,49.197501712],[-122.845215313,49.192754211],[-122.845260867,49.19163923],[-122.850517072,49.191671398],[-122.85426268,49.191706077],[-122.856469426,49.191694806],[-122.856428294,49.192242286],[-122.856441813,49.194475308],[-122.856482895,49.197010103],[-122.856471407,49.198945003],[-122.850895545,49.198920017],[-122.850826765,49.199691942],[-122.851187024,49.200186286],[-122.849132767,49.201523801],[-122.847188084,49.200235102]]]]},"properties":{"a": "0.72545", "q": "01001", "t": "CT", "dw": "2076", "hh": "1835", "id": "9330191.07", "nrr": "0.316", "pop": "3535", "rgid": "59", "rpid": "59933", "ruid": "5915004", "rguid": "5915"}},{"type":"Feature","geometry":{"type":"MultiPolygon","coordinates":[[[[-122.817412754,49.219899263],[-122.816597854,49.219849748],[-122.817177243,49.21782696],[-122.817204155,49.217299164],[-122.817117867,49.21707245],[-122.817187295,49.215866884],[-122.817080818,49.215095398],[-122.817126089,49.214267804],[-122.817222996,49.214316712],[-122.819318003,49.21429019],[-122.822272386,49.214199903],[-122.823369591,49.21442567],[-122.825559793,49.213912239],[-122.826411391,49.213325399],[-122.829162503,49.213739703],[-122.832520413,49.2135096],[-122.83417173,49.213345507],[-122.834186519,49.211457493],[-122.835542515,49.211457707],[-122.845207204,49.211522086],[-122.845269187,49.209598594],[-122.845317197,49.206164599],[-122.851731997,49.206216205],[-122.851800973,49.205056844],[-122.853109127,49.204180576],[-122.854271933,49.204942492],[-122.856584311,49.206462285],[-122.857750089,49.206918008],[-122.858719992,49.207146303],[-122.860194008,49.207306391],[-122.861052809,49.207290791],[-122.861822103,49.2071979],[-122.863669186,49.206851697],[-122.865514191,49.20655849],[-122.867419305,49.206349907],[-122.867527495,49.204339407],[-122.867719998,49.203864783],[-122.867756387,49.203325306],[-122.867987517,49.202949995],[-122.868350602,49.202714591],[-122.867472139,49.200724061],[-122.867529548,49.200645545],[-122.867602348,49.199362906],[-122.868581296,49.199495873],[-122.869294696,49.19939496],[-122.871105386,49.198729509],[-122.871729915,49.198420596],[-122.873917072,49.197644384],[-122.874389994,49.197450478],[-122.874309418,49.197327881],[-122.874240701,49.196517053],[-122.87532122,49.194907574],[-122.87620247,49.19402788],[-122.877179906,49.192910605],[-122.877738569,49.192218728],[-122.877955808,49.191802497],[-122.878460962,49.191163602],[-122.878968485,49.190645314],[-122.879516855,49.188401194],[-122.880003848,49.187668921],[-122.880489804,49.187249714],[-122.880884592,49.187010809],[-122.881612727,49.186807437],[-122.883157002,49.186897793],[-122.887088718,49.186871896],[-122.887088791,49.187034056],[-122.890077415,49.187059117],[-122.890780007,49.186913261],[-122.89286806,49.186927036],[-122.893135095,49.186667146],[-122.894754118,49.186455251],[-122.895323227,49.186313983],[-122.89737731,49.185440693],[-122.898511757,49.185130986],[-122.899814703,49.184927901],[-122.900549575,49.184747292],[-122.906366492,49.182667509],[-122.9074036,49.18212971],[-122.909301792,49.180562518],[-122.909829513,49.180298289],[-122.910248903,49.179828309],[-122.911365201,49.178860289],[-122.913503394,49.177124105],[-122.914012598,49.17730359],[-122.915408811,49.177332721],[-122.916254017,49.177176973],[-122.917450188,49.177092363],[-122.919865483,49.177068797],[-122.923325768,49.177210258],[-122.920119889,49.183374601],[-122.919359587,49.184354397],[-122.916151983,49.189346304],[-122.914611519,49.191355802],[-122.912196199,49.194062608],[-122.911827221,49.194479205],[-122.906536109,49.198263426],[-122.905811032,49.198781955],[-122.904466598,49.199653292],[-122.90164303,49.201995218],[-122.894664278,49.207782172],[-122.894272009,49.208107407],[-122.891952998,49.2105414],[-122.891802689,49.210635411],[-122.889548355,49.213385024],[-122.885504043,49.217661046],[-122.881334015,49.219758763],[-122.880163268,49.219865906],[-122.875943853,49.220208227],[-122.873497219,49.220433889],[-122.866796596,49.221107265],[-122.856536295,49.220651588],[-122.840267104,49.219576402],[-122.837816498,49.219656701],[-122.834086401,49.219643998],[-122.829086921,49.219841506],[-122.822055209,49.2200109],[-122.817801589,49.219922906],[-122.817412754,49.219899263]]]]},"properties":{"a": "13.27301", "q": "01000", "t": "CT", "dw": "1647", "hh": "1462", "id": "9330192.00", "nrr": "0.386", "pop": "4145", "rgid": "59", "rpid": "59933", "ruid": "5915004", "rguid": "5915"}},{"type":"Feature","geometry":{"type":"MultiPolygon","coordinates":[[[[-122.9199724,49.194688724],[-122.920721895,49.193930807],[-122.920967992,49.193556306],[-122.922357297,49.192475304],[-122.923308094,49.191478305],[-122.924025805,49.190912905],[-122.924461215,49.190686501],[-122.924976399,49.190173809],[-122.927175779,49.188578601],[-122.929415592,49.187231312],[-122.930888293,49.186648802],[-122.932674684,49.186100499],[-122.933960915,49.185126396],[-122.935384713,49.183848809],[-122.936134514,49.182757909],[-122.938159615,49.181601406],[-122.939494101,49.181187003],[-122.943243784,49.179611795],[-122.946124506,49.178630512],[-122.947381206,49.178048009],[-122.949753891,49.177169298],[-122.952058696,49.176495588],[-122.954391396,49.176004305],[-122.955370082,49.175705501],[-122.956908841,49.175171881],[-122.957250112,49.175854118],[-122.957321614,49.176201604],[-122.957335952,49.177175959],[-122.957273958,49.181851901],[-122.957236904,49.183192336],[-122.957233511,49.185926611],[-122.957467817,49.188913447],[-122.957426373,49.190120828],[-122.951058005,49.194306969],[-122.949733113,49.194980193],[-122.94705084,49.196304556],[-122.946322471,49.19670819],[-122.943749589,49.197868907],[-122.935708052,49.197279755],[-122.927644771,49.197251724],[-122.923336751,49.197166226],[-122.921355655,49.197053543],[-122.920616567,49.19703403],[-122.920424657,49.196791198],[-122.9199724,49.194688724]]]]},"properties":{"a": "4.05101", "q": "00000", "t": "CT", "dw": "2568", "hh": "2279", "id": "9330200.00", "nrr": "0.332", "pop": "7125", "rgid": "59", "rpid": "59933", "ruid": "5915029", "rguid": "5915"}},{"type":"Feature","geometry":{"type":"MultiPolygon","coordinates":[[[[-122.945237361,49.200072132],[-122.945535872,49.199934657],[-122.946683867,49.19966989],[-122.944528774,49.200091739],[-122.944429426,49.199694304],[-122.943606301,49.199066409],[-122.943749589,49.197868907],[-122.946322471,49.19670819],[-122.94705084,49.196304556],[-122.949733113,49.194980193],[-122.951058005,49.194306969],[-122.951732028,49.194917802],[-122.953421093,49.196142995],[-122.953968564,49.196724269],[-122.954739038,49.197262686],[-122.955599197,49.197996023],[-122.9556189,49.198156042],[-122.956354803,49.198609631],[-122.959951341,49.201367587],[-122.958510804,49.202243838],[-122.957430801,49.202457709],[-122.957496308,49.202799209],[-122.953743857,49.204844536],[-122.952545152,49.20544679],[-122.952179604,49.205670976],[-122.952096297,49.205862839],[-122.95186748,49.205627543],[-122.950762288,49.204737713],[-122.946722568,49.20154398],[-122.94548419,49.200553911],[-122.945237361,49.200072132]]]]},"properties":{"a": "0.77643", "q": "00000", "t": "CT", "dw": "660", "hh": "611", "id": "9330201.00", "nrr": "0.312", "pop": "1818", "rgid": "59", "rpid": "59933", "ruid": "5915029", "rguid": "5915"}},{"type":"Feature","geometry":{"type":"MultiPolygon","coordinates":[[[[-122.926858197,49.204705485],[-122.924212014,49.202600184],[-122.923123542,49.20188167],[-122.92285674,49.201662359],[-122.92181945,49.202200326],[-122.921652943,49.202331609],[-122.919298452,49.203592278],[-122.917422774,49.202102598],[-122.916761918,49.202426003],[-122.915399019,49.203175298],[-122.914640683,49.203746413],[-122.911514409,49.201235087],[-122.91096529,49.200822486],[-122.910564093,49.200801787],[-122.909279091,49.199839254],[-122.906536109,49.198263426],[-122.911827221,49.194479205],[-122.912196199,49.194062608],[-122.9199724,49.194688724],[-122.920424657,49.196791198],[-122.920616567,49.19703403],[-122.921355655,49.197053543],[-122.923336751,49.197166226],[-122.927644771,49.197251724],[-122.935708052,49.197279755],[-122.943749589,49.197868907],[-122.943606301,49.199066409],[-122.944429426,49.199694304],[-122.944528774,49.200091739],[-122.946683867,49.19966989],[-122.945535872,49.199934657],[-122.945237361,49.200072132],[-122.944647817,49.200190558],[-122.943969677,49.200425388],[-122.942444061,49.201340681],[-122.941427362,49.20184065],[-122.940823311,49.202095584],[-122.937066441,49.204135743],[-122.930604487,49.207609599],[-122.928804295,49.2062358],[-122.926858197,49.204705485]]]]},"properties":{"a": "2.01186", "q": "00000", "t": "CT", "dw": "4860", "hh": "4623", "id": "9330202.00", "nrr": "0.247", "pop": "8867", "rgid": "59", "rpid": "59933", "ruid": "5915029", "rguid": "5915"}},{"type":"Feature","geometry":{"type":"MultiPolygon","coordinates":[[[[-122.930604487,49.207609599],[-122.937066441,49.204135743],[-122.940823311,49.202095584],[-122.941427362,49.20184065],[-122.942444061,49.201340681],[-122.943969677,49.200425388],[-122.944647817,49.200190558],[-122.945237361,49.200072132],[-122.94548419,49.200553911],[-122.946722568,49.20154398],[-122.950762288,49.204737713],[-122.95186748,49.205627543],[-122.952096297,49.205862839],[-122.949838378,49.207000747],[-122.946294996,49.208924709],[-122.944386718,49.209938221],[-122.942684679,49.210880894],[-122.9378865,49.213447407],[-122.932190202,49.20898989],[-122.930604487,49.207609599]]]]},"properties":{"a": "1.1241", "q": "00000", "t": "CT", "dw": "1765", "hh": "1617", "id": "9330203.00", "nrr": "0.242", "pop": "4640", "rgid": "59", "rpid": "59933", "ruid": "5915029", "rguid": "5915"}},{"type":"Feature","geometry":{"type":"MultiPolygon","coordinates":[[[[-122.914640683,49.203746413],[-122.915399019,49.203175298],[-122.916761918,49.202426003],[-122.917422774,49.202102598],[-122.919298452,49.203592278],[-122.921652943,49.202331609],[-122.92181945,49.202200326],[-122.92285674,49.201662359],[-122.923123542,49.20188167],[-122.924212014,49.202600184],[-122.926858197,49.204705485],[-122.92552023,49.205433099],[-122.926970009,49.206582595],[-122.924636808,49.207831404],[-122.923416191,49.208503698],[-122.92292979,49.208120492],[-122.921265277,49.209008998],[-122.916970106,49.205594206],[-122.916375343,49.205148362],[-122.914640683,49.203746413]]]]},"properties":{"a": "0.40712", "q": "00000", "t": "CT", "dw": "2445", "hh": "2308", "id": "9330204.01", "nrr": "0.255", "pop": "4261", "rgid": "59", "rpid": "59933", "ruid": "5915029", "rguid": "5915"}},{"type":"Feature","geometry":{"type":"MultiPolygon","coordinates":[[[[-122.922243491,49.209779308],[-122.921265277,49.209008998],[-122.92292979,49.208120492],[-122.923416191,49.208503698],[-122.924636808,49.207831404],[-122.926970009,49.206582595],[-122.92552023,49.205433099],[-122.926858197,49.204705485],[-122.928804295,49.2062358],[-122.930604487,49.207609599],[-122.932190202,49.20898989],[-122.9378865,49.213447407],[-122.934212884,49.215457421],[-122.931509011,49.216912027],[-122.930468306,49.216168896],[-122.928608203,49.214721297],[-122.926633195,49.213227991],[-122.924021585,49.211174191],[-122.923184494,49.210551189],[-122.922243491,49.209779308]]]]},"properties":{"a": "0.70306", "q": "01000", "t": "CT", "dw": "2764", "hh": "2611", "id": "9330204.02", "nrr": "0.304", "pop": "5215", "rgid": "59", "rpid": "59933", "ruid": "5915029", "rguid": "5915"}},{"type":"Feature","geometry":{"type":"MultiPolygon","coordinates":[[[[-122.9084617,49.207107289],[-122.914051633,49.204082704],[-122.914640683,49.203746413],[-122.916375343,49.205148362],[-122.916970106,49.205594206],[-122.921265277,49.209008998],[-122.922243491,49.209779308],[-122.920067702,49.210926205],[-122.918570094,49.211779802],[-122.917381943,49.212415157],[-122.915457481,49.210869994],[-122.915296812,49.210954593],[-122.91722259,49.212499796],[-122.916018001,49.213134698],[-122.909652294,49.20808469],[-122.9084617,49.207107289]]]]},"properties":{"a": "0.50609", "q": "01000", "t": "CT", "dw": "2498", "hh": "2344", "id": "9330205.01", "nrr": "0.336", "pop": "4097", "rgid": "59", "rpid": "59933", "ruid": "5915029", "rguid": "5915"}},{"type":"Feature","geometry":{"type":"MultiPolygon","coordinates":[[[[-122.916018001,49.213134698],[-122.91722259,49.212499796],[-122.915296812,49.210954593],[-122.915457481,49.210869994],[-122.917381943,49.212415157],[-122.918570094,49.211779802],[-122.920067702,49.210926205],[-122.922243491,49.209779308],[-122.923184494,49.210551189],[-122.924021585,49.211174191],[-122.926633195,49.213227991],[-122.928608203,49.214721297],[-122.930468306,49.216168896],[-122.931509011,49.216912027],[-122.925111518,49.22035401],[-122.923549116,49.2191365],[-122.916018001,49.213134698]]]]},"properties":{"a": "0.62065", "q": "01000", "t": "CT", "dw": "3126", "hh": "3012", "id": "9330205.02", "nrr": "0.276", "pop": "5165", "rgid": "59", "rpid": "59933", "ruid": "5915029", "rguid": "5915"}},{"type":"Feature","geometry":{"type":"MultiPolygon","coordinates":[[[[-122.90164303,49.201995218],[-122.904466598,49.199653292],[-122.905811032,49.198781955],[-122.906536109,49.198263426],[-122.909279091,49.199839254],[-122.910564093,49.200801787],[-122.91096529,49.200822486],[-122.911514409,49.201235087],[-122.914640683,49.203746413],[-122.914051633,49.204082704],[-122.9084617,49.207107289],[-122.905290497,49.204592714],[-122.904974575,49.204762961],[-122.904767218,49.20461502],[-122.904378032,49.204831267],[-122.903936594,49.204569129],[-122.903973179,49.20404329],[-122.903581122,49.203649442],[-122.901831179,49.202464281],[-122.90164303,49.201995218]]]]},"properties":{"a": "0.47777", "q": "01000", "t": "CT", "dw": "1496", "hh": "1394", "id": "9330206.00", "nrr": "0.28600000000000003", "pop": "2572", "rgid": "59", "rpid": "59933", "ruid": "5915029", "rguid": "5915"}},{"type":"Feature","geometry":{"type":"MultiPolygon","coordinates":[[[[-122.894664278,49.207782172],[-122.90164303,49.201995218],[-122.901831179,49.202464281],[-122.903581122,49.203649442],[-122.903973179,49.20404329],[-122.903936594,49.204569129],[-122.904378032,49.204831267],[-122.904767218,49.20461502],[-122.904974575,49.204762961],[-122.905290497,49.204592714],[-122.9084617,49.207107289],[-122.90479888,49.209087755],[-122.903944634,49.209344334],[-122.903341318,49.209645009],[-122.900076093,49.211480907],[-122.898921177,49.212087358],[-122.897643282,49.211082984],[-122.898063364,49.210711271],[-122.898242558,49.210432647],[-122.898297626,49.210060344],[-122.898690978,49.209307677],[-122.897918489,49.20895569],[-122.894664278,49.207782172]]]]},"properties":{"a": "0.51432", "q": "01000", "t": "CT", "dw": "1396", "hh": "1282", "id": "9330207.00", "nrr": "0.32899999999999996", "pop": "2143", "rgid": "59", "rpid": "59933", "ruid": "5915029", "rguid": "5915"}},{"type":"Feature","geometry":{"type":"MultiPolygon","coordinates":[[[[-122.898921177,49.212087358],[-122.900076093,49.211480907],[-122.903341318,49.209645009],[-122.903944634,49.209344334],[-122.90479888,49.209087755],[-122.9084617,49.207107289],[-122.909652294,49.20808469],[-122.916018001,49.213134698],[-122.923549116,49.2191365],[-122.925111518,49.22035401],[-122.917063019,49.224682715],[-122.916924969,49.224694077],[-122.916337806,49.224274577],[-122.915954493,49.224155514],[-122.913831212,49.223674905],[-122.913034782,49.2233062],[-122.911891906,49.222429305],[-122.908374828,49.219587006],[-122.904474409,49.216488524],[-122.899845032,49.212742786],[-122.898921177,49.212087358]]]]},"properties":{"a": "1.67738", "q": "00000", "t": "CT", "dw": "2695", "hh": "2590", "id": "9330208.00", "nrr": "0.268", "pop": "5910", "rgid": "59", "rpid": "59933", "ruid": "5915029", "rguid": "5915"}},{"type":"Feature","geometry":{"type":"MultiPolygon","coordinates":[[[[-122.881334015,49.219758763],[-122.885504043,49.217661046],[-122.889548355,49.213385024],[-122.891802689,49.210635411],[-122.891952998,49.2105414],[-122.894272009,49.208107407],[-122.894664278,49.207782172],[-122.897918489,49.20895569],[-122.898690978,49.209307677],[-122.898297626,49.210060344],[-122.898242558,49.210432647],[-122.898063364,49.210711271],[-122.897643282,49.211082984],[-122.898921177,49.212087358],[-122.899845032,49.212742786],[-122.904474409,49.216488524],[-122.908374828,49.219587006],[-122.911891906,49.222429305],[-122.913034782,49.2233062],[-122.913831212,49.223674905],[-122.915954493,49.224155514],[-122.916337806,49.224274577],[-122.916924969,49.224694077],[-122.917063019,49.224682715],[-122.916434138,49.225025963],[-122.912164693,49.227306501],[-122.901528109,49.233039086],[-122.898413418,49.234733407],[-122.8985977,49.227967511],[-122.898697506,49.22371901],[-122.898757182,49.220544992],[-122.893018001,49.220462594],[-122.891673042,49.220554366],[-122.89180677,49.219751295],[-122.891788136,49.219371234],[-122.89138142,49.218898078],[-122.89114233,49.218882727],[-122.889112464,49.220416717],[-122.881334015,49.219758763]]]]},"properties":{"a": "2.56822", "q": "01000", "t": "CT", "dw": "3706", "hh": "3481", "id": "9330209.00", "nrr": "0.26", "pop": "8540", "rgid": "59", "rpid": "59933", "ruid": "5915029", "rguid": "5915"}},{"type":"Feature","geometry":{"type":"MultiPolygon","coordinates":[[[[-122.892506753,49.238033421],[-122.892270693,49.237961703],[-122.891447494,49.237196913],[-122.890886912,49.236430699],[-122.889939812,49.235953496],[-122.889183199,49.235926495],[-122.887988396,49.236077396],[-122.886314082,49.235905102],[-122.885818306,49.235724201],[-122.885187984,49.235363899],[-122.881507013,49.2347672],[-122.880931799,49.234478096],[-122.880351416,49.233931661],[-122.880013579,49.233613593],[-122.87888689,49.233441191],[-122.877131685,49.232739091],[-122.876761385,49.232495598],[-122.876171594,49.231693702],[-122.87532089,49.231314889],[-122.875061092,49.231072816],[-122.875034714,49.23059571],[-122.87543451,49.230272404],[-122.876204515,49.230003201],[-122.877015502,49.229571705],[-122.877347647,49.229125511],[-122.876475465,49.228667601],[-122.876413781,49.228564019],[-122.876409684,49.226278267],[-122.876496357,49.225262285],[-122.876734233,49.225150107],[-122.875943853,49.220208227],[-122.880163268,49.219865906],[-122.881334015,49.219758763],[-122.889112464,49.220416717],[-122.89114233,49.218882727],[-122.89138142,49.218898078],[-122.891788136,49.219371234],[-122.89180677,49.219751295],[-122.891673042,49.220554366],[-122.893018001,49.220462594],[-122.898757182,49.220544992],[-122.898697506,49.22371901],[-122.8985977,49.227967511],[-122.898413418,49.234733407],[-122.897360268,49.235286859],[-122.895633097,49.235714634],[-122.895613935,49.236268779],[-122.894951484,49.236208928],[-122.894729427,49.238049166],[-122.894191177,49.238035253],[-122.894207901,49.237355945],[-122.893679941,49.237298811],[-122.893393572,49.23744432],[-122.893292178,49.237894988],[-122.892872667,49.237858186],[-122.892506753,49.238033421]]]]},"properties":{"a": "2.76497", "q": "01000", "t": "CT", "dw": "2626", "hh": "2434", "id": "9330210.00", "nrr": "0.34600000000000003", "pop": "5623", "rgid": "59", "rpid": "59933", "ruid": "5915029", "rguid": "5915"}},{"type":"Feature","geometry":{"type":"MultiPolygon","coordinates":[[[[-122.988482505,49.20675519],[-122.987270005,49.206726708],[-122.985856402,49.206475512],[-122.984918209,49.206342895],[-122.983847119,49.2062499],[-122.981092507,49.206195296],[-122.980291184,49.206067418],[-122.978272475,49.205418035],[-122.977249749,49.20515063],[-122.976261716,49.20508866],[-122.976049977,49.204820595],[-122.97476832,49.205011615],[-122.973478565,49.204947478],[-122.9707496,49.204774398],[-122.970216897,49.204673811],[-122.968521381,49.204267601],[-122.966597954,49.203779222],[-122.964596243,49.203230074],[-122.96261117,49.202489451],[-122.961864191,49.202162086],[-122.961244165,49.201719382],[-122.960610201,49.20113302],[-122.959951341,49.201367587],[-122.956354803,49.198609631],[-122.9556189,49.198156042],[-122.955599197,49.197996023],[-122.954739038,49.197262686],[-122.953968564,49.196724269],[-122.953421093,49.196142995],[-122.951732028,49.194917802],[-122.951058005,49.194306969],[-122.957426373,49.190120828],[-122.960834649,49.188291271],[-122.96518026,49.186491342],[-122.967952403,49.183911224],[-122.969741832,49.181905445],[-122.972949356,49.180722471],[-122.978205946,49.180159892],[-122.980252227,49.180687711],[-122.982809078,49.181369053],[-122.987150813,49.182980921],[-122.988559575,49.183813687],[-122.99055756,49.184892916],[-122.994280479,49.18725671],[-123.000865697,49.19079069],[-123.00471156,49.193052605],[-123.008744652,49.194866782],[-123.011546856,49.195842341],[-123.014391577,49.197016482],[-123.017545103,49.198277407],[-123.019339818,49.198871794],[-123.023139507,49.199744471],[-123.023417358,49.201358907],[-123.023385681,49.202234988],[-123.023253324,49.202437695],[-123.022936526,49.20260729],[-123.023204168,49.202991249],[-123.023376714,49.203445554],[-123.023434796,49.2044237],[-123.023382572,49.204532153],[-123.02338638,49.20550071],[-123.023341507,49.206886798],[-123.023412605,49.207595902],[-123.023537304,49.208177688],[-123.019434202,49.208116595],[-123.015585008,49.208544303],[-123.014424779,49.208767994],[-123.013812396,49.209031198],[-123.013126693,49.209216686],[-123.012382067,49.209229373],[-123.008462187,49.209198117],[-123.004976829,49.209152645],[-123.004704539,49.209119861],[-123.003227494,49.208764387],[-123.002247702,49.208425392],[-123.001725092,49.208293793],[-122.998323602,49.20773791],[-122.994056114,49.207310813],[-122.991207297,49.206845697],[-122.988482505,49.20675519]]]]},"properties":{"a": "9.86126", "q": "01000", "t": "CT", "dw": "400", "hh": "359", "id": "9330220.00", "nrr": "0.348", "pop": "1076", "rgid": "59", "rpid": "59933", "ruid": "5915025", "rguid": "5915"}},{"type":"Feature","geometry":{"type":"MultiPolygon","coordinates":[[[[-123.012606608,49.221953913],[-123.012427997,49.218392408],[-123.012359882,49.214843894],[-123.012416907,49.2112906],[-123.012382067,49.209229373],[-123.013126693,49.209216686],[-123.013812396,49.209031198],[-123.014424779,49.208767994],[-123.015585008,49.208544303],[-123.019434202,49.208116595],[-123.023537304,49.208177688],[-123.023710324,49.209247288],[-123.023667128,49.212035218],[-123.023630299,49.212444097],[-123.02365289,49.220978516],[-123.0236111,49.221951112],[-123.020631208,49.221971492],[-123.018066498,49.221938393],[-123.012606608,49.221953913]]]]},"properties":{"a": "1.22944", "q": "00000", "t": "CT", "dw": "614", "hh": "597", "id": "9330221.01", "nrr": "0.363", "pop": "1736", "rgid": "59", "rpid": "59933", "ruid": "5915025", "rguid": "5915"}},{"type":"Feature","geometry":{"type":"MultiPolygon","coordinates":[[[[-122.988473307,49.214854691],[-122.98848222,49.213913608],[-122.988458313,49.211213904],[-122.98845839,49.209412995],[-122.988424721,49.207668003],[-122.988482505,49.20675519],[-122.991207297,49.206845697],[-122.994056114,49.207310813],[-122.998323602,49.20773791],[-123.001725092,49.208293793],[-123.002247702,49.208425392],[-123.003227494,49.208764387],[-123.004704539,49.209119861],[-123.004976829,49.209152645],[-123.008462187,49.209198117],[-123.012382067,49.209229373],[-123.012416907,49.2112906],[-123.012359882,49.214843894],[-123.008666196,49.214829691],[-123.004922819,49.2148419],[-122.997526205,49.214829796],[-122.993898608,49.214833193],[-122.99208579,49.214851992],[-122.988473307,49.214854691]]]]},"properties":{"a": "1.29855", "q": "00000", "t": "CT", "dw": "1202", "hh": "1141", "id": "9330221.03", "nrr": "0.278", "pop": "3465", "rgid": "59", "rpid": "59933", "ruid": "5915025", "rguid": "5915"}},{"type":"Feature","geometry":{"type":"MultiPolygon","coordinates":[[[[-123.008971811,49.221953994],[-123.001409327,49.221942099],[-122.995741299,49.221947403],[-122.995571786,49.221947549],[-122.994366716,49.221336246],[-122.994150828,49.221275194],[-122.992716487,49.220967073],[-122.990991336,49.220699437],[-122.988629875,49.220368824],[-122.988500786,49.218495017],[-122.988420397,49.216496488],[-122.988473307,49.214854691],[-122.99208579,49.214851992],[-122.993898608,49.214833193],[-122.997526205,49.214829796],[-123.004922819,49.2148419],[-123.008666196,49.214829691],[-123.012359882,49.214843894],[-123.012427997,49.218392408],[-123.012606608,49.221953913],[-123.008971811,49.221953994]]]]},"properties":{"a": "1.32234", "q": "00000", "t": "CT", "dw": "1762", "hh": "1658", "id": "9330221.04", "nrr": "0.273", "pop": "5337", "rgid": "59", "rpid": "59933", "ruid": "5915025", "rguid": "5915"}},{"type":"Feature","geometry":{"type":"MultiPolygon","coordinates":[[[[-122.972021179,49.215321187],[-122.971931014,49.212900307],[-122.971905317,49.211357293],[-122.973085986,49.208823793],[-122.973374175,49.2082968],[-122.974988672,49.206621397],[-122.978272475,49.205418035],[-122.980291184,49.206067418],[-122.981092507,49.206195296],[-122.983847119,49.2062499],[-122.984918209,49.206342895],[-122.985856402,49.206475512],[-122.987270005,49.206726708],[-122.988482505,49.20675519],[-122.988424721,49.207668003],[-122.98845839,49.209412995],[-122.988458313,49.211213904],[-122.98848222,49.213913608],[-122.988473307,49.214854691],[-122.988420397,49.216496488],[-122.988500786,49.218495017],[-122.988629875,49.220368824],[-122.986972808,49.22004421],[-122.982930723,49.219132004],[-122.98292686,49.219014098],[-122.98234557,49.218946026],[-122.978694855,49.218239114],[-122.976379796,49.217218723],[-122.973574805,49.215821696],[-122.972021179,49.215321187]]]]},"properties":{"a": "1.55171", "q": "00000", "t": "CT", "dw": "2690", "hh": "2596", "id": "9330222.01", "nrr": "0.21899999999999997", "pop": "7303", "rgid": "59", "rpid": "59933", "ruid": "5915025", "rguid": "5915"}},{"type":"Feature","geometry":{"type":"MultiPolygon","coordinates":[[[[-122.961611387,49.214662122],[-122.960911806,49.213997851],[-122.9600827,49.213028928],[-122.959385141,49.212051045],[-122.958619605,49.211126272],[-122.957879189,49.210078482],[-122.957521607,49.210226117],[-122.957781837,49.209932112],[-122.956437019,49.208234523],[-122.95639832,49.207724701],[-122.957213446,49.206864529],[-122.958172269,49.205977736],[-122.959458957,49.204722893],[-122.960286311,49.203734691],[-122.9600625,49.203442445],[-122.959332027,49.202777703],[-122.958510804,49.202243838],[-122.959951341,49.201367587],[-122.960610201,49.20113302],[-122.961244165,49.201719382],[-122.961864191,49.202162086],[-122.96261117,49.202489451],[-122.964596243,49.203230074],[-122.966597954,49.203779222],[-122.968521381,49.204267601],[-122.970216897,49.204673811],[-122.9707496,49.204774398],[-122.973478565,49.204947478],[-122.97476832,49.205011615],[-122.976049977,49.204820595],[-122.976261716,49.20508866],[-122.977249749,49.20515063],[-122.978272475,49.205418035],[-122.974988672,49.206621397],[-122.973374175,49.2082968],[-122.973085986,49.208823793],[-122.971905317,49.211357293],[-122.971931014,49.212900307],[-122.972021179,49.215321187],[-122.970525944,49.214952375],[-122.969753049,49.214841128],[-122.968817187,49.214815718],[-122.967176131,49.214896822],[-122.965694903,49.214914298],[-122.962823504,49.215030391],[-122.962066066,49.2149739],[-122.961611387,49.214662122]]]]},"properties":{"a": "1.35949", "q": "00000", "t": "CT", "dw": "2657", "hh": "2573", "id": "9330222.02", "nrr": "0.289", "pop": "5802", "rgid": "59", "rpid": "59933", "ruid": "5915025", "rguid": "5915"}},{"type":"Feature","geometry":{"type":"MultiPolygon","coordinates":[[[[-122.9378865,49.213447407],[-122.942684679,49.210880894],[-122.944386718,49.209938221],[-122.946294996,49.208924709],[-122.949838378,49.207000747],[-122.952096297,49.205862839],[-122.952179604,49.205670976],[-122.952545152,49.20544679],[-122.953743857,49.204844536],[-122.957496308,49.202799209],[-122.957430801,49.202457709],[-122.958510804,49.202243838],[-122.959332027,49.202777703],[-122.9600625,49.203442445],[-122.960286311,49.203734691],[-122.959458957,49.204722893],[-122.958172269,49.205977736],[-122.957213446,49.206864529],[-122.95639832,49.207724701],[-122.956437019,49.208234523],[-122.957781837,49.209932112],[-122.957521607,49.210226117],[-122.957879189,49.210078482],[-122.958619605,49.211126272],[-122.959385141,49.212051045],[-122.9600827,49.213028928],[-122.960911806,49.213997851],[-122.961611387,49.214662122],[-122.960880601,49.214827107],[-122.960283304,49.215103882],[-122.959051059,49.214114227],[-122.957032694,49.215216713],[-122.953669868,49.217019903],[-122.951813644,49.218052988],[-122.951539667,49.218316418],[-122.949169104,49.2181926],[-122.948465017,49.218088899],[-122.947264214,49.217834193],[-122.945859095,49.217432203],[-122.944176204,49.217038496],[-122.943316803,49.216769996],[-122.941104874,49.215592901],[-122.940281984,49.215104709],[-122.9378865,49.213447407]]]]},"properties":{"a": "1.4792", "q": "00000", "t": "CT", "dw": "2284", "hh": "2206", "id": "9330223.01", "nrr": "0.23800000000000002", "pop": "6509", "rgid": "59", "rpid": "59933", "ruid": "5915025", "rguid": "5915"}},{"type":"Feature","geometry":{"type":"MultiPolygon","coordinates":[[[[-122.931509011,49.216912027],[-122.934212884,49.215457421],[-122.9378865,49.213447407],[-122.940281984,49.215104709],[-122.941104874,49.215592901],[-122.943316803,49.216769996],[-122.944176204,49.217038496],[-122.945859095,49.217432203],[-122.947264214,49.217834193],[-122.948465017,49.218088899],[-122.949169104,49.2181926],[-122.951539667,49.218316418],[-122.951344597,49.218507283],[-122.950705192,49.218900901],[-122.943404499,49.222819285],[-122.940994006,49.224089647],[-122.937843397,49.221656108],[-122.93532189,49.219761902],[-122.934451801,49.219136311],[-122.931509011,49.216912027]]]]},"properties":{"a": "0.7551", "q": "00000", "t": "CT", "dw": "1734", "hh": "1561", "id": "9330223.02", "nrr": "0.22899999999999998", "pop": "4668", "rgid": "59", "rpid": "59933", "ruid": "5915025", "rguid": "5915"}},{"type":"Feature","geometry":{"type":"MultiPolygon","coordinates":[[[[-122.951539667,49.218316418],[-122.951813644,49.218052988],[-122.953669868,49.217019903],[-122.957032694,49.215216713],[-122.959051059,49.214114227],[-122.960283304,49.215103882],[-122.960769213,49.215647407],[-122.960932184,49.216198795],[-122.96093839,49.21830521],[-122.960983102,49.218356003],[-122.960995577,49.220200499],[-122.96103401,49.221983511],[-122.960786214,49.222056711],[-122.957144209,49.223988208],[-122.956593412,49.223448305],[-122.953883303,49.221298806],[-122.9528607,49.220461794],[-122.9527448,49.22017839],[-122.95271231,49.218372094],[-122.951539667,49.218316418]]]]},"properties":{"a": "0.46568", "q": "00000", "t": "CT", "dw": "3332", "hh": "3217", "id": "9330224.01", "nrr": "0.252", "pop": "6683", "rgid": "59", "rpid": "59933", "ruid": "5915025", "rguid": "5915"}},{"type":"Feature","geometry":{"type":"MultiPolygon","coordinates":[[[[-122.940994006,49.224089647],[-122.943404499,49.222819285],[-122.950705192,49.218900901],[-122.951344597,49.218507283],[-122.951539667,49.218316418],[-122.95271231,49.218372094],[-122.9527448,49.22017839],[-122.9528607,49.220461794],[-122.953883303,49.221298806],[-122.956593412,49.223448305],[-122.957144209,49.223988208],[-122.95415039,49.225576606],[-122.953250597,49.226025006],[-122.948687392,49.228447198],[-122.947228189,49.229239212],[-122.942912903,49.225615193],[-122.940994006,49.224089647]]]]},"properties":{"a": "0.69558", "q": "01000", "t": "CT", "dw": "2027", "hh": "1943", "id": "9330224.02", "nrr": "0.23800000000000002", "pop": "4898", "rgid": "59", "rpid": "59933", "ruid": "5915025", "rguid": "5915"}},{"type":"Feature","geometry":{"type":"MultiPolygon","coordinates":[[[[-122.96103401,49.221983511],[-122.960995577,49.220200499],[-122.964759716,49.220215598],[-122.964755892,49.221112712],[-122.970764201,49.221131282],[-122.97082619,49.221947399],[-122.972122885,49.222018106],[-122.973325715,49.222033902],[-122.979048394,49.222011498],[-122.979228312,49.22198949],[-122.979201801,49.2229671],[-122.979217304,49.224943997],[-122.980775283,49.22494535],[-122.980801724,49.226121707],[-122.98241432,49.226129],[-122.9889306,49.226195896],[-122.988939717,49.227918586],[-122.98886121,49.229912702],[-122.988156714,49.229893891],[-122.986734973,49.229673098],[-122.984900791,49.229652495],[-122.984551103,49.229604912],[-122.982696788,49.229598017],[-122.982065203,49.22949298],[-122.980133301,49.22892631],[-122.979103017,49.22876771],[-122.978094683,49.228819594],[-122.977611696,49.228942108],[-122.976593211,49.229319002],[-122.975745403,49.229457309],[-122.974733826,49.229453308],[-122.971316204,49.229376205],[-122.970223098,49.22929781],[-122.969288297,49.22927329],[-122.967772088,49.229303714],[-122.967807511,49.231346898],[-122.966581704,49.23136379],[-122.965287709,49.230366092],[-122.964395394,49.229818505],[-122.960946312,49.22714041],[-122.961022416,49.226942501],[-122.961005391,49.222986312],[-122.96103401,49.221983511]]]]},"properties":{"a": "1.46988", "q": "00000", "t": "CT", "dw": "1964", "hh": "1850", "id": "9330225.01", "nrr": "0.27399999999999997", "pop": "5864", "rgid": "59", "rpid": "59933", "ruid": "5915025", "rguid": "5915"}},{"type":"Feature","geometry":{"type":"MultiPolygon","coordinates":[[[[-122.960995577,49.220200499],[-122.960983102,49.218356003],[-122.96093839,49.21830521],[-122.960932184,49.216198795],[-122.960769213,49.215647407],[-122.960283304,49.215103882],[-122.960880601,49.214827107],[-122.961611387,49.214662122],[-122.962066066,49.2149739],[-122.962823504,49.215030391],[-122.965694903,49.214914298],[-122.967176131,49.214896822],[-122.968817187,49.214815718],[-122.969753049,49.214841128],[-122.970525944,49.214952375],[-122.972021179,49.215321187],[-122.973574805,49.215821696],[-122.976379796,49.217218723],[-122.978694855,49.218239114],[-122.98234557,49.218946026],[-122.98292686,49.219014098],[-122.982930723,49.219132004],[-122.986972808,49.22004421],[-122.988629875,49.220368824],[-122.988734624,49.221915904],[-122.988879501,49.222496486],[-122.988917495,49.22339211],[-122.9889306,49.226195896],[-122.98241432,49.226129],[-122.980801724,49.226121707],[-122.980775283,49.22494535],[-122.979217304,49.224943997],[-122.979201801,49.2229671],[-122.979228312,49.22198949],[-122.979048394,49.222011498],[-122.973325715,49.222033902],[-122.972122885,49.222018106],[-122.97082619,49.221947399],[-122.970764201,49.221131282],[-122.964755892,49.221112712],[-122.964759716,49.220215598],[-122.960995577,49.220200499]]]]},"properties":{"a": "1.35522", "q": "00000", "t": "CT", "dw": "2493", "hh": "2226", "id": "9330225.02", "nrr": "0.228", "pop": "5016", "rgid": "59", "rpid": "59933", "ruid": "5915025", "rguid": "5915"}},{"type":"Feature","geometry":{"type":"MultiPolygon","coordinates":[[[[-122.988954387,49.229915312],[-122.994200987,49.229923911],[-122.996400504,49.229941889],[-122.997768288,49.229978207],[-123.001988991,49.231055098],[-123.003391488,49.231490394],[-123.003299599,49.231638295],[-123.003266497,49.232937296],[-123.003332007,49.233050793],[-123.003380503,49.236935689],[-123.003370203,49.238626299],[-123.003396792,49.240234999],[-123.003372851,49.241934787],[-123.000905316,49.241910585],[-123.000920888,49.241553721],[-122.999070367,49.24168099],[-122.997971983,49.241690299],[-122.99506868,49.241606795],[-122.990507005,49.241691215],[-122.988999071,49.241861801],[-122.9890046,49.239829597],[-122.98915114,49.239486598],[-122.98913168,49.238596339],[-122.989002018,49.237964805],[-122.988973894,49.236282091],[-122.988933302,49.235954905],[-122.98896547,49.234400891],[-122.988164818,49.234403813],[-122.988954387,49.229915312]]]]},"properties":{"a": "1.35012", "q": "00000", "t": "CT", "dw": "1588", "hh": "1462", "id": "9330226.02", "nrr": "0.252", "pop": "4188", "rgid": "59", "rpid": "59933", "ruid": "5915025", "rguid": "5915"}},{"type":"Feature","geometry":{"type":"MultiPolygon","coordinates":[[[[-122.994200987,49.229923911],[-122.994193186,49.227923798],[-122.99154432,49.22791291],[-122.991591887,49.225166713],[-122.991583509,49.2241304],[-122.992813409,49.224131409],[-122.992800909,49.221930305],[-122.994179196,49.221948904],[-122.994150828,49.221275194],[-122.994366716,49.221336246],[-122.995571786,49.221947549],[-122.995741299,49.221947403],[-122.996549831,49.222335514],[-122.997222596,49.222589466],[-123.000427297,49.224210518],[-123.001938546,49.224862627],[-123.005801299,49.226664245],[-123.007711096,49.227546251],[-123.007459294,49.227660407],[-123.004774697,49.230203694],[-123.003391488,49.231490394],[-123.001988991,49.231055098],[-122.997768288,49.229978207],[-122.996400504,49.229941889],[-122.994200987,49.229923911]]]]},"properties":{"a": "0.73006", "q": "00000", "t": "CT", "dw": "3227", "hh": "3041", "id": "9330226.03", "nrr": "0.226", "pop": "6426", "rgid": "59", "rpid": "59933", "ruid": "5915025", "rguid": "5915"}},{"type":"Feature","geometry":{"type":"MultiPolygon","coordinates":[[[[-122.988954387,49.229915312],[-122.98886121,49.229912702],[-122.988939717,49.227918586],[-122.9889306,49.226195896],[-122.988917495,49.22339211],[-122.988879501,49.222496486],[-122.988734624,49.221915904],[-122.988629875,49.220368824],[-122.990991336,49.220699437],[-122.992716487,49.220967073],[-122.994150828,49.221275194],[-122.994179196,49.221948904],[-122.992800909,49.221930305],[-122.992813409,49.224131409],[-122.991583509,49.2241304],[-122.991591887,49.225166713],[-122.99154432,49.22791291],[-122.994193186,49.227923798],[-122.994200987,49.229923911],[-122.988954387,49.229915312]]]]},"properties":{"a": "0.2875", "q": "01000", "t": "CT", "dw": "1285", "hh": "1215", "id": "9330226.04", "nrr": "0.266", "pop": "2479", "rgid": "59", "rpid": "59933", "ruid": "5915025", "rguid": "5915"}},{"type":"Feature","geometry":{"type":"MultiPolygon","coordinates":[[[[-122.995741299,49.221947403],[-123.001409327,49.221942099],[-123.008971811,49.221953994],[-123.008970812,49.223738601],[-123.006107176,49.226466192],[-123.005801299,49.226664245],[-123.001938546,49.224862627],[-123.000427297,49.224210518],[-122.997222596,49.222589466],[-122.996549831,49.222335514],[-122.995741299,49.221947403]]]]},"properties":{"a": "0.27746", "q": "01000", "t": "CT", "dw": "1918", "hh": "1799", "id": "9330227.01", "nrr": "0.264", "pop": "3941", "rgid": "59", "rpid": "59933", "ruid": "5915025", "rguid": "5915"}},{"type":"Feature","geometry":{"type":"MultiPolygon","coordinates":[[[[-123.007711096,49.227546251],[-123.005801299,49.226664245],[-123.006107176,49.226466192],[-123.008970812,49.223738601],[-123.008971811,49.221953994],[-123.012606608,49.221953913],[-123.018066498,49.221938393],[-123.020631208,49.221971492],[-123.0236111,49.221951112],[-123.023500812,49.222729992],[-123.023479799,49.225198686],[-123.023523694,49.226376411],[-123.023512087,49.229234394],[-123.02353069,49.23059339],[-123.02347669,49.230857603],[-123.023476488,49.232294508],[-123.017980101,49.232687184],[-123.012646882,49.229681595],[-123.010424344,49.228729309],[-123.009476685,49.228292283],[-123.007711096,49.227546251]]]]},"properties":{"a": "1.13209", "q": "00000", "t": "CT", "dw": "2926", "hh": "2845", "id": "9330227.02", "nrr": "0.20800000000000002", "pop": "5381", "rgid": "59", "rpid": "59933", "ruid": "5915025", "rguid": "5915"}},{"type":"Feature","geometry":{"type":"MultiPolygon","coordinates":[[[[-123.003403551,49.243001623],[-123.00334831,49.242474908],[-123.003372851,49.241934787],[-123.003396792,49.240234999],[-123.003370203,49.238626299],[-123.003380503,49.236935689],[-123.006197512,49.236944607],[-123.007445605,49.236924181],[-123.008817924,49.236936207],[-123.012280902,49.236934894],[-123.015846678,49.236957079],[-123.01865058,49.236956254],[-123.019875391,49.236976605],[-123.023426814,49.236988198],[-123.023446799,49.239566902],[-123.023550784,49.240236391],[-123.023569778,49.240967492],[-123.023559883,49.242985005],[-123.017100397,49.242959698],[-123.012552798,49.242950109],[-123.006877117,49.242950337],[-123.006717,49.243005351],[-123.003403551,49.243001623]]]]},"properties":{"a": "0.98048", "q": "00000", "t": "CT", "dw": "1271", "hh": "1200", "id": "9330228.02", "nrr": "0.312", "pop": "3687", "rgid": "59", "rpid": "59933", "ruid": "5915025", "rguid": "5915"}},{"type":"Feature","geometry":{"type":"MultiPolygon","coordinates":[[[[-123.003391488,49.231490394],[-123.004774697,49.230203694],[-123.007459294,49.227660407],[-123.007711096,49.227546251],[-123.009476685,49.228292283],[-123.010424344,49.228729309],[-123.012646882,49.229681595],[-123.017980101,49.232687184],[-123.015571813,49.232839894],[-123.014922103,49.232843508],[-123.013273808,49.232749209],[-123.01260581,49.232633405],[-123.012407998,49.232868499],[-123.011077204,49.2328748],[-123.008825903,49.232848392],[-123.006754515,49.232352212],[-123.003391488,49.231490394]]]]},"properties":{"a": "0.32753", "q": "00000", "t": "CT", "dw": "2323", "hh": "2164", "id": "9330228.03", "nrr": "0.177", "pop": "4542", "rgid": "59", "rpid": "59933", "ruid": "5915025", "rguid": "5915"}},{"type":"Feature","geometry":{"type":"MultiPolygon","coordinates":[[[[-123.003380503,49.236935689],[-123.003332007,49.233050793],[-123.003266497,49.232937296],[-123.003299599,49.231638295],[-123.003391488,49.231490394],[-123.006754515,49.232352212],[-123.008825903,49.232848392],[-123.011077204,49.2328748],[-123.012407998,49.232868499],[-123.01260581,49.232633405],[-123.013273808,49.232749209],[-123.014922103,49.232843508],[-123.015571813,49.232839894],[-123.017980101,49.232687184],[-123.023476488,49.232294508],[-123.023456092,49.234325296],[-123.023426814,49.236988198],[-123.019875391,49.236976605],[-123.01865058,49.236956254],[-123.015846678,49.236957079],[-123.012280902,49.236934894],[-123.008817924,49.236936207],[-123.007445605,49.236924181],[-123.006197512,49.236944607],[-123.003380503,49.236935689]]]]},"properties":{"a": "0.71664", "q": "01000", "t": "CT", "dw": "2468", "hh": "2382", "id": "9330228.04", "nrr": "0.21600000000000003", "pop": "5348", "rgid": "59", "rpid": "59933", "ruid": "5915025", "rguid": "5915"}},{"type":"Feature","geometry":{"type":"MultiPolygon","coordinates":[[[[-123.003232982,49.26217269],[-123.003258595,49.261452582],[-123.003343978,49.261151387],[-123.004103992,49.259550992],[-123.004131111,49.259386112],[-123.004170513,49.257435999],[-123.004173622,49.254685903],[-123.004205994,49.253610302],[-123.004258711,49.248326712],[-123.004079706,49.247780389],[-123.004253698,49.247744641],[-123.003676875,49.246999879],[-123.003438549,49.246287896],[-123.003403551,49.243001623],[-123.006717,49.243005351],[-123.006877117,49.242950337],[-123.012552798,49.242950109],[-123.017100397,49.242959698],[-123.023559883,49.242985005],[-123.023557996,49.244428099],[-123.023518147,49.250666963],[-123.023495607,49.257327711],[-123.023477093,49.259113515],[-123.023524308,49.259876786],[-123.02352751,49.261540701],[-123.02350857,49.262452994],[-123.017979683,49.262327437],[-123.014379233,49.262267446],[-123.008777756,49.262304186],[-123.003232982,49.26217269]]]]},"properties":{"a": "3.06625", "q": "00000", "t": "CT", "dw": "2845", "hh": "2738", "id": "9330229.00", "nrr": "0.262", "pop": "6994", "rgid": "59", "rpid": "59933", "ruid": "5915025", "rguid": "5915"}},{"type":"Feature","geometry":{"type":"MultiPolygon","coordinates":[[[[-122.966103008,49.240228864],[-122.967947242,49.238836313],[-122.967344897,49.238322759],[-122.96855131,49.2383846],[-122.968925301,49.23810549],[-122.970569816,49.237534612],[-122.970651239,49.234495793],[-122.971640677,49.233931421],[-122.971334552,49.231316492],[-122.967807511,49.231346898],[-122.967772088,49.229303714],[-122.969288297,49.22927329],[-122.970223098,49.22929781],[-122.971316204,49.229376205],[-122.974733826,49.229453308],[-122.975745403,49.229457309],[-122.976593211,49.229319002],[-122.977611696,49.228942108],[-122.978094683,49.228819594],[-122.979103017,49.22876771],[-122.980133301,49.22892631],[-122.982065203,49.22949298],[-122.982696788,49.229598017],[-122.984551103,49.229604912],[-122.984900791,49.229652495],[-122.986734973,49.229673098],[-122.988156714,49.229893891],[-122.98886121,49.229912702],[-122.988954387,49.229915312],[-122.988164818,49.234403813],[-122.98896547,49.234400891],[-122.988933302,49.235954905],[-122.988973894,49.236282091],[-122.989002018,49.237964805],[-122.98913168,49.238596339],[-122.98915114,49.239486598],[-122.9890046,49.239829597],[-122.988999071,49.241861801],[-122.990507005,49.241691215],[-122.99506868,49.241606795],[-122.997971983,49.241690299],[-122.999070367,49.24168099],[-123.000920888,49.241553721],[-123.000905316,49.241910585],[-123.003372851,49.241934787],[-123.00334831,49.242474908],[-123.003403551,49.243001623],[-123.003438549,49.246287896],[-123.003676875,49.246999879],[-123.004253698,49.247744641],[-123.004079706,49.247780389],[-123.004258711,49.248326712],[-123.004205994,49.253610302],[-123.004173622,49.254685903],[-122.998028315,49.254704313],[-122.996644199,49.254674688],[-122.996550919,49.254631603],[-122.995028587,49.254637004],[-122.99457039,49.254606199],[-122.993530405,49.254439399],[-122.992979889,49.254392493],[-122.991099501,49.254369785],[-122.990398009,49.254279088],[-122.98976271,49.254035202],[-122.989202508,49.253566503],[-122.989062105,49.25323201],[-122.989028098,49.252739208],[-122.9890792,49.251126294],[-122.988914591,49.250742503],[-122.988342374,49.250289606],[-122.98791174,49.250110943],[-122.987272566,49.250012922],[-122.982708019,49.249978096],[-122.982336279,49.249928106],[-122.981677998,49.249700697],[-122.980683322,49.249008904],[-122.979911794,49.248370297],[-122.978157002,49.247561711],[-122.976937418,49.246529402],[-122.976584626,49.246315907],[-122.974614411,49.245548095],[-122.974368688,49.245482703],[-122.972517292,49.244283996],[-122.970911388,49.243429004],[-122.968264828,49.241687171],[-122.967622078,49.241288949],[-122.967612291,49.241207598],[-122.966103008,49.240228864]]]]},"properties":{"a": "4.41213", "q": "00000", "t": "CT", "dw": "1995", "hh": "1948", "id": "9330230.01", "nrr": "0.248", "pop": "5447", "rgid": "59", "rpid": "59933", "ruid": "5915025", "rguid": "5915"}},{"type":"Feature","geometry":{"type":"MultiPolygon","coordinates":[[[[-122.985597678,49.261841851],[-122.980737311,49.261688262],[-122.978334559,49.261673577],[-122.973507881,49.261621431],[-122.971461086,49.261453791],[-122.970670477,49.261368616],[-122.970175719,49.261254803],[-122.968957562,49.2608887],[-122.968144088,49.260521109],[-122.967683407,49.260383537],[-122.966498323,49.259652219],[-122.965523054,49.258872136],[-122.964628794,49.258010051],[-122.964744395,49.256556285],[-122.964337505,49.256527686],[-122.963967713,49.256392405],[-122.963679404,49.256023485],[-122.963417715,49.255250208],[-122.963804707,49.253676391],[-122.963473686,49.253153707],[-122.962402688,49.252380396],[-122.961744501,49.251507298],[-122.960616808,49.251327887],[-122.960205218,49.250850804],[-122.959478611,49.250607198],[-122.95943146,49.249887884],[-122.959907331,49.249897935],[-122.964641404,49.249909999],[-122.964641606,49.245581402],[-122.964577496,49.242907712],[-122.964506579,49.242773294],[-122.964739541,49.242411105],[-122.964545104,49.241703419],[-122.964671798,49.241507743],[-122.964681203,49.239789173],[-122.965485898,49.239978474],[-122.966103008,49.240228864],[-122.967612291,49.241207598],[-122.967622078,49.241288949],[-122.968264828,49.241687171],[-122.970911388,49.243429004],[-122.972517292,49.244283996],[-122.974368688,49.245482703],[-122.974614411,49.245548095],[-122.976584626,49.246315907],[-122.976937418,49.246529402],[-122.978157002,49.247561711],[-122.979911794,49.248370297],[-122.980683322,49.249008904],[-122.981677998,49.249700697],[-122.982336279,49.249928106],[-122.982708019,49.249978096],[-122.987272566,49.250012922],[-122.98791174,49.250110943],[-122.988342374,49.250289606],[-122.988914591,49.250742503],[-122.9890792,49.251126294],[-122.989028098,49.252739208],[-122.989062105,49.25323201],[-122.989202508,49.253566503],[-122.98976271,49.254035202],[-122.990398009,49.254279088],[-122.991099501,49.254369785],[-122.992979889,49.254392493],[-122.993530405,49.254439399],[-122.99457039,49.254606199],[-122.995028587,49.254637004],[-122.996550919,49.254631603],[-122.996644199,49.254674688],[-122.998028315,49.254704313],[-123.004173622,49.254685903],[-123.004170513,49.257435999],[-123.004131111,49.259386112],[-123.004103992,49.259550992],[-123.003343978,49.261151387],[-123.003258595,49.261452582],[-123.003232982,49.26217269],[-123.003228152,49.262306603],[-123.002890772,49.262171468],[-123.001199402,49.262174416],[-122.99990347,49.262062372],[-122.997692218,49.262026671],[-122.992036804,49.26184383],[-122.99036676,49.261816814],[-122.986796605,49.261854439],[-122.985597678,49.261841851]]]]},"properties":{"a": "3.99492", "q": "01000", "t": "CT", "dw": "1879", "hh": "1803", "id": "9330230.02", "nrr": "0.331", "pop": "4881", "rgid": "59", "rpid": "59933", "ruid": "5915025", "rguid": "5915"}},{"type":"Feature","geometry":{"type":"MultiPolygon","coordinates":[[[[-122.947228189,49.229239212],[-122.948687392,49.228447198],[-122.953250597,49.226025006],[-122.95415039,49.225576606],[-122.957144209,49.223988208],[-122.960786214,49.222056711],[-122.96103401,49.221983511],[-122.961005391,49.222986312],[-122.961022416,49.226942501],[-122.960946312,49.22714041],[-122.964395394,49.229818505],[-122.965287709,49.230366092],[-122.966581704,49.23136379],[-122.967807511,49.231346898],[-122.971334552,49.231316492],[-122.971640677,49.233931421],[-122.970651239,49.234495793],[-122.970569816,49.237534612],[-122.968925301,49.23810549],[-122.96855131,49.2383846],[-122.967344897,49.238322759],[-122.967947242,49.238836313],[-122.966103008,49.240228864],[-122.965485898,49.239978474],[-122.964681203,49.239789173],[-122.964671798,49.241507743],[-122.964545104,49.241703419],[-122.964739541,49.242411105],[-122.963952395,49.242155901],[-122.963132178,49.241951795],[-122.959631689,49.241259495],[-122.958148002,49.240933887],[-122.956354884,49.240447311],[-122.948633683,49.238141798],[-122.948226313,49.238035786],[-122.948564402,49.237524497],[-122.949998004,49.236709292],[-122.953288891,49.234897015],[-122.95373971,49.234837302],[-122.950737723,49.232179908],[-122.947228189,49.229239212]]]]},"properties":{"a": "2.13725", "q": "00000", "t": "CT", "dw": "1408", "hh": "1344", "id": "9330231.00", "nrr": "0.256", "pop": "4137", "rgid": "59", "rpid": "59933", "ruid": "5915025", "rguid": "5915"}},{"type":"Feature","geometry":{"type":"MultiPolygon","coordinates":[[[[-122.95943146,49.249887884],[-122.959299079,49.249652997],[-122.95755501,49.248402605],[-122.956710748,49.247739551],[-122.956031493,49.246805591],[-122.953840508,49.24534374],[-122.952743301,49.244968701],[-122.950410501,49.244612449],[-122.949022976,49.243880196],[-122.948186633,49.243501202],[-122.942907815,49.242290914],[-122.93626503,49.241478033],[-122.93532451,49.240604709],[-122.936031094,49.239742424],[-122.935882047,49.239232688],[-122.93536137,49.239121618],[-122.932957077,49.236458329],[-122.932844889,49.235981298],[-122.931072389,49.234733611],[-122.927626482,49.231923808],[-122.929085808,49.23109691],[-122.929729813,49.231012602],[-122.930999188,49.230191996],[-122.931140298,49.229987904],[-122.933680264,49.2288589],[-122.934057211,49.229132954],[-122.934125413,49.228861105],[-122.934421193,49.228539815],[-122.934466391,49.228250086],[-122.93398583,49.227835554],[-122.940994006,49.224089647],[-122.942912903,49.225615193],[-122.947228189,49.229239212],[-122.950737723,49.232179908],[-122.95373971,49.234837302],[-122.953288891,49.234897015],[-122.949998004,49.236709292],[-122.948564402,49.237524497],[-122.948226313,49.238035786],[-122.948633683,49.238141798],[-122.956354884,49.240447311],[-122.958148002,49.240933887],[-122.959631689,49.241259495],[-122.963132178,49.241951795],[-122.963952395,49.242155901],[-122.964739541,49.242411105],[-122.964506579,49.242773294],[-122.964577496,49.242907712],[-122.964641606,49.245581402],[-122.964641404,49.249909999],[-122.959907331,49.249897935],[-122.95943146,49.249887884]]]]},"properties":{"a": "3.07193", "q": "00000", "t": "CT", "dw": "1096", "hh": "1037", "id": "9330232.00", "nrr": "0.337", "pop": "3294", "rgid": "59", "rpid": "59933", "ruid": "5915025", "rguid": "5915"}},{"type":"Feature","geometry":{"type":"MultiPolygon","coordinates":[[[[-122.916434138,49.225025963],[-122.917063019,49.224682715],[-122.925111518,49.22035401],[-122.931509011,49.216912027],[-122.934451801,49.219136311],[-122.93532189,49.219761902],[-122.937843397,49.221656108],[-122.940994006,49.224089647],[-122.93398583,49.227835554],[-122.934466391,49.228250086],[-122.934421193,49.228539815],[-122.934125413,49.228861105],[-122.934057211,49.229132954],[-122.933680264,49.2288589],[-122.931140298,49.229987904],[-122.930999188,49.230191996],[-122.929729813,49.231012602],[-122.929085808,49.23109691],[-122.927626482,49.231923808],[-122.926643921,49.232477807],[-122.924636195,49.23084489],[-122.917893476,49.225490194],[-122.917459184,49.2251039],[-122.916434138,49.225025963]]]]},"properties":{"a": "1.51033", "q": "01000", "t": "CT", "dw": "2429", "hh": "2268", "id": "9330233.00", "nrr": "0.27", "pop": "7414", "rgid": "59", "rpid": "59933", "ruid": "5915025", "rguid": "5915"}},{"type":"Feature","geometry":{"type":"MultiPolygon","coordinates":[[[[-122.914370433,49.24930261],[-122.914230675,49.249232895],[-122.913901914,49.248513694],[-122.913106778,49.2479454],[-122.911129498,49.247566497],[-122.910386899,49.247647702],[-122.909877493,49.247619206],[-122.90939699,49.247377098],[-122.908559994,49.246566798],[-122.908713201,49.246170797],[-122.908630121,49.245856103],[-122.907506497,49.24525219],[-122.906901984,49.244721005],[-122.9040178,49.244007395],[-122.900255483,49.243527503],[-122.898648398,49.243086008],[-122.897550507,49.24251769],[-122.896946691,49.241977997],[-122.895973094,49.241500812],[-122.895051284,49.241203202],[-122.894489788,49.240832901],[-122.894203406,49.240276001],[-122.893984985,49.238755003],[-122.893781615,49.238323406],[-122.8933422,49.238044288],[-122.892506753,49.238033421],[-122.892872667,49.237858186],[-122.893292178,49.237894988],[-122.893393572,49.23744432],[-122.893679941,49.237298811],[-122.894207901,49.237355945],[-122.894191177,49.238035253],[-122.894729427,49.238049166],[-122.894951484,49.236208928],[-122.895613935,49.236268779],[-122.895633097,49.235714634],[-122.897360268,49.235286859],[-122.898413418,49.234733407],[-122.901528109,49.233039086],[-122.912164693,49.227306501],[-122.916434138,49.225025963],[-122.917459184,49.2251039],[-122.917893476,49.225490194],[-122.924636195,49.23084489],[-122.926643921,49.232477807],[-122.927626482,49.231923808],[-122.931072389,49.234733611],[-122.932844889,49.235981298],[-122.932957077,49.236458329],[-122.93536137,49.239121618],[-122.935882047,49.239232688],[-122.936031094,49.239742424],[-122.93532451,49.240604709],[-122.93626503,49.241478033],[-122.93537303,49.241611553],[-122.933861168,49.241913114],[-122.93148189,49.242475055],[-122.929842494,49.243063397],[-122.927036593,49.244425708],[-122.925793249,49.244933144],[-122.925157349,49.245360857],[-122.924162271,49.245837153],[-122.922699888,49.245923203],[-122.921827291,49.246262911],[-122.920846466,49.246770302],[-122.918858396,49.247086725],[-122.917863466,49.247396937],[-122.917035512,49.247885592],[-122.915798196,49.248965095],[-122.914766605,49.249405187],[-122.914370433,49.24930261]]]]},"properties":{"a": "4.59863", "q": "00000", "t": "CT", "dw": "2326", "hh": "2203", "id": "9330234.00", "nrr": "0.287", "pop": "6961", "rgid": "59", "rpid": "59933", "ruid": "5915025", "rguid": "5915"}},{"type":"Feature","geometry":{"type":"MultiPolygon","coordinates":[[[[-122.893126721,49.262942699],[-122.893047695,49.260347697],[-122.893006005,49.259062796],[-122.893008703,49.256807096],[-122.892914099,49.253399067],[-122.901820599,49.253486796],[-122.902323307,49.253630905],[-122.902839099,49.2534566],[-122.904601911,49.253491791],[-122.904324498,49.253017207],[-122.904289406,49.252616197],[-122.904283199,49.251309807],[-122.904302077,49.251129268],[-122.911316023,49.252154642],[-122.912489913,49.252307149],[-122.912475584,49.252460791],[-122.912140537,49.257103242],[-122.911987406,49.257628567],[-122.911671221,49.258106872],[-122.911209515,49.258603541],[-122.910308647,49.259217344],[-122.908663032,49.259997197],[-122.900339252,49.264001427],[-122.900323277,49.264178395],[-122.899452702,49.263492212],[-122.898768592,49.263223908],[-122.897935723,49.263103599],[-122.893803799,49.262946894],[-122.893126721,49.262942699]]]]},"properties":{"a": "1.42513", "q": "00000", "t": "CT", "dw": "1789", "hh": "1767", "id": "9330235.02", "nrr": "0.273", "pop": "4759", "rgid": "59", "rpid": "59933", "ruid": "5915025", "rguid": "5915"}},{"type":"Feature","geometry":{"type":"MultiPolygon","coordinates":[[[[-122.892914099,49.253399067],[-122.892915491,49.252004602],[-122.89287801,49.250862087],[-122.892793698,49.250808318],[-122.892755818,49.249014465],[-122.892688789,49.248045913],[-122.892593186,49.245945898],[-122.892765921,49.245889597],[-122.897649182,49.248529197],[-122.898186303,49.248836507],[-122.900343003,49.249901206],[-122.90171239,49.250478379],[-122.903216693,49.250927884],[-122.903699495,49.251017463],[-122.904283199,49.251309807],[-122.904289406,49.252616197],[-122.904324498,49.253017207],[-122.904601911,49.253491791],[-122.902839099,49.2534566],[-122.902323307,49.253630905],[-122.901820599,49.253486796],[-122.892914099,49.253399067]]]]},"properties":{"a": "0.42942", "q": "01000", "t": "CT", "dw": "2281", "hh": "2220", "id": "9330235.03", "nrr": "0.287", "pop": "3989", "rgid": "59", "rpid": "59933", "ruid": "5915025", "rguid": "5915"}},{"type":"Feature","geometry":{"type":"MultiPolygon","coordinates":[[[[-122.912475584,49.252460791],[-122.912489913,49.252307149],[-122.911316023,49.252154642],[-122.904302077,49.251129268],[-122.904283199,49.251309807],[-122.903699495,49.251017463],[-122.903216693,49.250927884],[-122.90171239,49.250478379],[-122.900343003,49.249901206],[-122.898186303,49.248836507],[-122.897649182,49.248529197],[-122.892765921,49.245889597],[-122.892576519,49.245785034],[-122.892578384,49.244526535],[-122.892650352,49.244416013],[-122.892541088,49.238971488],[-122.892506753,49.238033421],[-122.8933422,49.238044288],[-122.893781615,49.238323406],[-122.893984985,49.238755003],[-122.894203406,49.240276001],[-122.894489788,49.240832901],[-122.895051284,49.241203202],[-122.895973094,49.241500812],[-122.896946691,49.241977997],[-122.897550507,49.24251769],[-122.898648398,49.243086008],[-122.900255483,49.243527503],[-122.9040178,49.244007395],[-122.906901984,49.244721005],[-122.907506497,49.24525219],[-122.908630121,49.245856103],[-122.908713201,49.246170797],[-122.908559994,49.246566798],[-122.90939699,49.247377098],[-122.909877493,49.247619206],[-122.910386899,49.247647702],[-122.911129498,49.247566497],[-122.913106778,49.2479454],[-122.913901914,49.248513694],[-122.914230675,49.249232895],[-122.914370433,49.24930261],[-122.914256397,49.249498307],[-122.914250298,49.250766594],[-122.913574551,49.252608088],[-122.912475584,49.252460791]]]]},"properties":{"a": "1.05686", "q": "00000", "t": "CT", "dw": "3042", "hh": "2974", "id": "9330235.04", "nrr": "0.257", "pop": "6417", "rgid": "59", "rpid": "59933", "ruid": "5915025", "rguid": "5915"}},{"type":"Feature","geometry":{"type":"MultiPolygon","coordinates":[[[[-122.942954205,49.25526375],[-122.942173979,49.255009289],[-122.941103041,49.254730308],[-122.939975576,49.254496525],[-122.939131907,49.254375312],[-122.937997572,49.25428727],[-122.934153499,49.254254651],[-122.928243948,49.254255907],[-122.925728699,49.254215807],[-122.924794795,49.254150409],[-122.919024386,49.253338995],[-122.913574551,49.252608088],[-122.914250298,49.250766594],[-122.914256397,49.249498307],[-122.914370433,49.24930261],[-122.914766605,49.249405187],[-122.915798196,49.248965095],[-122.917035512,49.247885592],[-122.917863466,49.247396937],[-122.918858396,49.247086725],[-122.920846466,49.246770302],[-122.921827291,49.246262911],[-122.922699888,49.245923203],[-122.924162271,49.245837153],[-122.925157349,49.245360857],[-122.925793249,49.244933144],[-122.927036593,49.244425708],[-122.929842494,49.243063397],[-122.93148189,49.242475055],[-122.933861168,49.241913114],[-122.93537303,49.241611553],[-122.93626503,49.241478033],[-122.942907815,49.242290914],[-122.948186633,49.243501202],[-122.949022976,49.243880196],[-122.950410501,49.244612449],[-122.952743301,49.244968701],[-122.953840508,49.24534374],[-122.956031493,49.246805591],[-122.956710748,49.247739551],[-122.95755501,49.248402605],[-122.959299079,49.249652997],[-122.95943146,49.249887884],[-122.959478611,49.250607198],[-122.960205218,49.250850804],[-122.960616808,49.251327887],[-122.961744501,49.251507298],[-122.962402688,49.252380396],[-122.963473686,49.253153707],[-122.963804707,49.253676391],[-122.963417715,49.255250208],[-122.963679404,49.256023485],[-122.963967713,49.256392405],[-122.964337505,49.256527686],[-122.964744395,49.256556285],[-122.964628794,49.258010051],[-122.964630285,49.259674692],[-122.962778103,49.259323487],[-122.961499681,49.259125296],[-122.959756207,49.258938406],[-122.958230706,49.258843091],[-122.9559701,49.258771295],[-122.954484719,49.258672593],[-122.953758997,49.25859359],[-122.952213925,49.258274299],[-122.948675579,49.257138293],[-122.942954205,49.25526375]]]]},"properties":{"a": "4.2145", "q": "00000", "t": "CT", "dw": "1216", "hh": "1193", "id": "9330236.00", "nrr": "0.265", "pop": "3856", "rgid": "59", "rpid": "59933", "ruid": "5915025", "rguid": "5915"}},{"type":"Feature","geometry":{"type":"MultiPolygon","coordinates":[[[[-122.945166178,49.270317203],[-122.944385108,49.270241996],[-122.941552904,49.270057202],[-122.940580294,49.26984411],[-122.940075712,49.269640588],[-122.938209976,49.268615692],[-122.937594193,49.268160397],[-122.937279905,49.267759699],[-122.937058688,49.267322791],[-122.937018197,49.267041511],[-122.937086891,49.264794987],[-122.93698262,49.263356992],[-122.93648839,49.26241511],[-122.936409278,49.261843498],[-122.936560712,49.26144419],[-122.936998892,49.260925168],[-122.939509026,49.260912412],[-122.939725753,49.260562367],[-122.939701359,49.259888278],[-122.939868184,49.25947827],[-122.940393749,49.258821615],[-122.94057392,49.258502629],[-122.94096443,49.257272754],[-122.941282215,49.256944243],[-122.942330597,49.256270155],[-122.942576936,49.255662857],[-122.942954205,49.25526375],[-122.948675579,49.257138293],[-122.952213925,49.258274299],[-122.953758997,49.25859359],[-122.954484719,49.258672593],[-122.9559701,49.258771295],[-122.958230706,49.258843091],[-122.959756207,49.258938406],[-122.961499681,49.259125296],[-122.962778103,49.259323487],[-122.964630285,49.259674692],[-122.964644369,49.260508285],[-122.964804384,49.260718341],[-122.964657378,49.261569868],[-122.964624611,49.263919194],[-122.964617191,49.265858399],[-122.964585392,49.267982601],[-122.956312314,49.267982909],[-122.953384305,49.267960607],[-122.953537002,49.268397296],[-122.953497696,49.272510196],[-122.952227392,49.272497812],[-122.951548808,49.272430908],[-122.950621197,49.272201114],[-122.94950321,49.271754209],[-122.946960612,49.270675219],[-122.946678393,49.270577121],[-122.945166178,49.270317203]]]]},"properties":{"a": "2.53994", "q": "00000", "t": "CT", "dw": "3056", "hh": "2913", "id": "9330237.00", "nrr": "0.205", "pop": "7674", "rgid": "59", "rpid": "59933", "ruid": "5915025", "rguid": "5915"}},{"type":"Feature","geometry":{"type":"MultiPolygon","coordinates":[[[[-122.964585392,49.267982601],[-122.964617191,49.265858399],[-122.964624611,49.263919194],[-122.964657378,49.261569868],[-122.964804384,49.260718341],[-122.964644369,49.260508285],[-122.964630285,49.259674692],[-122.964628794,49.258010051],[-122.965523054,49.258872136],[-122.966498323,49.259652219],[-122.967683407,49.260383537],[-122.968144088,49.260521109],[-122.968957562,49.2608887],[-122.970175719,49.261254803],[-122.970670477,49.261368616],[-122.971461086,49.261453791],[-122.973507881,49.261621431],[-122.978334559,49.261673577],[-122.980737311,49.261688262],[-122.985597678,49.261841851],[-122.98617024,49.262437756],[-122.988358579,49.263266335],[-122.987436914,49.264193657],[-122.986905984,49.265112098],[-122.986601196,49.266060202],[-122.987927404,49.268002397],[-122.986517158,49.268281348],[-122.985716023,49.268196467],[-122.98457459,49.268006097],[-122.981157321,49.268006904],[-122.980975813,49.267988296],[-122.975649007,49.267983309],[-122.964585392,49.267982601]]]]},"properties":{"a": "1.23007", "q": "00000", "t": "CT", "dw": "1346", "hh": "1299", "id": "9330238.01", "nrr": "0.231", "pop": "3535", "rgid": "59", "rpid": "59933", "ruid": "5915025", "rguid": "5915"}},{"type":"Feature","geometry":{"type":"MultiPolygon","coordinates":[[[[-122.964671509,49.280398098],[-122.96463958,49.277799308],[-122.96460512,49.270704509],[-122.964585392,49.267982601],[-122.975649007,49.267983309],[-122.980975813,49.267988296],[-122.981157321,49.268006904],[-122.98457459,49.268006097],[-122.985716023,49.268196467],[-122.986517158,49.268281348],[-122.987927404,49.268002397],[-122.987877093,49.27264829],[-122.987859175,49.277325598],[-122.987806214,49.279135605],[-122.987806278,49.280360593],[-122.982295409,49.280334606],[-122.972383042,49.280338122],[-122.972186997,49.280393876],[-122.965822911,49.280403433],[-122.964671509,49.280398098]]]]},"properties":{"a": "2.32296", "q": "00000", "t": "CT", "dw": "2544", "hh": "2392", "id": "9330238.02", "nrr": "0.28600000000000003", "pop": "7133", "rgid": "59", "rpid": "59933", "ruid": "5915025", "rguid": "5915"}},{"type":"Feature","geometry":{"type":"MultiPolygon","coordinates":[[[[-122.987806278,49.280360593],[-122.987806214,49.279135605],[-122.987859175,49.277325598],[-122.987877093,49.27264829],[-122.987927404,49.268002397],[-122.986601196,49.266060202],[-122.986905984,49.265112098],[-122.987436914,49.264193657],[-122.988358579,49.263266335],[-122.98617024,49.262437756],[-122.985597678,49.261841851],[-122.986796605,49.261854439],[-122.99036676,49.261816814],[-122.992036804,49.26184383],[-122.997692218,49.262026671],[-122.99990347,49.262062372],[-123.001199402,49.262174416],[-123.002890772,49.262171468],[-123.003228152,49.262306603],[-123.003125204,49.264432304],[-123.003110388,49.266362307],[-123.003067672,49.268043822],[-123.00308023,49.270167346],[-123.003130105,49.271947789],[-123.003096904,49.27373669],[-123.003121209,49.275593879],[-123.003128696,49.276499409],[-123.00307442,49.278083284],[-123.00314117,49.278177013],[-123.003176813,49.279199497],[-123.003121296,49.281015689],[-122.994218215,49.280969004],[-122.993479893,49.280803493],[-122.992408813,49.280260209],[-122.991695887,49.280148402],[-122.991135099,49.280148095],[-122.9893382,49.280369103],[-122.987806278,49.280360593]]]]},"properties":{"a": "2.3538", "q": "00000", "t": "CT", "dw": "4504", "hh": "4231", "id": "9330239.00", "nrr": "0.23600000000000002", "pop": "10165", "rgid": "59", "rpid": "59933", "ruid": "5915025", "rguid": "5915"}},{"type":"Feature","geometry":{"type":"MultiPolygon","coordinates":[[[[-123.003121209,49.275593879],[-123.003096904,49.27373669],[-123.003130105,49.271947789],[-123.00308023,49.270167346],[-123.003067672,49.268043822],[-123.003110388,49.266362307],[-123.003125204,49.264432304],[-123.003228152,49.262306603],[-123.003232982,49.26217269],[-123.008777756,49.262304186],[-123.014379233,49.262267446],[-123.017979683,49.262327437],[-123.02350857,49.262452994],[-123.023483494,49.263660846],[-123.023458005,49.266627313],[-123.023461398,49.269528798],[-123.023435508,49.272116095],[-123.023421696,49.275756598],[-123.01865089,49.275686203],[-123.014268582,49.275663199],[-123.008726683,49.275614307],[-123.003121209,49.275593879]]]]},"properties":{"a": "2.1982", "q": "00000", "t": "CT", "dw": "3474", "hh": "3343", "id": "9330240.01", "nrr": "0.254", "pop": "7465", "rgid": "59", "rpid": "59933", "ruid": "5915025", "rguid": "5915"}},{"type":"Feature","geometry":{"type":"MultiPolygon","coordinates":[[[[-123.003121296,49.281015689],[-123.003176813,49.279199497],[-123.00314117,49.278177013],[-123.00307442,49.278083284],[-123.003128696,49.276499409],[-123.003121209,49.275593879],[-123.008726683,49.275614307],[-123.014268582,49.275663199],[-123.01865089,49.275686203],[-123.023421696,49.275756598],[-123.02340369,49.2775577],[-123.023392294,49.281139693],[-123.016278395,49.281055902],[-123.003121296,49.281015689]]]]},"properties":{"a": "0.8865", "q": "00000", "t": "CT", "dw": "2241", "hh": "2062", "id": "9330240.02", "nrr": "0.292", "pop": "5413", "rgid": "59", "rpid": "59933", "ruid": "5915025", "rguid": "5915"}},{"type":"Feature","geometry":{"type":"MultiPolygon","coordinates":[[[[-123.002521637,49.290933013],[-123.002780111,49.289847135],[-123.002994938,49.288277101],[-123.003054217,49.284625905],[-123.003134996,49.281888007],[-123.003121296,49.281015689],[-123.016278395,49.281055902],[-123.023392294,49.281139693],[-123.023352621,49.282956285],[-123.02332619,49.285659717],[-123.023292796,49.286607292],[-123.02326819,49.289281792],[-123.023223623,49.291966658],[-123.023061489,49.293057487],[-123.02308603,49.293495314],[-123.022184489,49.293518694],[-123.020119788,49.293681002],[-123.018057703,49.293582694],[-123.016119008,49.293367708],[-123.015527609,49.293240909],[-123.013930594,49.293142694],[-123.009172211,49.292477597],[-123.006793315,49.291389496],[-123.005596094,49.291012103],[-123.004799623,49.290858205],[-123.003300511,49.290841196],[-123.002521637,49.290933013]]]]},"properties":{"a": "1.90721", "q": "00000", "t": "CT", "dw": "3140", "hh": "2963", "id": "9330241.00", "nrr": "0.179", "pop": "7579", "rgid": "59", "rpid": "59933", "ruid": "5915025", "rguid": "5915"}},{"type":"Feature","geometry":{"type":"MultiPolygon","coordinates":[[[[-122.947432319,49.290597176],[-122.947407323,49.289260332],[-122.947437289,49.288707032],[-122.947230386,49.287371346],[-122.947636706,49.285769393],[-122.947670404,49.285153313],[-122.947868619,49.284771987],[-122.947999194,49.284210469],[-122.947611987,49.283911203],[-122.9476868,49.282607209],[-122.947751182,49.282513309],[-122.949406275,49.282418902],[-122.94955699,49.282384392],[-122.953372306,49.282409257],[-122.956577032,49.282433308],[-122.956808142,49.282406001],[-122.957220635,49.281846691],[-122.957797362,49.281268421],[-122.958371072,49.280861221],[-122.959556368,49.280391971],[-122.960609732,49.28021534],[-122.961415096,49.280237121],[-122.963490162,49.280388286],[-122.964671509,49.280398098],[-122.965822911,49.280403433],[-122.972186997,49.280393876],[-122.972383042,49.280338122],[-122.982295409,49.280334606],[-122.987806278,49.280360593],[-122.9893382,49.280369103],[-122.991135099,49.280148095],[-122.991695887,49.280148402],[-122.992408813,49.280260209],[-122.993479893,49.280803493],[-122.994218215,49.280969004],[-123.003121296,49.281015689],[-123.003134996,49.281888007],[-123.003054217,49.284625905],[-123.002994938,49.288277101],[-123.002780111,49.289847135],[-123.002521637,49.290933013],[-123.001621696,49.291039102],[-123.001100004,49.291012094],[-123.000151704,49.290768484],[-122.999146786,49.291083604],[-122.995723703,49.292702692],[-122.992930103,49.293646986],[-122.991363302,49.294276702],[-122.990922889,49.2946005],[-122.989355706,49.295049987],[-122.987938222,49.295256801],[-122.987140807,49.295283792],[-122.986067004,49.295067802],[-122.984569198,49.294554695],[-122.982615396,49.293601099],[-122.981296208,49.292800184],[-122.981062924,49.292557502],[-122.979137394,49.291990216],[-122.977666297,49.291306398],[-122.977528515,49.291153392],[-122.977254307,49.291405193],[-122.976016291,49.290838312],[-122.976278294,49.290640703],[-122.976015998,49.290631413],[-122.975191207,49.290262603],[-122.973830298,49.289893406],[-122.973389114,49.289992209],[-122.972826603,49.29039699],[-122.972537697,49.290477887],[-122.971726804,49.290081907],[-122.970131195,49.289622797],[-122.969897605,49.289253905],[-122.969497685,49.289173406],[-122.968205811,49.288506608],[-122.966322696,49.28808359],[-122.96401221,49.2884425],[-122.962622608,49.288774994],[-122.961990278,49.288747694],[-122.960754021,49.288422801],[-122.959585192,49.288216391],[-122.958099801,49.288647389],[-122.957149407,49.288754891],[-122.95646259,49.289060705],[-122.956284,49.289294406],[-122.955678197,49.289465005],[-122.954688301,49.289572786],[-122.95263861,49.290273591],[-122.950629615,49.290434496],[-122.947961606,49.290424402],[-122.947432319,49.290597176]]]]},"properties":{"a": "4.61235", "q": "01000", "t": "CT", "dw": "3089", "hh": "2905", "id": "9330242.00", "nrr": "0.253", "pop": "7264", "rgid": "59", "rpid": "59933", "ruid": "5915025", "rguid": "5915"}},{"type":"Feature","geometry":{"type":"MultiPolygon","coordinates":[[[[-122.953372306,49.282409257],[-122.953391687,49.280336163],[-122.951599227,49.280318865],[-122.951039928,49.280255301],[-122.950305101,49.279996793],[-122.950194023,49.280076502],[-122.95062507,49.280250804],[-122.951191454,49.280374908],[-122.94951336,49.280332031],[-122.946454766,49.280298689],[-122.946472337,49.278310128],[-122.946579352,49.277091725],[-122.946472281,49.275899619],[-122.946284166,49.275208771],[-122.946294132,49.27395153],[-122.946196228,49.273664097],[-122.945460093,49.272635322],[-122.945112775,49.271815595],[-122.945045003,49.271343402],[-122.945070899,49.270741495],[-122.945166178,49.270317203],[-122.946678393,49.270577121],[-122.946960612,49.270675219],[-122.94950321,49.271754209],[-122.950621197,49.272201114],[-122.951548808,49.272430908],[-122.952227392,49.272497812],[-122.953497696,49.272510196],[-122.953537002,49.268397296],[-122.953384305,49.267960607],[-122.956312314,49.267982909],[-122.964585392,49.267982601],[-122.96460512,49.270704509],[-122.96463958,49.277799308],[-122.964671509,49.280398098],[-122.963490162,49.280388286],[-122.961415096,49.280237121],[-122.960609732,49.28021534],[-122.959556368,49.280391971],[-122.958371072,49.280861221],[-122.957797362,49.281268421],[-122.957220635,49.281846691],[-122.956808142,49.282406001],[-122.956577032,49.282433308],[-122.953372306,49.282409257]]]]},"properties":{"a": "1.70229", "q": "00000", "t": "CT", "dw": "2318", "hh": "2191", "id": "9330243.01", "nrr": "0.273", "pop": "6162", "rgid": "59", "rpid": "59933", "ruid": "5915025", "rguid": "5915"}},{"type":"Feature","geometry":{"type":"MultiPolygon","coordinates":[[[[-122.89317335,49.291946782],[-122.89244829,49.29146085],[-122.892473504,49.291051602],[-122.892676256,49.290743583],[-122.893167451,49.290371652],[-122.89353487,49.29017951],[-122.894139184,49.289990836],[-122.89431146,49.28977773],[-122.894638526,49.287225375],[-122.894211577,49.28566903],[-122.89399014,49.282220735],[-122.893687357,49.276309221],[-122.893676584,49.275864095],[-122.893424317,49.270293379],[-122.893311012,49.267637796],[-122.893251898,49.265710088],[-122.893126721,49.262942699],[-122.893803799,49.262946894],[-122.897935723,49.263103599],[-122.898768592,49.263223908],[-122.899452702,49.263492212],[-122.900323277,49.264178395],[-122.900339252,49.264001427],[-122.908663032,49.259997197],[-122.910308647,49.259217344],[-122.911209515,49.258603541],[-122.911671221,49.258106872],[-122.911987406,49.257628567],[-122.912140537,49.257103242],[-122.912475584,49.252460791],[-122.913574551,49.252608088],[-122.919024386,49.253338995],[-122.924794795,49.254150409],[-122.925728699,49.254215807],[-122.928243948,49.254255907],[-122.934153499,49.254254651],[-122.937997572,49.25428727],[-122.939131907,49.254375312],[-122.939975576,49.254496525],[-122.941103041,49.254730308],[-122.942173979,49.255009289],[-122.942954205,49.25526375],[-122.942576936,49.255662857],[-122.942330597,49.256270155],[-122.941282215,49.256944243],[-122.94096443,49.257272754],[-122.94057392,49.258502629],[-122.940393749,49.258821615],[-122.939868184,49.25947827],[-122.939701359,49.259888278],[-122.939725753,49.260562367],[-122.939509026,49.260912412],[-122.936998892,49.260925168],[-122.936560712,49.26144419],[-122.936409278,49.261843498],[-122.93648839,49.26241511],[-122.93698262,49.263356992],[-122.937086891,49.264794987],[-122.937018197,49.267041511],[-122.937058688,49.267322791],[-122.937279905,49.267759699],[-122.937594193,49.268160397],[-122.938209976,49.268615692],[-122.940075712,49.269640588],[-122.940580294,49.26984411],[-122.941552904,49.270057202],[-122.944385108,49.270241996],[-122.945166178,49.270317203],[-122.945070899,49.270741495],[-122.945045003,49.271343402],[-122.945112775,49.271815595],[-122.945460093,49.272635322],[-122.946196228,49.273664097],[-122.946294132,49.27395153],[-122.946284166,49.275208771],[-122.946472281,49.275899619],[-122.946579352,49.277091725],[-122.946472337,49.278310128],[-122.946454766,49.280298689],[-122.94951336,49.280332031],[-122.951191454,49.280374908],[-122.95062507,49.280250804],[-122.950194023,49.280076502],[-122.950305101,49.279996793],[-122.951039928,49.280255301],[-122.951599227,49.280318865],[-122.953391687,49.280336163],[-122.953372306,49.282409257],[-122.94955699,49.282384392],[-122.949406275,49.282418902],[-122.947751182,49.282513309],[-122.9476868,49.282607209],[-122.947611987,49.283911203],[-122.947999194,49.284210469],[-122.947868619,49.284771987],[-122.947670404,49.285153313],[-122.947636706,49.285769393],[-122.947230386,49.287371346],[-122.947437289,49.288707032],[-122.947407323,49.289260332],[-122.947432319,49.290597176],[-122.946421899,49.290684599],[-122.946201617,49.290585501],[-122.945678678,49.290567295],[-122.942969993,49.290835791],[-122.940864388,49.291338595],[-122.939365719,49.291472602],[-122.937067993,49.292020006],[-122.936586397,49.292001793],[-122.93613459,49.29168669],[-122.935252912,49.292001097],[-122.932901811,49.292134809],[-122.932474205,49.292233297],[-122.930947891,49.292160605],[-122.929160488,49.292474308],[-122.927523299,49.292284193],[-122.926849992,49.292409691],[-122.925626702,49.292301201],[-122.925240308,49.292426686],[-122.924719008,49.292228603],[-122.923715101,49.292156108],[-122.923590488,49.291858906],[-122.922094291,49.290994609],[-122.921406105,49.290697097],[-122.920870508,49.290301001],[-122.920623317,49.290219893],[-122.9203492,49.289895893],[-122.91959289,49.289562407],[-122.919235713,49.289508295],[-122.918796491,49.289058396],[-122.9181491,49.289102707],[-122.917723422,49.289561201],[-122.917391909,49.289713891],[-122.916691096,49.289812389],[-122.916305893,49.289947206],[-122.914326303,49.289765607],[-122.913334622,49.290232706],[-122.912427501,49.290358002],[-122.911776691,49.290272207],[-122.910597974,49.289764372],[-122.909870791,49.2893485],[-122.909198104,49.288844209],[-122.906750897,49.288590293],[-122.904604604,49.288669594],[-122.90419249,49.288561514],[-122.903615695,49.288192216],[-122.903353994,49.288200703],[-122.902227309,49.288397885],[-122.900864995,49.288855301],[-122.900631196,49.288882103],[-122.89943458,49.288737095],[-122.898691995,49.288997599],[-122.897974487,49.289653397],[-122.897053004,49.289814385],[-122.895992414,49.290461302],[-122.89508389,49.29135091],[-122.894505819,49.291719404],[-122.893679799,49.291916301],[-122.89317335,49.291946782]]]]},"properties":{"a": "13.63952", "q": "00000", "t": "CT", "dw": "3200", "hh": "3010", "id": "9330243.02", "nrr": "0.221", "pop": "8330", "rgid": "59", "rpid": "59933", "ruid": "5915025", "rguid": "5915"}},{"type":"Feature","geometry":{"type":"MultiPolygon","coordinates":[[[[-123.380382413,49.411774999],[-123.380174522,49.411622604],[-123.379456797,49.411661087],[-123.379193389,49.411373405],[-123.379033,49.410312387],[-123.379233114,49.409358203],[-123.379531208,49.408701591],[-123.379776405,49.408412511],[-123.380229195,49.408131912],[-123.380861705,49.407968093],[-123.381412797,49.407660511],[-123.381837807,49.407577898],[-123.383717205,49.406294702],[-123.384445102,49.406058304],[-123.385450591,49.405920093],[-123.386072378,49.406052599],[-123.386670887,49.406878594],[-123.387308499,49.407182001],[-123.387448889,49.407478196],[-123.38740838,49.407757299],[-123.387216908,49.407946801],[-123.386502183,49.408272894],[-123.386422093,49.408587716],[-123.385929205,49.408959393],[-123.385960417,49.409462098],[-123.385756787,49.409840993],[-123.385084091,49.410158615],[-123.384574813,49.410204094],[-123.383391203,49.410585796],[-123.382993184,49.410803692],[-123.381522411,49.411330701],[-123.380699017,49.411792109],[-123.380382413,49.411774999]]],[[[-123.313874905,49.417785186],[-123.313600095,49.417705509],[-123.313088791,49.417715401],[-123.312512893,49.418085709],[-123.312168203,49.418032999],[-123.312234001,49.417689813],[-123.312012321,49.417538805],[-123.311363287,49.417486105],[-123.310924419,49.417550196],[-123.310688497,49.417451899],[-123.3106174,49.417118711],[-123.310810099,49.416939203],[-123.311992221,49.4165575],[-123.312653799,49.416474914],[-123.313313413,49.416239902],[-123.313711902,49.415869595],[-123.313818513,49.415411088],[-123.314644591,49.415012312],[-123.314807388,49.4147146],[-123.314898992,49.414013897],[-123.314341902,49.413061094],[-123.313455192,49.412371816],[-123.311784289,49.412061291],[-123.309243816,49.411249494],[-123.308828408,49.411034509],[-123.308550518,49.410621396],[-123.308848005,49.409963386],[-123.309273692,49.409576109],[-123.309408403,49.409009187],[-123.310245223,49.408322804],[-123.310364487,49.407612095],[-123.309865508,49.40708229],[-123.310013183,49.406461292],[-123.310752291,49.405641015],[-123.310838099,49.40418399],[-123.311110497,49.403652811],[-123.311728924,49.403191305],[-123.312621695,49.402739913],[-123.312881725,49.402514805],[-123.313236106,49.401919491],[-123.313619992,49.401594804],[-123.314128395,49.401332704],[-123.314555111,49.401231601],[-123.316153607,49.401272903],[-123.316596184,49.401190294],[-123.317817899,49.400449693],[-123.318793394,49.400240415],[-123.319302025,49.400005405],[-123.320496405,49.399138001],[-123.320770714,49.398786198],[-123.320696414,49.398229395],[-123.321064803,49.397643987],[-123.321914687,49.39698459],[-123.32221461,49.396443407],[-123.3228471,49.396046089],[-123.323091494,49.395506289],[-123.323236488,49.394516502],[-123.32295789,49.393976712],[-123.322430008,49.39333151],[-123.320975293,49.392435689],[-123.320575796,49.39232889],[-123.319997814,49.392321795],[-123.319595476,49.392052598],[-123.319079379,49.391145397],[-123.318266213,49.391175294],[-123.318114407,49.391075586],[-123.318180592,49.390743691],[-123.31881429,49.390399104],[-123.318784287,49.390067211],[-123.319055612,49.389355095],[-123.319158295,49.388285609],[-123.319110615,49.387421099],[-123.319481683,49.387177494],[-123.320952218,49.386508097],[-123.322285004,49.386180592],[-123.325690595,49.386314412],[-123.326284285,49.386546603],[-123.327112181,49.386688999],[-123.328672509,49.387233084],[-123.329872407,49.387274386],[-123.330491292,49.387119111],[-123.331633313,49.386990907],[-123.332430907,49.386646284],[-123.333320996,49.385969794],[-123.333494497,49.385213512],[-123.333286981,49.384917299],[-123.332648697,49.384468688],[-123.332645496,49.383820713],[-123.332822706,49.383443211],[-123.334163621,49.382315302],[-123.334214404,49.381477798],[-123.333800712,49.381380993],[-123.332739516,49.381544799],[-123.331939923,49.381422303],[-123.33017832,49.3817499],[-123.329530903,49.381734187],[-123.328813424,49.381457906],[-123.328068712,49.381432308],[-123.327299586,49.38180401],[-123.326928391,49.381759797],[-123.326553204,49.381392385],[-123.326620993,49.381275592],[-123.32710278,49.381192996],[-123.328215198,49.3807672],[-123.328874892,49.380395405],[-123.329933187,49.380158995],[-123.330665908,49.380264387],[-123.331049704,49.380173304],[-123.331542597,49.379767413],[-123.331117812,49.379876998],[-123.330868414,49.379733202],[-123.33125329,49.379589295],[-123.331349008,49.379687594],[-123.331555607,49.379452598],[-123.331374119,49.379218998],[-123.331538523,49.3791834],[-123.331790993,49.379613517],[-123.33361891,49.379167788],[-123.333989705,49.378986907],[-123.334345,49.378491304],[-123.334300706,49.378068309],[-123.334132388,49.37771791],[-123.333870506,49.377619592],[-123.333098318,49.377576899],[-123.331475508,49.377887406],[-123.329853196,49.378333188],[-123.328975095,49.378786097],[-123.327831305,49.378851593],[-123.326745085,49.379106501],[-123.325123117,49.379660493],[-123.324092592,49.380139114],[-123.323611317,49.380240195],[-123.322371599,49.380242986],[-123.32202451,49.379911195],[-123.322115408,49.377078498],[-123.321229395,49.376460298],[-123.32120061,49.376181187],[-123.321461701,49.375892087],[-123.322025182,49.375936203],[-123.322083513,49.376268106],[-123.32224961,49.376357786],[-123.323172883,49.376454597],[-123.323753303,49.376597091],[-123.324841802,49.376629807],[-123.325486905,49.376474613],[-123.325994807,49.376077212],[-123.326819697,49.376030214],[-123.327163787,49.375714107],[-123.327896403,49.374291287],[-123.328225591,49.373939496],[-123.328259918,49.373030805],[-123.328489004,49.372266112],[-123.329107786,49.371967001],[-123.329670192,49.371488391],[-123.330122303,49.371299009],[-123.330655175,49.370639595],[-123.330915595,49.370522813],[-123.332154001,49.370312004],[-123.332524215,49.370085597],[-123.333032005,49.369544399],[-123.333151994,49.369148496],[-123.333238591,49.367672998],[-123.333456509,49.367114709],[-123.333492203,49.366440996],[-123.333362803,49.36558649],[-123.332804385,49.364356001],[-123.332755911,49.363447303],[-123.332498281,49.362036003],[-123.333043599,49.361036189],[-123.3331625,49.360576103],[-123.333754379,49.360332594],[-123.334573292,49.359456689],[-123.334621993,49.3583871],[-123.334798406,49.357945588],[-123.334989902,49.357764694],[-123.335689899,49.357573906],[-123.335951699,49.357384514],[-123.336738519,49.355609906],[-123.337023501,49.355239586],[-123.337558211,49.354887793],[-123.337708097,49.354679898],[-123.337938183,49.353870997],[-123.338498222,49.353311205],[-123.339376784,49.352903902],[-123.339719508,49.352687395],[-123.339978023,49.352236002],[-123.339972281,49.351481099],[-123.340656694,49.350867292],[-123.341534898,49.350297608],[-123.341696603,49.349730786],[-123.34203811,49.349423196],[-123.342339978,49.349306396],[-123.343050003,49.348619887],[-123.344093918,49.348085797],[-123.344487589,49.347429308],[-123.34509052,49.346940801],[-123.345598205,49.346633111],[-123.346326896,49.346604606],[-123.346481617,49.346927897],[-123.346499104,49.34749479],[-123.346886308,49.347618709],[-123.347941403,49.347165794],[-123.348009398,49.346932193],[-123.348515498,49.346328303],[-123.348733494,49.346255693],[-123.349973887,49.346180204],[-123.350686795,49.345935295],[-123.351468193,49.345518011],[-123.353130217,49.344992396],[-123.353857718,49.344503906],[-123.354364899,49.344402793],[-123.355462185,49.343707803],[-123.356090019,49.342860399],[-123.356499803,49.342598286],[-123.35710511,49.34241599],[-123.357294904,49.342082798],[-123.357057306,49.341642694],[-123.356738393,49.341382096],[-123.355762394,49.341376407],[-123.355361802,49.341288101],[-123.355250293,49.341117194],[-123.356266009,49.338846997],[-123.356678599,49.338630509],[-123.357682719,49.338725902],[-123.358493286,49.338435402],[-123.35945752,49.338442501],[-123.359718417,49.338243094],[-123.359755507,49.337847186],[-123.359287306,49.337812991],[-123.358600483,49.337922705],[-123.358543675,49.337751794],[-123.359463305,49.337379997],[-123.360137019,49.337270398],[-123.361344205,49.336717789],[-123.361261016,49.336465707],[-123.360902692,49.33647709],[-123.360517886,49.336620893],[-123.360130185,49.336424408],[-123.360168012,49.33595729],[-123.360551007,49.335622585],[-123.3612375,49.335377606],[-123.361664781,49.335340596],[-123.362474908,49.335085592],[-123.362874894,49.335085601],[-123.363344795,49.335299313],[-123.363769602,49.33532491],[-123.364074592,49.335458806],[-123.364611408,49.335475886],[-123.364709187,49.335826196],[-123.364367211,49.335917396],[-123.363527698,49.335964402],[-123.363268094,49.336153813],[-123.363214396,49.336505601],[-123.363449384,49.336639504],[-123.363891205,49.336646588],[-123.364852391,49.336499895],[-123.3646214,49.336743413],[-123.364869908,49.336841699],[-123.365925,49.336326112],[-123.366571193,49.336242103],[-123.366940679,49.335927297],[-123.367530682,49.335745001],[-123.367944518,49.335716597],[-123.368014095,49.335950102],[-123.368359205,49.335841906],[-123.368785285,49.335857592],[-123.369003407,49.335695196],[-123.369347414,49.335693804],[-123.369461384,49.336027006],[-123.369983586,49.336015597],[-123.370136992,49.336150894],[-123.370698689,49.335824812],[-123.371426499,49.335723705],[-123.371716005,49.335605507],[-123.372389479,49.335585497],[-123.373010404,49.335709405],[-123.373668584,49.335518603],[-123.373833305,49.335373289],[-123.373899911,49.335041495],[-123.373429194,49.334871989],[-123.373261508,49.334431912],[-123.373411212,49.334169894],[-123.373864909,49.334186999],[-123.373964295,49.334464687],[-123.374994798,49.334443291],[-123.375378895,49.334226797],[-123.375820788,49.334233998],[-123.376166599,49.334466106],[-123.376415819,49.334835004],[-123.376116711,49.335114088],[-123.377491709,49.335109791],[-123.378165009,49.334891885],[-123.378191522,49.334802205],[-123.377459614,49.334354998],[-123.377497687,49.334093001],[-123.378145313,49.334037394],[-123.378967304,49.33364861],[-123.379779294,49.3336814],[-123.379932211,49.333798207],[-123.380716605,49.333759686],[-123.380829485,49.3340018],[-123.380581285,49.334182699],[-123.379635511,49.334473201],[-123.379705324,49.334760903],[-123.381094799,49.334656996],[-123.382524214,49.334427705],[-123.382826985,49.334417697],[-123.383050105,49.33464269],[-123.382984901,49.335065687],[-123.382285016,49.335490097],[-123.382300406,49.335688109],[-123.382548811,49.335759294],[-123.385435499,49.335111287],[-123.385873376,49.334938897],[-123.386038316,49.334991601],[-123.386442008,49.335404687],[-123.387252709,49.335249399],[-123.387885515,49.335255106],[-123.388630903,49.335468797],[-123.389317995,49.335467307],[-123.390251711,49.335085598],[-123.390802394,49.334957512],[-123.392337792,49.334232515],[-123.392667819,49.334205505],[-123.393384606,49.334392099],[-123.393839879,49.334651297],[-123.394489087,49.334864895],[-123.395109692,49.334853489],[-123.39562998,49.334491699],[-123.396166098,49.334436213],[-123.397239524,49.334459006],[-123.398644804,49.334661212],[-123.399816494,49.334971692],[-123.400753717,49.335022995],[-123.403766587,49.334842096],[-123.404646282,49.334676901],[-123.407936785,49.334682598],[-123.409257411,49.33478659],[-123.410718013,49.334789398],[-123.411339713,49.335102691],[-123.412759611,49.335492997],[-123.414399504,49.335522913],[-123.415197906,49.335611184],[-123.415828696,49.335266511],[-123.416516086,49.335128399],[-123.417148493,49.335126892],[-123.418280581,49.335446003],[-123.419106188,49.335443108],[-123.420589196,49.335087099],[-123.421153402,49.335211006],[-123.420979388,49.335571304],[-123.421228306,49.335750687],[-123.422107605,49.335737903],[-123.422827484,49.335997099],[-123.423556087,49.336038397],[-123.423937683,49.335678105],[-123.424202709,49.33582909],[-123.423968781,49.336047001],[-123.424481901,49.336304799],[-123.424482894,49.336458595],[-123.424979896,49.336690709],[-123.425421209,49.336796095],[-123.426026983,49.3368032],[-123.426590302,49.336566804],[-123.426866094,49.336675105],[-123.427419399,49.337149294],[-123.428070115,49.337352997],[-123.429025312,49.338213197],[-123.429605196,49.338301492],[-123.430864619,49.339168908],[-123.431072525,49.339223005],[-123.431892403,49.340110297],[-123.431867891,49.34044209],[-123.431335697,49.341047398],[-123.431420785,49.341343603],[-123.431356379,49.341847794],[-123.431607601,49.342260797],[-123.431198695,49.342631113],[-123.430719187,49.3428661],[-123.429864423,49.342897405],[-123.428960207,49.343277707],[-123.428796988,49.343583909],[-123.429351191,49.343986915],[-123.429575792,49.344408493],[-123.42929238,49.344995297],[-123.428937302,49.345292901],[-123.428435382,49.346140401],[-123.429113894,49.34678551],[-123.429568992,49.346792615],[-123.429887711,49.346917989],[-123.429766483,49.347395095],[-123.428739293,49.34794769],[-123.42779669,49.348777994],[-123.426549417,49.349492895],[-123.425957198,49.349531393],[-123.425144418,49.349417503],[-123.4249122,49.349589809],[-123.424045395,49.349727914],[-123.423193398,49.34996441],[-123.419901683,49.351415604],[-123.419214398,49.351607909],[-123.41885941,49.351932609],[-123.418849279,49.352328495],[-123.419085196,49.352597701],[-123.419105709,49.353343997],[-123.419413987,49.353990608],[-123.419830786,49.354331008],[-123.420472091,49.355245296],[-123.420900105,49.355522998],[-123.421533993,49.355511689],[-123.421852616,49.355672595],[-123.421828914,49.356077098],[-123.422094591,49.356733613],[-123.422101101,49.357326113],[-123.422420194,49.357712009],[-123.42334241,49.357619498],[-123.423551481,49.357843099],[-123.424226716,49.357867303],[-123.424322693,49.358019705],[-123.424626589,49.358019698],[-123.425671088,49.357709203],[-123.425810502,49.357897204],[-123.425498609,49.358429894],[-123.425488495,49.358915494],[-123.425983192,49.358949703],[-123.426014605,49.359318589],[-123.425864588,49.35950801],[-123.42550681,49.359580601],[-123.425426893,49.359886817],[-123.424800818,49.360581808],[-123.424304523,49.360683006],[-123.424389215,49.360933594],[-123.424860891,49.3613011],[-123.4246629,49.3623635],[-123.42452869,49.362544401],[-123.424490206,49.36303],[-123.423940378,49.363094093],[-123.423406586,49.363574102],[-123.423866589,49.364048398],[-123.423235605,49.364428609],[-123.423265209,49.364761892],[-123.423613678,49.365056695],[-123.424344715,49.365297402],[-123.425402704,49.365040998],[-123.425817308,49.36505809],[-123.426218282,49.365325905],[-123.427375309,49.365204804],[-123.428257585,49.365362909],[-123.428861895,49.365334388],[-123.429687592,49.365070895],[-123.43037551,49.364986908],[-123.430665911,49.365085198],[-123.430639588,49.365354404],[-123.43029831,49.365670501],[-123.430149304,49.365959712],[-123.430126001,49.366480901],[-123.430473716,49.3669295],[-123.430247184,49.367731401],[-123.429662711,49.368578794],[-123.428976601,49.368940502],[-123.429009205,49.369436103],[-123.427182289,49.370198102],[-123.427048087,49.37055839],[-123.427284102,49.370710802],[-123.428029097,49.370743597],[-123.427578986,49.371347392],[-123.427347,49.371484197],[-123.42657532,49.371612304],[-123.426264997,49.372278887],[-123.425963786,49.372640607],[-123.425072379,49.372993794],[-123.424370602,49.373121998],[-123.423602906,49.373449604],[-123.421087805,49.374295495],[-123.420568086,49.374711409],[-123.420449604,49.375332404],[-123.420217884,49.375449192],[-123.419610803,49.375533202],[-123.419268598,49.375687012],[-123.419067005,49.376218193],[-123.418459605,49.376248098],[-123.417730695,49.376393394],[-123.416935985,49.376765091],[-123.416828589,49.377233692],[-123.4164197,49.377603994],[-123.41613538,49.378216397],[-123.415902489,49.378343203],[-123.415022506,49.378535405],[-123.414975617,49.379543794],[-123.41407151,49.380094909],[-123.412916994,49.380593388],[-123.411912694,49.382244095],[-123.411363394,49.382533192],[-123.410716116,49.382661404],[-123.410362118,49.3832382],[-123.409172289,49.384294893],[-123.408307994,49.384747802],[-123.407938993,49.385046899],[-123.40565929,49.385827393],[-123.403076022,49.386879902],[-123.402199297,49.387405406],[-123.400881103,49.387922402],[-123.400332477,49.388284099],[-123.400195404,49.388509187],[-123.399129606,49.389367996],[-123.398484896,49.389756806],[-123.398335088,49.389973191],[-123.396828889,49.391398911],[-123.39632539,49.392093895],[-123.394835986,49.393610692],[-123.393290493,49.394973611],[-123.392892393,49.39540661],[-123.390795814,49.396807993],[-123.389866298,49.397728088],[-123.388907116,49.398388907],[-123.388565199,49.3987136],[-123.388433607,49.399487006],[-123.388078095,49.399867206],[-123.387017788,49.400041007],[-123.386481703,49.400384198],[-123.386127488,49.400933998],[-123.384809597,49.401469513],[-123.383019206,49.401637495],[-123.382083884,49.401955104],[-123.381241016,49.401526398],[-123.380329214,49.401403904],[-123.379547014,49.401721498],[-123.379035912,49.401731505],[-123.378831395,49.402064792],[-123.378598811,49.40218299],[-123.377346308,49.402285486],[-123.376506787,49.402611703],[-123.37635752,49.402936404],[-123.376938807,49.403195611],[-123.37696979,49.403608596],[-123.376641618,49.404041596],[-123.376507684,49.404455996],[-123.376123087,49.404728093],[-123.375600885,49.404890402],[-123.375423706,49.405143902],[-123.375107406,49.405333303],[-123.374308792,49.405282097],[-123.373866,49.405131112],[-123.373714406,49.40520231],[-123.373428515,49.405680798],[-123.373018217,49.405897304],[-123.372425404,49.406025494],[-123.371447698,49.406055412],[-123.370719518,49.406327405],[-123.369918404,49.406222002],[-123.369549291,49.406610893],[-123.368984819,49.406891397],[-123.368585685,49.406982606],[-123.367551112,49.406832993],[-123.366228604,49.406783189],[-123.365235017,49.406615105],[-123.364514188,49.406194993],[-123.364252797,49.406259101],[-123.364300682,49.407059493],[-123.364057809,49.40767189],[-123.363643578,49.407817199],[-123.363305096,49.408564901],[-123.363460893,49.409247113],[-123.363381792,49.409598791],[-123.362957001,49.410067402],[-123.362409405,49.410329493],[-123.362178385,49.410862108],[-123.362665287,49.411398995],[-123.362392896,49.411958793],[-123.361529294,49.412554109],[-123.361117994,49.413014115],[-123.360803014,49.413204896],[-123.360087306,49.413458493],[-123.358628394,49.413823088],[-123.35827118,49.413995399],[-123.357376884,49.414169095],[-123.356605702,49.414197592],[-123.355462897,49.414408396],[-123.353465017,49.414649102],[-123.350654009,49.414801484],[-123.349608205,49.415073508],[-123.347114102,49.415386796],[-123.345252388,49.415419592],[-123.343954802,49.415153293],[-123.34225829,49.4149425],[-123.341570015,49.415170408],[-123.340688299,49.415262886],[-123.338097394,49.415315608],[-123.336594214,49.415166099],[-123.335739819,49.415358402],[-123.3339077,49.415443799],[-123.332582187,49.415285697],[-123.331435513,49.414785798],[-123.331033196,49.414687512],[-123.330235397,49.414825697],[-123.328924686,49.414738798],[-123.326579391,49.414502404],[-123.324343187,49.414095095],[-123.323655003,49.41409649],[-123.321934402,49.414641996],[-123.321011203,49.414734613],[-123.320600304,49.415076396],[-123.32057549,49.4154011],[-123.320713679,49.415571994],[-123.321211293,49.415633197],[-123.321431694,49.415767102],[-123.321576616,49.416811007],[-123.321428409,49.417359403],[-123.32104601,49.418071507],[-123.320389977,49.418783596],[-123.31957821,49.419055602],[-123.319136386,49.418957301],[-123.318900184,49.4187152],[-123.3189519,49.418346308],[-123.319197802,49.417931912],[-123.319156987,49.417798002],[-123.318382788,49.417484712],[-123.317540021,49.417469002],[-123.317060899,49.417803706],[-123.316428094,49.418057201],[-123.316168692,49.418417601],[-123.315907207,49.418571391],[-123.315969304,49.419532704],[-123.316177588,49.419883109],[-123.315749788,49.419974193],[-123.314906904,49.41966231],[-123.314131902,49.419069785],[-123.31400551,49.418792105],[-123.314193686,49.418008797],[-123.313874905,49.417785186]]]]},"properties":{"a": "50.53392", "q": "01000", "t": "CT", "dw": "1760", "hh": "1345", "id": "9330250.01", "pop": "3402", "rgid": "59", "rpid": "59933", "ruid": "5915062", "rguid": "5915"}},{"type":"Feature","geometry":{"type":"MultiPolygon","coordinates":[[[[-123.258892832,49.259960245],[-123.259191789,49.259975702],[-123.260605518,49.259710806],[-123.262267901,49.259680886],[-123.262515893,49.259616804],[-123.263526045,49.258981084],[-123.263968405,49.259140648],[-123.262559008,49.2601566],[-123.26205581,49.261048093],[-123.261938005,49.262512108],[-123.261797454,49.262347753],[-123.260857907,49.261683145],[-123.259866137,49.260752655],[-123.258892832,49.259960245]]],[[[-122.936741984,49.311278602],[-122.936934213,49.311278599],[-122.9372921,49.311512105],[-122.937291419,49.311918],[-122.937125317,49.312601605],[-122.936518003,49.313140008],[-122.936368882,49.312789599],[-122.9358723,49.31264581],[-122.935872584,49.312294001],[-122.936286384,49.311799799],[-122.936410121,49.311430902],[-122.936741984,49.311278602]]],[[[-122.900952968,49.326422339],[-122.90006139,49.326132402],[-122.893658927,49.325476297],[-122.893990094,49.325290896],[-122.894385699,49.324467758],[-122.894551033,49.324292984],[-122.894712245,49.323849712],[-122.895276164,49.323186985],[-122.89562842,49.322941379],[-122.895129204,49.322621897],[-122.895021705,49.3223369],[-122.895017791,49.321841296],[-122.894687709,49.3210203],[-122.892122794,49.318753093],[-122.889746509,49.31716511],[-122.889539601,49.316906889],[-122.889617899,49.316292982],[-122.890001492,49.315188889],[-122.89008241,49.314763301],[-122.889947912,49.314266696],[-122.890035521,49.31413059],[-122.891046938,49.313962446],[-122.89367469,49.313407555],[-122.894893397,49.313291844],[-122.895388634,49.313093842],[-122.896085701,49.312957896],[-122.896745138,49.312899494],[-122.898981969,49.314013054],[-122.89974128,49.314742731],[-122.90047212,49.314954454],[-122.901146687,49.314728792],[-122.902027418,49.314693778],[-122.902966542,49.314606637],[-122.904232598,49.314249462],[-122.904118959,49.314736348],[-122.906261124,49.314094804],[-122.906668993,49.314012575],[-122.907900396,49.313891735],[-122.908335848,49.313256796],[-122.90885441,49.312709692],[-122.909704478,49.312152061],[-122.910272739,49.311861688],[-122.911378526,49.311415126],[-122.913448535,49.311025908],[-122.91462826,49.310878942],[-122.916923051,49.310662946],[-122.91828293,49.310595351],[-122.926160504,49.310522343],[-122.927638745,49.310499082],[-122.928019002,49.311021486],[-122.927111115,49.311542598],[-122.926738391,49.311848407],[-122.9266698,49.312208186],[-122.927149613,49.312801991],[-122.92770008,49.313135199],[-122.927699591,49.313324013],[-122.927010406,49.313656611],[-122.926873621,49.313827201],[-122.926885508,49.314322103],[-122.926237921,49.315400902],[-122.926209599,49.315724998],[-122.926717902,49.316588709],[-122.926717004,49.316966399],[-122.927115416,49.317362605],[-122.927182709,49.317929087],[-122.927596702,49.318064511],[-122.928779519,49.3178853],[-122.929371484,49.317436005],[-122.929812499,49.316878501],[-122.930240117,49.316653898],[-122.931147897,49.31642049],[-122.931629195,49.316447614],[-122.931863791,49.316619003],[-122.932136995,49.317842206],[-122.931889215,49.318130209],[-122.93026431,49.318416989],[-122.929066122,49.3194507],[-122.928460085,49.319513096],[-122.928267809,49.319612085],[-122.927839712,49.320259395],[-122.927428086,49.320528895],[-122.926533077,49.320852194],[-122.926559692,49.320996299],[-122.927261191,49.321203712],[-122.927261502,49.321536397],[-122.925456703,49.323028493],[-122.924766694,49.323396698],[-122.924340088,49.323477512],[-122.923871799,49.323899903],[-122.921432623,49.325670206],[-122.919574498,49.326820289],[-122.918870692,49.327161694],[-122.91804519,49.327808907],[-122.917947409,49.328141401],[-122.918029723,49.328429501],[-122.918565806,49.328798604],[-122.9187725,49.329077494],[-122.918771519,49.3296354],[-122.918495199,49.329833012],[-122.91625121,49.329930295],[-122.915357788,49.329812699],[-122.914738119,49.329821203],[-122.913485508,49.330189085],[-122.912589512,49.33057529],[-122.912108198,49.330700892],[-122.911874704,49.330565906],[-122.911902307,49.33015201],[-122.911420086,49.329980607],[-122.910829699,49.329575601],[-122.909329786,49.329448495],[-122.909069194,49.329358294],[-122.909165592,49.329151394],[-122.909716011,49.328945008],[-122.909648316,49.328180295],[-122.909897197,49.327955693],[-122.91035019,49.327920008],[-122.910983902,49.328037411],[-122.911313516,49.328019605],[-122.913104602,49.327157593],[-122.914839096,49.327194698],[-122.915060195,49.326844114],[-122.915170206,49.326277484],[-122.915748788,49.325774108],[-122.915806303,49.324937809],[-122.91622,49.324560297],[-122.917252604,49.323877292],[-122.917267799,49.323571489],[-122.917020611,49.323229492],[-122.917034908,49.322806808],[-122.916457614,49.322437596],[-122.915702503,49.321330585],[-122.91559289,49.320782005],[-122.915813087,49.320341298],[-122.915883106,49.319702612],[-122.916545688,49.319280397],[-122.91713651,49.319136807],[-122.917384502,49.318974996],[-122.918130217,49.317743305],[-122.918722609,49.317392899],[-122.919079999,49.317060208],[-122.919026897,49.31635871],[-122.919274813,49.315837093],[-122.919605197,49.315522509],[-122.919894896,49.315018999],[-122.920557511,49.314569802],[-122.920749599,49.314290909],[-122.920764886,49.313958396],[-122.920145389,49.313553112],[-122.919416307,49.313606302],[-122.917833397,49.314244105],[-122.915326578,49.315483495],[-122.914280602,49.316139302],[-122.913976699,49.316184104],[-122.9134814,49.316417713],[-122.913123985,49.316750291],[-122.912971106,49.317082899],[-122.911620902,49.318071489],[-122.910834588,49.319033098],[-122.909842509,49.319958993],[-122.909153499,49.320749987],[-122.907499405,49.322062004],[-122.906466413,49.3226998],[-122.905378481,49.3232297],[-122.903863598,49.323795095],[-122.902762096,49.324090896],[-122.901934994,49.324629894],[-122.901229808,49.326122409],[-122.900952968,49.326422339]]],[[[-123.30669989,49.339268512],[-123.306877188,49.339151813],[-123.307223006,49.339212985],[-123.307525816,49.339455103],[-123.30732261,49.339788398],[-123.306718379,49.340014795],[-123.30653831,49.33996211],[-123.306535603,49.339610394],[-123.30669989,49.339268512]]],[[[-123.275060895,49.340778202],[-123.275322176,49.340741195],[-123.275928177,49.340856496],[-123.276093594,49.341062989],[-123.27599851,49.341262396],[-123.275723501,49.341281007],[-123.275117093,49.341147091],[-123.275060895,49.340778202]]],[[[-123.272929002,49.341313688],[-123.273316817,49.341447606],[-123.273371791,49.341772314],[-123.273251918,49.342356199],[-123.272866395,49.342303502],[-123.272767413,49.341998799],[-123.272807194,49.341494616],[-123.272929002,49.341313688]]],[[[-123.303898349,49.341932944],[-123.304089253,49.341644937],[-123.30432322,49.341644492],[-123.304944195,49.341904217],[-123.305451812,49.341642463],[-123.305668856,49.341138739],[-123.306133121,49.340562482],[-123.306476241,49.340399959],[-123.306696723,49.340444492],[-123.306781126,49.340750434],[-123.30730524,49.340920354],[-123.307638014,49.341324742],[-123.307585367,49.341730087],[-123.307009152,49.342064988],[-123.306983833,49.342434233],[-123.306792712,49.342704884],[-123.306271481,49.343030612],[-123.306164634,49.343589164],[-123.306689986,49.343957109],[-123.306700223,49.345519813],[-123.306538654,49.346040333],[-123.306194144,49.346161055],[-123.305685536,49.346040634],[-123.305490872,49.345689231],[-123.304277606,49.344964701],[-123.304081067,49.34466402],[-123.30424298,49.34415143],[-123.304015618,49.343046779],[-123.303861335,49.342597948],[-123.304065601,49.34225597],[-123.303898349,49.341932944]]],[[[-122.891878114,49.348179806],[-122.892897689,49.348117204],[-122.89297869,49.348621305],[-122.892687902,49.349286395],[-122.891833405,49.350149512],[-122.890785001,49.350904306],[-122.890591201,49.350902894],[-122.890357699,49.350642297],[-122.890388403,49.350110988],[-122.890871106,49.349275007],[-122.891436687,49.348790809],[-122.891686496,49.348250998],[-122.891878114,49.348179806]]],[[[-123.291052291,49.363478692],[-123.291340196,49.363072799],[-123.291562297,49.363314889],[-123.291411884,49.363531402],[-123.291052291,49.363478692]]],[[[-123.26674788,49.417696894],[-123.267164006,49.417793711],[-123.26716451,49.418045787],[-123.26683489,49.418316395],[-123.266603713,49.418937409],[-123.266333961,49.41907269],[-123.265811993,49.41904446],[-123.265692914,49.418634004],[-123.265758904,49.418077207],[-123.26674788,49.417696894]]],[[[-123.261531315,49.424536002],[-123.261478089,49.422295691],[-123.261726698,49.42214191],[-123.262080593,49.421170598],[-123.262271689,49.420998195],[-123.26276822,49.420862902],[-123.26311119,49.420646395],[-123.264021307,49.42061651],[-123.263948893,49.420095297],[-123.264460602,49.420543896],[-123.264779184,49.420506901],[-123.265219011,49.420308892],[-123.265752207,49.419512991],[-123.266205431,49.419222474],[-123.266576688,49.419085631],[-123.267017999,49.419189508],[-123.267063677,49.419746296],[-123.267560309,49.420015511],[-123.267783308,49.420284711],[-123.267757009,49.420662086],[-123.267951298,49.420877199],[-123.268697087,49.420921292],[-123.268915697,49.420813106],[-123.269259315,49.420334495],[-123.269366617,49.419957108],[-123.269573284,49.419865997],[-123.269763216,49.419353296],[-123.270273019,49.419388905],[-123.270578075,49.419620994],[-123.2708689,49.419656604],[-123.271046197,49.419396005],[-123.271213915,49.419646596],[-123.271173005,49.419952904],[-123.271766819,49.419987006],[-123.272042592,49.420220611],[-123.272113593,49.420580903],[-123.271990908,49.420787383],[-123.272144388,49.42098541],[-123.272117698,49.421344295],[-123.272766697,49.421369894],[-123.272699688,49.421703196],[-123.272977718,49.421936802],[-123.272993174,49.422224496],[-123.273612992,49.422294295],[-123.273914099,49.422023702],[-123.274135593,49.42198801],[-123.274618786,49.422175994],[-123.274882312,49.422525006],[-123.275132502,49.422660296],[-123.275834914,49.422478],[-123.276125908,49.422891008],[-123.275866616,49.423422202],[-123.275509219,49.423621599],[-123.274974391,49.424144306],[-123.275114883,49.424575799],[-123.275652793,49.424620004],[-123.276758394,49.42504871],[-123.276802817,49.425417508],[-123.276543383,49.426038499],[-123.276751496,49.426299091],[-123.276260887,49.4273431],[-123.275603418,49.428146298],[-123.275058023,49.429046404],[-123.273684108,49.430282601],[-123.273562219,49.430561801],[-123.273715095,49.430803894],[-123.273661487,49.431191298],[-123.272950202,49.431903407],[-123.2717667,49.432481587],[-123.27085829,49.432663893],[-123.269326597,49.432712303],[-123.268717793,49.432389006],[-123.267737517,49.432122708],[-123.267361998,49.431762388],[-123.266504888,49.431296704],[-123.266294895,49.430677199],[-123.264827205,49.429618998],[-123.264081989,49.429324203],[-123.262944207,49.4280224],[-123.262817615,49.427780299],[-123.262995195,49.427266216],[-123.26260328,49.426331898],[-123.262629678,49.425891795],[-123.261531315,49.424536002]]],[[[-122.862373775,49.432044395],[-122.862843983,49.431450494],[-122.86290189,49.430831004],[-122.863109282,49.430264102],[-122.863303106,49.430093199],[-122.863661103,49.430076102],[-122.864074775,49.430229896],[-122.864197712,49.430463509],[-122.864115604,49.430822398],[-122.864500784,49.431102998],[-122.864761207,49.431759505],[-122.865283392,49.431957512],[-122.865725592,49.431984607],[-122.867436417,49.431699697],[-122.868843497,49.431755308],[-122.869807407,49.431558685],[-122.870097795,49.431675495],[-122.870372615,49.431946102],[-122.870646196,49.432529988],[-122.870410999,49.432961605],[-122.870243806,49.433807589],[-122.870279189,49.435696114],[-122.870374592,49.436650301],[-122.870703399,49.437721301],[-122.870977708,49.43802749],[-122.871746805,49.439340589],[-122.8719095,49.439988589],[-122.872323302,49.440042804],[-122.8727917,49.440619612],[-122.872788392,49.4415011],[-122.872968096,49.44184289],[-122.873435091,49.442203295],[-122.873986407,49.442419795],[-122.874316587,49.442797208],[-122.874179105,49.443157491],[-122.874217904,49.443715792],[-122.874602607,49.444074711],[-122.874808916,49.444462099],[-122.874501785,49.445730993],[-122.873645191,49.446638313],[-122.873960384,49.447457207],[-122.873876678,49.447707793],[-122.873557998,49.44803261],[-122.872965708,49.44802259],[-122.872042221,49.447724899],[-122.871807106,49.447418702],[-122.871298719,49.447319006],[-122.870803104,49.446958706],[-122.870678001,49.446670992],[-122.870817,49.446373402],[-122.871038014,49.446212402],[-122.871039211,49.445987402],[-122.870391784,49.445320901],[-122.869883313,49.445033206],[-122.86985731,49.444583095],[-122.869072709,49.44406901],[-122.868122796,49.443015097],[-122.867848098,49.442206105],[-122.867864102,49.4414328],[-122.867356091,49.440568302],[-122.866820093,49.440279216],[-122.865913118,49.438651304],[-122.865610118,49.438587199],[-122.865087088,49.438010413],[-122.864703203,49.437389413],[-122.864428307,49.436688695],[-122.864098692,49.436291393],[-122.864100091,49.435851301],[-122.863839607,49.435697485],[-122.863413583,49.435211805],[-122.863220217,49.434833003],[-122.862561019,49.434203499],[-122.862494517,49.433349004],[-122.862122892,49.432529989],[-122.862345403,49.432332112],[-122.862373775,49.432044395]]],[[[-122.603295158,49.353125296],[-122.607819291,49.351350613],[-122.610035484,49.350893907],[-122.612664922,49.350646501],[-122.614520308,49.350653698],[-122.616664985,49.351206294],[-122.618180283,49.35127327],[-122.6270422,49.351530382],[-122.627550195,49.351526851],[-122.634361163,49.351395182],[-122.636947368,49.351362688],[-122.641798657,49.351333628],[-122.647148818,49.351230703],[-122.654431157,49.351122485],[-122.661140266,49.350983129],[-122.680312869,49.350866373],[-122.681218518,49.350863717],[-122.697815011,49.350978935],[-122.702126545,49.351005803],[-122.706754532,49.351053513],[-122.720403247,49.351204843],[-122.734079867,49.351359919],[-122.757863667,49.351396263],[-122.7736105,49.351029888],[-122.775645117,49.351224971],[-122.799941646,49.351437325],[-122.822321392,49.351625727],[-122.822172958,49.344973741],[-122.822097464,49.338781325],[-122.821859812,49.338513131],[-122.82169567,49.334045455],[-122.821730958,49.333889112],[-122.821812469,49.330177279],[-122.822074098,49.321449431],[-122.827330742,49.314044019],[-122.833361294,49.314128644],[-122.833629801,49.310572452],[-122.833671942,49.305808869],[-122.835838206,49.305845516],[-122.835748107,49.301138591],[-122.835480601,49.300720904],[-122.835436221,49.299760204],[-122.836008224,49.299324236],[-122.841969947,49.299851902],[-122.841948354,49.300644319],[-122.841334351,49.30588182],[-122.849863336,49.305873118],[-122.850646066,49.308216538],[-122.851454629,49.30821198],[-122.856852422,49.307812199],[-122.858370206,49.307783186],[-122.858546613,49.307694009],[-122.860447959,49.305588048],[-122.86437025,49.305679],[-122.86472514,49.305678564],[-122.873483202,49.305785349],[-122.873541876,49.30926302],[-122.873545592,49.313552859],[-122.876047927,49.31325853],[-122.877659261,49.313339504],[-122.877815894,49.314312232],[-122.877667135,49.315599136],[-122.876385187,49.315674299],[-122.873363779,49.315740576],[-122.867097726,49.315349723],[-122.866908635,49.316998001],[-122.867003653,49.322795447],[-122.863268415,49.322794659],[-122.863260143,49.323880821],[-122.858159804,49.323869633],[-122.858104188,49.326277369],[-122.85544372,49.32628701],[-122.855338804,49.329885792],[-122.857878583,49.329841934],[-122.864249213,49.329839366],[-122.865059938,49.32982888],[-122.867740867,49.32991121],[-122.869914001,49.329999463],[-122.877569838,49.33015956],[-122.895876914,49.330172173],[-122.894598886,49.331270805],[-122.894241292,49.331396493],[-122.893896089,49.332133692],[-122.892959324,49.332483606],[-122.892435696,49.332851988],[-122.891399689,49.334065498],[-122.890365498,49.335044908],[-122.88977339,49.335179303],[-122.8883842,49.335168902],[-122.887171096,49.335815399],[-122.886881611,49.336102505],[-122.887127502,49.336310197],[-122.887692496,49.336400495],[-122.888049193,49.336544707],[-122.888613109,49.336959286],[-122.889162491,49.337922314],[-122.889477194,49.338102488],[-122.889917785,49.338534607],[-122.891320913,49.339030706],[-122.891140397,49.339516094],[-122.891221496,49.339948006],[-122.890033298,49.342501515],[-122.889824789,49.343275008],[-122.8899176,49.344813099],[-122.890521513,49.345299503],[-122.890534201,49.345776103],[-122.888630981,49.347600197],[-122.888588708,49.348023189],[-122.888808091,49.34811311],[-122.889482809,49.348185785],[-122.889234182,49.348608401],[-122.889384601,49.349058294],[-122.889024389,49.350092307],[-122.888554586,49.350451706],[-122.888168292,49.351207103],[-122.88739492,49.352267706],[-122.886746006,49.352833611],[-122.885547408,49.353543404],[-122.885021874,49.354289095],[-122.884827223,49.355008603],[-122.884109987,49.355565497],[-122.88303432,49.355887605],[-122.882400686,49.35603161],[-122.882125698,49.356256189],[-122.881724993,49.356840516],[-122.881392898,49.357631809],[-122.880533984,49.359114897],[-122.879541705,49.360022503],[-122.879207689,49.361020512],[-122.878585598,49.361874304],[-122.878404904,49.362791803],[-122.876818307,49.363833594],[-122.875204489,49.364578208],[-122.874348816,49.365611905],[-122.874113721,49.366034306],[-122.873820786,49.367158497],[-122.873461208,49.368011901],[-122.873127706,49.369163497],[-122.8730988,49.369820098],[-122.873524692,49.370216401],[-122.873771211,49.370288496],[-122.874087399,49.370576899],[-122.874003984,49.370945502],[-122.873533094,49.371799707],[-122.872746509,49.372536306],[-122.87212679,49.3728416],[-122.871270096,49.373443109],[-122.870331996,49.374458506],[-122.869296077,49.375392897],[-122.868771405,49.375742996],[-122.868068812,49.375967588],[-122.866618181,49.377260598],[-122.865954793,49.378132611],[-122.865126009,49.378878089],[-122.864379992,49.379749902],[-122.863670099,49.381781187],[-122.863601091,49.382069503],[-122.8626321,49.383561603],[-122.86294819,49.384011494],[-122.863002406,49.384524589],[-122.863250512,49.384571554],[-122.865113276,49.384240862],[-122.865702203,49.384554688],[-122.866045907,49.384869707],[-122.86686881,49.386372999],[-122.866779509,49.388783506],[-122.866861597,49.389071506],[-122.867605206,49.389306094],[-122.868569003,49.389289286],[-122.869202686,49.389595797],[-122.8701395,49.389596989],[-122.870496597,49.389867204],[-122.870040487,49.390397497],[-122.869985291,49.390883089],[-122.870369411,49.391288305],[-122.870437398,49.391683987],[-122.870822885,49.391891302],[-122.870959391,49.392089489],[-122.870819016,49.393222601],[-122.871135999,49.393474912],[-122.871410196,49.393978803],[-122.871463809,49.394383688],[-122.871324703,49.395166085],[-122.870740896,49.396667715],[-122.870518211,49.39784571],[-122.870047693,49.398510994],[-122.86993371,49.399482102],[-122.8696171,49.399859687],[-122.869422919,49.400336207],[-122.868443519,49.400604806],[-122.867007811,49.401277906],[-122.865958583,49.401915194],[-122.865820415,49.402248502],[-122.865776704,49.402769488],[-122.865514301,49.403183008],[-122.863333287,49.404250991],[-122.861662999,49.405256398],[-122.861013984,49.405426492],[-122.860586521,49.405632805],[-122.859950209,49.406225694],[-122.859313992,49.407331495],[-122.858855716,49.408509299],[-122.858703088,49.408706905],[-122.858506899,49.409587494],[-122.858630216,49.410218403],[-122.858709404,49.411352109],[-122.858707305,49.412044001],[-122.858568111,49.412367587],[-122.857669409,49.413103788],[-122.857229004,49.413310485],[-122.856840803,49.413669186],[-122.856674489,49.414362803],[-122.856727709,49.414677088],[-122.857057502,49.415271489],[-122.857318601,49.415514413],[-122.857813685,49.415784893],[-122.858337884,49.415830495],[-122.858515207,49.41656829],[-122.858458011,49.417080907],[-122.858194093,49.417800912],[-122.857983188,49.418996195],[-122.857720001,49.419445686],[-122.857608192,49.420075196],[-122.856972091,49.420838894],[-122.857700791,49.421298506],[-122.858044522,49.4218208],[-122.858056106,49.422612292],[-122.857902507,49.423097811],[-122.857528678,49.423627996],[-122.856603908,49.423869889],[-122.855721205,49.42397621],[-122.855403594,49.42408411],[-122.854864003,49.424973904],[-122.854422594,49.425279406],[-122.853937384,49.425800702],[-122.853826525,49.426186606],[-122.853852817,49.426574008],[-122.854182491,49.427060006],[-122.854180106,49.427626795],[-122.854441094,49.428148588],[-122.854399015,49.428589497],[-122.854644391,49.429390414],[-122.854559785,49.429974701],[-122.854156407,49.430829496],[-122.854032492,49.430909615],[-122.853163413,49.430989402],[-122.853382098,49.431503196],[-122.855102614,49.432736909],[-122.855597193,49.433304802],[-122.855872289,49.433763213],[-122.855939489,49.434725812],[-122.855702992,49.435211517],[-122.854651381,49.436073398],[-122.853975801,49.436450395],[-122.854152609,49.436972185],[-122.854274205,49.438060286],[-122.854535582,49.438205194],[-122.854809898,49.438718202],[-122.855084304,49.438907503],[-122.855759714,49.439115197],[-122.856142998,49.440005688],[-122.856139608,49.441831602],[-122.85621889,49.442606306],[-122.856424977,49.442740999],[-122.857804302,49.442994613],[-122.85858861,49.443751391],[-122.859056912,49.444021596],[-122.859095709,49.444795108],[-122.85887279,49.445613495],[-122.859175221,49.446162404],[-122.860097393,49.446622316],[-122.860922897,49.447288996],[-122.861320997,49.448458711],[-122.861870279,49.449079996],[-122.862367487,49.4491977],[-122.862946415,49.448874395],[-122.863250386,49.448892795],[-122.863139713,49.449126601],[-122.862573305,49.449575503],[-122.862612997,49.449989414],[-122.863095717,49.450053003],[-122.863109287,49.450259901],[-122.8624039,49.450438811],[-122.862198019,49.450627602],[-122.862195512,49.450942394],[-122.862429911,49.451554299],[-122.862244111,49.453380495],[-122.86239449,49.453901999],[-122.8630135,49.454586809],[-122.86353712,49.4550816],[-122.864625414,49.455640608],[-122.866044585,49.456703191],[-122.8667611,49.457010795],[-122.867656188,49.4571817],[-122.869271387,49.457193108],[-122.870912908,49.457680207],[-122.871670307,49.458086388],[-122.871959018,49.458509304],[-122.872440287,49.458788609],[-122.872716214,49.459094806],[-122.872714098,49.459634596],[-122.872479394,49.460120104],[-122.872712288,49.460399203],[-122.872780395,49.460947702],[-122.873001008,49.461253505],[-122.873619213,49.461803198],[-122.874432576,49.462020098],[-122.874874497,49.46224529],[-122.877205719,49.462868602],[-122.877370497,49.463084504],[-122.877369708,49.463470996],[-122.878237304,49.464065996],[-122.878761197,49.46463309],[-122.878908499,49.465748289],[-122.879267114,49.466604299],[-122.879471496,49.467565615],[-122.879870307,49.467423212],[-122.880271204,49.467154011],[-122.880658003,49.4672252],[-122.880615678,49.467495794],[-122.880394582,49.467737899],[-122.879995618,49.467792005],[-122.879703309,49.46796291],[-122.880032206,49.469644907],[-122.880333585,49.470274399],[-122.88073319,49.470688902],[-122.881062813,49.470895393],[-122.882029188,49.471157398],[-122.88308909,49.471029898],[-122.883521102,49.470908201],[-122.884143508,49.470349911],[-122.884586206,49.469595102],[-122.884752398,49.469757512],[-122.884778793,49.470288716],[-122.884416906,49.470970908],[-122.884471781,49.471097598],[-122.884776213,49.471025002],[-122.885051996,49.470782914],[-122.885262912,49.469811596],[-122.885469316,49.469857097],[-122.885743281,49.470207499],[-122.886490392,49.4701733],[-122.886766095,49.470362703],[-122.887898617,49.470048003],[-122.888051405,49.4697332],[-122.888162895,49.468905791],[-122.889241103,49.4678006],[-122.888981203,49.467252286],[-122.889064679,49.466793698],[-122.889438026,49.466091505],[-122.889813108,49.465786798],[-122.889785802,49.465480592],[-122.890116414,49.465238393],[-122.890034,49.465067507],[-122.888185206,49.464885195],[-122.887634013,49.464660196],[-122.887262808,49.464272788],[-122.886311402,49.463876892],[-122.886284217,49.463399394],[-122.886450824,49.463102804],[-122.886163905,49.461960409],[-122.886634196,49.461303989],[-122.887326188,49.460935892],[-122.887491019,49.4607472],[-122.887574615,49.460351595],[-122.887411477,49.459469694],[-122.887053795,49.458686903],[-122.886792785,49.458362795],[-122.886766701,49.458111007],[-122.886351993,49.457651715],[-122.885775083,49.457264704],[-122.885194823,49.457201001],[-122.8849603,49.457020906],[-122.884837402,49.456669997],[-122.883970494,49.455868616],[-122.883722004,49.455742407],[-122.883640403,49.455445591],[-122.883226016,49.455094096],[-122.882924609,49.454653089],[-122.881782085,49.453644508],[-122.881506405,49.452951505],[-122.881342006,49.452780497],[-122.881108303,49.452078608],[-122.881289622,49.4518722],[-122.88126248,49.451404196],[-122.881636383,49.450999803],[-122.881635813,49.450757097],[-122.881197785,49.449758202],[-122.880894088,49.449506003],[-122.880163014,49.449352398],[-122.878247607,49.448657801],[-122.8775307,49.448243112],[-122.876773889,49.447405895],[-122.876596904,49.447108992],[-122.876598708,49.446317311],[-122.877042508,49.445364203],[-122.877622892,49.444915096],[-122.877830879,49.444465701],[-122.878368918,49.444133401],[-122.8787015,49.443701886],[-122.879322807,49.443360708],[-122.879474516,49.443163198],[-122.878695388,49.440805692],[-122.878227387,49.440247794],[-122.876395686,49.438968205],[-122.875749598,49.438248002],[-122.875105002,49.436538098],[-122.87524501,49.435818899],[-122.875688108,49.435333483],[-122.875757106,49.435000808],[-122.875386102,49.434649601],[-122.874973192,49.434469812],[-122.873498985,49.4336492],[-122.873224493,49.433172098],[-122.873185108,49.432478802],[-122.87322681,49.431939704],[-122.873670603,49.431265709],[-122.874886506,49.430619402],[-122.875177374,49.430268695],[-122.87572849,49.429918712],[-122.875869005,49.429369987],[-122.875842402,49.428560807],[-122.87527911,49.4278401],[-122.874741099,49.427722707],[-122.874482193,49.426454114],[-122.874042601,49.42602199],[-122.874015716,49.425554002],[-122.874114488,49.425239409],[-122.873951317,49.424186796],[-122.874021903,49.423602304],[-122.874518408,49.423089987],[-122.874671903,49.422604498],[-122.874976491,49.422254106],[-122.875375684,49.422263407],[-122.875336284,49.421723795],[-122.876882903,49.421023686],[-122.877116882,49.420673296],[-122.878968197,49.419721908],[-122.879522089,49.418409113],[-122.87965989,49.418256301],[-122.880337297,49.417897207],[-122.880944308,49.417249688],[-122.881237097,49.416512797],[-122.881059388,49.415955204],[-122.881101196,49.415667287],[-122.881419188,49.415244698],[-122.8819162,49.415029395],[-122.882246395,49.414705912],[-122.882261182,49.414383593],[-122.883598932,49.414417844],[-122.899349864,49.414545957],[-122.927964686,49.411530419],[-122.948849198,49.409393792],[-122.970600058,49.408596773],[-122.982321319,49.4088314],[-122.982863899,49.408830963],[-122.986103656,49.408775116],[-123.000337527,49.408445868],[-123.0350993,49.407633016],[-123.04305229,49.407545938],[-123.069924866,49.40719469],[-123.077779061,49.407036446],[-123.102645626,49.406598394],[-123.119648568,49.406295963],[-123.119980081,49.406301801],[-123.121539265,49.406198905],[-123.123806256,49.406199269],[-123.142054811,49.406478164],[-123.152706221,49.40655458],[-123.180042903,49.406822041],[-123.18137308,49.406815607],[-123.182767995,49.406784217],[-123.189609931,49.406733605],[-123.194999725,49.406818965],[-123.211412325,49.407090735],[-123.238840981,49.407982142],[-123.240622852,49.408033982],[-123.241477286,49.40811016],[-123.243275701,49.40767838],[-123.242932579,49.408339798],[-123.242920121,49.408727204],[-123.243500794,49.408986403],[-123.243544195,49.409192903],[-123.243160213,49.409940695],[-123.242433306,49.410644192],[-123.241924093,49.410627091],[-123.241292203,49.411185386],[-123.24122549,49.411420401],[-123.241338195,49.411841988],[-123.240624794,49.412680791],[-123.238713784,49.414052397],[-123.236156983,49.415450902],[-123.235965096,49.415694512],[-123.235884211,49.416180096],[-123.234936508,49.417018996],[-123.234362519,49.417929102],[-123.234267489,49.418260905],[-123.234761021,49.420365905],[-123.235066194,49.420706316],[-123.235164411,49.4212005],[-123.234918987,49.421822793],[-123.234233114,49.422337006],[-123.233794012,49.422805503],[-123.23372762,49.423596],[-123.233302698,49.424245395],[-123.233016388,49.424983197],[-123.233241991,49.425873305],[-123.233465401,49.426160986],[-123.233836397,49.42621371],[-123.233989711,49.426357498],[-123.233584203,49.4281663],[-123.233626312,49.428301603],[-123.234041295,49.428525203],[-123.234428802,49.429046413],[-123.235230619,49.429457999],[-123.235758287,49.429979305],[-123.236118695,49.430517589],[-123.236009897,49.430707112],[-123.236412213,49.431066004],[-123.236482287,49.431326591],[-123.236360987,49.432226703],[-123.236211896,49.432433214],[-123.235840186,49.432595591],[-123.235565191,49.432982893],[-123.236010491,49.433837499],[-123.236474711,49.435580707],[-123.2370183,49.436704413],[-123.237847111,49.437107494],[-123.238084286,49.437530408],[-123.238359412,49.437664293],[-123.238610488,49.43805879],[-123.239023902,49.438157113],[-123.239055483,49.438661304],[-123.23920861,49.438957504],[-123.238838216,49.439705205],[-123.239020412,49.440163791],[-123.238718517,49.440595301],[-123.238407401,49.441603705],[-123.238395295,49.441991103],[-123.238714916,49.442520899],[-123.238634804,49.442881184],[-123.238899202,49.443626113],[-123.239177508,49.443886688],[-123.239646323,49.443886702],[-123.239773893,49.444489112],[-123.239183608,49.445110109],[-123.239242204,49.446072793],[-123.238967581,49.446397599],[-123.238863007,49.447323311],[-123.239155411,49.447890105],[-123.238923892,49.448492602],[-123.23896888,49.449320093],[-123.239494404,49.449589202],[-123.239330213,49.449822801],[-123.239510975,49.450210196],[-123.239747278,49.4503626],[-123.240505012,49.450324107],[-123.240656177,49.450117594],[-123.240918201,49.450107596],[-123.240932204,49.45032409],[-123.241222881,49.450368296],[-123.241335506,49.450791293],[-123.240940507,49.451879389],[-123.240861507,49.452752403],[-123.240436203,49.453185294],[-123.240039394,49.453851892],[-123.239158511,49.454401592],[-123.239063693,49.454546893],[-123.239466716,49.455139408],[-123.239908193,49.455219108],[-123.2395367,49.455435596],[-123.239467924,49.455616503],[-123.239981599,49.456082189],[-123.240328198,49.456666087],[-123.240940392,49.457385395],[-123.24121922,49.458202802],[-123.241263482,49.458903499],[-123.241091299,49.459938999],[-123.240720905,49.460695213],[-123.24008802,49.4610299],[-123.23959481,49.461669404],[-123.239586208,49.462748905],[-123.239976214,49.463314296],[-123.239978101,49.46398941],[-123.240674675,49.465436395],[-123.241330407,49.466558689],[-123.241415819,49.4672608],[-123.241239204,49.467629707],[-123.240484403,49.468512705],[-123.240445704,49.46903399],[-123.240625788,49.469474011],[-123.24134679,49.47001239],[-123.242509494,49.470630502],[-123.243283322,49.470926702],[-123.244099108,49.471050591],[-123.244719491,49.471003601],[-123.245739013,49.470651894],[-123.246031606,49.470973701],[-123.245396805,49.471299891],[-123.245262702,49.471893786],[-123.244642076,49.472066095],[-123.244271316,49.472417893],[-123.244121681,49.472894998],[-123.244112086,49.473856299],[-123.243757695,49.47475639],[-123.24387051,49.475125301],[-123.243403087,49.475512704],[-123.243225487,49.475918606],[-123.24328119,49.47617069],[-123.243934599,49.476978213],[-123.244115406,49.477436801],[-123.244118883,49.477770095],[-123.243777697,49.478553415],[-123.243973416,49.479172901],[-123.244874384,49.479773892],[-123.244945587,49.480384905],[-123.24458898,49.480836399],[-123.244397605,49.481349112],[-123.244473755,49.481498611],[-123.243378078,49.481347977],[-123.238577633,49.481514556],[-123.23467238,49.481552429],[-123.22602802,49.481677954],[-123.218556992,49.481880488],[-123.215464439,49.482014521],[-123.206928237,49.482103728],[-123.193110697,49.482164472],[-123.161782566,49.482159469],[-123.146306401,49.482200043],[-123.126169026,49.482264365],[-123.12551145,49.482229646],[-123.122021699,49.482330831],[-123.121082175,49.482320132],[-123.102802062,49.482196694],[-123.101850121,49.501841978],[-123.102027683,49.519688251],[-123.102148799,49.531854938],[-123.102307462,49.547783573],[-123.07656585,49.548009809],[-123.06160316,49.548138206],[-123.045883507,49.548161234],[-123.012059352,49.548202254],[-123.00131133,49.54823541],[-122.972058826,49.548320389],[-122.959897125,49.548317943],[-122.924214315,49.548429717],[-122.924790405,49.550970072],[-122.924797917,49.553987413],[-122.925251875,49.554383917],[-122.92885942,49.557246354],[-122.934343631,49.560707639],[-122.945044708,49.570542746],[-122.939888207,49.571170254],[-122.930680352,49.571771789],[-122.877751386,49.572757946],[-122.816085748,49.572353864],[-122.807786001,49.572292616],[-122.80816159,49.572706684],[-122.801700911,49.572533769],[-122.795627749,49.573139462],[-122.779883315,49.574275341],[-122.750731359,49.57392028],[-122.750457491,49.573816837],[-122.749411463,49.573597316],[-122.747428759,49.573886499],[-122.7000868,49.573554545],[-122.698172935,49.571283734],[-122.692724264,49.568842563],[-122.689876575,49.562889055],[-122.683142011,49.553477804],[-122.678035269,49.550829435],[-122.65910538,49.541084864],[-122.655423175,49.539648901],[-122.647755627,49.539084951],[-122.644646697,49.539118072],[-122.638789435,49.539239925],[-122.629867696,49.540407141],[-122.624746961,49.540590086],[-122.61373219,49.540708123],[-122.608143786,49.541702082],[-122.608183889,49.54065601],[-122.608021512,49.539805791],[-122.607661014,49.539530891],[-122.606581704,49.539714402],[-122.605322923,49.539239705],[-122.604525002,49.537606104],[-122.604110499,49.536252789],[-122.603616406,49.533114086],[-122.603515199,49.532710391],[-122.602299006,49.524465586],[-122.599451588,49.520190491],[-122.596331391,49.5154071],[-122.594511613,49.512771409],[-122.58854851,49.501292489],[-122.587429801,49.498373396],[-122.58655949,49.497212304],[-122.582614195,49.491648406],[-122.58168921,49.49057799],[-122.577121784,49.487796003],[-122.575255825,49.486792404],[-122.572857524,49.485894705],[-122.568709408,49.485087302],[-122.559851786,49.483340891],[-122.558562296,49.483055706],[-122.540233505,49.476311706],[-122.532952296,49.472529001],[-122.527855405,49.466538401],[-122.527221002,49.46535239],[-122.526838792,49.4623474],[-122.527167689,49.460219102],[-122.528111394,49.457868516],[-122.529119605,49.456282301],[-122.53224411,49.450639287],[-122.53333541,49.447736488],[-122.534048894,49.445971112],[-122.535192165,49.443483746],[-122.542606205,49.43186538],[-122.544518687,49.429783509],[-122.550060589,49.423449093],[-122.552365717,49.420408002],[-122.555499207,49.415942112],[-122.562378604,49.393138385],[-122.563145048,49.391434572],[-122.585285259,49.365163862],[-122.590508423,49.359101028],[-122.591102913,49.358607898],[-122.597173298,49.355526202],[-122.603295158,49.353125296]]]]},"properties":{"a": "884.07153", "q": "00000", "t": "CT", "dw": "1819", "hh": "1453", "id": "9330250.02", "nrr": "0.365", "pop": "4175", "rgid": "59", "rpid": "59933", "ruid": "5915020", "rguid": "5915"}},{"type":"Feature","geometry":{"type":"MultiPolygon","coordinates":[[[[-122.690374645,49.200971218],[-122.686485194,49.199753009],[-122.674706793,49.197082603],[-122.670968823,49.196497206],[-122.667921005,49.196226406],[-122.668452292,49.193318417],[-122.668937394,49.192709816],[-122.671531798,49.191180687],[-122.673053797,49.190529812],[-122.673945518,49.189834797],[-122.6753458,49.189044411],[-122.676699706,49.188468986],[-122.677726998,49.188178403],[-122.678837184,49.187549869],[-122.679492917,49.187178595],[-122.6806688,49.186695805],[-122.684077524,49.185666104],[-122.69004501,49.184481208],[-122.693087217,49.184052508],[-122.700707897,49.183397408],[-122.703616419,49.1833076],[-122.706100997,49.183205096],[-122.70727749,49.183227914],[-122.710758986,49.183532692],[-122.713083187,49.183947099],[-122.715813017,49.184669194],[-122.718419797,49.185782898],[-122.719583397,49.186280002],[-122.721101214,49.187115992],[-122.722257805,49.188071586],[-122.724189906,49.190535502],[-122.725007182,49.192592105],[-122.725584811,49.196653886],[-122.725627192,49.197908589],[-122.72589638,49.199802803],[-122.726671193,49.2028036],[-122.727189408,49.204328984],[-122.728053188,49.205995292],[-122.72893621,49.207354002],[-122.729767101,49.208204204],[-122.730364212,49.209010393],[-122.73066971,49.21109799],[-122.718901912,49.2100714],[-122.715857009,49.209577199],[-122.713302515,49.209075906],[-122.710245614,49.208117394],[-122.707582611,49.207054899],[-122.692378599,49.201598797],[-122.690374645,49.200971218]]]]},"properties":{"a": "8.35332", "q": "02000", "t": "CT", "dw": "63", "hh": "53", "id": "9330251.00", "nrr": "0.42100000000000004", "pop": "137", "rgid": "59", "rpid": "59933", "ruid": "5915020", "rguid": "5915"}},{"type":"Feature","geometry":{"type":"MultiPolygon","coordinates":[[[[-122.867388204,49.28630099],[-122.867875821,49.286225007],[-122.868068793,49.286298194],[-122.869306111,49.287213299],[-122.86945659,49.287081597],[-122.869263951,49.286532782],[-122.869718862,49.286068007],[-122.870657502,49.285825686],[-122.870861287,49.285719798],[-122.871132714,49.284855606],[-122.871266908,49.284129793],[-122.871288185,49.283061092],[-122.871506291,49.282477395],[-122.871942718,49.282059406],[-122.872462403,49.281813298],[-122.873226299,49.28167501],[-122.874487082,49.281649407],[-122.874584885,49.281401794],[-122.875174999,49.280559504],[-122.871371583,49.280674748],[-122.870068065,49.280087111],[-122.870176702,49.279529862],[-122.872775069,49.278548165],[-122.868844006,49.279217488],[-122.869196897,49.2790187],[-122.86941469,49.278704401],[-122.869337911,49.276624792],[-122.869298705,49.276229083],[-122.8695298,49.275512419],[-122.8692005,49.275505484],[-122.869847715,49.274875695],[-122.87017641,49.274179809],[-122.870863695,49.273830409],[-122.871739199,49.273117099],[-122.871858199,49.272473705],[-122.872558897,49.272475991],[-122.872676203,49.272875814],[-122.872903406,49.272970714],[-122.873584907,49.272993103],[-122.873974514,49.272922394],[-122.87456002,49.272492496],[-122.875648602,49.27246909],[-122.876476304,49.2725039],[-122.877047681,49.272590696],[-122.878998489,49.272600291],[-122.877838097,49.274281895],[-122.880304188,49.27500731],[-122.880698004,49.275016797],[-122.880778408,49.276396596],[-122.880943302,49.279767807],[-122.880861013,49.280153687],[-122.879519091,49.28234449],[-122.877965901,49.282529311],[-122.877163998,49.282699799],[-122.876828897,49.283552194],[-122.876425313,49.284993592],[-122.876303302,49.285539599],[-122.876306922,49.288036797],[-122.876196311,49.288249791],[-122.876658754,49.28842484],[-122.876645622,49.28870242],[-122.877550196,49.291272498],[-122.876329409,49.291272293],[-122.875625095,49.291217702],[-122.874689981,49.291078004],[-122.873833894,49.290868597],[-122.872925004,49.29054499],[-122.87217939,49.290225193],[-122.870490483,49.289442109],[-122.869620291,49.288933101],[-122.868974004,49.288466705],[-122.868381009,49.287883681],[-122.8677539,49.287093509],[-122.867388204,49.28630099]]]]},"properties":{"a": "1.18574", "q": "00000", "t": "CT", "dw": "1391", "hh": "1345", "id": "9330260.04", "nrr": "0.23600000000000002", "pop": "3861", "rgid": "59", "rpid": "59933", "ruid": "5915043", "rguid": "5915"}},{"type":"Feature","geometry":{"type":"MultiPolygon","coordinates":[[[[-122.867388204,49.28630099],[-122.867197699,49.285723412],[-122.866766225,49.282445296],[-122.866665916,49.280371385],[-122.866704879,49.279041019],[-122.866814709,49.278107317],[-122.866724118,49.277007441],[-122.866773704,49.27663954],[-122.866708398,49.274412489],[-122.866867287,49.27413609],[-122.866481563,49.273112071],[-122.866314637,49.271939037],[-122.866740132,49.271490804],[-122.866794313,49.270764067],[-122.868555375,49.270775471],[-122.878236587,49.270852203],[-122.880464129,49.271065952],[-122.880448094,49.270723398],[-122.8806187,49.270576898],[-122.883278222,49.270570901],[-122.883482274,49.27063341],[-122.893424317,49.270293379],[-122.893676584,49.275864095],[-122.893687357,49.276309221],[-122.89399014,49.282220735],[-122.894211577,49.28566903],[-122.894638526,49.287225375],[-122.89431146,49.28977773],[-122.89299748,49.290163308],[-122.891675503,49.290361289],[-122.890872018,49.290390393],[-122.890053397,49.290359616],[-122.887454401,49.290041497],[-122.886761516,49.289980985],[-122.885451803,49.289974702],[-122.883158398,49.290101297],[-122.882160182,49.29026711],[-122.879965099,49.290873911],[-122.878685681,49.291152205],[-122.877550196,49.291272498],[-122.876645622,49.28870242],[-122.876658754,49.28842484],[-122.876196311,49.288249791],[-122.876306922,49.288036797],[-122.876303302,49.285539599],[-122.876425313,49.284993592],[-122.876828897,49.283552194],[-122.877163998,49.282699799],[-122.877965901,49.282529311],[-122.879519091,49.28234449],[-122.880861013,49.280153687],[-122.880943302,49.279767807],[-122.880778408,49.276396596],[-122.880698004,49.275016797],[-122.880304188,49.27500731],[-122.877838097,49.274281895],[-122.878998489,49.272600291],[-122.877047681,49.272590696],[-122.876476304,49.2725039],[-122.875648602,49.27246909],[-122.87456002,49.272492496],[-122.873974514,49.272922394],[-122.873584907,49.272993103],[-122.872903406,49.272970714],[-122.872676203,49.272875814],[-122.872558897,49.272475991],[-122.871858199,49.272473705],[-122.871739199,49.273117099],[-122.870863695,49.273830409],[-122.87017641,49.274179809],[-122.869847715,49.274875695],[-122.8692005,49.275505484],[-122.8695298,49.275512419],[-122.869298705,49.276229083],[-122.869337911,49.276624792],[-122.86941469,49.278704401],[-122.869196897,49.2790187],[-122.868844006,49.279217488],[-122.872775069,49.278548165],[-122.870176702,49.279529862],[-122.870068065,49.280087111],[-122.871371583,49.280674748],[-122.875174999,49.280559504],[-122.874584885,49.281401794],[-122.874487082,49.281649407],[-122.873226299,49.28167501],[-122.872462403,49.281813298],[-122.871942718,49.282059406],[-122.871506291,49.282477395],[-122.871288185,49.283061092],[-122.871266908,49.284129793],[-122.871132714,49.284855606],[-122.870861287,49.285719798],[-122.870657502,49.285825686],[-122.869718862,49.286068007],[-122.869263951,49.286532782],[-122.86945659,49.287081597],[-122.869306111,49.287213299],[-122.868068793,49.286298194],[-122.867875821,49.286225007],[-122.867388204,49.28630099]]]]},"properties":{"a": "3.0889", "q": "00000", "t": "CT", "dw": "1553", "hh": "1539", "id": "9330260.05", "nrr": "0.247", "pop": "4212", "rgid": "59", "rpid": "59933", "ruid": "5915043", "rguid": "5915"}},{"type":"Feature","geometry":{"type":"MultiPolygon","coordinates":[[[[-122.834711007,49.285875702],[-122.835418036,49.285725899],[-122.835577845,49.285282159],[-122.83566589,49.285389805],[-122.836518307,49.28558901],[-122.837808895,49.286040693],[-122.838947704,49.286626887],[-122.839141287,49.286636201],[-122.83922564,49.285587258],[-122.842024463,49.28582135],[-122.843198907,49.286173886],[-122.8434445,49.286579209],[-122.843320701,49.286857907],[-122.842893497,49.28697411],[-122.84221982,49.286874104],[-122.84188809,49.287278514],[-122.842919389,49.287603696],[-122.843506877,49.288540096],[-122.843836185,49.288675491],[-122.844552486,49.288730495],[-122.845911599,49.289262911],[-122.846627512,49.289147001],[-122.847038185,49.289399398],[-122.847380694,49.289948516],[-122.849702913,49.290446204],[-122.850060602,49.290644605],[-122.851598691,49.291150315],[-122.85231349,49.291151201],[-122.853055482,49.291791],[-122.854305593,49.292134299],[-122.855114189,49.292881909],[-122.856157999,49.293252099],[-122.85677551,49.293801591],[-122.857560205,49.29396431],[-122.858742204,49.29404691],[-122.861352889,49.295111504],[-122.863534188,49.296859094],[-122.864710402,49.29765048],[-122.864725279,49.298305927],[-122.864904795,49.298630703],[-122.864841219,49.299835098],[-122.864676288,49.300078003],[-122.86483401,49.300348307],[-122.864834896,49.301596007],[-122.864763268,49.301706616],[-122.864736522,49.302866732],[-122.86437025,49.305679],[-122.860447959,49.305588048],[-122.858546613,49.307694009],[-122.858370206,49.307783186],[-122.856852422,49.307812199],[-122.851454629,49.30821198],[-122.851152637,49.305813631],[-122.851371752,49.30441269],[-122.850229235,49.300161559],[-122.846767026,49.300093537],[-122.84306421,49.298422303],[-122.84333436,49.298372545],[-122.843827498,49.297794197],[-122.843915065,49.297275168],[-122.843840542,49.296895541],[-122.843578235,49.296507728],[-122.841031458,49.294191947],[-122.840563031,49.29380257],[-122.840001904,49.293461856],[-122.838715418,49.293012493],[-122.835127996,49.291937274],[-122.835269475,49.289515346],[-122.835237113,49.286928894],[-122.834711007,49.285875702]]]]},"properties":{"a": "2.57681", "q": "00000", "t": "CT", "dw": "1465", "hh": "1430", "id": "9330260.06", "nrr": "0.27899999999999997", "pop": "4011", "rgid": "59", "rpid": "59933", "ruid": "5915043", "rguid": "5915"}},{"type":"Feature","geometry":{"type":"MultiPolygon","coordinates":[[[[-122.822750892,49.297054501],[-122.823159373,49.296731976],[-122.822866784,49.2954841],[-122.822903613,49.294947155],[-122.82116706,49.294958768],[-122.821098278,49.29465179],[-122.821394092,49.289181159],[-122.821145972,49.287084686],[-122.821409346,49.284612759],[-122.821075181,49.283371923],[-122.82094321,49.281932942],[-122.821166474,49.280570314],[-122.82186568,49.280485832],[-122.823793335,49.280497546],[-122.826678403,49.280518386],[-122.827210746,49.280902607],[-122.827374433,49.280832578],[-122.828258883,49.280622542],[-122.829023113,49.280562105],[-122.831345695,49.280567252],[-122.835054235,49.280634292],[-122.835299494,49.281034844],[-122.835688859,49.281470721],[-122.835361311,49.281746393],[-122.83530559,49.28215999],[-122.835607822,49.282313606],[-122.835660906,49.282718301],[-122.836087101,49.282817812],[-122.836085393,49.283195799],[-122.834969192,49.283940612],[-122.834872009,49.2840847],[-122.835256491,49.284363689],[-122.835459696,49.285137708],[-122.835577845,49.285282159],[-122.835418036,49.285725899],[-122.834711007,49.285875702],[-122.834336285,49.285464706],[-122.833818001,49.28516401],[-122.830672089,49.284087911],[-122.83023231,49.284025408],[-122.830267084,49.284160694],[-122.830019415,49.284526405],[-122.82981929,49.284638501],[-122.829308326,49.28547851],[-122.83001762,49.285917591],[-122.830092413,49.286317904],[-122.83043599,49.28662411],[-122.830573783,49.286893201],[-122.830553788,49.288504003],[-122.830124202,49.289429794],[-122.829876091,49.289644804],[-122.829516722,49.289780101],[-122.828182185,49.290137609],[-122.82737051,49.290630397],[-122.826707798,49.291376706],[-122.826250398,49.292419189],[-122.825022386,49.293389102],[-122.82435781,49.294529891],[-122.824025401,49.295438502],[-122.823629288,49.298388],[-122.823295292,49.299196998],[-122.823161633,49.299278169],[-122.822750892,49.297054501]]]]},"properties":{"a": "1.08525", "q": "00000", "t": "CT", "dw": "2129", "hh": "2085", "id": "9330260.07", "nrr": "0.314", "pop": "4997", "rgid": "59", "rpid": "59933", "ruid": "5915043", "rguid": "5915"}},{"type":"Feature","geometry":{"type":"MultiPolygon","coordinates":[[[[-122.822373083,49.308195314],[-122.822744229,49.301082908],[-122.822796289,49.300519675],[-122.823161633,49.299278169],[-122.823295292,49.299196998],[-122.823629288,49.298388],[-122.824025401,49.295438502],[-122.82435781,49.294529891],[-122.825022386,49.293389102],[-122.826250398,49.292419189],[-122.826707798,49.291376706],[-122.82737051,49.290630397],[-122.828182185,49.290137609],[-122.829516722,49.289780101],[-122.829876091,49.289644804],[-122.830124202,49.289429794],[-122.830553788,49.288504003],[-122.830573783,49.286893201],[-122.83043599,49.28662411],[-122.830092413,49.286317904],[-122.83001762,49.285917591],[-122.829308326,49.28547851],[-122.82981929,49.284638501],[-122.830019415,49.284526405],[-122.830267084,49.284160694],[-122.83023231,49.284025408],[-122.830672089,49.284087911],[-122.833818001,49.28516401],[-122.834336285,49.285464706],[-122.834711007,49.285875702],[-122.835237113,49.286928894],[-122.835269475,49.289515346],[-122.835127996,49.291937274],[-122.838715418,49.293012493],[-122.840001904,49.293461856],[-122.840563031,49.29380257],[-122.841031458,49.294191947],[-122.843578235,49.296507728],[-122.843840542,49.296895541],[-122.843915065,49.297275168],[-122.843827498,49.297794197],[-122.84333436,49.298372545],[-122.84306421,49.298422303],[-122.846767026,49.300093537],[-122.850229235,49.300161559],[-122.851371752,49.30441269],[-122.851152637,49.305813631],[-122.851454629,49.30821198],[-122.850646066,49.308216538],[-122.849863336,49.305873118],[-122.841334351,49.30588182],[-122.841948354,49.300644319],[-122.841969947,49.299851902],[-122.836008224,49.299324236],[-122.835436221,49.299760204],[-122.835480601,49.300720904],[-122.835748107,49.301138591],[-122.835838206,49.305845516],[-122.833671942,49.305808869],[-122.833629801,49.310572452],[-122.833361294,49.314128644],[-122.827330742,49.314044019],[-122.822074098,49.321449431],[-122.822240879,49.317641291],[-122.822547938,49.310065675],[-122.822373083,49.308195314]]]]},"properties":{"a": "3.43936", "q": "00000", "t": "CT", "dw": "2390", "hh": "2361", "id": "9330260.08", "nrr": "0.242", "pop": "7496", "rgid": "59", "rpid": "59933", "ruid": "5915043", "rguid": "5915"}},{"type":"Feature","geometry":{"type":"MultiPolygon","coordinates":[[[[-122.835688859,49.281470721],[-122.835299494,49.281034844],[-122.835054235,49.280634292],[-122.836747677,49.280666255],[-122.8372613,49.280592125],[-122.837689357,49.280442492],[-122.838057809,49.280199255],[-122.838860827,49.279348032],[-122.839211003,49.279110534],[-122.839807976,49.278902808],[-122.840331796,49.278839758],[-122.841352874,49.278821909],[-122.841351189,49.278107577],[-122.838988327,49.278081691],[-122.835813941,49.277987091],[-122.83477058,49.277895249],[-122.830371443,49.277277487],[-122.829949856,49.277491976],[-122.82980863,49.277219817],[-122.828801638,49.276981509],[-122.828366979,49.276937273],[-122.827455428,49.277358478],[-122.827263729,49.278142362],[-122.827344087,49.278523645],[-122.827099258,49.279329941],[-122.827052217,49.279916827],[-122.827127893,49.280377598],[-122.827374433,49.280832578],[-122.827210746,49.280902607],[-122.826678403,49.280518386],[-122.823793335,49.280497546],[-122.823843346,49.278603565],[-122.823965704,49.277781101],[-122.82391695,49.276706113],[-122.823779221,49.274845005],[-122.824003188,49.274684915],[-122.823936663,49.273749672],[-122.823737849,49.273345585],[-122.824242486,49.272942688],[-122.824718694,49.27284571],[-122.829453232,49.272990526],[-122.831517145,49.273170681],[-122.834900032,49.273139323],[-122.835715075,49.273118187],[-122.835844331,49.272620171],[-122.840414561,49.272625244],[-122.845728436,49.272727731],[-122.84662165,49.272694193],[-122.846313648,49.270997211],[-122.847799047,49.270915278],[-122.852207129,49.270915193],[-122.856608844,49.270742086],[-122.860251761,49.270721454],[-122.866794313,49.270764067],[-122.866740132,49.271490804],[-122.866314637,49.271939037],[-122.866481563,49.273112071],[-122.866867287,49.27413609],[-122.866708398,49.274412489],[-122.866773704,49.27663954],[-122.866724118,49.277007441],[-122.866814709,49.278107317],[-122.866704879,49.279041019],[-122.866665916,49.280371385],[-122.866766225,49.282445296],[-122.867197699,49.285723412],[-122.867388204,49.28630099],[-122.8677539,49.287093509],[-122.868381009,49.287883681],[-122.868974004,49.288466705],[-122.869620291,49.288933101],[-122.870490483,49.289442109],[-122.87217939,49.290225193],[-122.872925004,49.29054499],[-122.873833894,49.290868597],[-122.874689981,49.291078004],[-122.875625095,49.291217702],[-122.876329409,49.291272293],[-122.877550196,49.291272498],[-122.878685681,49.291152205],[-122.879965099,49.290873911],[-122.882160182,49.29026711],[-122.883158398,49.290101297],[-122.885451803,49.289974702],[-122.886761516,49.289980985],[-122.887454401,49.290041497],[-122.890053397,49.290359616],[-122.890872018,49.290390393],[-122.891675503,49.290361289],[-122.89299748,49.290163308],[-122.89431146,49.28977773],[-122.894139184,49.289990836],[-122.89353487,49.29017951],[-122.893167451,49.290371652],[-122.892676256,49.290743583],[-122.892473504,49.291051602],[-122.89244829,49.29146085],[-122.89317335,49.291946782],[-122.892648022,49.2919784],[-122.89117749,49.291841995],[-122.8901724,49.291939992],[-122.889307607,49.291588606],[-122.889060198,49.291561198],[-122.887779301,49.291775885],[-122.887340309,49.291505702],[-122.886351305,49.291441712],[-122.885745588,49.29119819],[-122.884672792,49.291179093],[-122.884094294,49.2916553],[-122.883778709,49.291798984],[-122.880242681,49.291840197],[-122.877807988,49.292089602],[-122.873504685,49.292192795],[-122.873215811,49.292093591],[-122.872762814,49.29162519],[-122.870852598,49.291002602],[-122.869560595,49.290488292],[-122.8689556,49.290667606],[-122.865634715,49.288010308],[-122.865538309,49.287911204],[-122.865827615,49.287749605],[-122.865401902,49.287488293],[-122.865224897,49.287209305],[-122.859146305,49.28245241],[-122.859119604,49.282389397],[-122.860151289,49.282048907],[-122.862518485,49.281395095],[-122.861542992,49.280881094],[-122.861516118,49.280593503],[-122.862053199,49.280171312],[-122.861669115,49.279855806],[-122.859568807,49.279106698],[-122.85842808,49.278952498],[-122.85811138,49.279239998],[-122.858329309,49.27959989],[-122.858192197,49.279797688],[-122.858341789,49.280328513],[-122.858352612,49.2811833],[-122.857128189,49.281325493],[-122.854337799,49.2812772],[-122.854146392,49.281034017],[-122.854078804,49.280485287],[-122.853679713,49.280466707],[-122.853595013,49.281411205],[-122.853731102,49.28173529],[-122.853249621,49.281716504],[-122.853128212,49.281302698],[-122.852647112,49.280771292],[-122.851410511,49.280562686],[-122.851507897,49.280140087],[-122.851109309,49.280139804],[-122.851012985,49.280292305],[-122.850941195,49.281299795],[-122.850554388,49.281883891],[-122.8497294,49.281837908],[-122.849360108,49.281558492],[-122.848659814,49.281269795],[-122.848481187,49.280990695],[-122.848426514,49.280657993],[-122.848124398,49.2804507],[-122.846655718,49.280016802],[-122.845459909,49.279916204],[-122.842952721,49.281109204],[-122.842484793,49.281243606],[-122.841399592,49.281233315],[-122.841096981,49.2814127],[-122.840078481,49.2817351],[-122.838453107,49.28251551],[-122.837766001,49.282487492],[-122.83746329,49.282316207],[-122.837410899,49.281623497],[-122.837163999,49.281389088],[-122.83653142,49.281217403],[-122.83602299,49.281189508],[-122.835688859,49.281470721]]],[[[-122.86437025,49.305679],[-122.864736522,49.302866732],[-122.864763268,49.301706616],[-122.864834896,49.301596007],[-122.86483401,49.300348307],[-122.864676288,49.300078003],[-122.864841219,49.299835098],[-122.864904795,49.298630703],[-122.864725279,49.298305927],[-122.864710402,49.29765048],[-122.865181409,49.297967386],[-122.866006118,49.298328003],[-122.866239393,49.298283298],[-122.866255076,49.297923695],[-122.866503621,49.297528],[-122.866792401,49.297348694],[-122.867535192,49.297268602],[-122.867906484,49.297394802],[-122.868263195,49.29773701],[-122.868455499,49.297791296],[-122.868768695,49.29872711],[-122.869441916,49.299447597],[-122.869619694,49.299996313],[-122.870235116,49.300707503],[-122.871087186,49.301554202],[-122.871924503,49.301788996],[-122.872668802,49.301475013],[-122.873108602,49.301376599],[-122.873810895,49.301566112],[-122.8741683,49.301566591],[-122.874746595,49.301378405],[-122.875047402,49.301810486],[-122.875239015,49.301900495],[-122.875831002,49.301865194],[-122.876189893,49.301640788],[-122.876918007,49.301677404],[-122.87744162,49.301381203],[-122.877827793,49.301030908],[-122.877898217,49.300599097],[-122.879068109,49.300429398],[-122.88146048,49.300764796],[-122.881528904,49.300386997],[-122.882588185,49.300558908],[-122.882532106,49.300855688],[-122.883343202,49.300883591],[-122.884017303,49.301109198],[-122.884870499,49.301074102],[-122.885958602,49.30071529],[-122.886593215,49.299609604],[-122.886895703,49.299276802],[-122.887323401,49.299178513],[-122.8891657,49.299054292],[-122.889814203,49.298740192],[-122.890089905,49.298344487],[-122.89069488,49.298012198],[-122.894934512,49.296531903],[-122.895635694,49.296685515],[-122.896186112,49.297063896],[-122.896859882,49.297217496],[-122.896997011,49.29699259],[-122.897465825,49.296741205],[-122.897451881,49.296435403],[-122.898387917,49.295932502],[-122.900755595,49.295529805],[-122.902087578,49.295836594],[-122.902404503,49.295980808],[-122.903257492,49.295972602],[-122.903917695,49.295712298],[-122.904756909,49.295542508],[-122.905141396,49.295686293],[-122.905788607,49.295542906],[-122.907274985,49.294644491],[-122.908170206,49.294492487],[-122.908554417,49.294348605],[-122.908858204,49.293890296],[-122.909451099,49.293503894],[-122.909808997,49.293369401],[-122.910825787,49.293352104],[-122.911237904,49.293460412],[-122.912462899,49.293335301],[-122.913329422,49.293587801],[-122.91398871,49.293624387],[-122.914498008,49.293588803],[-122.914965213,49.293463091],[-122.916616988,49.293356299],[-122.91728999,49.293159094],[-122.91778609,49.293141412],[-122.918501283,49.293240902],[-122.920287811,49.29389879],[-122.920740812,49.294348907],[-122.920876897,49.294627798],[-122.921096985,49.295428493],[-122.92158941,49.296580101],[-122.921890812,49.296958307],[-122.922688994,49.2975435],[-122.923650492,49.297660897],[-122.9242562,49.298012289],[-122.92476519,49.298138611],[-122.925397385,49.297779108],[-122.92630598,49.297554694],[-122.927363613,49.297987092],[-122.927170908,49.298274888],[-122.926662904,49.298445409],[-122.926083789,49.298832],[-122.925931412,49.299290509],[-122.92602709,49.29992041],[-122.926315217,49.3001903],[-122.927044505,49.300595604],[-122.927594216,49.301171695],[-122.927825786,49.301981392],[-122.928415619,49.302989097],[-122.928662305,49.303753889],[-122.929157513,49.304140896],[-122.929239692,49.304482812],[-122.929017998,49.305598215],[-122.9284517,49.306569311],[-122.927982694,49.307783316],[-122.927954987,49.308304896],[-122.928352703,49.308944],[-122.928185706,49.309492386],[-122.927622296,49.309977999],[-122.927638745,49.310499082],[-122.926160504,49.310522343],[-122.91828293,49.310595351],[-122.916923051,49.310662946],[-122.91462826,49.310878942],[-122.913448535,49.311025908],[-122.911378526,49.311415126],[-122.910272739,49.311861688],[-122.909704478,49.312152061],[-122.90885441,49.312709692],[-122.908335848,49.313256796],[-122.907900396,49.313891735],[-122.906668993,49.314012575],[-122.906261124,49.314094804],[-122.904118959,49.314736348],[-122.904232598,49.314249462],[-122.902966542,49.314606637],[-122.902027418,49.314693778],[-122.901146687,49.314728792],[-122.90047212,49.314954454],[-122.89974128,49.314742731],[-122.898981969,49.314013054],[-122.896745138,49.312899494],[-122.896085701,49.312957896],[-122.895388634,49.313093842],[-122.894893397,49.313291844],[-122.89367469,49.313407555],[-122.891046938,49.313962446],[-122.890035521,49.31413059],[-122.889947912,49.314266696],[-122.89008241,49.314763301],[-122.890001492,49.315188889],[-122.889617899,49.316292982],[-122.889539601,49.316906889],[-122.889746509,49.31716511],[-122.892122794,49.318753093],[-122.894687709,49.3210203],[-122.895017791,49.321841296],[-122.895021705,49.3223369],[-122.895129204,49.322621897],[-122.89562842,49.322941379],[-122.895276164,49.323186985],[-122.894712245,49.323849712],[-122.894551033,49.324292984],[-122.894385699,49.324467758],[-122.893990094,49.325290896],[-122.893658927,49.325476297],[-122.90006139,49.326132402],[-122.900952968,49.326422339],[-122.899602512,49.327542301],[-122.898832581,49.327892604],[-122.897164418,49.329330197],[-122.896281705,49.329824203],[-122.895876914,49.330172173],[-122.877569838,49.33015956],[-122.869914001,49.329999463],[-122.867740867,49.32991121],[-122.865059938,49.32982888],[-122.864249213,49.329839366],[-122.857878583,49.329841934],[-122.855338804,49.329885792],[-122.85544372,49.32628701],[-122.858104188,49.326277369],[-122.858159804,49.323869633],[-122.863260143,49.323880821],[-122.863268415,49.322794659],[-122.867003653,49.322795447],[-122.866908635,49.316998001],[-122.867097726,49.315349723],[-122.873363779,49.315740576],[-122.876385187,49.315674299],[-122.877667135,49.315599136],[-122.877815894,49.314312232],[-122.877659261,49.313339504],[-122.876047927,49.31325853],[-122.873545592,49.313552859],[-122.873541876,49.30926302],[-122.873483202,49.305785349],[-122.86472514,49.305678564],[-122.86437025,49.305679]]]]},"properties":{"a": "14.69632", "q": "00001", "t": "CT", "dw": "2210", "hh": "2078", "id": "9330260.09", "nrr": "0.315", "pop": "4714", "rgid": "59", "rpid": "59933", "ruid": "5915043", "rguid": "5915"}},{"type":"Feature","geometry":{"type":"MultiPolygon","coordinates":[[[[-122.835054235,49.280634292],[-122.831345695,49.280567252],[-122.829023113,49.280562105],[-122.828258883,49.280622542],[-122.827374433,49.280832578],[-122.827127893,49.280377598],[-122.827052217,49.279916827],[-122.827099258,49.279329941],[-122.827344087,49.278523645],[-122.827263729,49.278142362],[-122.827455428,49.277358478],[-122.828366979,49.276937273],[-122.828801638,49.276981509],[-122.82980863,49.277219817],[-122.829949856,49.277491976],[-122.830371443,49.277277487],[-122.83477058,49.277895249],[-122.835813941,49.277987091],[-122.838988327,49.278081691],[-122.841351189,49.278107577],[-122.841352874,49.278821909],[-122.840331796,49.278839758],[-122.839807976,49.278902808],[-122.839211003,49.279110534],[-122.838860827,49.279348032],[-122.838057809,49.280199255],[-122.837689357,49.280442492],[-122.8372613,49.280592125],[-122.836747677,49.280666255],[-122.835054235,49.280634292]]]]},"properties":{"a": "0.29231", "q": "00001", "t": "CT", "dw": "1851", "hh": "1790", "id": "9330260.10", "nrr": "0.307", "pop": "3684", "rgid": "59", "rpid": "59933", "ruid": "5915043", "rguid": "5915"}},{"type":"Feature","geometry":{"type":"MultiPolygon","coordinates":[[[[-122.817412754,49.219899263],[-122.817801589,49.219922906],[-122.822055209,49.2200109],[-122.829086921,49.219841506],[-122.834086401,49.219643998],[-122.837816498,49.219656701],[-122.840267104,49.219576402],[-122.856536295,49.220651588],[-122.866796596,49.221107265],[-122.873497219,49.220433889],[-122.875943853,49.220208227],[-122.876734233,49.225150107],[-122.876496357,49.225262285],[-122.876409684,49.226278267],[-122.876413781,49.228564019],[-122.876475465,49.228667601],[-122.877347647,49.229125511],[-122.877015502,49.229571705],[-122.876204515,49.230003201],[-122.87543451,49.230272404],[-122.875034714,49.23059571],[-122.875061092,49.231072816],[-122.87532089,49.231314889],[-122.876171594,49.231693702],[-122.876761385,49.232495598],[-122.877131685,49.232739091],[-122.87888689,49.233441191],[-122.880013579,49.233613593],[-122.880351416,49.233931661],[-122.878420612,49.234593398],[-122.877625803,49.234406408],[-122.875189179,49.2339881],[-122.873527306,49.233791204],[-122.861602913,49.232416002],[-122.853740765,49.231522863],[-122.852565495,49.231683193],[-122.852841512,49.232270497],[-122.852668627,49.232694291],[-122.843710576,49.230856715],[-122.84220293,49.230574733],[-122.83674085,49.229879251],[-122.835575491,49.229847053],[-122.834907709,49.229934672],[-122.834198637,49.230153237],[-122.833742816,49.230204981],[-122.833205878,49.230427052],[-122.829638473,49.23214031],[-122.826824493,49.233533273],[-122.824898578,49.234548689],[-122.82058803,49.23673618],[-122.820736955,49.236867597],[-122.816766276,49.238799177],[-122.816814021,49.237413091],[-122.816676681,49.226850903],[-122.817413433,49.226998812],[-122.817007822,49.225919403],[-122.8171886,49.225629696],[-122.817172539,49.225013044],[-122.816780577,49.224036289],[-122.816797844,49.223643947],[-122.817412754,49.219899263]]]]},"properties":{"a": "6.02423", "q": "00000", "t": "CT", "dw": "1", "hh": "1", "id": "9330270.00", "pop": "5", "rgid": "59", "rpid": "59933", "ruid": "5915034", "rguid": "5915"}},{"type":"Feature","geometry":{"type":"MultiPolygon","coordinates":[[[[-122.815132632,49.260465312],[-122.807767676,49.260603368],[-122.805071781,49.260217062],[-122.802105072,49.260489997],[-122.801134135,49.260501402],[-122.797709001,49.260292491],[-122.796038163,49.260386045],[-122.797074296,49.259646692],[-122.797315809,49.259269285],[-122.797425218,49.257712606],[-122.797161305,49.256913604],[-122.797156783,49.256418002],[-122.797830412,49.255321391],[-122.797978815,49.254291706],[-122.797597702,49.252367598],[-122.796996297,49.251340698],[-122.796804906,49.251126907],[-122.795959814,49.250182803],[-122.795575095,49.249400895],[-122.795508399,49.248703096],[-122.795618876,49.248450994],[-122.79595551,49.24829861],[-122.796516599,49.248358398],[-122.797473203,49.24866319],[-122.797901204,49.24859061],[-122.798262408,49.248176103],[-122.798132696,49.247352894],[-122.798487299,49.246719113],[-122.799031607,49.246471304],[-122.801307192,49.246403011],[-122.802311905,49.246132408],[-122.802900789,49.245572703],[-122.802945217,49.2453291],[-122.802787218,49.2450357],[-122.801799299,49.243994592],[-122.801791,49.243581602],[-122.802063387,49.243211302],[-122.802521216,49.242852403],[-122.803726301,49.2423326],[-122.804542997,49.242111788],[-122.805838595,49.241926711],[-122.806583116,49.241676003],[-122.806873012,49.241404009],[-122.806953309,49.240727507],[-122.806810297,49.240052407],[-122.806999489,49.239017011],[-122.807243418,49.238467282],[-122.807355296,49.237859113],[-122.807240408,49.237562899],[-122.806240993,49.236712611],[-122.805670919,49.236460604],[-122.804480085,49.236184291],[-122.802261783,49.236161495],[-122.800978002,49.236246907],[-122.800663598,49.236197],[-122.80011738,49.235738493],[-122.800108806,49.235069107],[-122.80043869,49.2341192],[-122.801506319,49.232605201],[-122.80289429,49.231061401],[-122.803496609,49.230149907],[-122.803744088,49.229968109],[-122.805515599,49.228910808],[-122.806297087,49.228255694],[-122.806479614,49.227905305],[-122.806463108,49.227060786],[-122.805060904,49.22522779],[-122.805154142,49.224124894],[-122.80472517,49.21933915],[-122.807670783,49.219330196],[-122.809718797,49.219431302],[-122.812018604,49.219571254],[-122.816597854,49.219849748],[-122.817412754,49.219899263],[-122.816797844,49.223643947],[-122.816780577,49.224036289],[-122.817172539,49.225013044],[-122.8171886,49.225629696],[-122.817007822,49.225919403],[-122.817413433,49.226998812],[-122.816676681,49.226850903],[-122.816814021,49.237413091],[-122.816766276,49.238799177],[-122.816299494,49.239218228],[-122.816210807,49.23980376],[-122.816742415,49.2414905],[-122.816661739,49.243747939],[-122.816756217,49.24609778],[-122.816737349,49.247435359],[-122.81686299,49.249078804],[-122.816606749,49.25577318],[-122.816735392,49.2607464],[-122.815132632,49.260465312]]]]},"properties":{"a": "4.93976", "q": "01000", "t": "CT", "dw": "1114", "hh": "1097", "id": "9330280.00", "nrr": "0.172", "pop": "3697", "rgid": "59", "rpid": "59933", "ruid": "5915034", "rguid": "5915"}},{"type":"Feature","geometry":{"type":"MultiPolygon","coordinates":[[[[-122.81686299,49.249078804],[-122.816737349,49.247435359],[-122.816756217,49.24609778],[-122.816661739,49.243747939],[-122.816742415,49.2414905],[-122.816210807,49.23980376],[-122.816299494,49.239218228],[-122.816766276,49.238799177],[-122.820736955,49.236867597],[-122.82058803,49.23673618],[-122.824898578,49.234548689],[-122.826824493,49.233533273],[-122.829638473,49.23214031],[-122.833205878,49.230427052],[-122.833742816,49.230204981],[-122.834198637,49.230153237],[-122.834907709,49.229934672],[-122.835575491,49.229847053],[-122.83674085,49.229879251],[-122.836947602,49.23078738],[-122.836873994,49.231202302],[-122.835346792,49.232899915],[-122.834130242,49.233925503],[-122.834059675,49.234054093],[-122.834061817,49.234828886],[-122.834131302,49.237595012],[-122.8342096,49.241480305],[-122.834244822,49.244345404],[-122.834270294,49.249045285],[-122.824410311,49.249070809],[-122.818827983,49.249090998],[-122.81686299,49.249078804]]]]},"properties":{"a": "2.15126", "q": "00000", "t": "CT", "dw": "2229", "hh": "2099", "id": "9330281.01", "nrr": "0.249", "pop": "6268", "rgid": "59", "rpid": "59933", "ruid": "5915034", "rguid": "5915"}},{"type":"Feature","geometry":{"type":"MultiPolygon","coordinates":[[[[-122.83674085,49.229879251],[-122.84220293,49.230574733],[-122.843710576,49.230856715],[-122.852668627,49.232694291],[-122.85253871,49.232989607],[-122.852515505,49.234202513],[-122.852517496,49.236199016],[-122.852426481,49.241286501],[-122.852540496,49.241847597],[-122.852455206,49.242965908],[-122.852429197,49.245054217],[-122.852427495,49.247245099],[-122.852462798,49.248992103],[-122.843978205,49.248993813],[-122.837979706,49.249035194],[-122.834270294,49.249045285],[-122.834244822,49.244345404],[-122.8342096,49.241480305],[-122.834131302,49.237595012],[-122.834061817,49.234828886],[-122.834059675,49.234054093],[-122.834130242,49.233925503],[-122.835346792,49.232899915],[-122.836873994,49.231202302],[-122.836947602,49.23078738],[-122.83674085,49.229879251]]]]},"properties":{"a": "2.61469", "q": "00000", "t": "CT", "dw": "2543", "hh": "2443", "id": "9330281.02", "nrr": "0.17300000000000001", "pop": "6563", "rgid": "59", "rpid": "59933", "ruid": "5915034", "rguid": "5915"}},{"type":"Feature","geometry":{"type":"MultiPolygon","coordinates":[[[[-122.862166711,49.248997404],[-122.862206017,49.245329208],[-122.862232516,49.244429896],[-122.862237988,49.241706703],[-122.86226229,49.240536209],[-122.862244217,49.238772608],[-122.862194508,49.2384918],[-122.861768299,49.237991195],[-122.86163722,49.237655801],[-122.86166109,49.23453932],[-122.861602913,49.232416002],[-122.873527306,49.233791204],[-122.875189179,49.2339881],[-122.877625803,49.234406408],[-122.878420612,49.234593398],[-122.877471661,49.234921764],[-122.873128992,49.236340995],[-122.872960568,49.240736116],[-122.872922206,49.242630508],[-122.8728764,49.243615705],[-122.872845389,49.245358895],[-122.872745418,49.245865906],[-122.872370408,49.246273896],[-122.869401116,49.248754413],[-122.869182598,49.249001316],[-122.865608394,49.248983007],[-122.862166711,49.248997404]]]]},"properties":{"a": "1.42053", "q": "00001", "t": "CT", "dw": "1585", "hh": "1427", "id": "9330282.01", "nrr": "0.392", "pop": "3983", "rgid": "59", "rpid": "59933", "ruid": "5915034", "rguid": "5915"}},{"type":"Feature","geometry":{"type":"MultiPolygon","coordinates":[[[[-122.852462798,49.248992103],[-122.852427495,49.247245099],[-122.852429197,49.245054217],[-122.852455206,49.242965908],[-122.852540496,49.241847597],[-122.852426481,49.241286501],[-122.852517496,49.236199016],[-122.852515505,49.234202513],[-122.85253871,49.232989607],[-122.852668627,49.232694291],[-122.852841512,49.232270497],[-122.852565495,49.231683193],[-122.853740765,49.231522863],[-122.861602913,49.232416002],[-122.86166109,49.23453932],[-122.86163722,49.237655801],[-122.861768299,49.237991195],[-122.862194508,49.2384918],[-122.862244217,49.238772608],[-122.86226229,49.240536209],[-122.862237988,49.241706703],[-122.862232516,49.244429896],[-122.862206017,49.245329208],[-122.862166711,49.248997404],[-122.857976572,49.248968199],[-122.852462798,49.248992103]]]]},"properties":{"a": "1.315", "q": "00001", "t": "CT", "dw": "1822", "hh": "1743", "id": "9330282.02", "nrr": "0.23600000000000002", "pop": "4233", "rgid": "59", "rpid": "59933", "ruid": "5915034", "rguid": "5915"}},{"type":"Feature","geometry":{"type":"MultiPolygon","coordinates":[[[[-122.869182598,49.249001316],[-122.869401116,49.248754413],[-122.872370408,49.246273896],[-122.872745418,49.245865906],[-122.872845389,49.245358895],[-122.8728764,49.243615705],[-122.872922206,49.242630508],[-122.872960568,49.240736116],[-122.873128992,49.236340995],[-122.877471661,49.234921764],[-122.878420612,49.234593398],[-122.880351416,49.233931661],[-122.880931799,49.234478096],[-122.881507013,49.2347672],[-122.885187984,49.235363899],[-122.885818306,49.235724201],[-122.886314082,49.235905102],[-122.887988396,49.236077396],[-122.889183199,49.235926495],[-122.889939812,49.235953496],[-122.890886912,49.236430699],[-122.891447494,49.237196913],[-122.892270693,49.237961703],[-122.892506753,49.238033421],[-122.892541088,49.238971488],[-122.892650352,49.244416013],[-122.892578384,49.244526535],[-122.892576519,49.245785034],[-122.892765921,49.245889597],[-122.892593186,49.245945898],[-122.892688789,49.248045913],[-122.892755818,49.249014465],[-122.889942465,49.249019868],[-122.889639524,49.249072385],[-122.877150378,49.249023207],[-122.872028822,49.248997302],[-122.869182598,49.249001316]]]]},"properties":{"a": "2.19842", "q": "01000", "t": "CT", "dw": "3315", "hh": "3099", "id": "9330283.00", "nrr": "0.32", "pop": "7823", "rgid": "59", "rpid": "59933", "ruid": "5915034", "rguid": "5915"}},{"type":"Feature","geometry":{"type":"MultiPolygon","coordinates":[[[[-122.868894991,49.259919802],[-122.868914497,49.258104113],[-122.869001206,49.253928406],[-122.869118103,49.249346201],[-122.869182598,49.249001316],[-122.872028822,49.248997302],[-122.877150378,49.249023207],[-122.889639524,49.249072385],[-122.889942465,49.249019868],[-122.892755818,49.249014465],[-122.892793698,49.250808318],[-122.89287801,49.250862087],[-122.892915491,49.252004602],[-122.892914099,49.253399067],[-122.893008703,49.256807096],[-122.893006005,49.259062796],[-122.893047695,49.260347697],[-122.891594789,49.260338298],[-122.886136688,49.260252107],[-122.884743507,49.260212792],[-122.881483587,49.260167195],[-122.879834918,49.260127709],[-122.878503593,49.260005393],[-122.874391785,49.259961111],[-122.868894991,49.259919802]]]]},"properties":{"a": "2.14971", "q": "00000", "t": "CT", "dw": "2907", "hh": "2799", "id": "9330284.01", "nrr": "0.284", "pop": "7050", "rgid": "59", "rpid": "59933", "ruid": "5915034", "rguid": "5915"}},{"type":"Feature","geometry":{"type":"MultiPolygon","coordinates":[[[[-122.868555375,49.270775471],[-122.868479088,49.270110102],[-122.868665677,49.265350798],[-122.868812181,49.262591191],[-122.868894991,49.259919802],[-122.874391785,49.259961111],[-122.878503593,49.260005393],[-122.879834918,49.260127709],[-122.881483587,49.260167195],[-122.884743507,49.260212792],[-122.886136688,49.260252107],[-122.891594789,49.260338298],[-122.893047695,49.260347697],[-122.893126721,49.262942699],[-122.893251898,49.265710088],[-122.893311012,49.267637796],[-122.893424317,49.270293379],[-122.883482274,49.27063341],[-122.883278222,49.270570901],[-122.8806187,49.270576898],[-122.880448094,49.270723398],[-122.880464129,49.271065952],[-122.878236587,49.270852203],[-122.868555375,49.270775471]]]]},"properties":{"a": "2.09349", "q": "00000", "t": "CT", "dw": "2770", "hh": "2539", "id": "9330284.02", "nrr": "0.293", "pop": "6781", "rgid": "59", "rpid": "59933", "ruid": "5915034", "rguid": "5915"}},{"type":"Feature","geometry":{"type":"MultiPolygon","coordinates":[[[[-122.852301202,49.253865807],[-122.852373002,49.251430015],[-122.852462798,49.248992103],[-122.857976572,49.248968199],[-122.862166711,49.248997404],[-122.865608394,49.248983007],[-122.869182598,49.249001316],[-122.869118103,49.249346201],[-122.869001206,49.253928406],[-122.865633311,49.253902602],[-122.857862999,49.2538297],[-122.852301202,49.253865807]]]]},"properties":{"a": "0.66004", "q": "01000", "t": "CT", "dw": "1799", "hh": "1671", "id": "9330285.01", "nrr": "0.267", "pop": "3089", "rgid": "59", "rpid": "59933", "ruid": "5915034", "rguid": "5915"}},{"type":"Feature","geometry":{"type":"MultiPolygon","coordinates":[[[[-122.852048918,49.263455595],[-122.852088879,49.259768497],[-122.852139301,49.25882321],[-122.852176,49.257168398],[-122.852301202,49.253865807],[-122.857862999,49.2538297],[-122.865633311,49.253902602],[-122.869001206,49.253928406],[-122.868914497,49.258104113],[-122.868894991,49.259919802],[-122.868812181,49.262591191],[-122.868665677,49.265350798],[-122.868479088,49.270110102],[-122.868555375,49.270775471],[-122.866794313,49.270764067],[-122.860251761,49.270721454],[-122.856608844,49.270742086],[-122.852207129,49.270915193],[-122.852647383,49.267635096],[-122.852728597,49.263461911],[-122.852048918,49.263455595]]]]},"properties":{"a": "2.24866", "q": "00000", "t": "CT", "dw": "1950", "hh": "1830", "id": "9330285.02", "nrr": "0.31", "pop": "5596", "rgid": "59", "rpid": "59933", "ruid": "5915034", "rguid": "5915"}},{"type":"Feature","geometry":{"type":"MultiPolygon","coordinates":[[[[-122.815950507,49.263197489],[-122.815491216,49.263386405],[-122.815166891,49.262845293],[-122.815132632,49.260465312],[-122.816735392,49.2607464],[-122.816606749,49.25577318],[-122.81686299,49.249078804],[-122.818827983,49.249090998],[-122.824410311,49.249070809],[-122.834270294,49.249045285],[-122.837979706,49.249035194],[-122.843978205,49.248993813],[-122.852462798,49.248992103],[-122.852373002,49.251430015],[-122.852301202,49.253865807],[-122.852176,49.257168398],[-122.852139301,49.25882321],[-122.852088879,49.259768497],[-122.852048918,49.263455595],[-122.842378597,49.263375715],[-122.840831506,49.263375497],[-122.834416493,49.263310903],[-122.830209202,49.263252197],[-122.824706094,49.263194904],[-122.817790664,49.26315514],[-122.815950507,49.263197489]]]]},"properties":{"a": "4.13357", "q": "00000", "t": "CT", "dw": "2063", "hh": "1939", "id": "9330286.01", "nrr": "0.2", "pop": "5787", "rgid": "59", "rpid": "59933", "ruid": "5915034", "rguid": "5915"}},{"type":"Feature","geometry":{"type":"MultiPolygon","coordinates":[[[[-122.801713206,49.274938158],[-122.800968832,49.274607451],[-122.798759921,49.273425951],[-122.798771196,49.27311239],[-122.798551598,49.273107685],[-122.79855216,49.273312254],[-122.796953002,49.272450635],[-122.795161843,49.271416605],[-122.793309681,49.270452311],[-122.790604235,49.269272451],[-122.790638198,49.26804471],[-122.790755415,49.265318409],[-122.790837928,49.264997401],[-122.789981024,49.263263806],[-122.791314331,49.260987051],[-122.79132772,49.260911943],[-122.792673709,49.260727709],[-122.79480588,49.260659302],[-122.795637194,49.260583813],[-122.796038163,49.260386045],[-122.797709001,49.260292491],[-122.801134135,49.260501402],[-122.802105072,49.260489997],[-122.805071781,49.260217062],[-122.807767676,49.260603368],[-122.815132632,49.260465312],[-122.815166891,49.262845293],[-122.815491216,49.263386405],[-122.815950507,49.263197489],[-122.815778888,49.264625988],[-122.815792975,49.265438887],[-122.81591732,49.266982262],[-122.815715431,49.269029917],[-122.815659328,49.269235448],[-122.815564728,49.270849049],[-122.815713372,49.273508611],[-122.815692776,49.274052756],[-122.816140528,49.274672406],[-122.816354329,49.276466284],[-122.81474917,49.276425064],[-122.812762714,49.276453837],[-122.808358482,49.276586402],[-122.807345571,49.276450569],[-122.805514105,49.276156903],[-122.80382144,49.275785141],[-122.802725209,49.275419566],[-122.801713206,49.274938158]]]]},"properties":{"a": "2.8163", "q": "00000", "t": "CT", "dw": "2566", "hh": "2499", "id": "9330286.02", "nrr": "0.266", "pop": "7572", "rgid": "59", "rpid": "59933", "ruid": "5915034", "rguid": "5915"}},{"type":"Feature","geometry":{"type":"MultiPolygon","coordinates":[[[[-122.816354329,49.276466284],[-122.816140528,49.274672406],[-122.815692776,49.274052756],[-122.815713372,49.273508611],[-122.815564728,49.270849049],[-122.815659328,49.269235448],[-122.815715431,49.269029917],[-122.81591732,49.266982262],[-122.815792975,49.265438887],[-122.815778888,49.264625988],[-122.815950507,49.263197489],[-122.817790664,49.26315514],[-122.824706094,49.263194904],[-122.830209202,49.263252197],[-122.834416493,49.263310903],[-122.840831506,49.263375497],[-122.842378597,49.263375715],[-122.852048918,49.263455595],[-122.852728597,49.263461911],[-122.852647383,49.267635096],[-122.852207129,49.270915193],[-122.847799047,49.270915278],[-122.846313648,49.270997211],[-122.84662165,49.272694193],[-122.845728436,49.272727731],[-122.840414561,49.272625244],[-122.835844331,49.272620171],[-122.835715075,49.273118187],[-122.834900032,49.273139323],[-122.831517145,49.273170681],[-122.829453232,49.272990526],[-122.824718694,49.27284571],[-122.824242486,49.272942688],[-122.823737849,49.273345585],[-122.823936663,49.273749672],[-122.824003188,49.274684915],[-122.823779221,49.274845005],[-122.82391695,49.276706113],[-122.817364439,49.276481765],[-122.816354329,49.276466284]]]]},"properties":{"a": "2.98905", "q": "00000", "t": "CT", "dw": "1491", "hh": "1426", "id": "9330286.03", "nrr": "0.254", "pop": "4158", "rgid": "59", "rpid": "59933", "ruid": "5915034", "rguid": "5915"}},{"type":"Feature","geometry":{"type":"MultiPolygon","coordinates":[[[[-122.776354568,49.278491053],[-122.77855246,49.278317134],[-122.78394792,49.278477519],[-122.784106795,49.278616172],[-122.785510262,49.278692533],[-122.787572702,49.278668459],[-122.788176902,49.278682323],[-122.78618481,49.282635609],[-122.784688342,49.285739705],[-122.783193096,49.288566311],[-122.781833829,49.291372567],[-122.781157853,49.292870414],[-122.780997501,49.29316021],[-122.78038133,49.294449937],[-122.778907922,49.297350054],[-122.77773421,49.299497901],[-122.775967593,49.302021596],[-122.774776608,49.303859889],[-122.771402506,49.3038285],[-122.771218692,49.303762601],[-122.770194869,49.303765432],[-122.771474883,49.303928199],[-122.772339323,49.304342701],[-122.772805116,49.304785596],[-122.772955088,49.305135901],[-122.772911089,49.305773992],[-122.772658413,49.306520304],[-122.772355112,49.306933306],[-122.772023817,49.307193901],[-122.772265912,49.306894795],[-122.772669622,49.305939202],[-122.772791298,49.305530396],[-122.772771297,49.305140209],[-122.772256504,49.304452309],[-122.771550123,49.304116205],[-122.770046412,49.303871204],[-122.769307486,49.303667592],[-122.769082687,49.303188718],[-122.769390295,49.302340198],[-122.7692796,49.30144009],[-122.768724296,49.300333502],[-122.768556311,49.299453306],[-122.768686414,49.298984809],[-122.769134594,49.298068408],[-122.76927235,49.29757586],[-122.769502515,49.29731613],[-122.769879602,49.296545092],[-122.770324013,49.296281605],[-122.770812204,49.29620761],[-122.771842713,49.296234596],[-122.77374491,49.296446799],[-122.774411195,49.296264496],[-122.774656801,49.296035213],[-122.774794284,49.295159401],[-122.774715479,49.294408798],[-122.774401322,49.294146706],[-122.773826618,49.293893206],[-122.773462508,49.293581298],[-122.772211297,49.291920712],[-122.772377003,49.29014331],[-122.772279733,49.289865991],[-122.771965825,49.289689395],[-122.771320784,49.288746873],[-122.771298807,49.288614625],[-122.77182069,49.288579884],[-122.771620696,49.288207813],[-122.771056114,49.287837293],[-122.771039912,49.287502803],[-122.771230287,49.287160996],[-122.773035401,49.285930507],[-122.7743548,49.284345289],[-122.775148597,49.283577704],[-122.776509421,49.281882906],[-122.776701486,49.281257603],[-122.776368714,49.279209595],[-122.776354568,49.278491053]]]]},"properties":{"a": "1.92763", "q": "00000", "t": "CT", "dw": "2434", "hh": "2308", "id": "9330287.01", "nrr": "0.262", "pop": "7253", "rgid": "59", "rpid": "59933", "ruid": "5915034", "rguid": "5915"}},{"type":"Feature","geometry":{"type":"MultiPolygon","coordinates":[[[[-122.618180283,49.35127327],[-122.61932859,49.351188893],[-122.620582799,49.350843113],[-122.628810294,49.346163108],[-122.636418001,49.341567206],[-122.638564596,49.339564791],[-122.639416288,49.339077704],[-122.641733098,49.338340002],[-122.643476995,49.338028101],[-122.645137595,49.337625187],[-122.651784491,49.3349913],[-122.654450988,49.333378],[-122.655298197,49.332614592],[-122.656160208,49.331560698],[-122.657321081,49.330647794],[-122.658660606,49.329841704],[-122.659279006,49.329588197],[-122.661811783,49.328303594],[-122.66336911,49.326786193],[-122.665471809,49.324194993],[-122.668704411,49.320968903],[-122.675228805,49.317026312],[-122.675588986,49.316633597],[-122.676071099,49.315644205],[-122.676440497,49.31402591],[-122.676700901,49.313688289],[-122.677877696,49.312718008],[-122.678041906,49.312412397],[-122.678175817,49.311421603],[-122.678219092,49.310160798],[-122.677990684,49.308497202],[-122.677489093,49.307115112],[-122.676260323,49.305101305],[-122.674474316,49.303467102],[-122.673264589,49.302505394],[-122.671402082,49.301488496],[-122.669602884,49.300629593],[-122.667623188,49.299931293],[-122.665914904,49.29957381],[-122.662277699,49.298990408],[-122.661122206,49.298618786],[-122.660108993,49.297981389],[-122.659616198,49.297190414],[-122.658994202,49.295259397],[-122.658979889,49.294451702],[-122.659201115,49.293710907],[-122.660498296,49.292627091],[-122.66165808,49.292076303],[-122.663425695,49.291405116],[-122.665602723,49.290756806],[-122.67076222,49.289536598],[-122.685359807,49.286709487],[-122.687442195,49.286174],[-122.691517065,49.284753457],[-122.69299808,49.284237101],[-122.695149399,49.283355496],[-122.69764332,49.282201907],[-122.699655198,49.280865995],[-122.701819378,49.279058694],[-122.70262649,49.278334091],[-122.704490895,49.276389407],[-122.708736606,49.27828961],[-122.708972096,49.278490404],[-122.708908702,49.278808001],[-122.709806592,49.279158394],[-122.712390199,49.27972381],[-122.713609391,49.280102581],[-122.714188919,49.278678769],[-122.714289821,49.278531307],[-122.729181099,49.27850159],[-122.73376061,49.278527706],[-122.733950427,49.280360537],[-122.734016322,49.282157229],[-122.733567324,49.283984035],[-122.733521727,49.285491995],[-122.733986245,49.285667164],[-122.734152167,49.285751465],[-122.738042686,49.285752],[-122.745632617,49.285733301],[-122.75040422,49.285755396],[-122.753187044,49.285731062],[-122.756041597,49.285742108],[-122.75744661,49.285662708],[-122.759656314,49.285683104],[-122.760183552,49.285751727],[-122.761626193,49.285840044],[-122.761570021,49.289316195],[-122.7631594,49.289334116],[-122.767122536,49.289278831],[-122.767138205,49.288032589],[-122.7672578,49.28777359],[-122.767213699,49.28432771],[-122.767207193,49.282805006],[-122.767252715,49.278367597],[-122.770431025,49.278400507],[-122.773157915,49.27848029],[-122.774052327,49.278420978],[-122.776354568,49.278491053],[-122.776368714,49.279209595],[-122.776701486,49.281257603],[-122.776509421,49.281882906],[-122.775148597,49.283577704],[-122.7743548,49.284345289],[-122.773035401,49.285930507],[-122.771230287,49.287160996],[-122.771039912,49.287502803],[-122.771056114,49.287837293],[-122.771620696,49.288207813],[-122.77182069,49.288579884],[-122.771298807,49.288614625],[-122.771320784,49.288746873],[-122.771965825,49.289689395],[-122.772279733,49.289865991],[-122.772377003,49.29014331],[-122.772211297,49.291920712],[-122.773462508,49.293581298],[-122.773826618,49.293893206],[-122.774401322,49.294146706],[-122.774715479,49.294408798],[-122.774794284,49.295159401],[-122.774656801,49.296035213],[-122.774411195,49.296264496],[-122.77374491,49.296446799],[-122.771842713,49.296234596],[-122.770812204,49.29620761],[-122.770324013,49.296281605],[-122.769879602,49.296545092],[-122.769502515,49.29731613],[-122.76927235,49.29757586],[-122.769134594,49.298068408],[-122.768686414,49.298984809],[-122.768556311,49.299453306],[-122.768724296,49.300333502],[-122.7692796,49.30144009],[-122.769390295,49.302340198],[-122.769082687,49.303188718],[-122.769307486,49.303667592],[-122.770046412,49.303871204],[-122.771550123,49.304116205],[-122.772256504,49.304452309],[-122.772771297,49.305140209],[-122.772791298,49.305530396],[-122.772669622,49.305939202],[-122.772265912,49.306894795],[-122.772023817,49.307193901],[-122.771376463,49.30809627],[-122.771191105,49.308433196],[-122.771406369,49.309132083],[-122.77181869,49.309838702],[-122.771739103,49.310090794],[-122.771951907,49.310620612],[-122.771930983,49.311056147],[-122.771737998,49.311947262],[-122.771310988,49.312311109],[-122.76991654,49.313379159],[-122.769040463,49.314260563],[-122.768286481,49.3149587],[-122.767943714,49.31502281],[-122.767541584,49.315433007],[-122.767565088,49.315828704],[-122.767738378,49.31628183],[-122.76807545,49.316753523],[-122.768966467,49.318284135],[-122.76935526,49.318567094],[-122.769656385,49.31891624],[-122.770111084,49.319829499],[-122.770591808,49.320535895],[-122.770705381,49.321367701],[-122.770593918,49.32191269],[-122.769820214,49.323167827],[-122.769863052,49.323750481],[-122.770044207,49.324471733],[-122.771253825,49.32510022],[-122.771739786,49.3258666],[-122.772313362,49.326453981],[-122.772789766,49.32704771],[-122.772962712,49.327610783],[-122.772919904,49.328106726],[-122.772781023,49.328306366],[-122.770664804,49.330335893],[-122.769765587,49.331314296],[-122.769556288,49.331970896],[-122.769348705,49.332141787],[-122.767927411,49.332808287],[-122.7675693,49.332929392],[-122.766893195,49.332999193],[-122.766480219,49.3332954],[-122.766392681,49.334420492],[-122.767477604,49.335635389],[-122.768037816,49.336037008],[-122.768682194,49.336296195],[-122.770096926,49.336747705],[-122.770892217,49.337325906],[-122.771317203,49.337955394],[-122.771338995,49.338244505],[-122.77121381,49.339024992],[-122.770937786,49.339322709],[-122.770286906,49.340283985],[-122.770433907,49.340655705],[-122.7707042,49.340828088],[-122.770962382,49.341192602],[-122.771163509,49.341158486],[-122.772318703,49.341799406],[-122.77264652,49.342320605],[-122.77271372,49.342663902],[-122.772640404,49.343445709],[-122.772225102,49.344137903],[-122.771644005,49.34451389],[-122.770636501,49.344889886],[-122.770140293,49.345213207],[-122.7699587,49.345932404],[-122.770449408,49.347003408],[-122.770790293,49.347399307],[-122.77212122,49.348473204],[-122.773407593,49.350499907],[-122.7736105,49.351029888],[-122.757863667,49.351396263],[-122.734079867,49.351359919],[-122.720403247,49.351204843],[-122.706754532,49.351053513],[-122.702126545,49.351005803],[-122.697815011,49.350978935],[-122.681218518,49.350863717],[-122.680312869,49.350866373],[-122.661140266,49.350983129],[-122.654431157,49.351122485],[-122.647148818,49.351230703],[-122.641798657,49.351333628],[-122.636947368,49.351362688],[-122.634361163,49.351395182],[-122.627550195,49.351526851],[-122.6270422,49.351530382],[-122.618180283,49.35127327]]]]},"properties":{"a": "61.05588", "q": "00000", "t": "CT", "dw": "1964", "hh": "1821", "id": "9330287.02", "nrr": "0.27899999999999997", "pop": "5659", "rgid": "59", "rpid": "59933", "ruid": "5915034", "rguid": "5915"}},{"type":"Feature","geometry":{"type":"MultiPolygon","coordinates":[[[[-122.801555716,49.285246206],[-122.801696919,49.285092697],[-122.801750606,49.280925908],[-122.801617357,49.280924666],[-122.801618079,49.279958035],[-122.801762273,49.27995962],[-122.801757177,49.277343273],[-122.801578173,49.275594728],[-122.801713206,49.274938158],[-122.802725209,49.275419566],[-122.80382144,49.275785141],[-122.805514105,49.276156903],[-122.807345571,49.276450569],[-122.808358482,49.276586402],[-122.80829891,49.278810805],[-122.808318388,49.280723899],[-122.808296391,49.282021491],[-122.808343718,49.282193087],[-122.80997793,49.284912538],[-122.810288055,49.285160418],[-122.811888273,49.285674137],[-122.811873494,49.286333494],[-122.811762798,49.286765091],[-122.811236013,49.287430198],[-122.810271687,49.288130904],[-122.809926208,49.288625098],[-122.810170919,49.288985406],[-122.809812002,49.289631987],[-122.809121219,49.290403898],[-122.808954798,49.290818394],[-122.808951896,49.2915105],[-122.808703901,49.291869392],[-122.808631983,49.292184192],[-122.808779618,49.293434598],[-122.809386132,49.294127139],[-122.808851707,49.29412489],[-122.807180818,49.294249391],[-122.806076413,49.294393292],[-122.805092314,49.294567809],[-122.803571892,49.294922697],[-122.802716183,49.295168602],[-122.801937683,49.295451803],[-122.801631293,49.2948112],[-122.800828801,49.293846909],[-122.800689086,49.29312209],[-122.800675807,49.291462285],[-122.800756876,49.291184494],[-122.801313803,49.290485695],[-122.801518988,49.289962091],[-122.801619126,49.287514677],[-122.801693569,49.285240362],[-122.801555716,49.285246206]]]]},"properties":{"a": "1.17492", "q": "01000", "t": "CT", "dw": "1633", "hh": "1591", "id": "9330287.06", "nrr": "0.222", "pop": "4325", "rgid": "59", "rpid": "59933", "ruid": "5915034", "rguid": "5915"}},{"type":"Feature","geometry":{"type":"MultiPolygon","coordinates":[[[[-122.792460656,49.284909665],[-122.793095851,49.283775411],[-122.793227979,49.283455005],[-122.79331494,49.281004523],[-122.793486564,49.280570827],[-122.795442314,49.278366763],[-122.797313519,49.276369206],[-122.797999618,49.275589492],[-122.798505601,49.274809903],[-122.798662992,49.274381307],[-122.798759921,49.273425951],[-122.800968832,49.274607451],[-122.801713206,49.274938158],[-122.801578173,49.275594728],[-122.801757177,49.277343273],[-122.801762273,49.27995962],[-122.801618079,49.279958035],[-122.801617357,49.280924666],[-122.801750606,49.280925908],[-122.801696919,49.285092697],[-122.801555716,49.285246206],[-122.798577911,49.285329106],[-122.792460656,49.284909665]]]]},"properties":{"a": "0.59835", "q": "01000", "t": "CT", "dw": "1928", "hh": "1769", "id": "9330287.09", "nrr": "0.332", "pop": "3658", "rgid": "59", "rpid": "59933", "ruid": "5915034", "rguid": "5915"}},{"type":"Feature","geometry":{"type":"MultiPolygon","coordinates":[[[[-122.810003476,49.306390233],[-122.809845109,49.305823801],[-122.809998503,49.305553203],[-122.810314897,49.305284105],[-122.811680379,49.304557701],[-122.812082714,49.303911109],[-122.811878391,49.303244598],[-122.811923826,49.302120904],[-122.811767397,49.299790895],[-122.811014704,49.298638685],[-122.810770906,49.29778271],[-122.810842787,49.296784406],[-122.810076299,49.296009591],[-122.809461802,49.294704998],[-122.809386132,49.294127139],[-122.810450283,49.294131596],[-122.811414691,49.294203306],[-122.813207209,49.294429206],[-122.814724698,49.294716305],[-122.815897103,49.295002207],[-122.819443087,49.296185109],[-122.821208307,49.296790185],[-122.821849613,49.296963093],[-122.822750892,49.297054501],[-122.823161633,49.299278169],[-122.822796289,49.300519675],[-122.822744229,49.301082908],[-122.822373083,49.308195314],[-122.821309775,49.308346192],[-122.818959886,49.308583753],[-122.812723131,49.30773764],[-122.812007898,49.307608431],[-122.810003476,49.306390233]]]]},"properties":{"a": "1.19951", "q": "00000", "t": "CT", "dw": "881", "hh": "858", "id": "9330287.10", "nrr": "0.247", "pop": "2976", "rgid": "59", "rpid": "59933", "ruid": "5915034", "rguid": "5915"}},{"type":"Feature","geometry":{"type":"MultiPolygon","coordinates":[[[[-122.809386132,49.294127139],[-122.808779618,49.293434598],[-122.808631983,49.292184192],[-122.808703901,49.291869392],[-122.808951896,49.2915105],[-122.808954798,49.290818394],[-122.809121219,49.290403898],[-122.809812002,49.289631987],[-122.810170919,49.288985406],[-122.809926208,49.288625098],[-122.810271687,49.288130904],[-122.811236013,49.287430198],[-122.811762798,49.286765091],[-122.811873494,49.286333494],[-122.811888273,49.285674137],[-122.810288055,49.285160418],[-122.80997793,49.284912538],[-122.808343718,49.282193087],[-122.808296391,49.282021491],[-122.808318388,49.280723899],[-122.80829891,49.278810805],[-122.808358482,49.276586402],[-122.812762714,49.276453837],[-122.81474917,49.276425064],[-122.816354329,49.276466284],[-122.817364439,49.276481765],[-122.82391695,49.276706113],[-122.823965704,49.277781101],[-122.823843346,49.278603565],[-122.823793335,49.280497546],[-122.82186568,49.280485832],[-122.821166474,49.280570314],[-122.82094321,49.281932942],[-122.821075181,49.283371923],[-122.821409346,49.284612759],[-122.821145972,49.287084686],[-122.821394092,49.289181159],[-122.821098278,49.29465179],[-122.82116706,49.294958768],[-122.822903613,49.294947155],[-122.822866784,49.2954841],[-122.823159373,49.296731976],[-122.822750892,49.297054501],[-122.821849613,49.296963093],[-122.821208307,49.296790185],[-122.819443087,49.296185109],[-122.815897103,49.295002207],[-122.814724698,49.294716305],[-122.813207209,49.294429206],[-122.811414691,49.294203306],[-122.810450283,49.294131596],[-122.809386132,49.294127139]]]]},"properties":{"a": "1.90083", "q": "00000", "t": "CT", "dw": "1801", "hh": "1759", "id": "9330287.11", "nrr": "0.253", "pop": "5285", "rgid": "59", "rpid": "59933", "ruid": "5915034", "rguid": "5915"}},{"type":"Feature","geometry":{"type":"MultiPolygon","coordinates":[[[[-122.794781069,49.296177509],[-122.795180144,49.296338812],[-122.796322181,49.296625848],[-122.797587939,49.296714752],[-122.798292576,49.296666255],[-122.799552702,49.296398227],[-122.801937683,49.295451803],[-122.802716183,49.295168602],[-122.803571892,49.294922697],[-122.805092314,49.294567809],[-122.806076413,49.294393292],[-122.807180818,49.294249391],[-122.808851707,49.29412489],[-122.809386132,49.294127139],[-122.809461802,49.294704998],[-122.810076299,49.296009591],[-122.810842787,49.296784406],[-122.810770906,49.29778271],[-122.811014704,49.298638685],[-122.811767397,49.299790895],[-122.811923826,49.302120904],[-122.811878391,49.303244598],[-122.812082714,49.303911109],[-122.811680379,49.304557701],[-122.810314897,49.305284105],[-122.809998503,49.305553203],[-122.809845109,49.305823801],[-122.810003476,49.306390233],[-122.809918586,49.30638194],[-122.807824704,49.306893564],[-122.805224257,49.305719803],[-122.799398489,49.302579636],[-122.798500934,49.301235653],[-122.798585502,49.300769474],[-122.797901674,49.300457137],[-122.797377569,49.300113933],[-122.796071346,49.299440528],[-122.795000978,49.298931124],[-122.795544601,49.297551783],[-122.794781069,49.296177509]]]]},"properties":{"a": "1.11049", "q": "00000", "t": "CT", "dw": "1243", "hh": "1202", "id": "9330287.12", "nrr": "0.31", "pop": "3759", "rgid": "59", "rpid": "59933", "ruid": "5915034", "rguid": "5915"}},{"type":"Feature","geometry":{"type":"MultiPolygon","coordinates":[[[[-122.774776608,49.303859889],[-122.775967593,49.302021596],[-122.77773421,49.299497901],[-122.778907922,49.297350054],[-122.78038133,49.294449937],[-122.780997501,49.29316021],[-122.781823962,49.292881264],[-122.78539456,49.292902053],[-122.785911029,49.292929131],[-122.785951639,49.292839349],[-122.786762485,49.292963478],[-122.787509367,49.293137954],[-122.789955521,49.294148535],[-122.789860392,49.294231276],[-122.793027616,49.295468772],[-122.791903816,49.296285332],[-122.790689096,49.297326074],[-122.789144714,49.299459107],[-122.788894011,49.299965434],[-122.788347482,49.301464006],[-122.78839704,49.303629967],[-122.788151611,49.303851269],[-122.788652327,49.304077103],[-122.788497456,49.305968365],[-122.788573221,49.306214271],[-122.788845589,49.306382671],[-122.789793307,49.307348314],[-122.7904038,49.308834839],[-122.789793451,49.311706542],[-122.78783945,49.313201484],[-122.788416817,49.314272205],[-122.788934278,49.314883095],[-122.789871507,49.315848706],[-122.790494511,49.316605899],[-122.790774582,49.317070095],[-122.789286477,49.318786159],[-122.784167656,49.317250919],[-122.783185501,49.316259871],[-122.779511258,49.312640097],[-122.777668064,49.311198946],[-122.774776608,49.303859889]]]]},"properties":{"a": "2.24543", "q": "00000", "t": "CT", "dw": "2900", "hh": "2710", "id": "9330287.13", "nrr": "0.22", "pop": "8489", "rgid": "59", "rpid": "59933", "ruid": "5915034", "rguid": "5915"}},{"type":"Feature","geometry":{"type":"MultiPolygon","coordinates":[[[[-122.7736105,49.351029888],[-122.773407593,49.350499907],[-122.77212122,49.348473204],[-122.770790293,49.347399307],[-122.770449408,49.347003408],[-122.7699587,49.345932404],[-122.770140293,49.345213207],[-122.770636501,49.344889886],[-122.771644005,49.34451389],[-122.772225102,49.344137903],[-122.772640404,49.343445709],[-122.77271372,49.342663902],[-122.77264652,49.342320605],[-122.772318703,49.341799406],[-122.771163509,49.341158486],[-122.770962382,49.341192602],[-122.7707042,49.340828088],[-122.770433907,49.340655705],[-122.770286906,49.340283985],[-122.770937786,49.339322709],[-122.77121381,49.339024992],[-122.771338995,49.338244505],[-122.771317203,49.337955394],[-122.770892217,49.337325906],[-122.770096926,49.336747705],[-122.768682194,49.336296195],[-122.768037816,49.336037008],[-122.767477604,49.335635389],[-122.766392681,49.334420492],[-122.766480219,49.3332954],[-122.766893195,49.332999193],[-122.7675693,49.332929392],[-122.767927411,49.332808287],[-122.769348705,49.332141787],[-122.769556288,49.331970896],[-122.769765587,49.331314296],[-122.770664804,49.330335893],[-122.772781023,49.328306366],[-122.772919904,49.328106726],[-122.772962712,49.327610783],[-122.772789766,49.32704771],[-122.772313362,49.326453981],[-122.771739786,49.3258666],[-122.771253825,49.32510022],[-122.770044207,49.324471733],[-122.769863052,49.323750481],[-122.769820214,49.323167827],[-122.770593918,49.32191269],[-122.770705381,49.321367701],[-122.770591808,49.320535895],[-122.770111084,49.319829499],[-122.769656385,49.31891624],[-122.76935526,49.318567094],[-122.768966467,49.318284135],[-122.76807545,49.316753523],[-122.767738378,49.31628183],[-122.767565088,49.315828704],[-122.767541584,49.315433007],[-122.767943714,49.31502281],[-122.768286481,49.3149587],[-122.769040463,49.314260563],[-122.76991654,49.313379159],[-122.771310988,49.312311109],[-122.771737998,49.311947262],[-122.771930983,49.311056147],[-122.771951907,49.310620612],[-122.771739103,49.310090794],[-122.77181869,49.309838702],[-122.771406369,49.309132083],[-122.771191105,49.308433196],[-122.771376463,49.30809627],[-122.772023817,49.307193901],[-122.772355112,49.306933306],[-122.772658413,49.306520304],[-122.772911089,49.305773992],[-122.772955088,49.305135901],[-122.772805116,49.304785596],[-122.772339323,49.304342701],[-122.771474883,49.303928199],[-122.770194869,49.303765432],[-122.771218692,49.303762601],[-122.771402506,49.3038285],[-122.774776608,49.303859889],[-122.777668064,49.311198946],[-122.779511258,49.312640097],[-122.783185501,49.316259871],[-122.784167656,49.317250919],[-122.789286477,49.318786159],[-122.790774582,49.317070095],[-122.790494511,49.316605899],[-122.789871507,49.315848706],[-122.788934278,49.314883095],[-122.788416817,49.314272205],[-122.78783945,49.313201484],[-122.789793451,49.311706542],[-122.7904038,49.308834839],[-122.789793307,49.307348314],[-122.788845589,49.306382671],[-122.788573221,49.306214271],[-122.788497456,49.305968365],[-122.788652327,49.304077103],[-122.788151611,49.303851269],[-122.78839704,49.303629967],[-122.788347482,49.301464006],[-122.788894011,49.299965434],[-122.789144714,49.299459107],[-122.790689096,49.297326074],[-122.791903816,49.296285332],[-122.793027616,49.295468772],[-122.794781069,49.296177509],[-122.795544601,49.297551783],[-122.795000978,49.298931124],[-122.796071346,49.299440528],[-122.797377569,49.300113933],[-122.797901674,49.300457137],[-122.798585502,49.300769474],[-122.798500934,49.301235653],[-122.799398489,49.302579636],[-122.805224257,49.305719803],[-122.807824704,49.306893564],[-122.809918586,49.30638194],[-122.810003476,49.306390233],[-122.812007898,49.307608431],[-122.812723131,49.30773764],[-122.818959886,49.308583753],[-122.821309775,49.308346192],[-122.822373083,49.308195314],[-122.822547938,49.310065675],[-122.822240879,49.317641291],[-122.822074098,49.321449431],[-122.821812469,49.330177279],[-122.821730958,49.333889112],[-122.82169567,49.334045455],[-122.821859812,49.338513131],[-122.822097464,49.338781325],[-122.822172958,49.344973741],[-122.822321392,49.351625727],[-122.799941646,49.351437325],[-122.775645117,49.351224971],[-122.7736105,49.351029888]]]]},"properties":{"a": "18.50929", "q": "00000", "t": "CT", "dw": "1461", "hh": "1367", "id": "9330287.14", "nrr": "0.244", "pop": "4559", "rgid": "59", "rpid": "59933", "ruid": "5915034", "rguid": "5915"}},{"type":"Feature","geometry":{"type":"MultiPolygon","coordinates":[[[[-122.794781069,49.296177509],[-122.793027616,49.295468772],[-122.789860392,49.294231276],[-122.789955521,49.294148535],[-122.787509367,49.293137954],[-122.786762485,49.292963478],[-122.785951639,49.292839349],[-122.785911029,49.292929131],[-122.78539456,49.292902053],[-122.781823962,49.292881264],[-122.780997501,49.29316021],[-122.781157853,49.292870414],[-122.781833829,49.291372567],[-122.783193096,49.288566311],[-122.784688342,49.285739705],[-122.785504112,49.285711734],[-122.786177932,49.285470536],[-122.78914272,49.284743529],[-122.789496327,49.28469901],[-122.792460656,49.284909665],[-122.798577911,49.285329106],[-122.801555716,49.285246206],[-122.801693569,49.285240362],[-122.801619126,49.287514677],[-122.801518988,49.289962091],[-122.801313803,49.290485695],[-122.800756876,49.291184494],[-122.800675807,49.291462285],[-122.800689086,49.29312209],[-122.800828801,49.293846909],[-122.801631293,49.2948112],[-122.801937683,49.295451803],[-122.799552702,49.296398227],[-122.798292576,49.296666255],[-122.797587939,49.296714752],[-122.796322181,49.296625848],[-122.795180144,49.296338812],[-122.794781069,49.296177509]]]]},"properties":{"a": "1.44328", "q": "00001", "t": "CT", "dw": "1695", "hh": "1634", "id": "9330287.15", "nrr": "0.257", "pop": "3942", "rgid": "59", "rpid": "59933", "ruid": "5915034", "rguid": "5915"}},{"type":"Feature","geometry":{"type":"MultiPolygon","coordinates":[[[[-122.784688342,49.285739705],[-122.78618481,49.282635609],[-122.788176902,49.278682323],[-122.790482538,49.278069421],[-122.790493795,49.27610801],[-122.790563109,49.276040701],[-122.790558905,49.275266696],[-122.790637915,49.27366819],[-122.790639288,49.271067302],[-122.790563601,49.270929887],[-122.790604235,49.269272451],[-122.793309681,49.270452311],[-122.795161843,49.271416605],[-122.796953002,49.272450635],[-122.79855216,49.273312254],[-122.798551598,49.273107685],[-122.798771196,49.27311239],[-122.798759921,49.273425951],[-122.798662992,49.274381307],[-122.798505601,49.274809903],[-122.797999618,49.275589492],[-122.797313519,49.276369206],[-122.795442314,49.278366763],[-122.793486564,49.280570827],[-122.79331494,49.281004523],[-122.793227979,49.283455005],[-122.793095851,49.283775411],[-122.792460656,49.284909665],[-122.789496327,49.28469901],[-122.78914272,49.284743529],[-122.786177932,49.285470536],[-122.785504112,49.285711734],[-122.784688342,49.285739705]]]]},"properties":{"a": "0.79846", "q": "00001", "t": "CT", "dw": "2001", "hh": "1935", "id": "9330287.16", "nrr": "0.273", "pop": "3985", "rgid": "59", "rpid": "59933", "ruid": "5915034", "rguid": "5915"}},{"type":"Feature","geometry":{"type":"MultiPolygon","coordinates":[[[[-122.779464686,49.264517974],[-122.778414185,49.264024708],[-122.777245036,49.263595113],[-122.776422716,49.263189959],[-122.774379719,49.262339565],[-122.771936541,49.26128501],[-122.76881707,49.260027434],[-122.76610145,49.258837637],[-122.765753407,49.25872597],[-122.763092725,49.257553373],[-122.761087218,49.256730343],[-122.759264297,49.255929212],[-122.758773384,49.25573814],[-122.755278367,49.254271176],[-122.754030751,49.253758895],[-122.750145314,49.252016632],[-122.748966947,49.251564966],[-122.745808658,49.250147544],[-122.745358237,49.249984887],[-122.743193575,49.249103221],[-122.742942401,49.249339897],[-122.740969365,49.248413811],[-122.739793584,49.247984126],[-122.73703393,49.246646616],[-122.73673037,49.246530367],[-122.733995314,49.245110395],[-122.734943208,49.244587094],[-122.737730892,49.243523206],[-122.74751759,49.24065459],[-122.753155504,49.239104208],[-122.756183494,49.237958809],[-122.757114986,49.237422997],[-122.758020785,49.236785705],[-122.759120412,49.235776303],[-122.759934014,49.235267289],[-122.760182393,49.237382644],[-122.75993569,49.239267097],[-122.761787312,49.240739892],[-122.762213516,49.241166271],[-122.762313606,49.241404422],[-122.762337914,49.248103783],[-122.76234591,49.252359195],[-122.762211785,49.252705697],[-122.763519496,49.253259414],[-122.773545919,49.253309299],[-122.773635696,49.253439897],[-122.776633405,49.254031314],[-122.778326497,49.254042297],[-122.780595492,49.254544308],[-122.780851483,49.254577092],[-122.782641104,49.254583653],[-122.785859082,49.254635451],[-122.786015359,49.25460045],[-122.787637462,49.254585719],[-122.788353763,49.254458392],[-122.789373837,49.253912144],[-122.790717945,49.252851206],[-122.791305381,49.252540741],[-122.792104565,49.25240686],[-122.793186002,49.252421909],[-122.793699493,49.252354077],[-122.793820223,49.252531994],[-122.795732456,49.251667643],[-122.796018559,49.251569139],[-122.796481824,49.251210811],[-122.796804906,49.251126907],[-122.796996297,49.251340698],[-122.797597702,49.252367598],[-122.797978815,49.254291706],[-122.797830412,49.255321391],[-122.797156783,49.256418002],[-122.797161305,49.256913604],[-122.797425218,49.257712606],[-122.797315809,49.259269285],[-122.797074296,49.259646692],[-122.796038163,49.260386045],[-122.795637194,49.260583813],[-122.79480588,49.260659302],[-122.792673709,49.260727709],[-122.79132772,49.260911943],[-122.791314331,49.260987051],[-122.789981024,49.263263806],[-122.790837928,49.264997401],[-122.790755415,49.265318409],[-122.790638198,49.26804471],[-122.790604235,49.269272451],[-122.790066298,49.26901118],[-122.789206046,49.268679927],[-122.786623707,49.267559273],[-122.784653281,49.266682678],[-122.784273133,49.266484],[-122.783119136,49.266075161],[-122.781639611,49.265436681],[-122.779921597,49.26473226],[-122.779464686,49.264517974]]]]},"properties":{"a": "5.06106", "q": "01000", "t": "CT", "dw": "3982", "hh": "3809", "id": "9330290.02", "nrr": "0.22399999999999998", "pop": "7930", "rgid": "59", "rpid": "59933", "ruid": "5915039", "rguid": "5915"}},{"type":"Feature","geometry":{"type":"MultiPolygon","coordinates":[[[[-122.773545919,49.253309299],[-122.772641822,49.251988505],[-122.772352809,49.251147298],[-122.771843303,49.248795883],[-122.771918085,49.248154012],[-122.772116096,49.2476779],[-122.773081202,49.246697693],[-122.773212385,49.24645031],[-122.773532378,49.245443602],[-122.77357342,49.245052001],[-122.773493205,49.244584697],[-122.773309185,49.242530395],[-122.773784601,49.241085093],[-122.773867409,49.240665007],[-122.773795705,49.240135795],[-122.7730811,49.239589201],[-122.773299541,49.239449482],[-122.774009413,49.239416426],[-122.777110581,49.239009876],[-122.778171908,49.239033524],[-122.782636832,49.239089429],[-122.783254469,49.239109351],[-122.784630455,49.238849199],[-122.787380927,49.238782427],[-122.790128027,49.238762316],[-122.795794193,49.238697241],[-122.800843933,49.238576088],[-122.803946556,49.238548151],[-122.807243418,49.238467282],[-122.806999489,49.239017011],[-122.806810297,49.240052407],[-122.806953309,49.240727507],[-122.806873012,49.241404009],[-122.806583116,49.241676003],[-122.805838595,49.241926711],[-122.804542997,49.242111788],[-122.803726301,49.2423326],[-122.802521216,49.242852403],[-122.802063387,49.243211302],[-122.801791,49.243581602],[-122.801799299,49.243994592],[-122.802787218,49.2450357],[-122.802945217,49.2453291],[-122.802900789,49.245572703],[-122.802311905,49.246132408],[-122.801307192,49.246403011],[-122.799031607,49.246471304],[-122.798487299,49.246719113],[-122.798132696,49.247352894],[-122.798262408,49.248176103],[-122.797901204,49.24859061],[-122.797473203,49.24866319],[-122.796516599,49.248358398],[-122.79595551,49.24829861],[-122.795618876,49.248450994],[-122.795508399,49.248703096],[-122.795575095,49.249400895],[-122.795959814,49.250182803],[-122.796804906,49.251126907],[-122.796481824,49.251210811],[-122.796018559,49.251569139],[-122.795732456,49.251667643],[-122.793820223,49.252531994],[-122.793699493,49.252354077],[-122.793186002,49.252421909],[-122.792104565,49.25240686],[-122.791305381,49.252540741],[-122.790717945,49.252851206],[-122.789373837,49.253912144],[-122.788353763,49.254458392],[-122.787637462,49.254585719],[-122.786015359,49.25460045],[-122.785859082,49.254635451],[-122.782641104,49.254583653],[-122.780851483,49.254577092],[-122.780595492,49.254544308],[-122.778326497,49.254042297],[-122.776633405,49.254031314],[-122.773635696,49.253439897],[-122.773545919,49.253309299]]]]},"properties":{"a": "3.33562", "q": "00000", "t": "CT", "dw": "2233", "hh": "2123", "id": "9330290.03", "nrr": "0.259", "pop": "6265", "rgid": "59", "rpid": "59933", "ruid": "5915804", "rguid": "5915"}},{"type":"Feature","geometry":{"type":"MultiPolygon","coordinates":[[[[-122.767384707,49.230319202],[-122.76786481,49.228702902],[-122.768128597,49.227332789],[-122.765590602,49.226910892],[-122.764332712,49.226467194],[-122.763422399,49.225781797],[-122.760186397,49.222702705],[-122.756035219,49.218277704],[-122.754263309,49.216819905],[-122.752901389,49.216153092],[-122.751393053,49.215771738],[-122.755594981,49.215087809],[-122.767187372,49.213664747],[-122.768632828,49.213543879],[-122.770205582,49.213381215],[-122.77880747,49.21392436],[-122.779150746,49.213939645],[-122.785266728,49.214869783],[-122.789445948,49.215516828],[-122.795355885,49.216633202],[-122.801700355,49.219660271],[-122.803916001,49.219341593],[-122.80472517,49.21933915],[-122.805154142,49.224124894],[-122.805060904,49.22522779],[-122.806463108,49.227060786],[-122.806479614,49.227905305],[-122.806297087,49.228255694],[-122.805515599,49.228910808],[-122.803744088,49.229968109],[-122.803496609,49.230149907],[-122.80289429,49.231061401],[-122.801506319,49.232605201],[-122.80043869,49.2341192],[-122.800108806,49.235069107],[-122.80011738,49.235738493],[-122.800663598,49.236197],[-122.800978002,49.236246907],[-122.802261783,49.236161495],[-122.804480085,49.236184291],[-122.805670919,49.236460604],[-122.806240993,49.236712611],[-122.807240408,49.237562899],[-122.807355296,49.237859113],[-122.807243418,49.238467282],[-122.803946556,49.238548151],[-122.800843933,49.238576088],[-122.795794193,49.238697241],[-122.790128027,49.238762316],[-122.787380927,49.238782427],[-122.784630455,49.238849199],[-122.783254469,49.239109351],[-122.782636832,49.239089429],[-122.778171908,49.239033524],[-122.777110581,49.239009876],[-122.774009413,49.239416426],[-122.773299541,49.239449482],[-122.7730811,49.239589201],[-122.772316894,49.239064502],[-122.772033894,49.238749694],[-122.771766302,49.2381948],[-122.771515178,49.237085398],[-122.771324787,49.236447197],[-122.768957841,49.234071584],[-122.768757705,49.233988099],[-122.769054976,49.233282393],[-122.770146116,49.2309179],[-122.767384707,49.230319202]]]]},"properties":{"a": "7.67739", "q": "00000", "t": "CT", "dw": "2494", "hh": "2477", "id": "9330290.04", "nrr": "0.252", "pop": "7309", "rgid": "59", "rpid": "59933", "ruid": "5915039", "rguid": "5915"}},{"type":"Feature","geometry":{"type":"MultiPolygon","coordinates":[[[[-122.759934014,49.235267289],[-122.762750107,49.233505289],[-122.766474993,49.231150714],[-122.767384707,49.230319202],[-122.770146116,49.2309179],[-122.769054976,49.233282393],[-122.768757705,49.233988099],[-122.768957841,49.234071584],[-122.771324787,49.236447197],[-122.771515178,49.237085398],[-122.771766302,49.2381948],[-122.772033894,49.238749694],[-122.772316894,49.239064502],[-122.7730811,49.239589201],[-122.773795705,49.240135795],[-122.773867409,49.240665007],[-122.773784601,49.241085093],[-122.773309185,49.242530395],[-122.773493205,49.244584697],[-122.77357342,49.245052001],[-122.773532378,49.245443602],[-122.773212385,49.24645031],[-122.773081202,49.246697693],[-122.772116096,49.2476779],[-122.771918085,49.248154012],[-122.771843303,49.248795883],[-122.772352809,49.251147298],[-122.772641822,49.251988505],[-122.773545919,49.253309299],[-122.763519496,49.253259414],[-122.762211785,49.252705697],[-122.76234591,49.252359195],[-122.762337914,49.248103783],[-122.762313606,49.241404422],[-122.762213516,49.241166271],[-122.761787312,49.240739892],[-122.75993569,49.239267097],[-122.760182393,49.237382644],[-122.759934014,49.235267289]]]]},"properties":{"a": "1.81391", "q": "00000", "t": "CT", "dw": "1185", "hh": "1144", "id": "9330290.05", "nrr": "0.267", "pop": "3388", "rgid": "59", "rpid": "59933", "ruid": "5915039", "rguid": "5915"}},{"type":"Feature","geometry":{"type":"MultiPolygon","coordinates":[[[[-122.776354568,49.278491053],[-122.774052327,49.278420978],[-122.773157915,49.27848029],[-122.770431025,49.278400507],[-122.767252715,49.278367597],[-122.767229416,49.276768599],[-122.767211099,49.273147312],[-122.767163908,49.27005929],[-122.767174697,49.2682479],[-122.767146411,49.265085702],[-122.767166689,49.2641638],[-122.767325218,49.263763098],[-122.770194206,49.264927397],[-122.774041986,49.266563305],[-122.776485593,49.267586802],[-122.776417707,49.267377597],[-122.778060082,49.265750897],[-122.778690687,49.265317502],[-122.779464686,49.264517974],[-122.779921597,49.26473226],[-122.781639611,49.265436681],[-122.783119136,49.266075161],[-122.784273133,49.266484],[-122.784653281,49.266682678],[-122.786623707,49.267559273],[-122.789206046,49.268679927],[-122.790066298,49.26901118],[-122.790604235,49.269272451],[-122.790563601,49.270929887],[-122.790639288,49.271067302],[-122.790637915,49.27366819],[-122.790558905,49.275266696],[-122.790563109,49.276040701],[-122.790493795,49.27610801],[-122.790482538,49.278069421],[-122.788176902,49.278682323],[-122.787572702,49.278668459],[-122.785510262,49.278692533],[-122.784106795,49.278616172],[-122.78394792,49.278477519],[-122.77855246,49.278317134],[-122.776354568,49.278491053]]]]},"properties":{"a": "2.30884", "q": "00000", "t": "CT", "dw": "3242", "hh": "3013", "id": "9330291.01", "nrr": "0.264", "pop": "7576", "rgid": "59", "rpid": "59933", "ruid": "5915039", "rguid": "5915"}},{"type":"Feature","geometry":{"type":"MultiPolygon","coordinates":[[[[-122.756041597,49.285742108],[-122.756114508,49.282106403],[-122.756098195,49.281219384],[-122.756165195,49.276568212],[-122.756165105,49.273622208],[-122.756124773,49.271193002],[-122.756136906,49.269250889],[-122.756072523,49.2627262],[-122.756073995,49.259797314],[-122.756380424,49.25928579],[-122.756456586,49.258781379],[-122.756325597,49.258478566],[-122.755781075,49.257931003],[-122.755519624,49.256481806],[-122.755346631,49.255165826],[-122.755278367,49.254271176],[-122.758773384,49.25573814],[-122.759264297,49.255929212],[-122.761087218,49.256730343],[-122.763092725,49.257553373],[-122.765753407,49.25872597],[-122.76610145,49.258837637],[-122.76881707,49.260027434],[-122.771936541,49.26128501],[-122.774379719,49.262339565],[-122.776422716,49.263189959],[-122.777245036,49.263595113],[-122.778414185,49.264024708],[-122.779464686,49.264517974],[-122.778690687,49.265317502],[-122.778060082,49.265750897],[-122.776417707,49.267377597],[-122.776485593,49.267586802],[-122.774041986,49.266563305],[-122.770194206,49.264927397],[-122.767325218,49.263763098],[-122.767166689,49.2641638],[-122.767146411,49.265085702],[-122.767174697,49.2682479],[-122.767163908,49.27005929],[-122.767211099,49.273147312],[-122.767229416,49.276768599],[-122.767252715,49.278367597],[-122.767207193,49.282805006],[-122.767213699,49.28432771],[-122.7672578,49.28777359],[-122.767138205,49.288032589],[-122.767122536,49.289278831],[-122.7631594,49.289334116],[-122.761570021,49.289316195],[-122.761626193,49.285840044],[-122.760183552,49.285751727],[-122.759656314,49.285683104],[-122.75744661,49.285662708],[-122.756041597,49.285742108]]]]},"properties":{"a": "3.13546", "q": "00000", "t": "CT", "dw": "3001", "hh": "2815", "id": "9330291.02", "nrr": "0.221", "pop": "8023", "rgid": "59", "rpid": "59933", "ruid": "5915039", "rguid": "5915"}},{"type":"Feature","geometry":{"type":"MultiPolygon","coordinates":[[[[-122.733986245,49.285667164],[-122.733940779,49.285239652],[-122.738146595,49.282809099],[-122.738426316,49.282487793],[-122.738488092,49.282157194],[-122.738459505,49.280354485],[-122.738476118,49.279787499],[-122.738848424,49.2766436],[-122.739157718,49.273907003],[-122.739356698,49.271857889],[-122.739761662,49.271239509],[-122.753161607,49.271215594],[-122.756124773,49.271193002],[-122.756165105,49.273622208],[-122.756165195,49.276568212],[-122.756098195,49.281219384],[-122.756114508,49.282106403],[-122.756041597,49.285742108],[-122.753187044,49.285731062],[-122.75040422,49.285755396],[-122.745632617,49.285733301],[-122.738042686,49.285752],[-122.734152167,49.285751465],[-122.733986245,49.285667164]]]]},"properties":{"a": "2.10616", "q": "00000", "t": "CT", "dw": "1870", "hh": "1817", "id": "9330292.01", "nrr": "0.255", "pop": "5483", "rgid": "59", "rpid": "59933", "ruid": "5915039", "rguid": "5915"}},{"type":"Feature","geometry":{"type":"MultiPolygon","coordinates":[[[[-122.728969894,49.248250919],[-122.732781103,49.245780713],[-122.733995314,49.245110395],[-122.73673037,49.246530367],[-122.73703393,49.246646616],[-122.739793584,49.247984126],[-122.740969365,49.248413811],[-122.742942401,49.249339897],[-122.743193575,49.249103221],[-122.745358237,49.249984887],[-122.745808658,49.250147544],[-122.748966947,49.251564966],[-122.750145314,49.252016632],[-122.754030751,49.253758895],[-122.755278367,49.254271176],[-122.755346631,49.255165826],[-122.755519624,49.256481806],[-122.755781075,49.257931003],[-122.756325597,49.258478566],[-122.756456586,49.258781379],[-122.756380424,49.25928579],[-122.756073995,49.259797314],[-122.756072523,49.2627262],[-122.756136906,49.269250889],[-122.756124773,49.271193002],[-122.753161607,49.271215594],[-122.739761662,49.271239509],[-122.737587559,49.271277412],[-122.737571299,49.270473291],[-122.737616675,49.268499804],[-122.737404003,49.268123976],[-122.736952887,49.267777036],[-122.736788115,49.267248611],[-122.740374203,49.267158697],[-122.741366682,49.266959005],[-122.741962195,49.26656069],[-122.742204685,49.266042797],[-122.742343096,49.262214397],[-122.742591199,49.261654294],[-122.743166397,49.261153612],[-122.743596208,49.260961105],[-122.742988028,49.260503963],[-122.742500609,49.260362255],[-122.738626905,49.2583876],[-122.7339718,49.258396187],[-122.733945701,49.25525462],[-122.734124027,49.251121],[-122.733737216,49.250078583],[-122.734102673,49.249927882],[-122.732040726,49.249151848],[-122.729556932,49.24811082],[-122.728969894,49.248250919]]]]},"properties":{"a": "3.20337", "q": "00000", "t": "CT", "dw": "2083", "hh": "2063", "id": "9330292.03", "nrr": "0.304", "pop": "6449", "rgid": "59", "rpid": "59933", "ruid": "5915039", "rguid": "5915"}},{"type":"Feature","geometry":{"type":"MultiPolygon","coordinates":[[[[-122.704490895,49.276389407],[-122.707206518,49.273049099],[-122.713568185,49.265163697],[-122.718460993,49.256603194],[-122.721937385,49.253106706],[-122.723471681,49.251864597],[-122.728969894,49.248250919],[-122.729556932,49.24811082],[-122.732040726,49.249151848],[-122.734102673,49.249927882],[-122.733737216,49.250078583],[-122.734124027,49.251121],[-122.733945701,49.25525462],[-122.7339718,49.258396187],[-122.738626905,49.2583876],[-122.742500609,49.260362255],[-122.742988028,49.260503963],[-122.743596208,49.260961105],[-122.743166397,49.261153612],[-122.742591199,49.261654294],[-122.742343096,49.262214397],[-122.742204685,49.266042797],[-122.741962195,49.26656069],[-122.741366682,49.266959005],[-122.740374203,49.267158697],[-122.736788115,49.267248611],[-122.736952887,49.267777036],[-122.737404003,49.268123976],[-122.737616675,49.268499804],[-122.737571299,49.270473291],[-122.737587559,49.271277412],[-122.739761662,49.271239509],[-122.739356698,49.271857889],[-122.739157718,49.273907003],[-122.738848424,49.2766436],[-122.738476118,49.279787499],[-122.738459505,49.280354485],[-122.738488092,49.282157194],[-122.738426316,49.282487793],[-122.738146595,49.282809099],[-122.733940779,49.285239652],[-122.733986245,49.285667164],[-122.733521727,49.285491995],[-122.733567324,49.283984035],[-122.734016322,49.282157229],[-122.733950427,49.280360537],[-122.73376061,49.278527706],[-122.729181099,49.27850159],[-122.714289821,49.278531307],[-122.714188919,49.278678769],[-122.713609391,49.280102581],[-122.712390199,49.27972381],[-122.709806592,49.279158394],[-122.708908702,49.278808001],[-122.708972096,49.278490404],[-122.708736606,49.27828961],[-122.704490895,49.276389407]]]]},"properties":{"a": "5.90925", "q": "00000", "t": "CT", "dw": "1444", "hh": "1391", "id": "9330292.04", "nrr": "0.254", "pop": "3924", "rgid": "59", "rpid": "59933", "ruid": "5915039", "rguid": "5915"}},{"type":"Feature","geometry":{"type":"MultiPolygon","coordinates":[[[[-122.421923909,49.176691638],[-122.422237842,49.174958236],[-122.422436434,49.174710653],[-122.422348725,49.174345904],[-122.4224974,49.173524896],[-122.423744911,49.171797789],[-122.425804301,49.168830606],[-122.435647899,49.170603712],[-122.441347098,49.171301603],[-122.44481502,49.171636205],[-122.451055788,49.171941303],[-122.456828308,49.17176731],[-122.460166499,49.171479406],[-122.461478465,49.171327064],[-122.46188192,49.171280202],[-122.464286804,49.170817606],[-122.467170188,49.170463806],[-122.472431184,49.170197801],[-122.478191597,49.169795106],[-122.488777524,49.168327806],[-122.494271894,49.168005907],[-122.496662683,49.167813692],[-122.5004469,49.167678391],[-122.50408018,49.167454796],[-122.509835293,49.167305204],[-122.511071296,49.16735941],[-122.513451116,49.167226899],[-122.517242784,49.167224006],[-122.525231799,49.167582906],[-122.529239491,49.168112792],[-122.53161361,49.1687209],[-122.533413406,49.169163805],[-122.538457298,49.170146493],[-122.541191002,49.171040501],[-122.542652198,49.171785008],[-122.543247494,49.172169521],[-122.540878067,49.175948467],[-122.541028326,49.175991146],[-122.540633346,49.176543801],[-122.539909248,49.178240245],[-122.539389889,49.178753305],[-122.53562902,49.182985428],[-122.534866581,49.183804419],[-122.534753486,49.184029304],[-122.538372913,49.184025888],[-122.539049305,49.184338704],[-122.54064511,49.187228657],[-122.540903226,49.187502797],[-122.541076271,49.188071591],[-122.540981645,49.188568709],[-122.540393362,49.18950415],[-122.539276329,49.191697756],[-122.538832739,49.192310697],[-122.537292087,49.194055412],[-122.537061904,49.194345394],[-122.536607374,49.194736298],[-122.536173027,49.195003506],[-122.535079012,49.195412588],[-122.534685478,49.195794625],[-122.534584436,49.196045524],[-122.534577666,49.197387123],[-122.534504685,49.199560208],[-122.534580227,49.203092398],[-122.534468997,49.203295195],[-122.53468234,49.204033839],[-122.534815609,49.205958014],[-122.534784421,49.20669242],[-122.533784044,49.206625265],[-122.534732053,49.207636414],[-122.533366292,49.207160295],[-122.532513993,49.20722009],[-122.531012094,49.207806915],[-122.52996269,49.208477714],[-122.527934283,49.209459],[-122.525992285,49.210161103],[-122.525429905,49.2101497],[-122.524910089,49.209923311],[-122.524443186,49.209938896],[-122.524055987,49.210135503],[-122.523237902,49.210951486],[-122.522728889,49.211065494],[-122.519787507,49.211439984],[-122.51836071,49.211254891],[-122.517438801,49.211519806],[-122.516504585,49.211544006],[-122.5159547,49.211630888],[-122.515310109,49.211611],[-122.515207106,49.21219491],[-122.514906,49.212229103],[-122.514152715,49.212055293],[-122.513386788,49.211656507],[-122.512452911,49.211598091],[-122.5116854,49.211460014],[-122.51083391,49.211447202],[-122.509446502,49.211657998],[-122.508498902,49.211716412],[-122.507867299,49.211677897],[-122.506838478,49.211457097],[-122.505814279,49.2110042],[-122.505448105,49.21059691],[-122.50553581,49.209994508],[-122.505014924,49.209893403],[-122.503967798,49.210339097],[-122.5030749,49.210236601],[-122.501798995,49.210185305],[-122.501128201,49.209948885],[-122.500462085,49.209270991],[-122.500304711,49.208722694],[-122.499921287,49.208531795],[-122.498990184,49.208266904],[-122.498950992,49.208069009],[-122.499176791,49.207547705],[-122.498961513,49.20701649],[-122.498072884,49.206678894],[-122.497321109,49.206271604],[-122.496513792,49.206123505],[-122.496104306,49.205951104],[-122.49495809,49.205136501],[-122.494936319,49.204722097],[-122.494813185,49.204578191],[-122.4942361,49.204521195],[-122.493713805,49.204628108],[-122.493258695,49.204858801],[-122.492132588,49.204845993],[-122.49163669,49.204978404],[-122.491512807,49.205112309],[-122.491241316,49.206055096],[-122.490024298,49.207049196],[-122.490158289,49.207409508],[-122.489922104,49.207705805],[-122.489631312,49.207766997],[-122.488670707,49.207806889],[-122.488077804,49.208101704],[-122.487935801,49.208460611],[-122.487956993,49.209100099],[-122.487514401,49.20948461],[-122.486659605,49.209813609],[-122.484283691,49.211179389],[-122.483009199,49.212163594],[-122.482250893,49.212573711],[-122.481528908,49.213208901],[-122.48039569,49.213932394],[-122.479966709,49.214379592],[-122.479579404,49.214576207],[-122.478642799,49.21486949],[-122.478297907,49.215101711],[-122.477829724,49.215242705],[-122.477237299,49.215312493],[-122.476564696,49.21531819],[-122.475768906,49.215180004],[-122.474958095,49.215283989],[-122.474669494,49.215255488],[-122.473250493,49.214403789],[-122.472991404,49.214339696],[-122.471629496,49.214584699],[-122.469881603,49.215009108],[-122.468729384,49.214895201],[-122.467917279,49.214919397],[-122.467120096,49.215104503],[-122.466759882,49.215318203],[-122.466260399,49.215900713],[-122.465895203,49.216555809],[-122.465400283,49.216652703],[-122.464841217,49.216370695],[-122.464581806,49.21606451],[-122.464307915,49.216044494],[-122.463825582,49.2161684],[-122.461934198,49.217185312],[-122.461488714,49.217794902],[-122.461289701,49.218333193],[-122.460696584,49.218609507],[-122.460403992,49.219076706],[-122.460002805,49.219244708],[-122.459081893,49.219294596],[-122.458722883,49.219509601],[-122.45836493,49.22001389],[-122.45778401,49.220009089],[-122.431378495,49.219932802],[-122.428583803,49.219939302],[-122.425071895,49.220253715],[-122.424498808,49.220377009],[-122.423978774,49.219187535],[-122.424055193,49.212937119],[-122.424239592,49.205067681],[-122.424401363,49.204713466],[-122.424227976,49.203667703],[-122.424225268,49.202864634],[-122.424310508,49.198317184],[-122.423788786,49.19110276],[-122.42479242,49.182761856],[-122.424837511,49.182044851],[-122.425175484,49.179962151],[-122.424786334,49.178961646],[-122.424164191,49.178421159],[-122.42390498,49.178282873],[-122.422414336,49.177123849],[-122.421923909,49.176691638]]]]},"properties":{"a": "41.09432", "q": "00000", "t": "CT", "dw": "1597", "hh": "1475", "id": "9330400.02", "nrr": "0.364", "pop": "4140", "rgid": "59", "rpid": "59933", "ruid": "5915075", "rguid": "5915"}},{"type":"Feature","geometry":{"type":"MultiPolygon","coordinates":[[[[-122.45836493,49.22001389],[-122.458722883,49.219509601],[-122.459081893,49.219294596],[-122.460002805,49.219244708],[-122.460403992,49.219076706],[-122.460696584,49.218609507],[-122.461289701,49.218333193],[-122.461488714,49.217794902],[-122.461934198,49.217185312],[-122.463825582,49.2161684],[-122.464307915,49.216044494],[-122.464581806,49.21606451],[-122.464841217,49.216370695],[-122.465400283,49.216652703],[-122.465895203,49.216555809],[-122.466260399,49.215900713],[-122.466759882,49.215318203],[-122.467120096,49.215104503],[-122.467917279,49.214919397],[-122.468729384,49.214895201],[-122.469881603,49.215009108],[-122.471629496,49.214584699],[-122.472991404,49.214339696],[-122.473250493,49.214403789],[-122.474669494,49.215255488],[-122.474958095,49.215283989],[-122.475768906,49.215180004],[-122.476564696,49.21531819],[-122.477237299,49.215312493],[-122.477829724,49.215242705],[-122.478297907,49.215101711],[-122.478642799,49.21486949],[-122.479579404,49.214576207],[-122.479966709,49.214379592],[-122.48039569,49.213932394],[-122.481528908,49.213208901],[-122.482250893,49.212573711],[-122.483009199,49.212163594],[-122.484283691,49.211179389],[-122.486659605,49.209813609],[-122.487514401,49.20948461],[-122.487956993,49.209100099],[-122.487935801,49.208460611],[-122.488077804,49.208101704],[-122.488670707,49.207806889],[-122.489631312,49.207766997],[-122.489922104,49.207705805],[-122.490158289,49.207409508],[-122.490024298,49.207049196],[-122.491241316,49.206055096],[-122.491512807,49.205112309],[-122.49163669,49.204978404],[-122.492132588,49.204845993],[-122.493258695,49.204858801],[-122.493713805,49.204628108],[-122.4942361,49.204521195],[-122.494813185,49.204578191],[-122.494936319,49.204722097],[-122.49495809,49.205136501],[-122.496104306,49.205951104],[-122.496513792,49.206123505],[-122.497321109,49.206271604],[-122.498072884,49.206678894],[-122.498961513,49.20701649],[-122.499176791,49.207547705],[-122.498950992,49.208069009],[-122.498990184,49.208266904],[-122.499921287,49.208531795],[-122.500304711,49.208722694],[-122.500462085,49.209270991],[-122.501128201,49.209948885],[-122.501798995,49.210185305],[-122.5030749,49.210236601],[-122.503967798,49.210339097],[-122.505014924,49.209893403],[-122.50553581,49.209994508],[-122.505448105,49.21059691],[-122.505814279,49.2110042],[-122.506838478,49.211457097],[-122.507867299,49.211677897],[-122.508498902,49.211716412],[-122.509446502,49.211657998],[-122.51083391,49.211447202],[-122.5116854,49.211460014],[-122.512452911,49.211598091],[-122.513386788,49.211656507],[-122.514152715,49.212055293],[-122.514906,49.212229103],[-122.515207106,49.21219491],[-122.515310109,49.211611],[-122.5159547,49.211630888],[-122.516504585,49.211544006],[-122.517438801,49.211519806],[-122.51836071,49.211254891],[-122.519787507,49.211439984],[-122.522728889,49.211065494],[-122.523237902,49.210951486],[-122.524055987,49.210135503],[-122.524443186,49.209938896],[-122.524910089,49.209923311],[-122.525429905,49.2101497],[-122.525992285,49.210161103],[-122.527934283,49.209459],[-122.52996269,49.208477714],[-122.531012094,49.207806915],[-122.532513993,49.20722009],[-122.533366292,49.207160295],[-122.534732053,49.207636414],[-122.533784044,49.206625265],[-122.534784421,49.20669242],[-122.534815609,49.205958014],[-122.53468234,49.204033839],[-122.534468997,49.203295195],[-122.534580227,49.203092398],[-122.534504685,49.199560208],[-122.534577666,49.197387123],[-122.534584436,49.196045524],[-122.534685478,49.195794625],[-122.535079012,49.195412588],[-122.536173027,49.195003506],[-122.536607374,49.194736298],[-122.537061904,49.194345394],[-122.537292087,49.194055412],[-122.538832739,49.192310697],[-122.539276329,49.191697756],[-122.540393362,49.18950415],[-122.540981645,49.188568709],[-122.541076271,49.188071591],[-122.540903226,49.187502797],[-122.54064511,49.187228657],[-122.539049305,49.184338704],[-122.538372913,49.184025888],[-122.534753486,49.184029304],[-122.534866581,49.183804419],[-122.53562902,49.182985428],[-122.539389889,49.178753305],[-122.539909248,49.178240245],[-122.540633346,49.176543801],[-122.541028326,49.175991146],[-122.540878067,49.175948467],[-122.543247494,49.172169521],[-122.544871219,49.173218204],[-122.546943885,49.174704003],[-122.548181609,49.175616293],[-122.550796487,49.176901597],[-122.553209913,49.177877109],[-122.556469414,49.178899712],[-122.55659981,49.181405246],[-122.556843991,49.181774897],[-122.556829107,49.183327113],[-122.556869301,49.184950483],[-122.556867695,49.187489914],[-122.556841868,49.191355962],[-122.556720132,49.196978861],[-122.556698982,49.199651886],[-122.556659388,49.202092688],[-122.556670668,49.2058283],[-122.556655653,49.206715449],[-122.556749086,49.210176075],[-122.556963011,49.216695355],[-122.557124742,49.220346467],[-122.549743474,49.220310461],[-122.545938395,49.220299399],[-122.540418419,49.220251201],[-122.534702387,49.220272197],[-122.523587788,49.220364801],[-122.518114187,49.220429591],[-122.512498097,49.220452604],[-122.508805617,49.220440197],[-122.501526809,49.220371801],[-122.498727009,49.220336804],[-122.491266709,49.220216697],[-122.489038305,49.220107191],[-122.482428298,49.220127796],[-122.466991915,49.220078806],[-122.45836493,49.22001389]]]]},"properties":{"a": "12.77745", "q": "00000", "t": "CT", "dw": "2162", "hh": "2049", "id": "9330400.04", "nrr": "0.297", "pop": "6564", "rgid": "59", "rpid": "59933", "ruid": "5915075", "rguid": "5915"}},{"type":"Feature","geometry":{"type":"MultiPolygon","coordinates":[[[[-122.570827875,49.220372397],[-122.57095927,49.218467936],[-122.568106638,49.218460154],[-122.568031272,49.216749226],[-122.568043397,49.214746617],[-122.567942391,49.213033225],[-122.567931409,49.211322206],[-122.567753304,49.211074991],[-122.567934179,49.2106888],[-122.56784399,49.207526597],[-122.567837288,49.20609449],[-122.568395299,49.205823884],[-122.569557306,49.205795109],[-122.570714844,49.205044395],[-122.5707169,49.204867839],[-122.570274739,49.204536566],[-122.570003485,49.204176476],[-122.569526976,49.204310001],[-122.568978448,49.204303348],[-122.566491487,49.204154734],[-122.564729969,49.204088659],[-122.563926773,49.204166682],[-122.563266929,49.204329468],[-122.562651896,49.204572069],[-122.561350583,49.205371296],[-122.560119415,49.205778984],[-122.559683116,49.20583261],[-122.556670668,49.2058283],[-122.556659388,49.202092688],[-122.556698982,49.199651886],[-122.556720132,49.196978861],[-122.556841868,49.191355962],[-122.556867695,49.187489914],[-122.556869301,49.184950483],[-122.556829107,49.183327113],[-122.556843991,49.181774897],[-122.55659981,49.181405246],[-122.556469414,49.178899712],[-122.563028205,49.18080389],[-122.570304897,49.182651101],[-122.5737889,49.183668009],[-122.575027113,49.184107995],[-122.577317207,49.185256008],[-122.579960995,49.186926602],[-122.582509311,49.188956097],[-122.584719909,49.191284085],[-122.585777506,49.193090888],[-122.586512398,49.194633003],[-122.589460385,49.199452504],[-122.585907579,49.200452294],[-122.585455298,49.200315599],[-122.585704378,49.200217295],[-122.585101012,49.19999941],[-122.584108394,49.19902381],[-122.583423218,49.198662002],[-122.5828913,49.19845269],[-122.581069197,49.198059595],[-122.580437218,49.198048207],[-122.579940399,49.1982989],[-122.579815579,49.1984869],[-122.579880007,49.198892801],[-122.580097408,49.199253087],[-122.580589599,49.199471012],[-122.5826878,49.199622005],[-122.583276102,49.200037806],[-122.583368995,49.200200188],[-122.583325507,49.200623208],[-122.582408879,49.2018793],[-122.580687003,49.20249321],[-122.580353074,49.202543017],[-122.581312548,49.203079245],[-122.580524282,49.203154296],[-122.580055815,49.203666315],[-122.579882833,49.203373143],[-122.579423348,49.203462214],[-122.579236526,49.203949177],[-122.579465275,49.205035127],[-122.579042801,49.205740784],[-122.57910735,49.206317729],[-122.579303841,49.206706064],[-122.579234639,49.208353802],[-122.579272954,49.209175056],[-122.57917504,49.209721621],[-122.579223006,49.211027071],[-122.579278285,49.214935142],[-122.57923938,49.220363963],[-122.574153806,49.220383613],[-122.570827875,49.220372397]]]]},"properties":{"a": "6.19206", "q": "00001", "t": "CT", "dw": "2132", "hh": "2092", "id": "9330400.05", "nrr": "0.324", "pop": "6253", "rgid": "59", "rpid": "59933", "ruid": "5915075", "rguid": "5915"}},{"type":"Feature","geometry":{"type":"MultiPolygon","coordinates":[[[[-122.557124742,49.220346467],[-122.556963011,49.216695355],[-122.556749086,49.210176075],[-122.556655653,49.206715449],[-122.556670668,49.2058283],[-122.559683116,49.20583261],[-122.560119415,49.205778984],[-122.561350583,49.205371296],[-122.562651896,49.204572069],[-122.563266929,49.204329468],[-122.563926773,49.204166682],[-122.564729969,49.204088659],[-122.566491487,49.204154734],[-122.568978448,49.204303348],[-122.569526976,49.204310001],[-122.570003485,49.204176476],[-122.570274739,49.204536566],[-122.5707169,49.204867839],[-122.570714844,49.205044395],[-122.569557306,49.205795109],[-122.568395299,49.205823884],[-122.567837288,49.20609449],[-122.56784399,49.207526597],[-122.567934179,49.2106888],[-122.567753304,49.211074991],[-122.567931409,49.211322206],[-122.567942391,49.213033225],[-122.568043397,49.214746617],[-122.568031272,49.216749226],[-122.568106638,49.218460154],[-122.57095927,49.218467936],[-122.570827875,49.220372397],[-122.565266121,49.220352103],[-122.561232019,49.220355943],[-122.557124742,49.220346467]]]]},"properties":{"a": "1.46232", "q": "00001", "t": "CT", "dw": "1269", "hh": "1231", "id": "9330400.06", "nrr": "0.35", "pop": "4064", "rgid": "59", "rpid": "59933", "ruid": "5915075", "rguid": "5915"}},{"type":"Feature","geometry":{"type":"MultiPolygon","coordinates":[[[[-122.607010105,49.220495694],[-122.607043994,49.217777305],[-122.607015491,49.216909497],[-122.60706171,49.21631451],[-122.606941112,49.216010597],[-122.606645406,49.215679599],[-122.602844301,49.212224902],[-122.602198244,49.211807384],[-122.602134138,49.211615339],[-122.602615105,49.210912515],[-122.603565139,49.209226794],[-122.605704183,49.209805097],[-122.607476612,49.210146091],[-122.608229284,49.210246596],[-122.613769704,49.210470194],[-122.617767796,49.210451688],[-122.620296283,49.210272193],[-122.622048097,49.210037246],[-122.622782345,49.212456045],[-122.622911209,49.214007201],[-122.622865807,49.215386306],[-122.622840409,49.217773303],[-122.622749808,49.220566506],[-122.618551611,49.220562893],[-122.615567292,49.220537708],[-122.607010105,49.220495694]]]]},"properties":{"a": "1.45407", "q": "01000", "t": "CT", "dw": "1153", "hh": "1116", "id": "9330401.01", "nrr": "0.405", "pop": "2622", "rgid": "59", "rpid": "59933", "ruid": "5915075", "rguid": "5915"}},{"type":"Feature","geometry":{"type":"MultiPolygon","coordinates":[[[[-122.5940096,49.220439815],[-122.588337807,49.220422611],[-122.584850893,49.220398654],[-122.581424972,49.220403591],[-122.57923938,49.220363963],[-122.579278285,49.214935142],[-122.579223006,49.211027071],[-122.57917504,49.209721621],[-122.579272954,49.209175056],[-122.579234639,49.208353802],[-122.579303841,49.206706064],[-122.57910735,49.206317729],[-122.579042801,49.205740784],[-122.579465275,49.205035127],[-122.579236526,49.203949177],[-122.579423348,49.203462214],[-122.579882833,49.203373143],[-122.580055815,49.203666315],[-122.580524282,49.203154296],[-122.581312548,49.203079245],[-122.580353074,49.202543017],[-122.580687003,49.20249321],[-122.582408879,49.2018793],[-122.583325507,49.200623208],[-122.583368995,49.200200188],[-122.583276102,49.200037806],[-122.5826878,49.199622005],[-122.580589599,49.199471012],[-122.580097408,49.199253087],[-122.579880007,49.198892801],[-122.579815579,49.1984869],[-122.579940399,49.1982989],[-122.580437218,49.198048207],[-122.581069197,49.198059595],[-122.5828913,49.19845269],[-122.583423218,49.198662002],[-122.584108394,49.19902381],[-122.585101012,49.19999941],[-122.585704378,49.200217295],[-122.585455298,49.200315599],[-122.585907579,49.200452294],[-122.589460385,49.199452504],[-122.590801012,49.2009465],[-122.591781904,49.201845196],[-122.595091692,49.20412101],[-122.598637202,49.206734503],[-122.599880709,49.207606091],[-122.601549205,49.20853039],[-122.602390488,49.208909199],[-122.603565139,49.209226794],[-122.602615105,49.210912515],[-122.602134138,49.211615339],[-122.602198244,49.211807384],[-122.602844301,49.212224902],[-122.606645406,49.215679599],[-122.606941112,49.216010597],[-122.60706171,49.21631451],[-122.607015491,49.216909497],[-122.607043994,49.217777305],[-122.607010105,49.220495694],[-122.603024007,49.220482792],[-122.600376066,49.220438919],[-122.597837598,49.220418304],[-122.5940096,49.220439815]]]]},"properties":{"a": "3.56358", "q": "01000", "t": "CT", "dw": "3894", "hh": "3666", "id": "9330401.02", "nrr": "0.298", "pop": "7600", "rgid": "59", "rpid": "59933", "ruid": "5915075", "rguid": "5915"}},{"type":"Feature","geometry":{"type":"MultiPolygon","coordinates":[[[[-122.601122265,49.234466116],[-122.601141089,49.232736706],[-122.601215003,49.229327509],[-122.601248119,49.228650995],[-122.601367817,49.22410879],[-122.606956206,49.224164095],[-122.607003783,49.222761711],[-122.607010105,49.220495694],[-122.615567292,49.220537708],[-122.618551611,49.220562893],[-122.622749808,49.220566506],[-122.622714785,49.221935099],[-122.622705016,49.223730586],[-122.622597906,49.227845087],[-122.622602483,49.230272702],[-122.622563617,49.231052683],[-122.622510901,49.235136496],[-122.62242052,49.241023142],[-122.621890406,49.241332789],[-122.621394107,49.241485209],[-122.620502502,49.241382603],[-122.619420993,49.240938292],[-122.617774603,49.240617793],[-122.617169494,49.240660609],[-122.615818584,49.241169002],[-122.614608791,49.241291509],[-122.6134144,49.241161907],[-122.611825207,49.240814402],[-122.610775317,49.239650798],[-122.610599976,49.239298996],[-122.609821289,49.238603996],[-122.60897268,49.238303497],[-122.608713102,49.238014395],[-122.606748085,49.236560291],[-122.605596498,49.236124502],[-122.603668285,49.235091896],[-122.602093014,49.234510798],[-122.601122265,49.234466116]]]]},"properties":{"a": "3.01936", "q": "00000", "t": "CT", "dw": "1969", "hh": "1924", "id": "9330402.02", "nrr": "0.303", "pop": "5255", "rgid": "59", "rpid": "59933", "ruid": "5915075", "rguid": "5915"}},{"type":"Feature","geometry":{"type":"MultiPolygon","coordinates":[[[[-122.5940096,49.220439815],[-122.597837598,49.220418304],[-122.600376066,49.220438919],[-122.603024007,49.220482792],[-122.607010105,49.220495694],[-122.607003783,49.222761711],[-122.606956206,49.224164095],[-122.601367817,49.22410879],[-122.601248119,49.228650995],[-122.601215003,49.229327509],[-122.601141089,49.232736706],[-122.601122265,49.234466116],[-122.599155093,49.234375499],[-122.598578503,49.234283011],[-122.596750191,49.234475202],[-122.59643231,49.234725899],[-122.596468323,49.235328301],[-122.596809391,49.2355633],[-122.596655619,49.235940701],[-122.594759388,49.235960712],[-122.593757011,49.235947805],[-122.592890311,49.236061808],[-122.5908111,49.23673831],[-122.589906551,49.237011733],[-122.590316101,49.236201897],[-122.59032521,49.234994805],[-122.590296194,49.233519721],[-122.59033901,49.232656892],[-122.590318499,49.228542809],[-122.5903291,49.2264725],[-122.593872397,49.226483599],[-122.593888894,49.224929703],[-122.593995388,49.221381889],[-122.5940096,49.220439815]]]]},"properties":{"a": "1.3191", "q": "00001", "t": "CT", "dw": "2249", "hh": "2146", "id": "9330402.03", "nrr": "0.35700000000000004", "pop": "4534", "rgid": "59", "rpid": "59933", "ruid": "5915075", "rguid": "5915"}},{"type":"Feature","geometry":{"type":"MultiPolygon","coordinates":[[[[-122.579338508,49.234894492],[-122.579269506,49.230706812],[-122.57917162,49.227619302],[-122.579211592,49.223982797],[-122.579252395,49.22152859],[-122.57923938,49.220363963],[-122.581424972,49.220403591],[-122.584850893,49.220398654],[-122.588337807,49.220422611],[-122.5940096,49.220439815],[-122.593995388,49.221381889],[-122.593888894,49.224929703],[-122.593872397,49.226483599],[-122.5903291,49.2264725],[-122.590318499,49.228542809],[-122.59033901,49.232656892],[-122.590296194,49.233519721],[-122.59032521,49.234994805],[-122.590316101,49.236201897],[-122.589906551,49.237011733],[-122.588053419,49.237148498],[-122.587631408,49.237337895],[-122.587154999,49.23805989],[-122.586696993,49.238450192],[-122.585638588,49.239002797],[-122.584317607,49.239308992],[-122.583474116,49.239330304],[-122.580687901,49.239102489],[-122.579567691,49.239176227],[-122.579485194,49.237880014],[-122.579470101,49.237115408],[-122.579338508,49.234894492]]]]},"properties":{"a": "1.79626", "q": "00001", "t": "CT", "dw": "1529", "hh": "1483", "id": "9330402.04", "nrr": "0.312", "pop": "4081", "rgid": "59", "rpid": "59933", "ruid": "5915075", "rguid": "5915"}},{"type":"Feature","geometry":{"type":"MultiPolygon","coordinates":[[[[-122.622749808,49.220566506],[-122.622840409,49.217773303],[-122.622865807,49.215386306],[-122.622911209,49.214007201],[-122.622782345,49.212456045],[-122.622048097,49.210037246],[-122.623800293,49.209802216],[-122.625355397,49.209515893],[-122.628369192,49.208876513],[-122.631100786,49.208167196],[-122.636479814,49.206683198],[-122.642334795,49.204583915],[-122.643995153,49.203894889],[-122.648137991,49.202175451],[-122.648412438,49.204571136],[-122.648316082,49.206212212],[-122.648104022,49.206506609],[-122.648123818,49.207830905],[-122.648077213,49.210339799],[-122.647943693,49.214850917],[-122.647889595,49.219251009],[-122.647839503,49.220516293],[-122.639416897,49.220531495],[-122.63184199,49.220558203],[-122.628133704,49.220577395],[-122.622749808,49.220566506]]]]},"properties":{"a": "2.84812", "q": "00000", "t": "CT", "dw": "2055", "hh": "1993", "id": "9330403.01", "nrr": "0.295", "pop": "5403", "rgid": "59", "rpid": "59933", "ruid": "5915075", "rguid": "5915"}},{"type":"Feature","geometry":{"type":"MultiPolygon","coordinates":[[[[-122.647839503,49.220516293],[-122.647889595,49.219251009],[-122.647943693,49.214850917],[-122.648077213,49.210339799],[-122.648123818,49.207830905],[-122.648104022,49.206506609],[-122.648316082,49.206212212],[-122.648412438,49.204571136],[-122.648137991,49.202175451],[-122.653431477,49.199977994],[-122.657189805,49.198528206],[-122.659541107,49.197669398],[-122.6621555,49.196830505],[-122.6648501,49.196289009],[-122.667921005,49.196226406],[-122.66818703,49.1997311],[-122.66946906,49.199741654],[-122.67048571,49.199563598],[-122.672050695,49.199676094],[-122.672695682,49.199822796],[-122.674300696,49.199998013],[-122.676316693,49.200020689],[-122.677442697,49.200104814],[-122.678114078,49.200210778],[-122.678259723,49.200314796],[-122.678241745,49.202792197],[-122.678321165,49.205583139],[-122.671752849,49.205785857],[-122.671217323,49.206824644],[-122.670945478,49.20722043],[-122.670964259,49.207403637],[-122.670468045,49.208160479],[-122.670375828,49.208612007],[-122.669204045,49.209572369],[-122.668809294,49.211334479],[-122.668708043,49.212295753],[-122.669053597,49.213149532],[-122.669240463,49.216954301],[-122.669121115,49.217201499],[-122.669113644,49.21801316],[-122.668950744,49.221277016],[-122.664512044,49.221249286],[-122.664162889,49.221247119],[-122.663612315,49.221420204],[-122.660923012,49.221435998],[-122.656683624,49.221432504],[-122.653486696,49.221405393],[-122.652615906,49.221200006],[-122.651727006,49.22067591],[-122.650890198,49.220532714],[-122.647839503,49.220516293]]]]},"properties":{"a": "4.33647", "q": "00000", "t": "CT", "dw": "2089", "hh": "2025", "id": "9330403.03", "nrr": "0.29100000000000004", "pop": "5502", "rgid": "59", "rpid": "59933", "ruid": "5915075", "rguid": "5915"}},{"type":"Feature","geometry":{"type":"MultiPolygon","coordinates":[[[[-122.62242052,49.241023142],[-122.622510901,49.235136496],[-122.622563617,49.231052683],[-122.622602483,49.230272702],[-122.622597906,49.227845087],[-122.622705016,49.223730586],[-122.622714785,49.221935099],[-122.622749808,49.220566506],[-122.628133704,49.220577395],[-122.63184199,49.220558203],[-122.639416897,49.220531495],[-122.639414312,49.220985587],[-122.63954078,49.221418412],[-122.639491506,49.223427203],[-122.639450796,49.226303899],[-122.644868499,49.226291502],[-122.644874683,49.2272126],[-122.645502906,49.227886299],[-122.645480087,49.230178793],[-122.647420585,49.230613104],[-122.649945397,49.230640194],[-122.653825918,49.230661599],[-122.654701093,49.230330199],[-122.656793507,49.23035449],[-122.656734237,49.232099925],[-122.656696189,49.232982588],[-122.655859695,49.242267915],[-122.644772602,49.242264997],[-122.644753691,49.248965294],[-122.644743181,49.249360738],[-122.644063413,49.249086208],[-122.642353087,49.248126306],[-122.642092697,49.248063611],[-122.641212113,49.248167592],[-122.640852484,49.248392603],[-122.640288919,49.248435302],[-122.639277093,49.247711814],[-122.638700188,49.247683307],[-122.637628099,49.247895511],[-122.636927986,49.247714692],[-122.636753386,49.247327292],[-122.636755301,49.246868691],[-122.637050108,49.246130903],[-122.637053205,49.245708004],[-122.636430188,49.244510209],[-122.636474808,49.24389921],[-122.636259702,49.243340896],[-122.635864499,49.242916515],[-122.635481598,49.242681503],[-122.634384695,49.242237212],[-122.633799719,49.241677398],[-122.633091193,49.240740302],[-122.632570099,49.24061211],[-122.632281107,49.240647695],[-122.630890684,49.241119091],[-122.630312217,49.241198895],[-122.629751303,49.241097802],[-122.629188707,49.240781593],[-122.628655606,49.240688998],[-122.628048504,49.240750288],[-122.626508496,49.241114895],[-122.625574413,49.241183201],[-122.624597482,49.241126293],[-122.622938789,49.240887005],[-122.62242052,49.241023142]]]]},"properties":{"a": "5.0577", "q": "00000", "t": "CT", "dw": "1647", "hh": "1616", "id": "9330403.04", "nrr": "0.27", "pop": "4527", "rgid": "59", "rpid": "59933", "ruid": "5915075", "rguid": "5915"}},{"type":"Feature","geometry":{"type":"MultiPolygon","coordinates":[[[[-122.639416897,49.220531495],[-122.647839503,49.220516293],[-122.650890198,49.220532714],[-122.651727006,49.22067591],[-122.652615906,49.221200006],[-122.653486696,49.221405393],[-122.656683624,49.221432504],[-122.660923012,49.221435998],[-122.663612315,49.221420204],[-122.664162889,49.221247119],[-122.665726191,49.222332466],[-122.66542127,49.22420082],[-122.665205063,49.225380256],[-122.665088554,49.226281074],[-122.664774,49.227759872],[-122.664629964,49.22915733],[-122.6644019,49.231982664],[-122.656734237,49.232099925],[-122.656793507,49.23035449],[-122.654701093,49.230330199],[-122.653825918,49.230661599],[-122.649945397,49.230640194],[-122.647420585,49.230613104],[-122.645480087,49.230178793],[-122.645502906,49.227886299],[-122.644874683,49.2272126],[-122.644868499,49.226291502],[-122.639450796,49.226303899],[-122.639491506,49.223427203],[-122.63954078,49.221418412],[-122.639414312,49.220985587],[-122.639416897,49.220531495]]]]},"properties":{"a": "1.87448", "q": "00000", "t": "CT", "dw": "1590", "hh": "1565", "id": "9330403.05", "nrr": "0.289", "pop": "4514", "rgid": "59", "rpid": "59933", "ruid": "5915075", "rguid": "5915"}},{"type":"Feature","geometry":{"type":"MultiPolygon","coordinates":[[[[-122.424498808,49.220377009],[-122.425071895,49.220253715],[-122.428583803,49.219939302],[-122.431378495,49.219932802],[-122.45778401,49.220009089],[-122.45836493,49.22001389],[-122.466991915,49.220078806],[-122.482428298,49.220127796],[-122.489038305,49.220107191],[-122.491266709,49.220216697],[-122.498727009,49.220336804],[-122.501526809,49.220371801],[-122.508805617,49.220440197],[-122.512498097,49.220452604],[-122.518114187,49.220429591],[-122.523587788,49.220364801],[-122.534702387,49.220272197],[-122.540418419,49.220251201],[-122.545938395,49.220299399],[-122.549743474,49.220310461],[-122.557124742,49.220346467],[-122.561232019,49.220355943],[-122.565266121,49.220352103],[-122.570827875,49.220372397],[-122.574153806,49.220383613],[-122.57923938,49.220363963],[-122.579252395,49.22152859],[-122.579211592,49.223982797],[-122.57917162,49.227619302],[-122.579269506,49.230706812],[-122.579338508,49.234894492],[-122.570975693,49.234655903],[-122.568324103,49.234612109],[-122.564935388,49.234693403],[-122.562132212,49.234823894],[-122.561453801,49.234749104],[-122.559789292,49.234843207],[-122.559665033,49.234907923],[-122.557372014,49.234879289],[-122.557253505,49.23355181],[-122.55707051,49.233241403],[-122.556375606,49.232759596],[-122.555634898,49.23259901],[-122.554906905,49.232563984],[-122.554232309,49.232641607],[-122.553329289,49.232965891],[-122.552728425,49.233382901],[-122.552354607,49.2339584],[-122.55167441,49.235311097],[-122.549600081,49.23506067],[-122.547122885,49.234795697],[-122.546258913,49.234963605],[-122.541613397,49.235044461],[-122.541019838,49.236134668],[-122.540066878,49.237034046],[-122.539264201,49.237667904],[-122.536788733,49.239753817],[-122.535708997,49.240740666],[-122.535729824,49.241983993],[-122.535847454,49.242873622],[-122.536012108,49.244911247],[-122.536095372,49.246403647],[-122.536075398,49.249804384],[-122.536120954,49.250665133],[-122.535593541,49.250886263],[-122.532685028,49.251933563],[-122.531826795,49.252515093],[-122.53141598,49.253047952],[-122.531261213,49.253463787],[-122.53118756,49.253989467],[-122.531269913,49.25481751],[-122.531189666,49.25515552],[-122.530956063,49.255602043],[-122.528874974,49.255199257],[-122.524430308,49.25397554],[-122.521511795,49.253327685],[-122.520760524,49.253106455],[-122.520021906,49.252964237],[-122.516565375,49.25248015],[-122.51222759,49.252107811],[-122.509292146,49.251762004],[-122.507162596,49.251618445],[-122.505842448,49.251568117],[-122.499794575,49.251138613],[-122.491034202,49.250555492],[-122.490446698,49.242295213],[-122.47583266,49.242232448],[-122.475101168,49.248426396],[-122.46770942,49.252624496],[-122.458728082,49.257687853],[-122.442859608,49.261947777],[-122.424285632,49.264078787],[-122.424148657,49.247666814],[-122.424125375,49.243550418],[-122.424287181,49.238470646],[-122.42441712,49.235620369],[-122.42441175,49.234319295],[-122.424336162,49.228366718],[-122.424498808,49.220377009]]]]},"properties":{"a": "35.63382", "q": "00000", "t": "CT", "dw": "2193", "hh": "2122", "id": "9330404.01", "nrr": "0.28800000000000003", "pop": "6246", "rgid": "59", "rpid": "59933", "ruid": "5915075", "rguid": "5915"}},{"type":"Feature","geometry":{"type":"MultiPolygon","coordinates":[[[[-122.409964712,49.352950398],[-122.409932462,49.345454832],[-122.409868707,49.332735506],[-122.409716788,49.327444454],[-122.408866256,49.297803941],[-122.408639899,49.293362094],[-122.408988782,49.270952217],[-122.409143467,49.264269718],[-122.424285632,49.264078787],[-122.442859608,49.261947777],[-122.458728082,49.257687853],[-122.46770942,49.252624496],[-122.475101168,49.248426396],[-122.47583266,49.242232448],[-122.490446698,49.242295213],[-122.491034202,49.250555492],[-122.499794575,49.251138613],[-122.505842448,49.251568117],[-122.507162596,49.251618445],[-122.509292146,49.251762004],[-122.51222759,49.252107811],[-122.516565375,49.25248015],[-122.520021906,49.252964237],[-122.520760524,49.253106455],[-122.521511795,49.253327685],[-122.524430308,49.25397554],[-122.528874974,49.255199257],[-122.530956063,49.255602043],[-122.531189666,49.25515552],[-122.531269913,49.25481751],[-122.53118756,49.253989467],[-122.531261213,49.253463787],[-122.53141598,49.253047952],[-122.531826795,49.252515093],[-122.532685028,49.251933563],[-122.535593541,49.250886263],[-122.536120954,49.250665133],[-122.536075398,49.249804384],[-122.536095372,49.246403647],[-122.536012108,49.244911247],[-122.535847454,49.242873622],[-122.535729824,49.241983993],[-122.535708997,49.240740666],[-122.536788733,49.239753817],[-122.539264201,49.237667904],[-122.540066878,49.237034046],[-122.541019838,49.236134668],[-122.541613397,49.235044461],[-122.546258913,49.234963605],[-122.547122885,49.234795697],[-122.549600081,49.23506067],[-122.55167441,49.235311097],[-122.552354607,49.2339584],[-122.552728425,49.233382901],[-122.553329289,49.232965891],[-122.554232309,49.232641607],[-122.554906905,49.232563984],[-122.555634898,49.23259901],[-122.556375606,49.232759596],[-122.55707051,49.233241403],[-122.557253505,49.23355181],[-122.557372014,49.234879289],[-122.559665033,49.234907923],[-122.559789292,49.234843207],[-122.561453801,49.234749104],[-122.562132212,49.234823894],[-122.564935388,49.234693403],[-122.568324103,49.234612109],[-122.570975693,49.234655903],[-122.579338508,49.234894492],[-122.579470101,49.237115408],[-122.579485194,49.237880014],[-122.579567691,49.239176227],[-122.580687901,49.239102489],[-122.583474116,49.239330304],[-122.584317607,49.239308992],[-122.585638588,49.239002797],[-122.586696993,49.238450192],[-122.587154999,49.23805989],[-122.587631408,49.237337895],[-122.588053419,49.237148498],[-122.589906551,49.237011733],[-122.5908111,49.23673831],[-122.592890311,49.236061808],[-122.593757011,49.235947805],[-122.594759388,49.235960712],[-122.596655619,49.235940701],[-122.596809391,49.2355633],[-122.596468323,49.235328301],[-122.59643231,49.234725899],[-122.596750191,49.234475202],[-122.598578503,49.234283011],[-122.599155093,49.234375499],[-122.601122265,49.234466116],[-122.602093014,49.234510798],[-122.603668285,49.235091896],[-122.605596498,49.236124502],[-122.606748085,49.236560291],[-122.608713102,49.238014395],[-122.60897268,49.238303497],[-122.609821289,49.238603996],[-122.610599976,49.239298996],[-122.610775317,49.239650798],[-122.611825207,49.240814402],[-122.6134144,49.241161907],[-122.614608791,49.241291509],[-122.615818584,49.241169002],[-122.617169494,49.240660609],[-122.617774603,49.240617793],[-122.619420993,49.240938292],[-122.620502502,49.241382603],[-122.621394107,49.241485209],[-122.621890406,49.241332789],[-122.62242052,49.241023142],[-122.622938789,49.240887005],[-122.624597482,49.241126293],[-122.625574413,49.241183201],[-122.626508496,49.241114895],[-122.628048504,49.240750288],[-122.628655606,49.240688998],[-122.629188707,49.240781593],[-122.629751303,49.241097802],[-122.630312217,49.241198895],[-122.630890684,49.241119091],[-122.632281107,49.240647695],[-122.632570099,49.24061211],[-122.633091193,49.240740302],[-122.633799719,49.241677398],[-122.634384695,49.242237212],[-122.635481598,49.242681503],[-122.635864499,49.242916515],[-122.636259702,49.243340896],[-122.636474808,49.24389921],[-122.636430188,49.244510209],[-122.637053205,49.245708004],[-122.637050108,49.246130903],[-122.636755301,49.246868691],[-122.636753386,49.247327292],[-122.636927986,49.247714692],[-122.637628099,49.247895511],[-122.638700188,49.247683307],[-122.639277093,49.247711814],[-122.640288919,49.248435302],[-122.640852484,49.248392603],[-122.641212113,49.248167592],[-122.642092697,49.248063611],[-122.642353087,49.248126306],[-122.644063413,49.249086208],[-122.644743181,49.249360738],[-122.643589352,49.24938337],[-122.622260687,49.249839118],[-122.622430622,49.256826693],[-122.618792631,49.256843873],[-122.600590062,49.25711102],[-122.601227405,49.264188783],[-122.601889996,49.264148403],[-122.605445716,49.264197303],[-122.607115393,49.264141717],[-122.607766874,49.264214399],[-122.609073452,49.264248262],[-122.611708817,49.264281647],[-122.611462587,49.265783976],[-122.612279175,49.270168308],[-122.601175181,49.270551],[-122.601162061,49.272953827],[-122.601008746,49.277960607],[-122.601182821,49.290895133],[-122.601145588,49.293315415],[-122.600906102,49.299190981],[-122.600546894,49.324753599],[-122.597830288,49.324762311],[-122.597711418,49.326312729],[-122.595775422,49.326329332],[-122.595681687,49.328302599],[-122.593287936,49.328331556],[-122.593244281,49.338175563],[-122.593031577,49.33857827],[-122.581581023,49.348112176],[-122.575397802,49.352431716],[-122.557989542,49.352723774],[-122.538731834,49.352933619],[-122.520866756,49.353124896],[-122.501323807,49.353267082],[-122.454137931,49.353594308],[-122.453762772,49.353570769],[-122.449039658,49.353525505],[-122.424629175,49.353186012],[-122.409966973,49.352979185],[-122.409964712,49.352950398]]]]},"properties":{"a": "164.19709", "q": "00000", "t": "CT", "dw": "1697", "hh": "1606", "id": "9330404.02", "nrr": "0.258", "pop": "4976", "rgid": "59", "rpid": "59933", "ruid": "5915075", "rguid": "5915"}},{"type":"Feature","geometry":{"type":"MultiPolygon","coordinates":[[[[-122.689515557,49.231173288],[-122.689463805,49.229646243],[-122.689542836,49.222415233],[-122.689526796,49.221061374],[-122.689550881,49.217450753],[-122.689593474,49.217142118],[-122.689599213,49.214327415],[-122.689697645,49.213466354],[-122.689708992,49.212864794],[-122.689716433,49.204210413],[-122.68964639,49.203411764],[-122.690374645,49.200971218],[-122.692378599,49.201598797],[-122.707582611,49.207054899],[-122.710245614,49.208117394],[-122.713302515,49.209075906],[-122.715857009,49.209577199],[-122.718901912,49.2100714],[-122.73066971,49.21109799],[-122.731976492,49.211256315],[-122.738083597,49.213315692],[-122.741153782,49.214158905],[-122.744379006,49.214701212],[-122.750601915,49.215571697],[-122.751393053,49.215771738],[-122.752901389,49.216153092],[-122.754263309,49.216819905],[-122.756035219,49.218277704],[-122.760186397,49.222702705],[-122.763422399,49.225781797],[-122.764332712,49.226467194],[-122.765590602,49.226910892],[-122.768128597,49.227332789],[-122.76786481,49.228702902],[-122.767384707,49.230319202],[-122.766474993,49.231150714],[-122.762750107,49.233505289],[-122.759934014,49.235267289],[-122.759120412,49.235776303],[-122.758020785,49.236785705],[-122.757114986,49.237422997],[-122.756183494,49.237958809],[-122.753155504,49.239104208],[-122.74751759,49.24065459],[-122.737730892,49.243523206],[-122.734943208,49.244587094],[-122.733995314,49.245110395],[-122.732781103,49.245780713],[-122.728969894,49.248250919],[-122.723471681,49.251864597],[-122.721937385,49.253106706],[-122.718460993,49.256603194],[-122.713568185,49.265163697],[-122.707206518,49.273049099],[-122.704490895,49.276389407],[-122.70262649,49.278334091],[-122.701819378,49.279058694],[-122.699655198,49.280865995],[-122.69764332,49.282201907],[-122.695149399,49.283355496],[-122.69299808,49.284237101],[-122.691517065,49.284753457],[-122.689492304,49.281162821],[-122.689348699,49.280737808],[-122.689269302,49.264851294],[-122.689369289,49.263372298],[-122.689660598,49.257250088],[-122.68966961,49.255795292],[-122.689502884,49.242285996],[-122.689546591,49.239267201],[-122.689515557,49.231173288]]]]},"properties":{"a": "26.88619", "q": "00000", "t": "CT", "dw": "2710", "hh": "2562", "id": "9330410.02", "nrr": "0.33399999999999996", "pop": "6460", "rgid": "59", "rpid": "59933", "ruid": "5915070", "rguid": "5915"}},{"type":"Feature","geometry":{"type":"MultiPolygon","coordinates":[[[[-122.575397802,49.352431716],[-122.581581023,49.348112176],[-122.593031577,49.33857827],[-122.593244281,49.338175563],[-122.593287936,49.328331556],[-122.595681687,49.328302599],[-122.595775422,49.326329332],[-122.597711418,49.326312729],[-122.597830288,49.324762311],[-122.600546894,49.324753599],[-122.600906102,49.299190981],[-122.601145588,49.293315415],[-122.601182821,49.290895133],[-122.601008746,49.277960607],[-122.601162061,49.272953827],[-122.601175181,49.270551],[-122.612279175,49.270168308],[-122.611462587,49.265783976],[-122.611708817,49.264281647],[-122.609073452,49.264248262],[-122.607766874,49.264214399],[-122.607115393,49.264141717],[-122.605445716,49.264197303],[-122.601889996,49.264148403],[-122.601227405,49.264188783],[-122.600590062,49.25711102],[-122.618792631,49.256843873],[-122.622430622,49.256826693],[-122.622260687,49.249839118],[-122.643589352,49.24938337],[-122.644743181,49.249360738],[-122.644753691,49.248965294],[-122.644772602,49.242264997],[-122.655859695,49.242267915],[-122.656696189,49.232982588],[-122.656734237,49.232099925],[-122.6644019,49.231982664],[-122.664629964,49.22915733],[-122.664774,49.227759872],[-122.665088554,49.226281074],[-122.665205063,49.225380256],[-122.66542127,49.22420082],[-122.665726191,49.222332466],[-122.664162889,49.221247119],[-122.664512044,49.221249286],[-122.6668217,49.222172724],[-122.669093966,49.22297553],[-122.670105293,49.223358917],[-122.672999402,49.224574747],[-122.676205271,49.225822461],[-122.676114247,49.225904358],[-122.682653796,49.228425084],[-122.689515557,49.231173288],[-122.689546591,49.239267201],[-122.689502884,49.242285996],[-122.68966961,49.255795292],[-122.689660598,49.257250088],[-122.689369289,49.263372298],[-122.689269302,49.264851294],[-122.689348699,49.280737808],[-122.689492304,49.281162821],[-122.691517065,49.284753457],[-122.687442195,49.286174],[-122.685359807,49.286709487],[-122.67076222,49.289536598],[-122.665602723,49.290756806],[-122.663425695,49.291405116],[-122.66165808,49.292076303],[-122.660498296,49.292627091],[-122.659201115,49.293710907],[-122.658979889,49.294451702],[-122.658994202,49.295259397],[-122.659616198,49.297190414],[-122.660108993,49.297981389],[-122.661122206,49.298618786],[-122.662277699,49.298990408],[-122.665914904,49.29957381],[-122.667623188,49.299931293],[-122.669602884,49.300629593],[-122.671402082,49.301488496],[-122.673264589,49.302505394],[-122.674474316,49.303467102],[-122.676260323,49.305101305],[-122.677489093,49.307115112],[-122.677990684,49.308497202],[-122.678219092,49.310160798],[-122.678175817,49.311421603],[-122.678041906,49.312412397],[-122.677877696,49.312718008],[-122.676700901,49.313688289],[-122.676440497,49.31402591],[-122.676071099,49.315644205],[-122.675588986,49.316633597],[-122.675228805,49.317026312],[-122.668704411,49.320968903],[-122.665471809,49.324194993],[-122.66336911,49.326786193],[-122.661811783,49.328303594],[-122.659279006,49.329588197],[-122.658660606,49.329841704],[-122.657321081,49.330647794],[-122.656160208,49.331560698],[-122.655298197,49.332614592],[-122.654450988,49.333378],[-122.651784491,49.3349913],[-122.645137595,49.337625187],[-122.643476995,49.338028101],[-122.641733098,49.338340002],[-122.639416288,49.339077704],[-122.638564596,49.339564791],[-122.636418001,49.341567206],[-122.628810294,49.346163108],[-122.620582799,49.350843113],[-122.61932859,49.351188893],[-122.618180283,49.35127327],[-122.616664985,49.351206294],[-122.614520308,49.350653698],[-122.612664922,49.350646501],[-122.610035484,49.350893907],[-122.607819291,49.351350613],[-122.603295158,49.353125296],[-122.579229185,49.352237312],[-122.575397802,49.352431716]]]]},"properties":{"a": "64.70741", "q": "00000", "t": "CT", "dw": "641", "hh": "594", "id": "9330410.04", "nrr": "0.42200000000000004", "pop": "1495", "rgid": "59", "rpid": "59933", "ruid": "5915070", "rguid": "5915"}},{"type":"Feature","geometry":{"type":"MultiPolygon","coordinates":[[[[-122.664512044,49.221249286],[-122.668950744,49.221277016],[-122.669113644,49.21801316],[-122.669121115,49.217201499],[-122.669427404,49.217236188],[-122.676484718,49.217220705],[-122.680828012,49.217184315],[-122.683793183,49.217185406],[-122.689593474,49.217142118],[-122.689550881,49.217450753],[-122.689526796,49.221061374],[-122.689542836,49.222415233],[-122.689463805,49.229646243],[-122.689515557,49.231173288],[-122.682653796,49.228425084],[-122.676114247,49.225904358],[-122.676205271,49.225822461],[-122.672999402,49.224574747],[-122.670105293,49.223358917],[-122.669093966,49.22297553],[-122.6668217,49.222172724],[-122.664512044,49.221249286]]]]},"properties":{"a": "1.67128", "q": "00001", "t": "CT", "dw": "2059", "hh": "1978", "id": "9330410.05", "nrr": "0.314", "pop": "5152", "rgid": "59", "rpid": "59933", "ruid": "5915070", "rguid": "5915"}},{"type":"Feature","geometry":{"type":"MultiPolygon","coordinates":[[[[-122.669121115,49.217201499],[-122.669240463,49.216954301],[-122.669053597,49.213149532],[-122.668708043,49.212295753],[-122.668809294,49.211334479],[-122.669204045,49.209572369],[-122.670375828,49.208612007],[-122.670468045,49.208160479],[-122.670964259,49.207403637],[-122.670945478,49.20722043],[-122.671217323,49.206824644],[-122.671752849,49.205785857],[-122.678321165,49.205583139],[-122.678241745,49.202792197],[-122.678259723,49.200314796],[-122.678114078,49.200210778],[-122.677442697,49.200104814],[-122.676316693,49.200020689],[-122.674300696,49.199998013],[-122.672695682,49.199822796],[-122.672050695,49.199676094],[-122.67048571,49.199563598],[-122.66946906,49.199741654],[-122.66818703,49.1997311],[-122.667921005,49.196226406],[-122.670968823,49.196497206],[-122.674706793,49.197082603],[-122.686485194,49.199753009],[-122.690374645,49.200971218],[-122.68964639,49.203411764],[-122.689716433,49.204210413],[-122.689708992,49.212864794],[-122.689697645,49.213466354],[-122.689599213,49.214327415],[-122.689593474,49.217142118],[-122.683793183,49.217185406],[-122.680828012,49.217184315],[-122.676484718,49.217220705],[-122.669427404,49.217236188],[-122.669121115,49.217201499]]]]},"properties":{"a": "2.72199", "q": "00001", "t": "CT", "dw": "1603", "hh": "1584", "id": "9330410.06", "nrr": "0.23600000000000002", "pop": "4629", "rgid": "59", "rpid": "59933", "ruid": "5915070", "rguid": "5915"}},{"type":"Feature","geometry":{"type":"MultiPolygon","coordinates":[[[[-122.581347875,49.082213382],[-122.580280321,49.081837816],[-122.559177168,49.074355486],[-122.557822921,49.073975005],[-122.556319827,49.07360866],[-122.548075238,49.071831615],[-122.5369443,49.069418189],[-122.527031215,49.067278299],[-122.518411298,49.06540561],[-122.514772648,49.064379945],[-122.514680801,49.059899911],[-122.514678513,49.045240799],[-122.492544903,49.04580341],[-122.479264309,49.045868883],[-122.470615235,49.045882313],[-122.462384753,49.046099034],[-122.459755733,49.046049315],[-122.459746002,49.031433185],[-122.459752694,49.028336998],[-122.45954475,49.027225907],[-122.459393625,49.026095991],[-122.459854013,49.025507988],[-122.459914734,49.024534421],[-122.459714594,49.016898088],[-122.459687406,49.016642735],[-122.459139663,49.002508922],[-122.459154534,49.002256447],[-122.460738986,49.002336364],[-122.473361193,49.002302204],[-122.478257804,49.002304496],[-122.480811706,49.00229009],[-122.483786014,49.002302906],[-122.485631795,49.002291288],[-122.49261168,49.002285399],[-122.514714616,49.002315589],[-122.536836195,49.00229221],[-122.548005308,49.002274594],[-122.549019279,49.002292795],[-122.580992101,49.002265904],[-122.59472229,49.002203395],[-122.603075268,49.002249298],[-122.603162685,49.005704399],[-122.603221394,49.009309106],[-122.603361612,49.016543389],[-122.603699586,49.030900198],[-122.604003784,49.0453475],[-122.603959002,49.052626993],[-122.60389948,49.067955493],[-122.60379372,49.071039996],[-122.603728672,49.074748564],[-122.603587932,49.082591613],[-122.603488905,49.087796911],[-122.603435218,49.088120592],[-122.603431503,49.089297542],[-122.603485309,49.090155444],[-122.599749444,49.088855747],[-122.599607008,49.088743987],[-122.592623677,49.086232614],[-122.581347875,49.082213382]]]]},"properties":{"a": "72.67549", "q": "01000", "t": "CT", "dw": "2693", "hh": "2532", "id": "9330500.00", "nrr": "0.41600000000000004", "pop": "6455", "rgid": "59", "rpid": "59933", "ruid": "5915001", "rguid": "5915"}},{"type":"Feature","geometry":{"type":"MultiPolygon","coordinates":[[[[-122.581324009,49.136580792],[-122.581383807,49.1335664],[-122.58144381,49.131594598],[-122.581658495,49.130934105],[-122.581460096,49.13088761],[-122.581534705,49.126291093],[-122.581664611,49.118928491],[-122.581150315,49.103962093],[-122.581265603,49.097823712],[-122.5812611,49.096673508],[-122.581290598,49.093007193],[-122.581292718,49.089360713],[-122.581331893,49.085563891],[-122.581347875,49.082213382],[-122.592623677,49.086232614],[-122.599607008,49.088743987],[-122.599749444,49.088855747],[-122.603485309,49.090155444],[-122.605373118,49.090834265],[-122.607882552,49.091569645],[-122.611798696,49.092598954],[-122.624578819,49.096032023],[-122.626919254,49.096650758],[-122.627121495,49.096656223],[-122.638810535,49.099791916],[-122.638685175,49.102429377],[-122.638770683,49.104553705],[-122.642729711,49.104595399],[-122.637733915,49.108267444],[-122.640041902,49.109452373],[-122.645020614,49.112523072],[-122.644142358,49.11317221],[-122.628740881,49.123779799],[-122.624898698,49.126450309],[-122.620983083,49.129143707],[-122.611809607,49.135405897],[-122.608960886,49.137316803],[-122.60879399,49.137538701],[-122.608880714,49.137891099],[-122.609301512,49.138509908],[-122.609387591,49.138870398],[-122.609279495,49.139282515],[-122.608873812,49.139714893],[-122.606814199,49.140799815],[-122.603450703,49.142283387],[-122.602450382,49.142936702],[-122.601361002,49.143926992],[-122.601008003,49.144292486],[-122.586749498,49.138732211],[-122.581324009,49.136580792]]]]},"properties":{"a": "19.84666", "q": "01000", "t": "CT", "dw": "1243", "hh": "1172", "id": "9330501.01", "nrr": "0.35100000000000003", "pop": "3308", "rgid": "59", "rpid": "59933", "ruid": "5915001", "rguid": "5915"}},{"type":"Feature","geometry":{"type":"MultiPolygon","coordinates":[[[[-122.537029592,49.119175692],[-122.537049012,49.118123599],[-122.537120514,49.10856431],[-122.537088901,49.107682699],[-122.537089983,49.103984708],[-122.537019397,49.096650402],[-122.537095084,49.089298189],[-122.5369525,49.083926308],[-122.536917628,49.081744003],[-122.536928413,49.079205311],[-122.53692021,49.074418982],[-122.5369443,49.069418189],[-122.548075238,49.071831615],[-122.556319827,49.07360866],[-122.557822921,49.073975005],[-122.559177168,49.074355486],[-122.580280321,49.081837816],[-122.581347875,49.082213382],[-122.581331893,49.085563891],[-122.581292718,49.089360713],[-122.581290598,49.093007193],[-122.5812611,49.096673508],[-122.581265603,49.097823712],[-122.581150315,49.103962093],[-122.581664611,49.118928491],[-122.581534705,49.126291093],[-122.581460096,49.13088761],[-122.581658495,49.130934105],[-122.58144381,49.131594598],[-122.581383807,49.1335664],[-122.581324009,49.136580792],[-122.578472016,49.135481696],[-122.56473669,49.130080476],[-122.537029592,49.119175692]]]]},"properties":{"a": "19.03379", "q": "00000", "t": "CT", "dw": "1969", "hh": "1909", "id": "9330501.02", "nrr": "0.319", "pop": "5367", "rgid": "59", "rpid": "59933", "ruid": "5915001", "rguid": "5915"}},{"type":"Feature","geometry":{"type":"MultiPolygon","coordinates":[[[[-122.460222656,49.088508152],[-122.460218579,49.0882145],[-122.459558174,49.080422959],[-122.459569623,49.078781365],[-122.459991196,49.074995588],[-122.470887611,49.074948597],[-122.470778386,49.068747998],[-122.47077104,49.064148901],[-122.47069968,49.060484198],[-122.472252894,49.060483009],[-122.476237319,49.060449803],[-122.476240095,49.0621309],[-122.47855658,49.062116796],[-122.479249105,49.062006085],[-122.491764893,49.061891085],[-122.492710041,49.061811384],[-122.492731791,49.067551805],[-122.503827916,49.067407005],[-122.514847088,49.067244198],[-122.514772648,49.064379945],[-122.518411298,49.06540561],[-122.527031215,49.067278299],[-122.5369443,49.069418189],[-122.53692021,49.074418982],[-122.536928413,49.079205311],[-122.536917628,49.081744003],[-122.5369525,49.083926308],[-122.537095084,49.089298189],[-122.537019397,49.096650402],[-122.537089983,49.103984708],[-122.537088901,49.107682699],[-122.537120514,49.10856431],[-122.537049012,49.118123599],[-122.537029592,49.119175692],[-122.510607307,49.108811289],[-122.492800182,49.101818605],[-122.489610208,49.100569804],[-122.48682555,49.099462187],[-122.488063018,49.099461074],[-122.486043683,49.098668597],[-122.460222656,49.088508152]]]]},"properties":{"a": "23.2834", "q": "00000", "t": "CT", "dw": "1124", "hh": "1078", "id": "9330501.03", "nrr": "0.327", "pop": "3242", "rgid": "59", "rpid": "59933", "ruid": "5915001", "rguid": "5915"}},{"type":"Feature","geometry":{"type":"MultiPolygon","coordinates":[[[[-122.668979342,49.082154098],[-122.669285142,49.078299068],[-122.669443376,49.07608601],[-122.669479659,49.074717242],[-122.669426858,49.071914512],[-122.669419137,49.069304224],[-122.669445218,49.067407874],[-122.675236001,49.067410708],[-122.67943479,49.067401789],[-122.680565891,49.067409692],[-122.680425915,49.071601607],[-122.680402387,49.074717395],[-122.680191704,49.078479806],[-122.680069891,49.080035192],[-122.680074609,49.080507591],[-122.680170833,49.081077212],[-122.680256547,49.082282048],[-122.680025806,49.083880305],[-122.674699841,49.084293316],[-122.672806892,49.084311566],[-122.672699135,49.084086957],[-122.669020192,49.083843804],[-122.669122971,49.082155866],[-122.668979342,49.082154098]]]]},"properties":{"a": "1.49035", "q": "00000", "t": "CT", "dw": "914", "hh": "886", "id": "9330502.01", "nrr": "0.32799999999999996", "pop": "2477", "rgid": "59", "rpid": "59933", "ruid": "5915001", "rguid": "5915"}},{"type":"Feature","geometry":{"type":"MultiPolygon","coordinates":[[[[-122.680297294,49.031097886],[-122.680347703,49.0384171],[-122.680812961,49.039317602],[-122.680322422,49.041788901],[-122.6803458,49.045647091],[-122.6804345,49.052889899],[-122.68044889,49.055376898],[-122.680477894,49.05548871],[-122.680548524,49.060125197],[-122.680565891,49.067409692],[-122.67943479,49.067401789],[-122.675236001,49.067410708],[-122.669445218,49.067407874],[-122.662730604,49.067407604],[-122.656724385,49.067431709],[-122.647397399,49.06748889],[-122.647325106,49.061571599],[-122.647366711,49.060232702],[-122.647339286,49.055421593],[-122.647349687,49.052937997],[-122.647269179,49.045689896],[-122.647206395,49.038443305],[-122.647165607,49.031213406],[-122.653223304,49.031208712],[-122.653759597,49.031165908],[-122.655166602,49.030898808],[-122.655725095,49.030870292],[-122.656759895,49.030951194],[-122.657451301,49.03116739],[-122.657799885,49.031206184],[-122.664646622,49.031160602],[-122.666471588,49.031032492],[-122.667579099,49.031166002],[-122.676177099,49.031104602],[-122.680297294,49.031097886]]]]},"properties":{"a": "9.78032", "q": "00000", "t": "CT", "dw": "1647", "hh": "1597", "id": "9330502.02", "nrr": "0.348", "pop": "3797", "rgid": "59", "rpid": "59933", "ruid": "5915001", "rguid": "5915"}},{"type":"Feature","geometry":{"type":"MultiPolygon","coordinates":[[[[-122.647136639,49.082007314],[-122.647321305,49.078301687],[-122.647474904,49.074645584],[-122.647399815,49.07008011],[-122.647397399,49.06748889],[-122.656724385,49.067431709],[-122.662730604,49.067407604],[-122.669445218,49.067407874],[-122.669419137,49.069304224],[-122.669426858,49.071914512],[-122.669479659,49.074717242],[-122.669443376,49.07608601],[-122.669285142,49.078299068],[-122.668979342,49.082154098],[-122.664959887,49.082124108],[-122.6592148,49.082069908],[-122.657117772,49.082034567],[-122.652799487,49.082063997],[-122.650038621,49.082006804],[-122.647136639,49.082007314]]]]},"properties":{"a": "2.61531", "q": "00000", "t": "CT", "dw": "1720", "hh": "1672", "id": "9330502.03", "nrr": "0.24", "pop": "4954", "rgid": "59", "rpid": "59933", "ruid": "5915001", "rguid": "5915"}},{"type":"Feature","geometry":{"type":"MultiPolygon","coordinates":[[[[-122.603728672,49.074748564],[-122.60379372,49.071039996],[-122.60389948,49.067955493],[-122.603959002,49.052626993],[-122.604003784,49.0453475],[-122.603699586,49.030900198],[-122.603361612,49.016543389],[-122.603221394,49.009309106],[-122.603162685,49.005704399],[-122.603075268,49.002249298],[-122.625202386,49.002261902],[-122.641570003,49.002248511],[-122.647043795,49.002234998],[-122.658091602,49.002238171],[-122.659803542,49.002279787],[-122.669346425,49.002230468],[-122.679930585,49.00219903],[-122.681628636,49.002208089],[-122.67986211,49.00585005],[-122.681664378,49.01053942],[-122.680661277,49.015973446],[-122.679658086,49.016608398],[-122.680297294,49.031097886],[-122.676177099,49.031104602],[-122.667579099,49.031166002],[-122.666471588,49.031032492],[-122.664646622,49.031160602],[-122.657799885,49.031206184],[-122.657451301,49.03116739],[-122.656759895,49.030951194],[-122.655725095,49.030870292],[-122.655166602,49.030898808],[-122.653759597,49.031165908],[-122.653223304,49.031208712],[-122.647165607,49.031213406],[-122.647206395,49.038443305],[-122.647269179,49.045689896],[-122.647349687,49.052937997],[-122.647339286,49.055421593],[-122.647366711,49.060232702],[-122.647325106,49.061571599],[-122.647397399,49.06748889],[-122.647399815,49.07008011],[-122.647474904,49.074645584],[-122.636372392,49.074687842],[-122.632565919,49.074711006],[-122.629332701,49.074888111],[-122.628092212,49.074838304],[-122.624765211,49.074893386],[-122.603728672,49.074748564]]]]},"properties":{"a": "33.50867", "q": "00000", "t": "CT", "dw": "1057", "hh": "966", "id": "9330502.05", "nrr": "0.386", "pop": "2705", "rgid": "59", "rpid": "59933", "ruid": "5915001", "rguid": "5915"}},{"type":"Feature","geometry":{"type":"MultiPolygon","coordinates":[[[[-122.624578819,49.096032023],[-122.624583348,49.094911918],[-122.624679564,49.091714603],[-122.624689991,49.090381066],[-122.624747346,49.089551914],[-122.624540591,49.089420144],[-122.624742108,49.089284077],[-122.624718909,49.088244187],[-122.6246724,49.083880605],[-122.624765211,49.074893386],[-122.628092212,49.074838304],[-122.629332701,49.074888111],[-122.632565919,49.074711006],[-122.636372392,49.074687842],[-122.647474904,49.074645584],[-122.647321305,49.078301687],[-122.647136639,49.082007314],[-122.647050327,49.084008571],[-122.643764559,49.084208869],[-122.641150952,49.084306699],[-122.640830807,49.084804744],[-122.640855803,49.085299905],[-122.641324892,49.087489297],[-122.641317286,49.088523696],[-122.641241418,49.089538806],[-122.637507987,49.089514254],[-122.63759875,49.090400938],[-122.637754636,49.093965432],[-122.639031301,49.093940096],[-122.640565941,49.093950125],[-122.640626876,49.095313057],[-122.639931684,49.095428718],[-122.638606314,49.09557752],[-122.638833587,49.097234893],[-122.638810535,49.099791916],[-122.627121495,49.096656223],[-122.626919254,49.096650758],[-122.624578819,49.096032023]]]]},"properties":{"a": "3.38708", "q": "00000", "t": "CT", "dw": "999", "hh": "955", "id": "9330502.06", "nrr": "0.35", "pop": "2881", "rgid": "59", "rpid": "59933", "ruid": "5915001", "rguid": "5915"}},{"type":"Feature","geometry":{"type":"MultiPolygon","coordinates":[[[[-122.603485309,49.090155444],[-122.603431503,49.089297542],[-122.603435218,49.088120592],[-122.603488905,49.087796911],[-122.603587932,49.082591613],[-122.603728672,49.074748564],[-122.624765211,49.074893386],[-122.6246724,49.083880605],[-122.624718909,49.088244187],[-122.624742108,49.089284077],[-122.624540591,49.089420144],[-122.624747346,49.089551914],[-122.624689991,49.090381066],[-122.624679564,49.091714603],[-122.624583348,49.094911918],[-122.624578819,49.096032023],[-122.611798696,49.092598954],[-122.607882552,49.091569645],[-122.605373118,49.090834265],[-122.603485309,49.090155444]]]]},"properties":{"a": "3.15447", "q": "00000", "t": "CT", "dw": "2235", "hh": "2131", "id": "9330502.07", "nrr": "0.271", "pop": "5155", "rgid": "59", "rpid": "59933", "ruid": "5915001", "rguid": "5915"}},{"type":"Feature","geometry":{"type":"MultiPolygon","coordinates":[[[[-122.66859098,49.096465847],[-122.668518104,49.093540411],[-122.668497694,49.089558104],[-122.668667699,49.086836284],[-122.668979342,49.082154098],[-122.669122971,49.082155866],[-122.669020192,49.083843804],[-122.672699135,49.084086957],[-122.672806892,49.084311566],[-122.674699841,49.084293316],[-122.680025806,49.083880305],[-122.679931593,49.084586711],[-122.679862591,49.085843591],[-122.679248518,49.087678408],[-122.679560306,49.089583297],[-122.679654902,49.091769907],[-122.679633293,49.092687603],[-122.679471012,49.09323589],[-122.679397798,49.095205728],[-122.679121103,49.095331409],[-122.679213094,49.096195915],[-122.679019703,49.096419487],[-122.678757592,49.096473589],[-122.677993903,49.096201613],[-122.677224307,49.096324088],[-122.677344196,49.096801199],[-122.676974496,49.096909404],[-122.676182316,49.096708595],[-122.6746332,49.096910809],[-122.673975595,49.096774105],[-122.673529008,49.095999301],[-122.673350694,49.095891108],[-122.672843704,49.095854103],[-122.672062806,49.096148901],[-122.671608805,49.096435097],[-122.671265402,49.096460805],[-122.670283387,49.095828408],[-122.669654195,49.095710214],[-122.669461321,49.095798507],[-122.669170402,49.096211502],[-122.66859098,49.096465847]]]]},"properties":{"a": "1.09494", "q": "00000", "t": "CT", "dw": "864", "hh": "842", "id": "9330503.01", "nrr": "0.249", "pop": "2476", "rgid": "59", "rpid": "59933", "ruid": "5915002", "rguid": "5915"}},{"type":"Feature","geometry":{"type":"MultiPolygon","coordinates":[[[[-122.638810535,49.099791916],[-122.638833587,49.097234893],[-122.638606314,49.09557752],[-122.639931684,49.095428718],[-122.640626876,49.095313057],[-122.640565941,49.093950125],[-122.639031301,49.093940096],[-122.637754636,49.093965432],[-122.63759875,49.090400938],[-122.637507987,49.089514254],[-122.641241418,49.089538806],[-122.641317286,49.088523696],[-122.641324892,49.087489297],[-122.640855803,49.085299905],[-122.640830807,49.084804744],[-122.641150952,49.084306699],[-122.643764559,49.084208869],[-122.647050327,49.084008571],[-122.647136639,49.082007314],[-122.650038621,49.082006804],[-122.652799487,49.082063997],[-122.657117772,49.082034567],[-122.6592148,49.082069908],[-122.664959887,49.082124108],[-122.668979342,49.082154098],[-122.668667699,49.086836284],[-122.668497694,49.089558104],[-122.668518104,49.093540411],[-122.66859098,49.096465847],[-122.668140802,49.096731385],[-122.667291497,49.09675559],[-122.666772196,49.096366812],[-122.666555791,49.096096199],[-122.666309484,49.096123199],[-122.665595293,49.096408099],[-122.664777106,49.095875405],[-122.664229884,49.095784303],[-122.663874395,49.095495202],[-122.663475895,49.095637598],[-122.662915705,49.095546411],[-122.662352483,49.0956618],[-122.66236409,49.095985108],[-122.661925481,49.096091895],[-122.661541298,49.096090505],[-122.660446899,49.095889695],[-122.660174884,49.095520802],[-122.659946222,49.095527027],[-122.659286387,49.095545004],[-122.659302594,49.095121997],[-122.659002018,49.094914107],[-122.658716213,49.0945352],[-122.658101902,49.094246097],[-122.657607618,49.094478308],[-122.657183284,49.094441204],[-122.656416106,49.094511012],[-122.656345593,49.094699009],[-122.656537499,49.094906996],[-122.657014311,49.095114896],[-122.657054217,49.0954567],[-122.656927487,49.095834091],[-122.657212792,49.096258502],[-122.657141791,49.096492112],[-122.656194104,49.096785502],[-122.656169587,49.096354004],[-122.655552201,49.096711393],[-122.655054394,49.097322413],[-122.654848577,49.097320997],[-122.654016021,49.097021901],[-122.653755284,49.097066099],[-122.652819608,49.09755881],[-122.6522967,49.097951899],[-122.652208786,49.098743801],[-122.651372504,49.098659812],[-122.651114493,49.098453293],[-122.650375408,49.098486005],[-122.649881689,49.098359308],[-122.649528213,49.098159899],[-122.648702996,49.098463205],[-122.64826081,49.099153993],[-122.647973193,49.099072811],[-122.647905909,49.098856293],[-122.647592796,49.098621287],[-122.647058486,49.098619907],[-122.647083081,49.098961693],[-122.647368692,49.099430312],[-122.64733472,49.100140907],[-122.646647073,49.100395827],[-122.646908475,49.100614397],[-122.646792793,49.102221306],[-122.64550304,49.101743069],[-122.64331713,49.101007004],[-122.638810535,49.099791916]]]]},"properties":{"a": "3.607", "q": "00000", "t": "CT", "dw": "2488", "hh": "2419", "id": "9330503.03", "nrr": "0.305", "pop": "7086", "rgid": "59", "rpid": "59933", "ruid": "5915002", "rguid": "5915"}},{"type":"Feature","geometry":{"type":"MultiPolygon","coordinates":[[[[-122.661912645,49.104301479],[-122.660903225,49.104245802],[-122.660413713,49.104101727],[-122.6604196,49.10363778],[-122.659730365,49.102994503],[-122.659675809,49.102170915],[-122.659731213,49.101494014],[-122.659835973,49.098507012],[-122.6599523,49.095931308],[-122.659946222,49.095527027],[-122.660174884,49.095520802],[-122.660446899,49.095889695],[-122.661541298,49.096090505],[-122.661925481,49.096091895],[-122.66236409,49.095985108],[-122.662352483,49.0956618],[-122.662915705,49.095546411],[-122.663475895,49.095637598],[-122.663874395,49.095495202],[-122.664229884,49.095784303],[-122.664777106,49.095875405],[-122.665595293,49.096408099],[-122.666309484,49.096123199],[-122.666555791,49.096096199],[-122.666772196,49.096366812],[-122.667291497,49.09675559],[-122.668140802,49.096731385],[-122.66859098,49.096465847],[-122.668640802,49.098464894],[-122.668659185,49.100599486],[-122.668703892,49.102883709],[-122.668688702,49.104340453],[-122.664144626,49.104304966],[-122.661912645,49.104301479]]]]},"properties":{"a": "0.58715", "q": "01000", "t": "CT", "dw": "2322", "hh": "2198", "id": "9330503.06", "nrr": "0.285", "pop": "4377", "rgid": "59", "rpid": "59933", "ruid": "5915002", "rguid": "5915"}},{"type":"Feature","geometry":{"type":"MultiPolygon","coordinates":[[[[-122.646792793,49.102221306],[-122.646908475,49.100614397],[-122.646647073,49.100395827],[-122.64733472,49.100140907],[-122.647368692,49.099430312],[-122.647083081,49.098961693],[-122.647058486,49.098619907],[-122.647592796,49.098621287],[-122.647905909,49.098856293],[-122.647973193,49.099072811],[-122.64826081,49.099153993],[-122.648702996,49.098463205],[-122.649528213,49.098159899],[-122.649881689,49.098359308],[-122.650375408,49.098486005],[-122.651114493,49.098453293],[-122.651372504,49.098659812],[-122.652208786,49.098743801],[-122.6522967,49.097951899],[-122.652819608,49.09755881],[-122.653755284,49.097066099],[-122.654016021,49.097021901],[-122.654848577,49.097320997],[-122.655054394,49.097322413],[-122.655552201,49.096711393],[-122.656169587,49.096354004],[-122.656194104,49.096785502],[-122.657141791,49.096492112],[-122.657212792,49.096258502],[-122.656927487,49.095834091],[-122.657054217,49.0954567],[-122.657014311,49.095114896],[-122.656537499,49.094906996],[-122.656345593,49.094699009],[-122.656416106,49.094511012],[-122.657183284,49.094441204],[-122.657607618,49.094478308],[-122.658101902,49.094246097],[-122.658716213,49.0945352],[-122.659002018,49.094914107],[-122.659302594,49.095121997],[-122.659286387,49.095545004],[-122.659946222,49.095527027],[-122.6599523,49.095931308],[-122.659835973,49.098507012],[-122.659731213,49.101494014],[-122.659675809,49.102170915],[-122.659730365,49.102994503],[-122.6604196,49.10363778],[-122.660413713,49.104101727],[-122.660903225,49.104245802],[-122.661912645,49.104301479],[-122.660889304,49.10434449],[-122.660378518,49.104210577],[-122.660228572,49.105536995],[-122.656317277,49.104716974],[-122.654332496,49.105697667],[-122.653657027,49.106191433],[-122.652869922,49.105884005],[-122.651274007,49.104995299],[-122.651085102,49.104764997],[-122.64675776,49.104666133],[-122.646792793,49.102221306]]]]},"properties":{"a": "0.84496", "q": "01000", "t": "CT", "dw": "2709", "hh": "2576", "id": "9330503.07", "nrr": "0.23399999999999999", "pop": "4501", "rgid": "59", "rpid": "59933", "ruid": "5915002", "rguid": "5915"}},{"type":"Feature","geometry":{"type":"MultiPolygon","coordinates":[[[[-122.668448078,49.115318644],[-122.664461306,49.115232912],[-122.663119523,49.115224595],[-122.656788832,49.115102747],[-122.656783208,49.113331703],[-122.656642361,49.113328223],[-122.65666526,49.112361061],[-122.656781635,49.111959276],[-122.656437762,49.111230662],[-122.657624495,49.111249049],[-122.658244452,49.110778951],[-122.660118883,49.108783355],[-122.660139974,49.106733775],[-122.660228572,49.105536995],[-122.660378518,49.104210577],[-122.660889304,49.10434449],[-122.661912645,49.104301479],[-122.664144626,49.104304966],[-122.668688702,49.104340453],[-122.668703892,49.102883709],[-122.668659185,49.100599486],[-122.668640802,49.098464894],[-122.66859098,49.096465847],[-122.669170402,49.096211502],[-122.669461321,49.095798507],[-122.669654195,49.095710214],[-122.670283387,49.095828408],[-122.671265402,49.096460805],[-122.671608805,49.096435097],[-122.672062806,49.096148901],[-122.672843704,49.095854103],[-122.673350694,49.095891108],[-122.673529008,49.095999301],[-122.673975595,49.096774105],[-122.6746332,49.096910809],[-122.676182316,49.096708595],[-122.676974496,49.096909404],[-122.677344196,49.096801199],[-122.677224307,49.096324088],[-122.677993903,49.096201613],[-122.678757592,49.096473589],[-122.679019703,49.096419487],[-122.679213094,49.096195915],[-122.679121103,49.095331409],[-122.679397798,49.095205728],[-122.67941185,49.095335511],[-122.680032753,49.096724182],[-122.680064473,49.097402426],[-122.679839185,49.098471995],[-122.679650296,49.10024477],[-122.679959786,49.102584481],[-122.679816097,49.104390017],[-122.680051308,49.107937049],[-122.680126183,49.10877941],[-122.679906668,49.10983025],[-122.680001593,49.111237594],[-122.679974099,49.113561903],[-122.679680716,49.113930405],[-122.674424647,49.111526821],[-122.674619521,49.112290973],[-122.674671918,49.114867131],[-122.671863139,49.114763785],[-122.671681476,49.115394475],[-122.668448078,49.115318644]]]]},"properties":{"a": "2.50531", "q": "00000", "t": "CT", "dw": "2173", "hh": "2065", "id": "9330503.08", "nrr": "0.34700000000000003", "pop": "3976", "rgid": "59", "rpid": "59933", "ruid": "5915002", "rguid": "5915"}},{"type":"Feature","geometry":{"type":"MultiPolygon","coordinates":[[[[-122.647159551,49.11492636],[-122.644142358,49.11317221],[-122.645020614,49.112523072],[-122.640041902,49.109452373],[-122.637733915,49.108267444],[-122.642729711,49.104595399],[-122.638770683,49.104553705],[-122.638685175,49.102429377],[-122.638810535,49.099791916],[-122.64331713,49.101007004],[-122.64550304,49.101743069],[-122.646792793,49.102221306],[-122.64675776,49.104666133],[-122.651085102,49.104764997],[-122.651274007,49.104995299],[-122.652869922,49.105884005],[-122.653657027,49.106191433],[-122.654332496,49.105697667],[-122.656317277,49.104716974],[-122.660228572,49.105536995],[-122.660139974,49.106733775],[-122.660118883,49.108783355],[-122.658244452,49.110778951],[-122.657624495,49.111249049],[-122.656437762,49.111230662],[-122.656781635,49.111959276],[-122.65666526,49.112361061],[-122.656642361,49.113328223],[-122.656783208,49.113331703],[-122.656788832,49.115102747],[-122.650446431,49.114916156],[-122.649583196,49.114786514],[-122.648481477,49.114772896],[-122.648469721,49.114879801],[-122.64740035,49.114855472],[-122.647159551,49.11492636]]]]},"properties":{"a": "1.58264", "q": "01000", "t": "CT", "dw": "1254", "hh": "1215", "id": "9330503.09", "nrr": "0.337", "pop": "2665", "rgid": "59", "rpid": "59933", "ruid": "5915002", "rguid": "5915"}},{"type":"Feature","geometry":{"type":"MultiPolygon","coordinates":[[[[-122.603565139,49.209226794],[-122.602390488,49.208909199],[-122.601549205,49.20853039],[-122.599880709,49.207606091],[-122.598637202,49.206734503],[-122.595091692,49.20412101],[-122.591781904,49.201845196],[-122.590801012,49.2009465],[-122.589460385,49.199452504],[-122.586512398,49.194633003],[-122.585777506,49.193090888],[-122.584719909,49.191284085],[-122.589158803,49.188938503],[-122.590110494,49.188824818],[-122.590284028,49.188648576],[-122.593255359,49.185345314],[-122.600207689,49.183177899],[-122.596909523,49.178667102],[-122.596877743,49.178445318],[-122.597081414,49.17806156],[-122.597878025,49.177954277],[-122.599290314,49.177212203],[-122.599887204,49.177021089],[-122.60042969,49.176956218],[-122.607107011,49.176955033],[-122.623989195,49.17693779],[-122.623990112,49.17499949],[-122.624017694,49.173864017],[-122.623997817,49.173043302],[-122.624053217,49.161913209],[-122.624905295,49.161924603],[-122.624994611,49.161978802],[-122.632842693,49.162291186],[-122.632846917,49.163501607],[-122.63295001,49.164538504],[-122.633056501,49.164961699],[-122.63330982,49.165288695],[-122.633676192,49.165587607],[-122.634239716,49.165892707],[-122.634787718,49.166298199],[-122.6349179,49.166772714],[-122.634999507,49.169415595],[-122.634988076,49.170708301],[-122.635111398,49.170957289],[-122.635570293,49.17134379],[-122.636075502,49.171507399],[-122.640166578,49.171829799],[-122.642326699,49.171829589],[-122.642922927,49.171701282],[-122.644398114,49.171252548],[-122.644863282,49.171192271],[-122.645838984,49.171202855],[-122.645907218,49.172727872],[-122.646111326,49.174993362],[-122.646225015,49.176972161],[-122.646219442,49.178341682],[-122.646257006,49.178429372],[-122.646161143,49.180936005],[-122.646154484,49.182072991],[-122.646389297,49.184388992],[-122.646335383,49.184908105],[-122.645835494,49.186207309],[-122.645593595,49.187050399],[-122.645115585,49.189071985],[-122.644491484,49.191805394],[-122.644319091,49.200364997],[-122.644282477,49.201127603],[-122.643995153,49.203894889],[-122.642334795,49.204583915],[-122.636479814,49.206683198],[-122.631100786,49.208167196],[-122.628369192,49.208876513],[-122.625355397,49.209515893],[-122.623800293,49.209802216],[-122.622048097,49.210037246],[-122.620296283,49.210272193],[-122.617767796,49.210451688],[-122.613769704,49.210470194],[-122.608229284,49.210246596],[-122.607476612,49.210146091],[-122.605704183,49.209805097],[-122.603565139,49.209226794]]]]},"properties":{"a": "15.17754", "q": "00000", "t": "CT", "dw": "2225", "hh": "2151", "id": "9330504.03", "nrr": "0.245", "pop": "6357", "rgid": "59", "rpid": "59933", "ruid": "5915001", "rguid": "5915"}},{"type":"Feature","geometry":{"type":"MultiPolygon","coordinates":[[[[-122.646225015,49.176972161],[-122.646111326,49.174993362],[-122.645907218,49.172727872],[-122.645838984,49.171202855],[-122.645726598,49.16738215],[-122.645702553,49.165871997],[-122.645732056,49.163505613],[-122.645698163,49.162797159],[-122.645616627,49.160924756],[-122.645637562,49.160026071],[-122.645776611,49.159866393],[-122.645725095,49.158242706],[-122.651570787,49.159791796],[-122.657300479,49.161339597],[-122.659527406,49.161870992],[-122.662578185,49.162692904],[-122.668731208,49.164312689],[-122.673810577,49.165688065],[-122.678035521,49.166802421],[-122.679083593,49.170134697],[-122.67846859,49.175782772],[-122.678373829,49.176986694],[-122.67225684,49.176991355],[-122.669433932,49.176897767],[-122.66863283,49.176994649],[-122.657344703,49.176991735],[-122.654859014,49.176977598],[-122.646225015,49.176972161]]]]},"properties":{"a": "3.82717", "q": "01000", "t": "CT", "dw": "2827", "hh": "2750", "id": "9330504.05", "nrr": "0.243", "pop": "7654", "rgid": "59", "rpid": "59933", "ruid": "5915001", "rguid": "5915"}},{"type":"Feature","geometry":{"type":"MultiPolygon","coordinates":[[[[-122.646225015,49.176972161],[-122.654859014,49.176977598],[-122.657344703,49.176991735],[-122.66863283,49.176994649],[-122.669433932,49.176897767],[-122.67225684,49.176991355],[-122.678373829,49.176986694],[-122.679308604,49.18042149],[-122.678648804,49.181900545],[-122.678666298,49.182268805],[-122.678905939,49.184735393],[-122.678805737,49.185850937],[-122.678837184,49.187549869],[-122.677726998,49.188178403],[-122.676699706,49.188468986],[-122.6753458,49.189044411],[-122.673945518,49.189834797],[-122.673053797,49.190529812],[-122.671531798,49.191180687],[-122.668937394,49.192709816],[-122.668452292,49.193318417],[-122.667921005,49.196226406],[-122.6648501,49.196289009],[-122.6621555,49.196830505],[-122.659541107,49.197669398],[-122.657189805,49.198528206],[-122.653431477,49.199977994],[-122.648137991,49.202175451],[-122.643995153,49.203894889],[-122.644282477,49.201127603],[-122.644319091,49.200364997],[-122.644491484,49.191805394],[-122.645115585,49.189071985],[-122.645593595,49.187050399],[-122.645835494,49.186207309],[-122.646335383,49.184908105],[-122.646389297,49.184388992],[-122.646154484,49.182072991],[-122.646161143,49.180936005],[-122.646257006,49.178429372],[-122.646219442,49.178341682],[-122.646225015,49.176972161]]]]},"properties":{"a": "5.26046", "q": "00000", "t": "CT", "dw": "739", "hh": "720", "id": "9330504.06", "nrr": "0.183", "pop": "1866", "rgid": "59", "rpid": "59933", "ruid": "5915001", "rguid": "5915"}},{"type":"Feature","geometry":{"type":"MultiPolygon","coordinates":[[[[-122.632842693,49.162291186],[-122.637745007,49.162476885],[-122.645698163,49.162797159],[-122.645732056,49.163505613],[-122.645702553,49.165871997],[-122.645726598,49.16738215],[-122.645838984,49.171202855],[-122.644863282,49.171192271],[-122.644398114,49.171252548],[-122.642922927,49.171701282],[-122.642326699,49.171829589],[-122.640166578,49.171829799],[-122.636075502,49.171507399],[-122.635570293,49.17134379],[-122.635111398,49.170957289],[-122.634988076,49.170708301],[-122.634999507,49.169415595],[-122.6349179,49.166772714],[-122.634787718,49.166298199],[-122.634239716,49.165892707],[-122.633676192,49.165587607],[-122.63330982,49.165288695],[-122.633056501,49.164961699],[-122.63295001,49.164538504],[-122.632846917,49.163501607],[-122.632842693,49.162291186]]]]},"properties":{"a": "0.84364", "q": "00001", "t": "CT", "dw": "1332", "hh": "1323", "id": "9330504.07", "nrr": "0.23600000000000002", "pop": "3182", "rgid": "59", "rpid": "59933", "ruid": "5915001", "rguid": "5915"}},{"type":"Feature","geometry":{"type":"MultiPolygon","coordinates":[[[[-122.632842693,49.162291186],[-122.624994611,49.161978802],[-122.624905295,49.161924603],[-122.624053217,49.161913209],[-122.62410388,49.157325198],[-122.624109088,49.1527411],[-122.623945028,49.152472653],[-122.645725095,49.158242706],[-122.645776611,49.159866393],[-122.645637562,49.160026071],[-122.645616627,49.160924756],[-122.645698163,49.162797159],[-122.637745007,49.162476885],[-122.632842693,49.162291186]]]]},"properties":{"a": "1.22552", "q": "00001", "t": "CT", "dw": "1555", "hh": "1551", "id": "9330504.08", "nrr": "0.20600000000000002", "pop": "4212", "rgid": "59", "rpid": "59933", "ruid": "5915001", "rguid": "5915"}},{"type":"Feature","geometry":{"type":"MultiPolygon","coordinates":[[[[-122.668731208,49.164312689],[-122.669023979,49.163154822],[-122.668824917,49.162584523],[-122.667952705,49.161170683],[-122.667766482,49.160172791],[-122.667934182,49.155593868],[-122.668102903,49.148265591],[-122.668209338,49.134438799],[-122.668272104,49.130022323],[-122.668381459,49.126294842],[-122.668595384,49.126272598],[-122.674947779,49.126284459],[-122.679781763,49.126338273],[-122.679741732,49.127667164],[-122.679577263,49.128378539],[-122.679498777,49.133605562],[-122.679601541,49.133606034],[-122.679560473,49.136158664],[-122.679472288,49.136251332],[-122.679095078,49.138382422],[-122.678845831,49.140863265],[-122.678799972,49.144539282],[-122.678832897,49.148241422],[-122.679313881,49.151937298],[-122.6793124,49.152822209],[-122.679173395,49.159221387],[-122.678913392,49.162880895],[-122.678293833,49.165551862],[-122.678035521,49.166802421],[-122.673810577,49.165688065],[-122.668731208,49.164312689]]]]},"properties":{"a": "3.50246", "q": "00001", "t": "CT", "dw": "1416", "hh": "1352", "id": "9330504.09", "nrr": "0.359", "pop": "4523", "rgid": "59", "rpid": "59933", "ruid": "5915001", "rguid": "5915"}},{"type":"Feature","geometry":{"type":"MultiPolygon","coordinates":[[[[-122.668381459,49.126294842],[-122.668440168,49.122643266],[-122.668448078,49.115318644],[-122.671681476,49.115394475],[-122.671863139,49.114763785],[-122.674671918,49.114867131],[-122.674619521,49.112290973],[-122.674424647,49.111526821],[-122.679680716,49.113930405],[-122.679740978,49.114075168],[-122.67990141,49.118133161],[-122.679975822,49.118414778],[-122.679946769,49.119071785],[-122.679781763,49.126338273],[-122.674947779,49.126284459],[-122.668595384,49.126272598],[-122.668381459,49.126294842]]]]},"properties":{"a": "1.13484", "q": "00001", "t": "CT", "dw": "1577", "hh": "1545", "id": "9330504.10", "nrr": "0.33799999999999997", "pop": "3968", "rgid": "59", "rpid": "59933", "ruid": "5915001", "rguid": "5915"}},{"type":"Feature","geometry":{"type":"MultiPolygon","coordinates":[[[[-122.645725095,49.158242706],[-122.623945028,49.152472653],[-122.620135787,49.151462905],[-122.618569291,49.151005518],[-122.615928822,49.150140206],[-122.601008003,49.144292486],[-122.601361002,49.143926992],[-122.602450382,49.142936702],[-122.603450703,49.142283387],[-122.606814199,49.140799815],[-122.608873812,49.139714893],[-122.609279495,49.139282515],[-122.609387591,49.138870398],[-122.609301512,49.138509908],[-122.608880714,49.137891099],[-122.60879399,49.137538701],[-122.608960886,49.137316803],[-122.611809607,49.135405897],[-122.620983083,49.129143707],[-122.624898698,49.126450309],[-122.628740881,49.123779799],[-122.644142358,49.11317221],[-122.647159551,49.11492636],[-122.653841168,49.118663625],[-122.654062919,49.118780468],[-122.652265499,49.120152921],[-122.6486888,49.12292714],[-122.646412813,49.124757694],[-122.646045283,49.125331994],[-122.646036911,49.126114011],[-122.645944295,49.1333846],[-122.645832698,49.143200302],[-122.645743327,49.14801248],[-122.656964499,49.148125597],[-122.661374689,49.148176905],[-122.668102903,49.148265591],[-122.667934182,49.155593868],[-122.667766482,49.160172791],[-122.667952705,49.161170683],[-122.668824917,49.162584523],[-122.669023979,49.163154822],[-122.668731208,49.164312689],[-122.662578185,49.162692904],[-122.659527406,49.161870992],[-122.657300479,49.161339597],[-122.651570787,49.159791796],[-122.645725095,49.158242706]]]]},"properties":{"a": "11.5357", "q": "00001", "t": "CT", "dw": "1808", "hh": "1410", "id": "9330504.11", "nrr": "0.366", "pop": "4377", "rgid": "59", "rpid": "59933", "ruid": "5915001", "rguid": "5915"}},{"type":"Feature","geometry":{"type":"MultiPolygon","coordinates":[[[[-122.646036911,49.126114011],[-122.659416005,49.12617263],[-122.667336612,49.126211105],[-122.668381459,49.126294842],[-122.668272104,49.130022323],[-122.668209338,49.134438799],[-122.668102903,49.148265591],[-122.661374689,49.148176905],[-122.656964499,49.148125597],[-122.645743327,49.14801248],[-122.645832698,49.143200302],[-122.645944295,49.1333846],[-122.646036911,49.126114011]]]]},"properties":{"a": "3.97579", "q": "00001", "t": "CT", "dw": "1377", "hh": "1302", "id": "9330504.12", "nrr": "0.26", "pop": "4417", "rgid": "59", "rpid": "59933", "ruid": "5915001", "rguid": "5915"}},{"type":"Feature","geometry":{"type":"MultiPolygon","coordinates":[[[[-122.646036911,49.126114011],[-122.646045283,49.125331994],[-122.646412813,49.124757694],[-122.6486888,49.12292714],[-122.652265499,49.120152921],[-122.654062919,49.118780468],[-122.653841168,49.118663625],[-122.647159551,49.11492636],[-122.64740035,49.114855472],[-122.648469721,49.114879801],[-122.648481477,49.114772896],[-122.649583196,49.114786514],[-122.650446431,49.114916156],[-122.656788832,49.115102747],[-122.663119523,49.115224595],[-122.664461306,49.115232912],[-122.668448078,49.115318644],[-122.668440168,49.122643266],[-122.668381459,49.126294842],[-122.667336612,49.126211105],[-122.659416005,49.12617263],[-122.646036911,49.126114011]]]]},"properties":{"a": "1.6693", "q": "00001", "t": "CT", "dw": "1365", "hh": "1350", "id": "9330504.13", "nrr": "0.21899999999999997", "pop": "3381", "rgid": "59", "rpid": "59933", "ruid": "5915001", "rguid": "5915"}},{"type":"Feature","geometry":{"type":"MultiPolygon","coordinates":[[[[-122.586363189,49.176967105],[-122.584372716,49.175582707],[-122.582761401,49.174695493],[-122.581247196,49.173682796],[-122.579813691,49.1728497],[-122.576945378,49.171282995],[-122.576193986,49.170983991],[-122.574799993,49.170258989],[-122.574239684,49.170076701],[-122.573021192,49.16982041],[-122.570800121,49.169542707],[-122.566467393,49.169247911],[-122.564275704,49.168897504],[-122.562740594,49.168810608],[-122.559905095,49.168369108],[-122.555957607,49.167884907],[-122.554010811,49.167779502],[-122.550087277,49.167836496],[-122.548128391,49.167531711],[-122.546091913,49.166803907],[-122.543833501,49.16619151],[-122.541403096,49.165678256],[-122.541470573,49.165516509],[-122.541863178,49.165546257],[-122.551202713,49.165905624],[-122.552627501,49.165939396],[-122.55562149,49.165823989],[-122.557886534,49.165518289],[-122.558722991,49.165314744],[-122.55935689,49.1651097],[-122.560624835,49.164467144],[-122.561327409,49.164037865],[-122.561854023,49.163625875],[-122.562322337,49.163160254],[-122.562850648,49.162541967],[-122.565087101,49.159428393],[-122.567516424,49.156154429],[-122.567834193,49.155607159],[-122.568186358,49.154502107],[-122.568415586,49.153304066],[-122.570394995,49.15324329],[-122.573226211,49.152628808],[-122.576545384,49.152292908],[-122.577715105,49.152269697],[-122.578707883,49.152471592],[-122.580908396,49.152583002],[-122.581586981,49.152340496],[-122.582289201,49.15267279],[-122.583639412,49.15295539],[-122.586475509,49.153110308],[-122.587065889,49.153061395],[-122.587878103,49.152923197],[-122.588561899,49.152889889],[-122.589262597,49.152925591],[-122.590912498,49.153234708],[-122.590952688,49.156650594],[-122.590621886,49.158730795],[-122.58970107,49.159688859],[-122.590909814,49.159892194],[-122.592144807,49.160186984],[-122.593028615,49.160628494],[-122.594369785,49.161099902],[-122.595460802,49.161141197],[-122.596593486,49.160890596],[-122.597042601,49.160953307],[-122.597083088,49.161164007],[-122.59692572,49.161568504],[-122.596226,49.162697904],[-122.595576018,49.163615105],[-122.595615607,49.164234586],[-122.595997113,49.164817092],[-122.596614999,49.165064886],[-122.598765998,49.165245806],[-122.599139602,49.165389691],[-122.599362002,49.165744306],[-122.599251685,49.166131699],[-122.598958688,49.166346706],[-122.597970584,49.166764004],[-122.597837422,49.166887905],[-122.598138781,49.167125802],[-122.598538412,49.167011806],[-122.600435417,49.165849706],[-122.600804203,49.165799812],[-122.601005193,49.166090408],[-122.600861592,49.166366691],[-122.60038349,49.166641501],[-122.598664497,49.167483313],[-122.597485024,49.167776603],[-122.596899707,49.167827895],[-122.59599722,49.167728207],[-122.595409082,49.167440494],[-122.594996506,49.166944893],[-122.594624715,49.167056],[-122.594639299,49.167681213],[-122.594822388,49.168077106],[-122.595149799,49.168416101],[-122.59563151,49.168681004],[-122.596371316,49.168712298],[-122.597758615,49.168360778],[-122.598789888,49.168410955],[-122.599279954,49.168642318],[-122.599293597,49.168893211],[-122.597682816,49.169396005],[-122.597243511,49.169465808],[-122.59665279,49.169421612],[-122.595820021,49.169202304],[-122.594924296,49.169217898],[-122.594431388,49.1694358],[-122.594265994,49.169682193],[-122.594547077,49.169999797],[-122.595605593,49.170101004],[-122.596185379,49.170335896],[-122.597889104,49.171288697],[-122.598413013,49.171772993],[-122.599421207,49.172386788],[-122.59934591,49.172613294],[-122.597580005,49.173711294],[-122.597454121,49.173874316],[-122.597191658,49.174555717],[-122.596800879,49.174774169],[-122.595336289,49.174743906],[-122.5941508,49.17516259],[-122.592489593,49.175437506],[-122.590923415,49.176054102],[-122.589876194,49.175944497],[-122.589420113,49.175975795],[-122.588206492,49.176495693],[-122.586424988,49.177017298],[-122.586363189,49.176967105]]]]},"properties":{"a": "5.2577", "q": "00001", "t": "CT", "dw": "1259", "hh": "1210", "id": "9330505.01", "nrr": "0.309", "pop": "3241", "rgid": "59", "rpid": "59933", "ruid": "5915001", "rguid": "5915"}},{"type":"Feature","geometry":{"type":"MultiPolygon","coordinates":[[[[-122.556469414,49.178899712],[-122.553209913,49.177877109],[-122.550796487,49.176901597],[-122.548181609,49.175616293],[-122.546943885,49.174704003],[-122.544871219,49.173218204],[-122.543247494,49.172169521],[-122.542652198,49.171785008],[-122.541191002,49.171040501],[-122.538457298,49.170146493],[-122.533413406,49.169163805],[-122.53161361,49.1687209],[-122.529239491,49.168112792],[-122.525231799,49.167582906],[-122.517242784,49.167224006],[-122.513451116,49.167226899],[-122.511071296,49.16735941],[-122.509835293,49.167305204],[-122.50408018,49.167454796],[-122.5004469,49.167678391],[-122.496662683,49.167813692],[-122.494271894,49.168005907],[-122.488777524,49.168327806],[-122.478191597,49.169795106],[-122.472431184,49.170197801],[-122.467170188,49.170463806],[-122.464286804,49.170817606],[-122.46188192,49.171280202],[-122.461478465,49.171327064],[-122.46132631,49.167320622],[-122.461308522,49.165309614],[-122.461407525,49.164477724],[-122.461385745,49.160343869],[-122.461200591,49.156501132],[-122.461141205,49.154440075],[-122.461176986,49.151066404],[-122.461402766,49.150786141],[-122.461295399,49.150219435],[-122.461147601,49.148301197],[-122.461067647,49.14772555],[-122.461046172,49.146744042],[-122.460998167,49.14662675],[-122.460972214,49.143943722],[-122.460937831,49.143826495],[-122.460926004,49.140171194],[-122.46089241,49.13955882],[-122.46073082,49.132512437],[-122.460447911,49.127493687],[-122.460651807,49.118262125],[-122.460508987,49.110726995],[-122.460561904,49.105438915],[-122.460430435,49.103492241],[-122.460517401,49.095143998],[-122.460210404,49.089348133],[-122.460222656,49.088508152],[-122.486043683,49.098668597],[-122.488063018,49.099461074],[-122.48682555,49.099462187],[-122.489610208,49.100569804],[-122.492800182,49.101818605],[-122.510607307,49.108811289],[-122.537029592,49.119175692],[-122.56473669,49.130080476],[-122.578472016,49.135481696],[-122.581324009,49.136580792],[-122.586749498,49.138732211],[-122.601008003,49.144292486],[-122.615928822,49.150140206],[-122.618569291,49.151005518],[-122.620135787,49.151462905],[-122.623945028,49.152472653],[-122.624109088,49.1527411],[-122.62410388,49.157325198],[-122.624053217,49.161913209],[-122.623997817,49.173043302],[-122.624017694,49.173864017],[-122.623990112,49.17499949],[-122.623989195,49.17693779],[-122.607107011,49.176955033],[-122.60042969,49.176956218],[-122.599887204,49.177021089],[-122.599290314,49.177212203],[-122.597878025,49.177954277],[-122.597081414,49.17806156],[-122.596877743,49.178445318],[-122.596909523,49.178667102],[-122.600207689,49.183177899],[-122.593255359,49.185345314],[-122.590284028,49.188648576],[-122.590110494,49.188824818],[-122.589158803,49.188938503],[-122.584719909,49.191284085],[-122.582509311,49.188956097],[-122.579960995,49.186926602],[-122.577317207,49.185256008],[-122.575027113,49.184107995],[-122.5737889,49.183668009],[-122.570304897,49.182651101],[-122.563028205,49.18080389],[-122.556469414,49.178899712]],[[-122.586363189,49.176967105],[-122.586424988,49.177017298],[-122.588206492,49.176495693],[-122.589420113,49.175975795],[-122.589876194,49.175944497],[-122.590923415,49.176054102],[-122.592489593,49.175437506],[-122.5941508,49.17516259],[-122.595336289,49.174743906],[-122.596800879,49.174774169],[-122.597191658,49.174555717],[-122.597454121,49.173874316],[-122.597580005,49.173711294],[-122.59934591,49.172613294],[-122.599421207,49.172386788],[-122.598413013,49.171772993],[-122.597889104,49.171288697],[-122.596185379,49.170335896],[-122.595605593,49.170101004],[-122.594547077,49.169999797],[-122.594265994,49.169682193],[-122.594431388,49.1694358],[-122.594924296,49.169217898],[-122.595820021,49.169202304],[-122.59665279,49.169421612],[-122.597243511,49.169465808],[-122.597682816,49.169396005],[-122.599293597,49.168893211],[-122.599279954,49.168642318],[-122.598789888,49.168410955],[-122.597758615,49.168360778],[-122.596371316,49.168712298],[-122.59563151,49.168681004],[-122.595149799,49.168416101],[-122.594822388,49.168077106],[-122.594639299,49.167681213],[-122.594624715,49.167056],[-122.594996506,49.166944893],[-122.595409082,49.167440494],[-122.59599722,49.167728207],[-122.596899707,49.167827895],[-122.597485024,49.167776603],[-122.598664497,49.167483313],[-122.60038349,49.166641501],[-122.600861592,49.166366691],[-122.601005193,49.166090408],[-122.600804203,49.165799812],[-122.600435417,49.165849706],[-122.598538412,49.167011806],[-122.598138781,49.167125802],[-122.597837422,49.166887905],[-122.597970584,49.166764004],[-122.598958688,49.166346706],[-122.599251685,49.166131699],[-122.599362002,49.165744306],[-122.599139602,49.165389691],[-122.598765998,49.165245806],[-122.596614999,49.165064886],[-122.595997113,49.164817092],[-122.595615607,49.164234586],[-122.595576018,49.163615105],[-122.596226,49.162697904],[-122.59692572,49.161568504],[-122.597083088,49.161164007],[-122.597042601,49.160953307],[-122.596593486,49.160890596],[-122.595460802,49.161141197],[-122.594369785,49.161099902],[-122.593028615,49.160628494],[-122.592144807,49.160186984],[-122.590909814,49.159892194],[-122.58970107,49.159688859],[-122.590621886,49.158730795],[-122.590952688,49.156650594],[-122.590912498,49.153234708],[-122.589262597,49.152925591],[-122.588561899,49.152889889],[-122.587878103,49.152923197],[-122.587065889,49.153061395],[-122.586475509,49.153110308],[-122.583639412,49.15295539],[-122.582289201,49.15267279],[-122.581586981,49.152340496],[-122.580908396,49.152583002],[-122.578707883,49.152471592],[-122.577715105,49.152269697],[-122.576545384,49.152292908],[-122.573226211,49.152628808],[-122.570394995,49.15324329],[-122.568415586,49.153304066],[-122.568186358,49.154502107],[-122.567834193,49.155607159],[-122.567516424,49.156154429],[-122.565087101,49.159428393],[-122.562850648,49.162541967],[-122.562322337,49.163160254],[-122.561854023,49.163625875],[-122.561327409,49.164037865],[-122.560624835,49.164467144],[-122.55935689,49.1651097],[-122.558722991,49.165314744],[-122.557886534,49.165518289],[-122.55562149,49.165823989],[-122.552627501,49.165939396],[-122.551202713,49.165905624],[-122.541863178,49.165546257],[-122.541470573,49.165516509],[-122.541403096,49.165678256],[-122.543833501,49.16619151],[-122.546091913,49.166803907],[-122.548128391,49.167531711],[-122.550087277,49.167836496],[-122.554010811,49.167779502],[-122.555957607,49.167884907],[-122.559905095,49.168369108],[-122.562740594,49.168810608],[-122.564275704,49.168897504],[-122.566467393,49.169247911],[-122.570800121,49.169542707],[-122.573021192,49.16982041],[-122.574239684,49.170076701],[-122.574799993,49.170258989],[-122.576193986,49.170983991],[-122.576945378,49.171282995],[-122.579813691,49.1728497],[-122.581247196,49.173682796],[-122.582761401,49.174695493],[-122.584372716,49.175582707],[-122.586363189,49.176967105]]]]},"properties":{"a": "65.64278", "q": "00001", "t": "CT", "dw": "2009", "hh": "1878", "id": "9330505.02", "nrr": "0.327", "pop": "5783", "rgid": "59", "rpid": "59933", "ruid": "5915001", "rguid": "5915"}},{"type":"Feature","geometry":{"type":"MultiPolygon","coordinates":[[[[-122.459765637,49.057649024],[-122.467263191,49.057856289],[-122.470744908,49.058044705],[-122.473269795,49.058201608],[-122.474511797,49.058207246],[-122.474762597,49.058274072],[-122.476548089,49.058275901],[-122.477423479,49.058334347],[-122.481695715,49.058691868],[-122.492686393,49.059574897],[-122.494600491,49.0598502],[-122.494708874,49.059827594],[-122.496360194,49.0600671],[-122.498180999,49.060419475],[-122.503549939,49.0614823],[-122.506762365,49.062127655],[-122.508287786,49.06249726],[-122.514772648,49.064379945],[-122.514847088,49.067244198],[-122.503827916,49.067407005],[-122.492731791,49.067551805],[-122.492710041,49.061811384],[-122.491764893,49.061891085],[-122.479249105,49.062006085],[-122.47855658,49.062116796],[-122.476240095,49.0621309],[-122.476237319,49.060449803],[-122.472252894,49.060483009],[-122.47069968,49.060484198],[-122.47077104,49.064148901],[-122.470778386,49.068747998],[-122.470887611,49.074948597],[-122.459991196,49.074995588],[-122.45984586,49.070660695],[-122.4597769,49.066054901],[-122.459795704,49.060494791],[-122.459765637,49.057649024]]]]},"properties":{"a": "3.07029", "q": "00000", "t": "CT", "dw": "1505", "hh": "1455", "id": "9330506.01", "nrr": "0.321", "pop": "4036", "rgid": "59", "rpid": "59933", "ruid": "5915001", "rguid": "5915"}},{"type":"Feature","geometry":{"type":"MultiPolygon","coordinates":[[[[-122.459765637,49.057649024],[-122.459765555,49.055002509],[-122.459699479,49.054485612],[-122.459763633,49.054127177],[-122.459755733,49.046049315],[-122.462384753,49.046099034],[-122.470615235,49.045882313],[-122.479264309,49.045868883],[-122.492544903,49.04580341],[-122.514678513,49.045240799],[-122.514680801,49.059899911],[-122.514772648,49.064379945],[-122.508287786,49.06249726],[-122.506762365,49.062127655],[-122.503549939,49.0614823],[-122.498180999,49.060419475],[-122.496360194,49.0600671],[-122.494708874,49.059827594],[-122.494600491,49.0598502],[-122.492686393,49.059574897],[-122.481695715,49.058691868],[-122.477423479,49.058334347],[-122.476548089,49.058275901],[-122.474762597,49.058274072],[-122.474511797,49.058207246],[-122.473269795,49.058201608],[-122.470744908,49.058044705],[-122.467263191,49.057856289],[-122.459765637,49.057649024]]]]},"properties":{"a": "6.23561", "q": "00000", "t": "CT", "dw": "2830", "hh": "2646", "id": "9330506.02", "nrr": "0.256", "pop": "7405", "rgid": "59", "rpid": "59933", "ruid": "5915001", "rguid": "5915"}}]}