{"type":"FeatureCollection","features":[{"type":"Feature","geometry":{"type":"MultiPolygon","coordinates":[[[[-123.02332027897,49.22515547855],[-123.02332352354,49.22268447745],[-123.02330497741,49.22185426786],[-123.02332496557,49.22008405402],[-123.02328478897,49.21831163707],[-123.02330690012,49.21771772037],[-123.02326419996,49.21655568332],[-123.02325298416,49.21567516286],[-123.02319922843,49.2136622471],[-123.02324240927,49.21267297343],[-123.02318036185,49.21192740308],[-123.02323531928,49.21185137598],[-123.02342402512,49.20914868848],[-123.02326419996,49.20862551144],[-123.02325306428,49.20806468135],[-123.02553632088,49.20800996427],[-123.02586053764,49.20794262941],[-123.02715223736,49.20782886914],[-123.02826760867,49.20783631964],[-123.03031305025,49.20797335269],[-123.03083582673,49.20807169123],[-123.03078876042,49.20830381824],[-123.03036848835,49.20878926213],[-123.02974420888,49.20911123572],[-123.02940901667,49.20924935029],[-123.02821958101,49.20949000933],[-123.02783003222,49.20970955862],[-123.027445851,49.21007847835],[-123.02724004105,49.21042035999],[-123.02695191515,49.21078022696],[-123.02866200429,49.21107888771],[-123.02898449861,49.21128401669],[-123.02928644399,49.21154426332],[-123.02940857605,49.21191698841],[-123.02945199722,49.21289348408],[-123.02949918369,49.21467895942],[-123.0297403234,49.21545369085],[-123.03004591392,49.21594149806],[-123.03051144975,49.21626647589],[-123.03134939023,49.21693193337],[-123.03182109476,49.21746905005],[-123.03220936174,49.21809264856],[-123.03229307968,49.21829825822],[-123.03244937987,49.21910843959],[-123.03243636153,49.22020594574],[-123.03235528732,49.22226584769],[-123.03235584811,49.22309337349],[-123.03231511072,49.22386702339],[-123.0323159519,49.22517130084],[-123.02792108049,49.22516348983],[-123.02606706859,49.22515491776],[-123.02332027897,49.22515547855]]]]},"properties":{"a": "1.04441", "q": "00000", "t": "CT", "dw": "2292", "hh": "2250", "id": "9330001.01", "pop": "6259", "rgid": "59", "rpid": "59933", "ruid": "5915022", "rguid": "5915"}},{"type":"Feature","geometry":{"type":"MultiPolygon","coordinates":[[[[-123.03243636153,49.22020594574],[-123.03244937987,49.21910843959],[-123.03229307968,49.21829825822],[-123.03220936174,49.21809264856],[-123.03182109476,49.21746905005],[-123.03134939023,49.21693193337],[-123.03051144975,49.21626647589],[-123.03004591392,49.21594149806],[-123.0297403234,49.21545369085],[-123.02949918369,49.21467895942],[-123.02945199722,49.21289348408],[-123.02940857605,49.21191698841],[-123.02928644399,49.21154426332],[-123.02898449861,49.21128401669],[-123.02866200429,49.21107888771],[-123.02695191515,49.21078022696],[-123.02724004105,49.21042035999],[-123.027445851,49.21007847835],[-123.02783003222,49.20970955862],[-123.02821958101,49.20949000933],[-123.02940901667,49.20924935029],[-123.02974420888,49.20911123572],[-123.03036848835,49.20878926213],[-123.03078876042,49.20830381824],[-123.03083582673,49.20807169123],[-123.03031305025,49.20797335269],[-123.02826760867,49.20783631964],[-123.02715223736,49.20782886914],[-123.02586053764,49.20794262941],[-123.02553632088,49.20800996427],[-123.02325306428,49.20806468135],[-123.02320319402,49.2067899255],[-123.02329472296,49.20530042712],[-123.02309075562,49.2042684533],[-123.02313902362,49.20246819713],[-123.02313225408,49.20104050582],[-123.02300443401,49.19953049855],[-123.03974694054,49.20373942802],[-123.04216194275,49.20412893675],[-123.04233891206,49.20581018526],[-123.04233959302,49.20652078634],[-123.04229865535,49.20688065331],[-123.04224550047,49.20869577042],[-123.04205094638,49.20986305487],[-123.04184365435,49.21019724567],[-123.04164489434,49.21299771091],[-123.04160443735,49.21390623082],[-123.04160744158,49.21495530874],[-123.04156462126,49.21560638596],[-123.04146748441,49.21762194545],[-123.04136253656,49.22020306167],[-123.03923401794,49.22020378269],[-123.03544379835,49.22018699905],[-123.03386457357,49.22018747972],[-123.03243636153,49.22020594574]]]]},"properties":{"a": "2.07433", "q": "00000", "t": "CT", "dw": "1775", "hh": "1698", "id": "9330001.02", "pop": "4616", "rgid": "59", "rpid": "59933", "ruid": "5915022", "rguid": "5915"}},{"type":"Feature","geometry":{"type":"MultiPolygon","coordinates":[[[[-123.04136253656,49.22020306167],[-123.04146748441,49.21762194545],[-123.04156462126,49.21560638596],[-123.04160744158,49.21495530874],[-123.04160443735,49.21390623082],[-123.04164489434,49.21299771091],[-123.04184365435,49.21019724567],[-123.04205094638,49.20986305487],[-123.04224550047,49.20869577042],[-123.04229865535,49.20688065331],[-123.04233959302,49.20652078634],[-123.04233891206,49.20581018526],[-123.04216194275,49.20412893675],[-123.04732990328,49.20456735438],[-123.05498516787,49.20443857296],[-123.05639259062,49.20450358454],[-123.05659247221,49.20516635825],[-123.05680865677,49.20555790986],[-123.05696527741,49.20596296049],[-123.05713972317,49.20691926771],[-123.05682503985,49.20792688723],[-123.05569661014,49.20911964757],[-123.05555424958,49.21000068876],[-123.05543383995,49.21016968684],[-123.05519229967,49.21132499442],[-123.05526508221,49.2125242439],[-123.05610786951,49.21202634247],[-123.05676106973,49.21200182793],[-123.05791489522,49.21232504327],[-123.05853637074,49.21183919882],[-123.05924573007,49.21155075246],[-123.05950737867,49.21192231591],[-123.05948010025,49.21235124018],[-123.05946880433,49.21438414409],[-123.05942870785,49.21521179006],[-123.05943075072,49.21701985724],[-123.05939065424,49.2179822931],[-123.05933846071,49.22020422331],[-123.05804760217,49.22022280949],[-123.05661943019,49.22019657253],[-123.05509508271,49.22018828085],[-123.05278807264,49.22020738777],[-123.05065955403,49.22020834912],[-123.04912491205,49.22019845518],[-123.04537246568,49.22019256689],[-123.04453472548,49.22021083262],[-123.04136253656,49.22020306167]]]]},"properties":{"a": "2.04952", "q": "00010", "t": "CT", "dw": "2496", "hh": "2390", "id": "9330002.01", "pop": "5713", "rgid": "59", "rpid": "59933", "ruid": "5915022", "rguid": "5915"}},{"type":"Feature","geometry":{"type":"MultiPolygon","coordinates":[[[[-123.05933846071,49.22020422331],[-123.05939065424,49.2179822931],[-123.05943075072,49.21701985724],[-123.05942870785,49.21521179006],[-123.05946880433,49.21438414409],[-123.05948010025,49.21235124018],[-123.05950737867,49.21192231591],[-123.05924573007,49.21155075246],[-123.05853637074,49.21183919882],[-123.05791489522,49.21232504327],[-123.05676106973,49.21200182793],[-123.05610786951,49.21202634247],[-123.05526508221,49.2125242439],[-123.05519229967,49.21132499442],[-123.05543383995,49.21016968684],[-123.05555424958,49.21000068876],[-123.05569661014,49.20911964757],[-123.05682503985,49.20792688723],[-123.05713972317,49.20691926771],[-123.05696527741,49.20596296049],[-123.05680865677,49.20555790986],[-123.05659247221,49.20516635825],[-123.05639259062,49.20450358454],[-123.05867929208,49.20448792248],[-123.06319609527,49.20519872384],[-123.06693980935,49.20584964084],[-123.06763146373,49.20604115064],[-123.06846471761,49.2064049832],[-123.06870733941,49.2065108924],[-123.07119448325,49.20743635618],[-123.07147275527,49.20796638287],[-123.07155727434,49.20848547416],[-123.07150584189,49.21090516297],[-123.07230236401,49.21102168713],[-123.07230372593,49.21193917967],[-123.0722636695,49.21276674553],[-123.07233376825,49.21368419802],[-123.07232123059,49.21452978927],[-123.07229495357,49.21534834244],[-123.0723511928,49.21624784965],[-123.07218688132,49.21720868325],[-123.07170063631,49.21800152018],[-123.07217526496,49.21802903895],[-123.07216412927,49.21983706607],[-123.07065740663,49.21982156423],[-123.06940444147,49.22018059002],[-123.06738571753,49.22017277901],[-123.06602616222,49.22021852346],[-123.06470790508,49.22016532852],[-123.06271669991,49.22018435532],[-123.06076659263,49.2201764642],[-123.05933846071,49.22020422331]]]]},"properties":{"a": "1.65656", "q": "01000", "t": "CT", "dw": "2717", "hh": "2573", "id": "9330002.02", "pop": "7889", "rgid": "59", "rpid": "59933", "ruid": "5915022", "rguid": "5915"}},{"type":"Feature","geometry":{"type":"MultiPolygon","coordinates":[[[[-123.07217526496,49.21802903895],[-123.07170063631,49.21800152018],[-123.07218688132,49.21720868325],[-123.0723511928,49.21624784965],[-123.07229495357,49.21534834244],[-123.07232123059,49.21452978927],[-123.0742435387,49.21455554556],[-123.07720951712,49.21456255543],[-123.08034028769,49.21458743048],[-123.08340236148,49.21462127816],[-123.08591514144,49.21462836815],[-123.08811219661,49.21465376393],[-123.0912153683,49.21467827846],[-123.09113637702,49.21653144918],[-123.09108450394,49.21818654084],[-123.08795357314,49.21815305366],[-123.08566030242,49.21814576339],[-123.0832570768,49.21812052784],[-123.07872557291,49.2181146796],[-123.07716004742,49.21808880315],[-123.07415277083,49.21808175321],[-123.07217526496,49.21802903895]]]]},"properties":{"a": "0.5394", "q": "00000", "t": "CT", "dw": "1158", "hh": "1096", "id": "9330003.01", "pop": "3667", "rgid": "59", "rpid": "59933", "ruid": "5915022", "rguid": "5915"}},{"type":"Feature","geometry":{"type":"MultiPolygon","coordinates":[[[[-123.07232123059,49.21452978927],[-123.07233376825,49.21368419802],[-123.0722636695,49.21276674553],[-123.07230372593,49.21193917967],[-123.07230236401,49.21102168713],[-123.07150584189,49.21090516297],[-123.07155727434,49.20848547416],[-123.07147275527,49.20796638287],[-123.07119448325,49.20743635618],[-123.07235223427,49.20777431228],[-123.073331614,49.20800944353],[-123.07465760203,49.20820600044],[-123.07644580121,49.20815805289],[-123.08077942634,49.20736777957],[-123.08348571891,49.20671686257],[-123.09137747667,49.2051006657],[-123.09132263942,49.2057998507],[-123.0913131861,49.20815665092],[-123.09125097846,49.21165582048],[-123.09125258072,49.21250137168],[-123.09121204361,49.21289724938],[-123.09125490399,49.21376074586],[-123.0912153683,49.21467827846],[-123.08811219661,49.21465376393],[-123.08591514144,49.21462836815],[-123.08340236148,49.21462127816],[-123.08034028769,49.21458743048],[-123.07720951712,49.21456255543],[-123.0742435387,49.21455554556],[-123.07232123059,49.21452978927]]]]},"properties":{"a": "1.19505", "q": "01010", "t": "CT", "dw": "1364", "hh": "1250", "id": "9330003.02", "pop": "4548", "rgid": "59", "rpid": "59933", "ruid": "5915022", "rguid": "5915"}},{"type":"Feature","geometry":{"type":"MultiPolygon","coordinates":[[[[-123.1020016438,49.21826737471],[-123.10204097922,49.21735881475],[-123.10210823396,49.21671114232],[-123.10214748926,49.21577558433],[-123.10225415954,49.21421935194],[-123.10229497704,49.21405736373],[-123.10236046931,49.212483146],[-123.10240132687,49.21232119785],[-123.10239960444,49.21153857531],[-123.10243978104,49.21101680024],[-123.10262824655,49.20918165492],[-123.10269902626,49.20718007513],[-123.10267851737,49.20700707141],[-123.10262007504,49.20409360698],[-123.10985354541,49.20451275747],[-123.11400863903,49.20471720549],[-123.11609085241,49.20408399343],[-123.11733756876,49.20381152959],[-123.11740057753,49.20561611185],[-123.11743482578,49.20600113426],[-123.11732082518,49.21003117171],[-123.11729879414,49.2114693578],[-123.11726314392,49.21230833974],[-123.11718331145,49.21317355864],[-123.11720245842,49.21500229493],[-123.1170790045,49.21697767781],[-123.11707571988,49.21781605891],[-123.11362349645,49.21780239967],[-123.11092421375,49.21762506985],[-123.10834457961,49.21768591557],[-123.10649016715,49.21740876512],[-123.10645091185,49.21832641789],[-123.1020016438,49.21826737471]]]]},"properties":{"a": "1.62457", "q": "01010", "t": "CT", "dw": "1471", "hh": "1382", "id": "9330004.01", "pop": "4233", "rgid": "59", "rpid": "59933", "ruid": "5915022", "rguid": "5915"}},{"type":"Feature","geometry":{"type":"MultiPolygon","coordinates":[[[[-123.09108450394,49.21818654084],[-123.09113637702,49.21653144918],[-123.0912153683,49.21467827846],[-123.09125490399,49.21376074586],[-123.09121204361,49.21289724938],[-123.09125258072,49.21250137168],[-123.09125097846,49.21165582048],[-123.0913131861,49.20815665092],[-123.09132263942,49.2057998507],[-123.09137747667,49.2051006657],[-123.09188751521,49.20503501321],[-123.09369550226,49.20460524777],[-123.09859408329,49.20408507496],[-123.10095108379,49.2039968707],[-123.10262007504,49.20409360698],[-123.10267851737,49.20700707141],[-123.10269902626,49.20718007513],[-123.10262824655,49.20918165492],[-123.10243978104,49.21101680024],[-123.10239960444,49.21153857531],[-123.10240132687,49.21232119785],[-123.10236046931,49.212483146],[-123.10229497704,49.21405736373],[-123.10225415954,49.21421935194],[-123.10214748926,49.21577558433],[-123.10210823396,49.21671114232],[-123.10204097922,49.21735881475],[-123.1020016438,49.21826737471],[-123.09799183486,49.21826188698],[-123.09502569622,49.21823729234],[-123.09108450394,49.21818654084]]]]},"properties":{"a": "1.25734", "q": "00000", "t": "CT", "dw": "1702", "hh": "1537", "id": "9330004.02", "pop": "5406", "rgid": "59", "rpid": "59933", "ruid": "5915022", "rguid": "5915"}},{"type":"Feature","geometry":{"type":"MultiPolygon","coordinates":[[[[-123.13018166328,49.20849721069],[-123.12889108514,49.20851663806],[-123.12757306835,49.20849112211],[-123.12624127214,49.20851956218],[-123.12508804749,49.20851179123],[-123.12442895898,49.20848551421],[-123.12154525648,49.20825470906],[-123.11926836884,49.20919255027],[-123.1184318704,49.20959828186],[-123.11732082518,49.21003117171],[-123.11743482578,49.20600113426],[-123.11740057753,49.20561611185],[-123.11733756876,49.20381152959],[-123.11762176914,49.20373762548],[-123.12595663114,49.20007073964],[-123.12685377502,49.19926336222],[-123.13057409614,49.19863271377],[-123.1319513564,49.19842317858],[-123.13591233655,49.19913414017],[-123.13656485581,49.19918096614],[-123.14012875656,49.20144711865],[-123.14088966852,49.20184576025],[-123.14092447756,49.202302003],[-123.14064936999,49.2042479444],[-123.14042309122,49.20494696918],[-123.14042785793,49.2051299069],[-123.14056677363,49.20567851977],[-123.14057033866,49.20695583924],[-123.1404924289,49.20853910972],[-123.13794291719,49.2085368265],[-123.13614013747,49.20850826627],[-123.13587788802,49.20852216585],[-123.1343965211,49.2085013365],[-123.13328451452,49.20850261831],[-123.13296866957,49.20853001691],[-123.13163695347,49.20852252635],[-123.13018166328,49.20849721069]]]]},"properties":{"a": "1.56517", "q": "01010", "t": "CT", "dw": "4376", "hh": "4140", "id": "9330005.00", "pop": "7451", "rgid": "59", "rpid": "59933", "ruid": "5915022", "rguid": "5915"}},{"type":"Feature","geometry":{"type":"MultiPolygon","coordinates":[[[[-123.12861681876,49.21925728929],[-123.12888868176,49.21815962292],[-123.12908900397,49.21759763119],[-123.12984623073,49.21603887525],[-123.13015089994,49.21509498551],[-123.13015598711,49.21447006514],[-123.13020697895,49.21294083078],[-123.13017361194,49.2106920227],[-123.13018166328,49.20849721069],[-123.13163695347,49.20852252635],[-123.13296866957,49.20853001691],[-123.13328451452,49.20850261831],[-123.1343965211,49.2085013365],[-123.13587788802,49.20852216585],[-123.13614013747,49.20850826627],[-123.13794291719,49.2085368265],[-123.1404924289,49.20853910972],[-123.14041528021,49.21036520228],[-123.14037526384,49.21080606336],[-123.14041776371,49.21126474955],[-123.14037918937,49.21220026749],[-123.14029951713,49.21313594565],[-123.14030168017,49.21391848808],[-123.140263226,49.21488104412],[-123.14018355376,49.21584360015],[-123.14018615743,49.21673417477],[-123.14014626122,49.2172379645],[-123.14007007389,49.21941491134],[-123.12861681876,49.21925728929]]]]},"properties":{"a": "0.91503", "q": "00010", "t": "CT", "dw": "1702", "hh": "1623", "id": "9330006.01", "pop": "4710", "rgid": "59", "rpid": "59933", "ruid": "5915022", "rguid": "5915"}},{"type":"Feature","geometry":{"type":"MultiPolygon","coordinates":[[[[-123.11700686287,49.2190960221],[-123.11707571988,49.21781605891],[-123.1170790045,49.21697767781],[-123.11720245842,49.21500229493],[-123.11718331145,49.21317355864],[-123.11726314392,49.21230833974],[-123.11729879414,49.2114693578],[-123.11732082518,49.21003117171],[-123.1184318704,49.20959828186],[-123.11926836884,49.20919255027],[-123.12154525648,49.20825470906],[-123.12442895898,49.20848551421],[-123.12508804749,49.20851179123],[-123.12624127214,49.20851956218],[-123.12757306835,49.20849112211],[-123.12889108514,49.20851663806],[-123.13018166328,49.20849721069],[-123.13017361194,49.2106920227],[-123.13020697895,49.21294083078],[-123.13015598711,49.21447006514],[-123.13015089994,49.21509498551],[-123.12984623073,49.21603887525],[-123.12908900397,49.21759763119],[-123.12888868176,49.21815962292],[-123.12861681876,49.21925728929],[-123.12635102676,49.21923281481],[-123.12404385646,49.21918130224],[-123.12251946893,49.21917401197],[-123.11859798441,49.21911797302],[-123.11831422466,49.21913163226],[-123.11700686287,49.2190960221]]]]},"properties":{"a": "1.07638", "q": "01000", "t": "CT", "dw": "1864", "hh": "1768", "id": "9330006.02", "pop": "5373", "rgid": "59", "rpid": "59933", "ruid": "5915022", "rguid": "5915"}},{"type":"Feature","geometry":{"type":"MultiPolygon","coordinates":[[[[-123.14007007389,49.21941491134],[-123.14014626122,49.2172379645],[-123.14018615743,49.21673417477],[-123.14018355376,49.21584360015],[-123.140263226,49.21488104412],[-123.14030168017,49.21391848808],[-123.14029951713,49.21313594565],[-123.14037918937,49.21220026749],[-123.14041776371,49.21126474955],[-123.14037526384,49.21080606336],[-123.14041528021,49.21036520228],[-123.1404924289,49.20853910972],[-123.14057033866,49.20695583924],[-123.14056677363,49.20567851977],[-123.14042785793,49.2051299069],[-123.14042309122,49.20494696918],[-123.14064936999,49.2042479444],[-123.14092447756,49.202302003],[-123.14088966852,49.20184576025],[-123.14121941306,49.20199841531],[-123.14733699139,49.2044809126],[-123.14947780733,49.20499671926],[-123.15078528929,49.20534737326],[-123.15347936465,49.20739377619],[-123.15537615681,49.20937528771],[-123.1565629888,49.21022500477],[-123.15831942323,49.21119541187],[-123.16196407776,49.21286135882],[-123.16355175444,49.21355814043],[-123.16829892216,49.21441763127],[-123.16810601039,49.2161646925],[-123.16815908517,49.22021595984],[-123.16821428293,49.221463958],[-123.16818560252,49.22295473818],[-123.16838564434,49.22338842916],[-123.16868855107,49.22479945699],[-123.16835315857,49.22583571685],[-123.16582167226,49.22523535107],[-123.16382858444,49.22402520624],[-123.16279068226,49.22306301072],[-123.16191937478,49.22270546702],[-123.16142079238,49.22267029747],[-123.16042587076,49.22247165763],[-123.15950998047,49.22207025214],[-123.15898712388,49.221774155],[-123.15870568739,49.22128650801],[-123.15865056975,49.21957073086],[-123.15645327424,49.21954677711],[-123.15450300674,49.21947747949],[-123.15285508518,49.2194526445],[-123.15255289946,49.21942604703],[-123.15042422062,49.21940185295],[-123.14986138771,49.21942953194],[-123.14969675578,49.21951973902],[-123.1467580558,49.21951453169],[-123.14523358815,49.21946249838],[-123.14383289488,49.21943722277],[-123.14007007389,49.21941491134]]]]},"properties":{"a": "2.84475", "q": "00000", "t": "CT", "dw": "1950", "hh": "1890", "id": "9330007.01", "pop": "5158", "rgid": "59", "rpid": "59933", "ruid": "5915022", "rguid": "5915"}},{"type":"Feature","geometry":{"type":"MultiPolygon","coordinates":[[[[-123.13984431585,49.22700716717],[-123.13989094153,49.22405669059],[-123.13988933928,49.22350803766],[-123.1399281139,49.22261738292],[-123.13999420701,49.22174475358],[-123.14000550293,49.22082718092],[-123.14007007389,49.21941491134],[-123.14383289488,49.21943722277],[-123.14523358815,49.21946249838],[-123.1467580558,49.21951453169],[-123.14969675578,49.21951973902],[-123.14986138771,49.21942953194],[-123.15042422062,49.21940185295],[-123.15255289946,49.21942604703],[-123.15285508518,49.2194526445],[-123.15450300674,49.21947747949],[-123.15645327424,49.21954677711],[-123.15865056975,49.21957073086],[-123.15870568739,49.22128650801],[-123.15898712388,49.221774155],[-123.15950998047,49.22207025214],[-123.16042587076,49.22247165763],[-123.16142079238,49.22267029747],[-123.16191937478,49.22270546702],[-123.16279068226,49.22306301072],[-123.16382858444,49.22402520624],[-123.16582167226,49.22523535107],[-123.16835315857,49.22583571685],[-123.16810296611,49.2261642597],[-123.16782040804,49.22668206918],[-123.16772595498,49.22713178273],[-123.16747912725,49.22732124964],[-123.16514419785,49.22729761635],[-123.16297398049,49.22724670463],[-123.16018585262,49.22725067021],[-123.15879865837,49.22724350011],[-123.15768609101,49.22721802422],[-123.1564225109,49.22721982676],[-123.15437586763,49.22716855453],[-123.15095348624,49.22716735284],[-123.14796171148,49.22711395762],[-123.14503627018,49.22710871022],[-123.1417260468,49.22705879991],[-123.13984431585,49.22700716717]]]]},"properties":{"a": "1.43", "q": "00000", "t": "CT", "dw": "1199", "hh": "1165", "id": "9330007.02", "pop": "3692", "rgid": "59", "rpid": "59933", "ruid": "5915022", "rguid": "5915"}},{"type":"Feature","geometry":{"type":"MultiPolygon","coordinates":[[[[-123.19698845945,49.23492115625],[-123.1971061853,49.23292214007],[-123.19701269359,49.23059161688],[-123.19503582862,49.22972856102],[-123.19100402869,49.22835142093],[-123.19085525911,49.22751868779],[-123.19109920277,49.22645699209],[-123.19121548659,49.22558932975],[-123.1913747109,49.22078508161],[-123.19132339862,49.22034650375],[-123.19129379691,49.21939296042],[-123.20290799878,49.22190293643],[-123.20738895147,49.22277997198],[-123.22602248204,49.22884119091],[-123.22138591012,49.23720353162],[-123.22108532666,49.23756095515],[-123.21992036549,49.23931995319],[-123.20952596205,49.23547129127],[-123.20869419026,49.23508290412],[-123.20767936059,49.23584205359],[-123.20564040815,49.23728112092],[-123.19964331956,49.23559734886],[-123.19698845945,49.23492115625]]]]},"properties":{"a": "3.2171", "q": "02021", "t": "CT", "dw": "507", "hh": "458", "id": "9330008.01", "pop": "1371", "rgid": "59", "rpid": "59933", "ruid": "5915803", "rguid": "5915"}},{"type":"Feature","geometry":{"type":"MultiPolygon","coordinates":[[[[-123.17878209066,49.23477939654],[-123.17034776854,49.2347650964],[-123.16868486587,49.23474222417],[-123.16738050832,49.23474246451],[-123.16739108322,49.23377998859],[-123.16737614217,49.2327074376],[-123.16742601243,49.23192685794],[-123.16743654727,49.23099134],[-123.16743101948,49.22933624834],[-123.16747912725,49.22732124964],[-123.16772595498,49.22713178273],[-123.16782040804,49.22668206918],[-123.16810296611,49.2261642597],[-123.16835315857,49.22583571685],[-123.16868855107,49.22479945699],[-123.16838564434,49.22338842916],[-123.16818560252,49.22295473818],[-123.16821428293,49.221463958],[-123.16815908517,49.22021595984],[-123.16810601039,49.2161646925],[-123.16829892216,49.21441763127],[-123.17226863462,49.21493067403],[-123.18040261362,49.2156614235],[-123.19129379691,49.21939296042],[-123.19132339862,49.22034650375],[-123.1913747109,49.22078508161],[-123.19121548659,49.22558932975],[-123.19109920277,49.22645699209],[-123.19085525911,49.22751868779],[-123.19100402869,49.22835142093],[-123.19503582862,49.22972856102],[-123.19701269359,49.23059161688],[-123.1971061853,49.23292214007],[-123.19698845945,49.23492115625],[-123.19621368796,49.23472407861],[-123.19397481388,49.23477286734],[-123.19254612116,49.23476625803],[-123.1910488919,49.2347417435],[-123.18979889092,49.2347707043],[-123.18206515578,49.23475624392],[-123.17878209066,49.23477939654]]]]},"properties":{"a": "3.75308", "q": "00001", "t": "CT", "dw": "1548", "hh": "1477", "id": "9330008.02", "pop": "4293", "rgid": "59", "rpid": "59933", "ruid": "5915022", "rguid": "5915"}},{"type":"Feature","geometry":{"type":"MultiPolygon","coordinates":[[[[-123.16595189572,49.23473553475],[-123.16411134278,49.23475612376],[-123.16139139096,49.2347149858],[-123.16000387626,49.23470789581],[-123.15773724307,49.2346570642],[-123.15553934671,49.23465998832],[-123.15524625381,49.23465073529],[-123.15494879476,49.23466086956],[-123.1520501512,49.23462866419],[-123.1434094183,49.23447785173],[-123.14159614379,49.23445309686],[-123.13964539561,49.23440146412],[-123.1396814464,49.23253046829],[-123.13975823458,49.23057839825],[-123.13976732739,49.22891421378],[-123.13984431585,49.22700716717],[-123.1417260468,49.22705879991],[-123.14503627018,49.22710871022],[-123.14796171148,49.22711395762],[-123.15095348624,49.22716735284],[-123.15437586763,49.22716855453],[-123.1564225109,49.22721982676],[-123.15768609101,49.22721802422],[-123.15879865837,49.22724350011],[-123.16018585262,49.22725067021],[-123.16297398049,49.22724670463],[-123.16514419785,49.22729761635],[-123.16747912725,49.22732124964],[-123.16743101948,49.22933624834],[-123.16743654727,49.23099134],[-123.16742601243,49.23192685794],[-123.16737614217,49.2327074376],[-123.16739108322,49.23377998859],[-123.16738050832,49.23474246451],[-123.16595189572,49.23473553475]]]]},"properties":{"a": "1.66866", "q": "01000", "t": "CT", "dw": "3407", "hh": "3217", "id": "9330009.00", "pop": "7473", "rgid": "59", "rpid": "59933", "ruid": "5915022", "rguid": "5915"}},{"type":"Feature","geometry":{"type":"MultiPolygon","coordinates":[[[[-123.1164869304,49.23351112983],[-123.11656704326,49.23264254619],[-123.11659320011,49.23164742428],[-123.11659131746,49.23073890437],[-123.11663690168,49.22876736691],[-123.1167628391,49.22624317087],[-123.11847733445,49.22629736722],[-123.12119472265,49.22633582139],[-123.12203134126,49.22636029587],[-123.12377347555,49.22636886795],[-123.1253528205,49.22639414355],[-123.12691878661,49.22649140057],[-123.12841613604,49.22656165955],[-123.13201724922,49.22671187116],[-123.13510547987,49.226823909],[-123.13744052944,49.22692008449],[-123.13984431585,49.22700716717],[-123.13976732739,49.22891421378],[-123.13975823458,49.23057839825],[-123.1396814464,49.23253046829],[-123.13964539561,49.23440146412],[-123.1380793494,49.23435844351],[-123.13651330318,49.23433332813],[-123.13350462461,49.23419285023],[-123.13277659898,49.23418475883],[-123.13193845822,49.2341406567],[-123.13055106369,49.23409731564],[-123.12917488495,49.234004585],[-123.12410794675,49.23380758748],[-123.12152735125,49.23373568618],[-123.12114060641,49.23373877053],[-123.11967089591,49.23368633666],[-123.11817346636,49.23361595751],[-123.1164869304,49.23351112983]]]]},"properties":{"a": "1.38768", "q": "01010", "t": "CT", "dw": "2098", "hh": "1984", "id": "9330010.01", "pop": "5169", "rgid": "59", "rpid": "59933", "ruid": "5915022", "rguid": "5915"}},{"type":"Feature","geometry":{"type":"MultiPolygon","coordinates":[[[[-123.1167628391,49.22624317087],[-123.11682136154,49.22526503288],[-123.11686426198,49.22384363044],[-123.11690531982,49.22174006698],[-123.11700686287,49.2190960221],[-123.11831422466,49.21913163226],[-123.11859798441,49.21911797302],[-123.12251946893,49.21917401197],[-123.12404385646,49.21918130224],[-123.12635102676,49.21923281481],[-123.12861681876,49.21925728929],[-123.14007007389,49.21941491134],[-123.14000550293,49.22082718092],[-123.13999420701,49.22174475358],[-123.1399281139,49.22261738292],[-123.13988933928,49.22350803766],[-123.13989094153,49.22405669059],[-123.13984431585,49.22700716717],[-123.13744052944,49.22692008449],[-123.13510547987,49.226823909],[-123.13201724922,49.22671187116],[-123.12841613604,49.22656165955],[-123.12691878661,49.22649140057],[-123.1253528205,49.22639414355],[-123.12377347555,49.22636886795],[-123.12203134126,49.22636029587],[-123.12119472265,49.22633582139],[-123.11847733445,49.22629736722],[-123.1167628391,49.22624317087]]]]},"properties":{"a": "1.36786", "q": "01000", "t": "CT", "dw": "1669", "hh": "1614", "id": "9330010.02", "pop": "4737", "rgid": "59", "rpid": "59933", "ruid": "5915022", "rguid": "5915"}},{"type":"Feature","geometry":{"type":"MultiPolygon","coordinates":[[[[-123.0908911916,49.22550284791],[-123.09101011915,49.22255833975],[-123.09100691463,49.22084023932],[-123.09104765202,49.22058840454],[-123.09104661055,49.21996769009],[-123.09108899026,49.21912330053],[-123.09108450394,49.21818654084],[-123.09502569622,49.21823729234],[-123.09799183486,49.21826188698],[-123.1020016438,49.21826737471],[-123.10645091185,49.21832641789],[-123.10649016715,49.21740876512],[-123.10834457961,49.21768591557],[-123.11092421375,49.21762506985],[-123.11362349645,49.21780239967],[-123.11707571988,49.21781605891],[-123.11700686287,49.2190960221],[-123.11690531982,49.22174006698],[-123.11686426198,49.22384363044],[-123.11682136154,49.22526503288],[-123.1167628391,49.22624317087],[-123.11490057557,49.22617106929],[-123.11102715878,49.22600399392],[-123.10876088609,49.22593417556],[-123.10615116957,49.22583771967],[-123.1040926696,49.22580383193],[-123.10185235348,49.22572031428],[-123.09768680514,49.22563419295],[-123.0943706534,49.22558344145],[-123.0908911916,49.22550284791]]]]},"properties":{"a": "1.63421", "q": "01010", "t": "CT", "dw": "2390", "hh": "2222", "id": "9330011.00", "pop": "6624", "rgid": "59", "rpid": "59933", "ruid": "5915022", "rguid": "5915"}},{"type":"Feature","geometry":{"type":"MultiPolygon","coordinates":[[[[-123.09071322088,49.2329481367],[-123.09079225222,49.23106800801],[-123.09085021388,49.22832334137],[-123.09089539753,49.22735994416],[-123.09087548948,49.22646432242],[-123.0908911916,49.22550284791],[-123.0943706534,49.22558344145],[-123.09768680514,49.22563419295],[-123.10185235348,49.22572031428],[-123.1040926696,49.22580383193],[-123.10615116957,49.22583771967],[-123.10876088609,49.22593417556],[-123.11102715878,49.22600399392],[-123.11490057557,49.22617106929],[-123.1167628391,49.22624317087],[-123.11663690168,49.22876736691],[-123.11659131746,49.23073890437],[-123.11659320011,49.23164742428],[-123.11656704326,49.23264254619],[-123.1164869304,49.23351112983],[-123.1123624399,49.23344175209],[-123.11109865951,49.23339805053],[-123.10841992576,49.23332859268],[-123.10406531106,49.23319768826],[-123.10166140448,49.23310988456],[-123.10023271176,49.23308408822],[-123.09984812997,49.23310243407],[-123.0975128,49.23305052093],[-123.0948617853,49.23302568595],[-123.09071322088,49.2329481367]]]]},"properties":{"a": "1.54649", "q": "01010", "t": "CT", "dw": "2903", "hh": "2693", "id": "9330012.00", "pop": "7797", "rgid": "59", "rpid": "59933", "ruid": "5915022", "rguid": "5915"}},{"type":"Feature","geometry":{"type":"MultiPolygon","coordinates":[[[[-123.07447682735,49.23268989289],[-123.07311695159,49.23268172138],[-123.07162344757,49.23265652588],[-123.07172655282,49.23062274072],[-123.07177918697,49.22894946344],[-123.07177838584,49.22849077725],[-123.07186170322,49.2271157201],[-123.07189727333,49.22517142101],[-123.07600385861,49.22524973133],[-123.07740467205,49.22524881003],[-123.08155251545,49.22532692007],[-123.08293958954,49.22533501147],[-123.08398358029,49.22537919371],[-123.08681569011,49.22542926425],[-123.08957065125,49.22546655679],[-123.0908911916,49.22550284791],[-123.09087548948,49.22646432242],[-123.09089539753,49.22735994416],[-123.09085021388,49.22832334137],[-123.09079225222,49.23106800801],[-123.09071322088,49.2329481367],[-123.08946330002,49.23296708339],[-123.08799338923,49.23289618351],[-123.08708699232,49.23291488986],[-123.08280103434,49.23281911493],[-123.08141367986,49.23281110365],[-123.07862527161,49.23276808304],[-123.07722413771,49.23275999164],[-123.07447682735,49.23268989289]]]]},"properties":{"a": "1.15459", "q": "00010", "t": "CT", "dw": "2130", "hh": "1973", "id": "9330013.01", "pop": "6132", "rgid": "59", "rpid": "59933", "ruid": "5915022", "rguid": "5915"}},{"type":"Feature","geometry":{"type":"MultiPolygon","coordinates":[[[[-123.07189727333,49.22517142101],[-123.0719768254,49.2231834604],[-123.07205677803,49.22152824857],[-123.07216412927,49.21983706607],[-123.07217526496,49.21802903895],[-123.07415277083,49.21808175321],[-123.07716004742,49.21808880315],[-123.07872557291,49.2181146796],[-123.0832570768,49.21812052784],[-123.08566030242,49.21814576339],[-123.08795357314,49.21815305366],[-123.09108450394,49.21818654084],[-123.09108899026,49.21912330053],[-123.09104661055,49.21996769009],[-123.09104765202,49.22058840454],[-123.09100691463,49.22084023932],[-123.09101011915,49.22255833975],[-123.0908911916,49.22550284791],[-123.08957065125,49.22546655679],[-123.08681569011,49.22542926425],[-123.08398358029,49.22537919371],[-123.08293958954,49.22533501147],[-123.08155251545,49.22532692007],[-123.07740467205,49.22524881003],[-123.07600385861,49.22524973133],[-123.07189727333,49.22517142101]]]]},"properties":{"a": "1.10752", "q": "00010", "t": "CT", "dw": "2684", "hh": "2499", "id": "9330013.02", "pop": "8341", "rgid": "59", "rpid": "59933", "ruid": "5915022", "rguid": "5915"}},{"type":"Feature","geometry":{"type":"MultiPolygon","coordinates":[[[[-123.05928935152,49.22500771037],[-123.05928790949,49.22391028434],[-123.05932804604,49.22299275174],[-123.05954687432,49.22212004228],[-123.05943587795,49.22131959463],[-123.05947697584,49.22111262305],[-123.05933846071,49.22020422331],[-123.06076659263,49.2201764642],[-123.06271669991,49.22018435532],[-123.06470790508,49.22016532852],[-123.06602616222,49.22021852346],[-123.06738571753,49.22017277901],[-123.06940444147,49.22018059002],[-123.07065740663,49.21982156423],[-123.07216412927,49.21983706607],[-123.07205677803,49.22152824857],[-123.0719768254,49.2231834604],[-123.07189727333,49.22517142101],[-123.07015305611,49.2251455045],[-123.06921902025,49.22511906725],[-123.06722773497,49.22512034906],[-123.06590907727,49.22509403198],[-123.06244820165,49.22504199868],[-123.05928935152,49.22500771037]]]]},"properties":{"a": "0.50785", "q": "00011", "t": "CT", "dw": "915", "hh": "865", "id": "9330014.01", "pop": "2763", "rgid": "59", "rpid": "59933", "ruid": "5915022", "rguid": "5915"}},{"type":"Feature","geometry":{"type":"MultiPolygon","coordinates":[[[[-123.05892780218,49.23281579025],[-123.05795254826,49.23278927289],[-123.05790728449,49.22938011013],[-123.05915728547,49.22937946923],[-123.05923872019,49.22848897471],[-123.05927889679,49.22706773249],[-123.0592490147,49.22576329483],[-123.05928935152,49.22500771037],[-123.06244820165,49.22504199868],[-123.06590907727,49.22509403198],[-123.06722773497,49.22512034906],[-123.06921902025,49.22511906725],[-123.07015305611,49.2251455045],[-123.07189727333,49.22517142101],[-123.07186170322,49.2271157201],[-123.07177838584,49.22849077725],[-123.07177918697,49.22894946344],[-123.07172655282,49.23062274072],[-123.07162344757,49.23265652588],[-123.06887257219,49.23260345111],[-123.06705913745,49.23257745449],[-123.06615582488,49.23260052699],[-123.06569942191,49.23271316567],[-123.06492140586,49.23282856825],[-123.06383211128,49.23286173498],[-123.06042483116,49.23281522946],[-123.05892780218,49.23281579025]]]]},"properties":{"a": "0.81187", "q": "00001", "t": "CT", "dw": "1901", "hh": "1823", "id": "9330014.02", "pop": "5601", "rgid": "59", "rpid": "59933", "ruid": "5915022", "rguid": "5915"}},{"type":"Feature","geometry":{"type":"MultiPolygon","coordinates":[[[[-123.02336329957,49.22923037919],[-123.02333538024,49.22797100501],[-123.02332027897,49.22515547855],[-123.02606706859,49.22515491776],[-123.02792108049,49.22516348983],[-123.0323159519,49.22517130084],[-123.03231511072,49.22386702339],[-123.03235584811,49.22309337349],[-123.03235528732,49.22226584769],[-123.03243636153,49.22020594574],[-123.03386457357,49.22018747972],[-123.03544379835,49.22018699905],[-123.03923401794,49.22020378269],[-123.04136253656,49.22020306167],[-123.04128130212,49.22166924721],[-123.04124124569,49.22306353145],[-123.04111963437,49.22542033167],[-123.04107977822,49.22695857872],[-123.04094294545,49.22766929997],[-123.04090240834,49.22839784633],[-123.04097170597,49.22924339753],[-123.03891152362,49.2292441586],[-123.03759290598,49.22926258456],[-123.03657659422,49.22923590698],[-123.03485572989,49.22925297102],[-123.03462612643,49.22929947653],[-123.03431024142,49.22922757524],[-123.03230269322,49.22922833631],[-123.03065673443,49.22924656199],[-123.02929685866,49.22922000457],[-123.02646751273,49.22921167284],[-123.02508019831,49.22922997863],[-123.02336329957,49.22923037919]]]]},"properties":{"a": "0.94123", "q": "00000", "t": "CT", "dw": "1463", "hh": "1403", "id": "9330015.01", "pop": "4773", "rgid": "59", "rpid": "59933", "ruid": "5915022", "rguid": "5915"}},{"type":"Feature","geometry":{"type":"MultiPolygon","coordinates":[[[[-123.05790728449,49.22938011013],[-123.05514651517,49.22934542126],[-123.05176763507,49.22933805088],[-123.05020178914,49.2293117338],[-123.04598516884,49.22930448359],[-123.04553181016,49.22927772589],[-123.04323797865,49.22927856708],[-123.04187830316,49.22927003506],[-123.04097170597,49.22924339753],[-123.04090240834,49.22839784633],[-123.04094294545,49.22766929997],[-123.04107977822,49.22695857872],[-123.04111963437,49.22542033167],[-123.04124124569,49.22306353145],[-123.04128130212,49.22166924721],[-123.04136253656,49.22020306167],[-123.04453472548,49.22021083262],[-123.04537246568,49.22019256689],[-123.04912491205,49.22019845518],[-123.05065955403,49.22020834912],[-123.05278807264,49.22020738777],[-123.05509508271,49.22018828085],[-123.05661943019,49.22019657253],[-123.05804760217,49.22022280949],[-123.05933846071,49.22020422331],[-123.05947697584,49.22111262305],[-123.05943587795,49.22131959463],[-123.05954687432,49.22212004228],[-123.05932804604,49.22299275174],[-123.05928790949,49.22391028434],[-123.05928935152,49.22500771037],[-123.0592490147,49.22576329483],[-123.05927889679,49.22706773249],[-123.05923872019,49.22848897471],[-123.05915728547,49.22937946923],[-123.05790728449,49.22938011013]]]]},"properties":{"a": "1.34244", "q": "01000", "t": "CT", "dw": "2085", "hh": "1994", "id": "9330015.02", "pop": "5998", "rgid": "59", "rpid": "59933", "ruid": "5915022", "rguid": "5915"}},{"type":"Feature","geometry":{"type":"MultiPolygon","coordinates":[[[[-123.02346099721,49.23234264369],[-123.02336329957,49.22923037919],[-123.02508019831,49.22922997863],[-123.02646751273,49.22921167284],[-123.02929685866,49.22922000457],[-123.03065673443,49.22924656199],[-123.03230269322,49.22922833631],[-123.03431024142,49.22922757524],[-123.03462612643,49.22929947653],[-123.03485572989,49.22925297102],[-123.03657659422,49.22923590698],[-123.03759290598,49.22926258456],[-123.03891152362,49.2292441586],[-123.04097170597,49.22924339753],[-123.04187830316,49.22927003506],[-123.04323797865,49.22927856708],[-123.04322516059,49.23025906839],[-123.04325340037,49.23108659419],[-123.0432542015,49.23206705545],[-123.04321378456,49.23284967799],[-123.04323938062,49.235018934],[-123.04302351652,49.23534142832],[-123.04254336008,49.23591735968],[-123.04086731891,49.23577399772],[-123.03997165712,49.23562106226],[-123.03961707759,49.23561253025],[-123.03783096134,49.23514539215],[-123.03689648487,49.23470493164],[-123.03589331162,49.23415651904],[-123.03494521596,49.23360810645],[-123.03407935615,49.2330506411],[-123.03321365657,49.23263713857],[-123.03209788469,49.23217773136],[-123.03105669789,49.23199006699],[-123.03067207604,49.23197216176],[-123.02596091905,49.23220717284],[-123.02446084578,49.2323252592],[-123.02346099721,49.23234264369]]]]},"properties":{"a": "0.68672", "q": "01010", "t": "CT", "dw": "1780", "hh": "1680", "id": "9330016.01", "pop": "5061", "rgid": "59", "rpid": "59933", "ruid": "5915022", "rguid": "5915"}},{"type":"Feature","geometry":{"type":"MultiPolygon","coordinates":[[[[-123.02351703615,49.23449247233],[-123.02346099721,49.23234264369],[-123.02446084578,49.2323252592],[-123.02596091905,49.23220717284],[-123.03067207604,49.23197216176],[-123.03105669789,49.23199006699],[-123.03209788469,49.23217773136],[-123.03321365657,49.23263713857],[-123.03407935615,49.2330506411],[-123.03494521596,49.23360810645],[-123.03589331162,49.23415651904],[-123.03689648487,49.23470493164],[-123.03783096134,49.23514539215],[-123.03961707759,49.23561253025],[-123.03997165712,49.23562106226],[-123.04086731891,49.23577399772],[-123.04254336008,49.23591735968],[-123.04129720452,49.23708019787],[-123.04106087158,49.23734813533],[-123.04045229423,49.23792683059],[-123.03966093938,49.23888682301],[-123.03783516727,49.2406414549],[-123.03680451531,49.24022803248],[-123.03565129067,49.23979826703],[-123.03485308617,49.23941901275],[-123.03394700971,49.23908406087],[-123.03203607762,49.23824147385],[-123.02993952404,49.23734024422],[-123.02615194817,49.23568070629],[-123.02490463097,49.23509492105],[-123.02351703615,49.23449247233]]]]},"properties":{"a": "0.66916", "q": "02020", "t": "CT", "dw": "4221", "hh": "3822", "id": "9330016.03", "pop": "9244", "rgid": "59", "rpid": "59933", "ruid": "5915022", "rguid": "5915"}},{"type":"Feature","geometry":{"type":"MultiPolygon","coordinates":[[[[-123.04231716142,49.24458885592],[-123.04154988049,49.24457695916],[-123.03914345035,49.24460792279],[-123.03408732738,49.24459153971],[-123.02991060329,49.24458376876],[-123.02857784573,49.24460203449],[-123.02739626113,49.24460231489],[-123.0245245355,49.24454483391],[-123.02405755763,49.24463904663],[-123.02350726239,49.24301099306],[-123.02353462093,49.2426421935],[-123.02350345703,49.24156235224],[-123.02352620908,49.24102183077],[-123.02347830159,49.24040227795],[-123.02351935943,49.23961981563],[-123.02353213743,49.2374429489],[-123.02350437832,49.23696623732],[-123.02354527594,49.23621065287],[-123.02354463504,49.23481628851],[-123.02351703615,49.23449247233],[-123.02490463097,49.23509492105],[-123.02615194817,49.23568070629],[-123.02993952404,49.23734024422],[-123.03203607762,49.23824147385],[-123.03394700971,49.23908406087],[-123.03485308617,49.23941901275],[-123.03565129067,49.23979826703],[-123.03680451531,49.24022803248],[-123.03783516727,49.2406414549],[-123.03887951853,49.24109990075],[-123.04080362918,49.24188184233],[-123.04162823087,49.24225028138],[-123.04264522359,49.24264567841],[-123.04375847191,49.24313104218],[-123.04361779373,49.24324151782],[-123.04510560973,49.24385910787],[-123.04712601604,49.24462294395],[-123.04583443649,49.2445965067],[-123.04231716142,49.24458885592]]]]},"properties":{"a": "0.94969", "q": "01010", "t": "CT", "dw": "2537", "hh": "2421", "id": "9330016.04", "pop": "7079", "rgid": "59", "rpid": "59933", "ruid": "5915022", "rguid": "5915"}},{"type":"Feature","geometry":{"type":"MultiPolygon","coordinates":[[[[-123.04254336008,49.23591735968],[-123.04302351652,49.23534142832],[-123.04323938062,49.235018934],[-123.04321378456,49.23284967799],[-123.0432542015,49.23206705545],[-123.04325340037,49.23108659419],[-123.04322516059,49.23025906839],[-123.04323797865,49.22927856708],[-123.04553181016,49.22927772589],[-123.04598516884,49.22930448359],[-123.05020178914,49.2293117338],[-123.05176763507,49.22933805088],[-123.05514651517,49.22934542126],[-123.05790728449,49.22938011013],[-123.05795254826,49.23278927289],[-123.05892780218,49.23281579025],[-123.05891654632,49.23493866091],[-123.0589188696,49.23684562741],[-123.05890565097,49.2373943204],[-123.05894763011,49.23801503485],[-123.0588656346,49.23831613904],[-123.05886631556,49.23890556942],[-123.05893625409,49.23983519906],[-123.05899321433,49.24116903815],[-123.05819661209,49.24187431173],[-123.05467785493,49.24026596592],[-123.05265732845,49.23936733995],[-123.05183256654,49.23886395079],[-123.05054066654,49.23833388404],[-123.04904263614,49.23768681246],[-123.04772317731,49.23704875357],[-123.04678882101,49.23672521778],[-123.04572119696,49.23640044024],[-123.04448044902,49.2361685135],[-123.04254336008,49.23591735968]]]]},"properties":{"a": "1.16491", "q": "00010", "t": "CT", "dw": "2289", "hh": "2130", "id": "9330017.01", "pop": "6826", "rgid": "59", "rpid": "59933", "ruid": "5915022", "rguid": "5915"}},{"type":"Feature","geometry":{"type":"MultiPolygon","coordinates":[[[[-123.04712601604,49.24462294395],[-123.04510560973,49.24385910787],[-123.04361779373,49.24324151782],[-123.04375847191,49.24313104218],[-123.04264522359,49.24264567841],[-123.04162823087,49.24225028138],[-123.04080362918,49.24188184233],[-123.03887951853,49.24109990075],[-123.03783516727,49.2406414549],[-123.03966093938,49.23888682301],[-123.04045229423,49.23792683059],[-123.04106087158,49.23734813533],[-123.04129720452,49.23708019787],[-123.04254336008,49.23591735968],[-123.04448044902,49.2361685135],[-123.04572119696,49.23640044024],[-123.04678882101,49.23672521778],[-123.04772317731,49.23704875357],[-123.04904263614,49.23768681246],[-123.05054066654,49.23833388404],[-123.05183256654,49.23886395079],[-123.05265732845,49.23936733995],[-123.05467785493,49.24026596592],[-123.05819661209,49.24187431173],[-123.05806698948,49.24202199979],[-123.05727707667,49.24263045697],[-123.0566870855,49.24334129839],[-123.05664634811,49.24372812334],[-123.05671536534,49.24406988481],[-123.05671600624,49.24466364128],[-123.05427040092,49.24466476286],[-123.05260797893,49.2446385259],[-123.05211344224,49.24465671152],[-123.05127518131,49.24463019416],[-123.04712601604,49.24462294395]]]]},"properties":{"a": "0.85392", "q": "00000", "t": "CT", "dw": "2133", "hh": "2026", "id": "9330017.02", "pop": "6369", "rgid": "59", "rpid": "59933", "ruid": "5915022", "rguid": "5915"}},{"type":"Feature","geometry":{"type":"MultiPolygon","coordinates":[[[[-123.07367750128,49.24023732557],[-123.0713831891,49.24018485165],[-123.06684964232,49.24013357941],[-123.06544818798,49.24008935711],[-123.06483580526,49.24003624229],[-123.06434723698,49.23994443295],[-123.06308505884,49.23984777678],[-123.05893625409,49.23983519906],[-123.05886631556,49.23890556942],[-123.0588656346,49.23831613904],[-123.05894763011,49.23801503485],[-123.05890565097,49.2373943204],[-123.0589188696,49.23684562741],[-123.05891654632,49.23493866091],[-123.05892780218,49.23281579025],[-123.06042483116,49.23281522946],[-123.06383211128,49.23286173498],[-123.06492140586,49.23282856825],[-123.06569942191,49.23271316567],[-123.06615582488,49.23260052699],[-123.06705913745,49.23257745449],[-123.06887257219,49.23260345111],[-123.07162344757,49.23265652588],[-123.07311695159,49.23268172138],[-123.07447682735,49.23268989289],[-123.07439759573,49.23481276355],[-123.07438686061,49.23682776224],[-123.07430714831,49.2385728607],[-123.07430843012,49.23946335522],[-123.07424077481,49.24023700512],[-123.07367750128,49.24023732557]]]]},"properties":{"a": "0.91813", "q": "01010", "t": "CT", "dw": "2250", "hh": "2097", "id": "9330018.01", "pop": "6716", "rgid": "59", "rpid": "59933", "ruid": "5915022", "rguid": "5915"}},{"type":"Feature","geometry":{"type":"MultiPolygon","coordinates":[[[[-123.07424077481,49.24023700512],[-123.07430843012,49.23946335522],[-123.07430714831,49.2385728607],[-123.07438686061,49.23682776224],[-123.07439759573,49.23481276355],[-123.07447682735,49.23268989289],[-123.07722413771,49.23275999164],[-123.07862527161,49.23276808304],[-123.08141367986,49.23281110365],[-123.08280103434,49.23281911493],[-123.08708699232,49.23291488986],[-123.08799338923,49.23289618351],[-123.08946330002,49.23296708339],[-123.09071322088,49.2329481367],[-123.09067524738,49.23468422246],[-123.09070452864,49.23569168175],[-123.09066483271,49.23647426424],[-123.09066603441,49.23713992201],[-123.09062701944,49.23832735484],[-123.0906171255,49.2404592382],[-123.08936700436,49.24045118685],[-123.08824037719,49.24042511012],[-123.08619333335,49.24039959417],[-123.0837204496,49.24040143677],[-123.08176946108,49.24034888273],[-123.08123374638,49.24034920318],[-123.07914548447,49.24029672926],[-123.07789532327,49.24029757044],[-123.07664508195,49.24027141359],[-123.0750376975,49.24026352248],[-123.07424077481,49.24023700512]]]]},"properties":{"a": "0.99323", "q": "00010", "t": "CT", "dw": "2332", "hh": "2181", "id": "9330018.02", "pop": "6537", "rgid": "59", "rpid": "59933", "ruid": "5915022", "rguid": "5915"}},{"type":"Feature","geometry":{"type":"MultiPolygon","coordinates":[[[[-123.0906171255,49.2404592382],[-123.09062701944,49.23832735484],[-123.09066603441,49.23713992201],[-123.09066483271,49.23647426424],[-123.09070452864,49.23569168175],[-123.09067524738,49.23468422246],[-123.09071322088,49.2329481367],[-123.0948617853,49.23302568595],[-123.0975128,49.23305052093],[-123.09984812997,49.23310243407],[-123.10023271176,49.23308408822],[-123.10166140448,49.23310988456],[-123.10406531106,49.23319768826],[-123.10841992576,49.23332859268],[-123.11109865951,49.23339805053],[-123.1123624399,49.23344175209],[-123.1164869304,49.23351112983],[-123.11650099021,49.23460455022],[-123.11643097157,49.23642455421],[-123.11636231485,49.23722448113],[-123.11646878484,49.23847612442],[-123.11706742819,49.23905377821],[-123.11855596522,49.24057159648],[-123.11868735031,49.24125712224],[-123.11850481316,49.2424456366],[-123.1182410015,49.24333468908],[-123.11759220749,49.24378364155],[-123.11674765771,49.24427998079],[-123.11609537879,49.24471287063],[-123.11586813866,49.24528231285],[-123.11266398471,49.2452162598],[-123.1121298322,49.24518277262],[-123.11155049604,49.24493846845],[-123.10929323606,49.24312359169],[-123.10717853691,49.24128716456],[-123.10637532536,49.24071563941],[-123.10553726472,49.24067141711],[-123.10306430085,49.24066468763],[-123.10156679119,49.24061201342],[-123.10030293069,49.240613135],[-123.09912138615,49.24058717844],[-123.09734920954,49.24057964783],[-123.0906171255,49.2404592382]]]]},"properties":{"a": "1.88891", "q": "01010", "t": "CT", "dw": "2129", "hh": "1985", "id": "9330019.00", "pop": "5265", "rgid": "59", "rpid": "59933", "ruid": "5915022", "rguid": "5915"}},{"type":"Feature","geometry":{"type":"MultiPolygon","coordinates":[[[[-123.12815284512,49.24160204817],[-123.12393474274,49.2414537192],[-123.12093948307,49.24133094624],[-123.11868735031,49.24125712224],[-123.11855596522,49.24057159648],[-123.11706742819,49.23905377821],[-123.11646878484,49.23847612442],[-123.11636231485,49.23722448113],[-123.11643097157,49.23642455421],[-123.11650099021,49.23460455022],[-123.1164869304,49.23351112983],[-123.11817346636,49.23361595751],[-123.11967089591,49.23368633666],[-123.12114060641,49.23373877053],[-123.12152735125,49.23373568618],[-123.12410794675,49.23380758748],[-123.12917488495,49.234004585],[-123.13055106369,49.23409731564],[-123.13193845822,49.2341406567],[-123.13277659898,49.23418475883],[-123.13350462461,49.23419285023],[-123.13651330318,49.23433332813],[-123.1380793494,49.23435844351],[-123.13964539561,49.23440146412],[-123.13959820914,49.237127144],[-123.13952110051,49.23905217595],[-123.13952378429,49.23998769389],[-123.13948529006,49.24095024992],[-123.13948813407,49.24195770921],[-123.13727057,49.24190864009],[-123.13473423687,49.24183733964],[-123.13264565451,49.24174088375],[-123.12815284512,49.24160204817]]]]},"properties":{"a": "1.39427", "q": "02010", "t": "CT", "dw": "906", "hh": "857", "id": "9330020.00", "pop": "2561", "rgid": "59", "rpid": "59933", "ruid": "5915022", "rguid": "5915"}},{"type":"Feature","geometry":{"type":"MultiPolygon","coordinates":[[[[-123.14595043804,49.25738712589],[-123.13878826811,49.25727620963],[-123.13878742692,49.25666574963],[-123.1388754309,49.25321124298],[-123.13892474037,49.25090551472],[-123.13926718279,49.24893081279],[-123.13924547221,49.24848854974],[-123.13936079467,49.24552902041],[-123.13936956703,49.24376589655],[-123.13940850188,49.24294730334],[-123.13948813407,49.24195770921],[-123.13948529006,49.24095024992],[-123.13952378429,49.23998769389],[-123.13952110051,49.23905217595],[-123.13959820914,49.237127144],[-123.13964539561,49.23440146412],[-123.14159614379,49.23445309686],[-123.1434094183,49.23447785173],[-123.1520501512,49.23462866419],[-123.15494879476,49.23466086956],[-123.15524625381,49.23465073529],[-123.15520263236,49.23679239241],[-123.15513297422,49.23832807585],[-123.15506023175,49.23959013382],[-123.15488270164,49.23990513759],[-123.15456773793,49.2402293944],[-123.15411526049,49.24052689351],[-123.15348405125,49.24077956947],[-123.15275638613,49.24091544089],[-123.15219327283,49.24093422735],[-123.15083251582,49.24074708371],[-123.15028266119,49.24063088],[-123.14982918234,49.24061345545],[-123.14969162856,49.24055969972],[-123.1486476378,49.24058801962],[-123.1479063535,49.24078681969],[-123.14745395617,49.2410662934],[-123.14713883223,49.24138149746],[-123.14689304597,49.24188556758],[-123.14689508884,49.24259616866],[-123.14696482709,49.24294690277],[-123.14731099477,49.24383699672],[-123.14782183443,49.24466392168],[-123.14853539968,49.24555577811],[-123.14911765996,49.24612658224],[-123.15094062812,49.24864789422],[-123.15150205906,49.24943596444],[-123.15137263673,49.24988087122],[-123.1515260128,49.25020448712],[-123.15154536006,49.25062339727],[-123.15133670611,49.25103762082],[-123.15067441309,49.25198235174],[-123.15090109243,49.2522829352],[-123.15104217118,49.25275471984],[-123.15097419541,49.25313946186],[-123.15082955164,49.25331342694],[-123.15069107656,49.25745141646],[-123.14835462501,49.25742742266],[-123.14595043804,49.25738712589]]]]},"properties":{"a": "2.20247", "q": "00000", "t": "CT", "dw": "1344", "hh": "1264", "id": "9330021.00", "pop": "4041", "rgid": "59", "rpid": "59933", "ruid": "5915022", "rguid": "5915"}},{"type":"Feature","geometry":{"type":"MultiPolygon","coordinates":[[[[-123.15513297422,49.23832807585],[-123.15520263236,49.23679239241],[-123.15524625381,49.23465073529],[-123.15553934671,49.23465998832],[-123.15773724307,49.2346570642],[-123.16000387626,49.23470789581],[-123.16139139096,49.2347149858],[-123.16411134278,49.23475612376],[-123.16595189572,49.23473553475],[-123.16581346069,49.23849571202],[-123.16400002596,49.23847135771],[-123.15844968675,49.23837113652],[-123.15614447921,49.23835058757],[-123.15513297422,49.23832807585]]]]},"properties":{"a": "0.32064", "q": "01010", "t": "CT", "dw": "1777", "hh": "1678", "id": "9330022.00", "pop": "3256", "rgid": "59", "rpid": "59933", "ruid": "5915022", "rguid": "5915"}},{"type":"Feature","geometry":{"type":"MultiPolygon","coordinates":[[[[-123.16548688061,49.24594272323],[-123.16554624424,49.24488279001],[-123.16561269786,49.24419001404],[-123.16565103187,49.24334442279],[-123.16580280568,49.23941328468],[-123.16581346069,49.23849571202],[-123.16595189572,49.23473553475],[-123.16738050832,49.23474246451],[-123.16868486587,49.23474222417],[-123.17034776854,49.2347650964],[-123.17878209066,49.23477939654],[-123.17878525511,49.23565186566],[-123.17874676088,49.23638057225],[-123.17874083253,49.23855739892],[-123.17870293915,49.23949303703],[-123.17869977469,49.24242536804],[-123.17866168103,49.2432980775],[-123.17869280487,49.24427845864],[-123.17861717833,49.24617661273],[-123.17575927217,49.24617196618],[-123.17308005774,49.24619399722],[-123.17031824695,49.246171125],[-123.16809243126,49.24616535687],[-123.16623793869,49.24625800739],[-123.16548688061,49.24594272323]]]]},"properties":{"a": "1.19867", "q": "00010", "t": "CT", "dw": "1456", "hh": "1400", "id": "9330023.00", "pop": "4454", "rgid": "59", "rpid": "59933", "ruid": "5915022", "rguid": "5915"}},{"type":"Feature","geometry":{"type":"MultiPolygon","coordinates":[[[[-123.17861717833,49.24617661273],[-123.17869280487,49.24427845864],[-123.17866168103,49.2432980775],[-123.17869977469,49.24242536804],[-123.17870293915,49.23949303703],[-123.17874083253,49.23855739892],[-123.17874676088,49.23638057225],[-123.17878525511,49.23565186566],[-123.17878209066,49.23477939654],[-123.18206515578,49.23475624392],[-123.18979889092,49.2347707043],[-123.1910488919,49.2347417435],[-123.19254612116,49.23476625803],[-123.19397481388,49.23477286734],[-123.19621368796,49.23472407861],[-123.19698845945,49.23492115625],[-123.19694539879,49.23562234407],[-123.19693478383,49.23644990993],[-123.19849233808,49.23645011021],[-123.19841394765,49.23853248382],[-123.19690213784,49.2385728607],[-123.19689616943,49.24052481057],[-123.19685847633,49.24143341059],[-123.19686240186,49.2424229246],[-123.19684621906,49.24525635629],[-123.19680884641,49.24621895237],[-123.19242567148,49.24619035208],[-123.1882350478,49.24618834926],[-123.18680607469,49.24616359439],[-123.18190092441,49.24616239269],[-123.17861717833,49.24617661273]]]]},"properties":{"a": "1.70711", "q": "00000", "t": "CT", "dw": "2127", "hh": "2011", "id": "9330024.00", "pop": "6030", "rgid": "59", "rpid": "59933", "ruid": "5915022", "rguid": "5915"}},{"type":"Feature","geometry":{"type":"MultiPolygon","coordinates":[[[[-123.18591045296,49.25811563219],[-123.18532254473,49.25807429396],[-123.18407270397,49.2581038556],[-123.18209619951,49.25805218281],[-123.18183899717,49.25801625219],[-123.18008080025,49.25805250326],[-123.17813990596,49.25800095063],[-123.17806267716,49.25744660969],[-123.17834567584,49.25712319407],[-123.17853886801,49.25667644469],[-123.1785852133,49.25635018506],[-123.17851996137,49.25615567104],[-123.17851795855,49.25422615277],[-123.17854852161,49.25381365164],[-123.1785696714,49.25204155515],[-123.17862506945,49.25015906313],[-123.17861004829,49.24802958316],[-123.17864786156,49.24707603982],[-123.17861717833,49.24617661273],[-123.18190092441,49.24616239269],[-123.18680607469,49.24616359439],[-123.1882350478,49.24618834926],[-123.19242567148,49.24619035208],[-123.19680884641,49.24621895237],[-123.19893227786,49.24626249371],[-123.20116902896,49.24737181651],[-123.20305500589,49.2482681192],[-123.20536137506,49.2492725342],[-123.20408253345,49.2492211418],[-123.20135597232,49.25009613448],[-123.20080423504,49.25016919741],[-123.1994859779,49.25021374016],[-123.19874473365,49.25020208373],[-123.19682378746,49.25032401551],[-123.19683640524,49.25204207588],[-123.19658521136,49.25301660879],[-123.19650670075,49.25393602404],[-123.19656277976,49.2548068909],[-123.19669364412,49.25558646916],[-123.19672580943,49.2566359877],[-123.1981676006,49.25670969153],[-123.20112989382,49.25674093555],[-123.20302588486,49.25664800463],[-123.20314529308,49.25693544957],[-123.20326438085,49.25765426222],[-123.20323397802,49.25833686386],[-123.20030368988,49.25828591208],[-123.19732585476,49.25822674873],[-123.19426714571,49.25820383645],[-123.1937674818,49.25818180542],[-123.19109315425,49.25815596902],[-123.1906564991,49.25813169482],[-123.18797768524,49.25811503135],[-123.18591045296,49.25811563219]]]]},"properties":{"a": "2.01171", "q": "00010", "t": "CT", "dw": "2753", "hh": "2610", "id": "9330025.00", "pop": "7245", "rgid": "59", "rpid": "59933", "ruid": "5915022", "rguid": "5915"}},{"type":"Feature","geometry":{"type":"MultiPolygon","coordinates":[[[[-123.16492969566,49.25775580528],[-123.16517123594,49.25189959516],[-123.16524786389,49.25016334917],[-123.16546200557,49.24927397623],[-123.16551267696,49.24716756877],[-123.16553855341,49.24666373898],[-123.16548688061,49.24594272323],[-123.16623793869,49.24625800739],[-123.16809243126,49.24616535687],[-123.17031824695,49.246171125],[-123.17308005774,49.24619399722],[-123.17575927217,49.24617196618],[-123.17861717833,49.24617661273],[-123.17864786156,49.24707603982],[-123.17861004829,49.24802958316],[-123.17862506945,49.25015906313],[-123.1785696714,49.25204155515],[-123.17854852161,49.25381365164],[-123.17851795855,49.25422615277],[-123.17851996137,49.25615567104],[-123.1785852133,49.25635018506],[-123.17853886801,49.25667644469],[-123.17834567584,49.25712319407],[-123.17806267716,49.25744660969],[-123.17813990596,49.25800095063],[-123.17616977047,49.25800764006],[-123.17414892354,49.25796209589],[-123.17239429165,49.25793802198],[-123.170411979,49.25789532182],[-123.16850889798,49.25789123607],[-123.16641050179,49.25786027245],[-123.16492969566,49.25775580528]]]]},"properties":{"a": "1.26789", "q": "00000", "t": "CT", "dw": "1878", "hh": "1773", "id": "9330026.00", "pop": "4882", "rgid": "59", "rpid": "59933", "ruid": "5915022", "rguid": "5915"}},{"type":"Feature","geometry":{"type":"MultiPolygon","coordinates":[[[[-123.15069107656,49.25745141646],[-123.15082955164,49.25331342694],[-123.15097419541,49.25313946186],[-123.15104217118,49.25275471984],[-123.15090109243,49.2522829352],[-123.15067441309,49.25198235174],[-123.15133670611,49.25103762082],[-123.15154536006,49.25062339727],[-123.1515260128,49.25020448712],[-123.15137263673,49.24988087122],[-123.15150205906,49.24943596444],[-123.15094062812,49.24864789422],[-123.14911765996,49.24612658224],[-123.14853539968,49.24555577811],[-123.14782183443,49.24466392168],[-123.14731099477,49.24383699672],[-123.14696482709,49.24294690277],[-123.14689508884,49.24259616866],[-123.14689304597,49.24188556758],[-123.14713883223,49.24138149746],[-123.14745395617,49.2410662934],[-123.1479063535,49.24078681969],[-123.1486476378,49.24058801962],[-123.14969162856,49.24055969972],[-123.14982918234,49.24061345545],[-123.15028266119,49.24063088],[-123.15083251582,49.24074708371],[-123.15219327283,49.24093422735],[-123.15275638613,49.24091544089],[-123.15348405125,49.24077956947],[-123.15411526049,49.24052689351],[-123.15456773793,49.2402293944],[-123.15488270164,49.23990513759],[-123.15506023175,49.23959013382],[-123.15513297422,49.23832807585],[-123.15614447921,49.23835058757],[-123.15844968675,49.23837113652],[-123.16400002596,49.23847135771],[-123.16581346069,49.23849571202],[-123.16580280568,49.23941328468],[-123.16565103187,49.24334442279],[-123.16561269786,49.24419001404],[-123.16554624424,49.24488279001],[-123.16548688061,49.24594272323],[-123.16553855341,49.24666373898],[-123.16551267696,49.24716756877],[-123.16546200557,49.24927397623],[-123.16524786389,49.25016334917],[-123.16517123594,49.25189959516],[-123.16492969566,49.25775580528],[-123.16260662296,49.25760619451],[-123.15551503246,49.2575080162],[-123.1522853225,49.25747633156],[-123.15069107656,49.25745141646]]]]},"properties":{"a": "2.33319", "q": "01010", "t": "CT", "dw": "3040", "hh": "2857", "id": "9330027.00", "pop": "8225", "rgid": "59", "rpid": "59933", "ruid": "5915022", "rguid": "5915"}},{"type":"Feature","geometry":{"type":"MultiPolygon","coordinates":[[[[-123.12713477088,49.25711990944],[-123.12722662027,49.25538374356],[-123.12733200874,49.25365655032],[-123.12747589144,49.25082291835],[-123.12746395463,49.25037508746],[-123.12794419118,49.24932304536],[-123.12799153788,49.24828570397],[-123.1279888541,49.24727816457],[-123.12808374778,49.24568620184],[-123.12806684397,49.24551508077],[-123.12811631366,49.24473794596],[-123.12814074808,49.243920955],[-123.12811659405,49.2435450254],[-123.12811395033,49.24251060813],[-123.12815284512,49.24160204817],[-123.13264565451,49.24174088375],[-123.13473423687,49.24183733964],[-123.13727057,49.24190864009],[-123.13948813407,49.24195770921],[-123.13940850188,49.24294730334],[-123.13936956703,49.24376589655],[-123.13936079467,49.24552902041],[-123.13924547221,49.24848854974],[-123.13926718279,49.24893081279],[-123.13892474037,49.25090551472],[-123.1388754309,49.25321124298],[-123.13878742692,49.25666574963],[-123.13878826811,49.25727620963],[-123.13823941489,49.25724208155],[-123.13766656788,49.25760707575],[-123.13708330619,49.25790449475],[-123.13613913606,49.25811715434],[-123.13424410638,49.25809744657],[-123.13307277623,49.2578444101],[-123.1321232786,49.25747637162],[-123.13168393966,49.25723174699],[-123.13074000987,49.25725365786],[-123.13026842551,49.25718844599],[-123.12778196263,49.25719084938],[-123.12713477088,49.25711990944]]]]},"properties":{"a": "1.45895", "q": "01010", "t": "CT", "dw": "1273", "hh": "1188", "id": "9330028.00", "pop": "3188", "rgid": "59", "rpid": "59933", "ruid": "5915022", "rguid": "5915"}},{"type":"Feature","geometry":{"type":"MultiPolygon","coordinates":[[[[-123.11512841655,49.25690668906],[-123.11517716523,49.25587443484],[-123.11524490065,49.25503557306],[-123.11522331024,49.25407053353],[-123.1153822141,49.25014304056],[-123.11560665028,49.24940151591],[-123.11573014425,49.24928274859],[-123.11575449856,49.24808149629],[-123.11583108646,49.2471007947],[-123.11581386219,49.24626073123],[-123.11586813866,49.24528231285],[-123.11609537879,49.24471287063],[-123.11674765771,49.24427998079],[-123.11759220749,49.24378364155],[-123.1182410015,49.24333468908],[-123.11850481316,49.2424456366],[-123.11868735031,49.24125712224],[-123.12093948307,49.24133094624],[-123.12393474274,49.2414537192],[-123.12815284512,49.24160204817],[-123.12811395033,49.24251060813],[-123.12811659405,49.2435450254],[-123.12814074808,49.243920955],[-123.12811631366,49.24473794596],[-123.12806684397,49.24551508077],[-123.12808374778,49.24568620184],[-123.1279888541,49.24727816457],[-123.12799153788,49.24828570397],[-123.12794419118,49.24932304536],[-123.12746395463,49.25037508746],[-123.12747589144,49.25082291835],[-123.12733200874,49.25365655032],[-123.12722662027,49.25538374356],[-123.12713477088,49.25711990944],[-123.12701500215,49.2571215117],[-123.11813833687,49.25696901686],[-123.11655959277,49.25692291191],[-123.11512841655,49.25690668906]]]]},"properties":{"a": "1.47949", "q": "01010", "t": "CT", "dw": "2711", "hh": "2463", "id": "9330029.00", "pop": "6005", "rgid": "59", "rpid": "59933", "ruid": "5915022", "rguid": "5915"}},{"type":"Feature","geometry":{"type":"MultiPolygon","coordinates":[[[[-123.10125435103,49.24904088786],[-123.09894541825,49.24903351748],[-123.09762660032,49.24898997614],[-123.09567645299,49.24895512705],[-123.09431673745,49.24894775666],[-123.0923228485,49.24890437555],[-123.09041263743,49.24887889966],[-123.09042245125,49.24670203293],[-123.09046170655,49.2456046069],[-123.09041852572,49.24457916227],[-123.09049931954,49.24361660624],[-123.090497517,49.24265417038],[-123.09053709276,49.24176355569],[-123.09061788658,49.24089092635],[-123.0906171255,49.2404592382],[-123.09734920954,49.24057964783],[-123.09912138615,49.24058717844],[-123.10030293069,49.240613135],[-123.10156679119,49.24061201342],[-123.10306430085,49.24066468763],[-123.10553726472,49.24067141711],[-123.10637532536,49.24071563941],[-123.10717853691,49.24128716456],[-123.10929323606,49.24312359169],[-123.11155049604,49.24493846845],[-123.1121298322,49.24518277262],[-123.11266398471,49.2452162598],[-123.11586813866,49.24528231285],[-123.11581386219,49.24626073123],[-123.11583108646,49.2471007947],[-123.11575449856,49.24808149629],[-123.11573014425,49.24928274859],[-123.11307472335,49.24928022504],[-123.11248621427,49.24922282417],[-123.11000055251,49.24924169075],[-123.10776980988,49.24921289018],[-123.10522354275,49.2491199192],[-123.10354906378,49.249092801],[-123.10125435103,49.24904088786]]]]},"properties":{"a": "1.49249", "q": "01010", "t": "CT", "dw": "2511", "hh": "2301", "id": "9330030.00", "pop": "6396", "rgid": "59", "rpid": "59933", "ruid": "5915022", "rguid": "5915"}},{"type":"Feature","geometry":{"type":"MultiPolygon","coordinates":[[[[-123.10132485035,49.25667768644],[-123.101377845,49.25568813238],[-123.10133883004,49.25548504627],[-123.10100736308,49.25503577335],[-123.10099130045,49.25462763837],[-123.10102887338,49.25304388721],[-123.10120179699,49.25025515851],[-123.10121413437,49.24954463754],[-123.10125435103,49.24904088786],[-123.10354906378,49.249092801],[-123.10522354275,49.2491199192],[-123.10776980988,49.24921289018],[-123.11000055251,49.24924169075],[-123.11248621427,49.24922282417],[-123.11307472335,49.24928022504],[-123.11573014425,49.24928274859],[-123.11560665028,49.24940151591],[-123.1153822141,49.25014304056],[-123.11522331024,49.25407053353],[-123.11524490065,49.25503557306],[-123.11517716523,49.25587443484],[-123.11512841655,49.25690668906],[-123.11240193554,49.25686535082],[-123.10977703763,49.25681387831],[-123.10326274041,49.25670296205],[-123.10132485035,49.25667768644]]]]},"properties":{"a": "0.87083", "q": "01000", "t": "CT", "dw": "2624", "hh": "2419", "id": "9330031.01", "pop": "5730", "rgid": "59", "rpid": "59933", "ruid": "5915022", "rguid": "5915"}},{"type":"Feature","geometry":{"type":"MultiPolygon","coordinates":[[[[-123.08995927874,49.25648016818],[-123.090078006,49.25372757037],[-123.0901038424,49.25282806317],[-123.09018307402,49.25106489925],[-123.09019513101,49.25012044873],[-123.09037250088,49.24940964737],[-123.09041263743,49.24887889966],[-123.0923228485,49.24890437555],[-123.09431673745,49.24894775666],[-123.09567645299,49.24895512705],[-123.09762660032,49.24898997614],[-123.09894541825,49.24903351748],[-123.10125435103,49.24904088786],[-123.10121413437,49.24954463754],[-123.10120179699,49.25025515851],[-123.10102887338,49.25304388721],[-123.10099130045,49.25462763837],[-123.10100736308,49.25503577335],[-123.10133883004,49.25548504627],[-123.101377845,49.25568813238],[-123.10132485035,49.25667768644],[-123.09652849333,49.25659192562],[-123.09380741993,49.2565491053],[-123.08995927874,49.25648016818]]]]},"properties":{"a": "0.67949", "q": "01010", "t": "CT", "dw": "1825", "hh": "1657", "id": "9330031.02", "pop": "4424", "rgid": "59", "rpid": "59933", "ruid": "5915022", "rguid": "5915"}},{"type":"Feature","geometry":{"type":"MultiPolygon","coordinates":[[[[-123.07594209159,49.25663422522],[-123.06964758401,49.25640426125],[-123.06874619415,49.2551089965],[-123.0678857019,49.25433642812],[-123.06680690211,49.25355260388],[-123.06612494137,49.25297014333],[-123.06546993862,49.25232391293],[-123.06509541099,49.25170700384],[-123.06501714073,49.25147127174],[-123.06663193562,49.25193540561],[-123.06728105008,49.25216869426],[-123.06796565454,49.25250132286],[-123.07195078872,49.25256188818],[-123.07197694557,49.25168036631],[-123.0732824247,49.25170656322],[-123.07336293813,49.250420191],[-123.07353938671,49.24891783451],[-123.0735390262,49.2487109831],[-123.07635579441,49.24867316983],[-123.07821084777,49.24871691145],[-123.08018943517,49.24872456223],[-123.08204452859,49.24877719638],[-123.08291018811,49.24877659553],[-123.08413319106,49.24880267227],[-123.08803544849,49.24885374422],[-123.09041263743,49.24887889966],[-123.09037250088,49.24940964737],[-123.09019513101,49.25012044873],[-123.09018307402,49.25106489925],[-123.0901038424,49.25282806317],[-123.090078006,49.25372757037],[-123.08995927874,49.25648016818],[-123.08896619971,49.25646895238],[-123.08558904203,49.25639356618],[-123.08174270339,49.25631381383],[-123.07598258864,49.25620241689],[-123.07594209159,49.25663422522]]]]},"properties":{"a": "1.22868", "q": "01010", "t": "CT", "dw": "2820", "hh": "2584", "id": "9330032.00", "pop": "7235", "rgid": "59", "rpid": "59933", "ruid": "5915022", "rguid": "5915"}},{"type":"Feature","geometry":{"type":"MultiPolygon","coordinates":[[[[-123.0735390262,49.2487109831],[-123.07349656638,49.24788305673],[-123.07354964115,49.24660605772],[-123.07358657318,49.24367360654],[-123.07362682989,49.24309791552],[-123.0736660852,49.24170363127],[-123.07367750128,49.24023732557],[-123.07424077481,49.24023700512],[-123.0750376975,49.24026352248],[-123.07664508195,49.24027141359],[-123.07789532327,49.24029757044],[-123.07914548447,49.24029672926],[-123.08123374638,49.24034920318],[-123.08176946108,49.24034888273],[-123.0837204496,49.24040143677],[-123.08619333335,49.24039959417],[-123.08824037719,49.24042511012],[-123.08936700436,49.24045118685],[-123.0906171255,49.2404592382],[-123.09061788658,49.24089092635],[-123.09053709276,49.24176355569],[-123.090497517,49.24265417038],[-123.09049931954,49.24361660624],[-123.09041852572,49.24457916227],[-123.09046170655,49.2456046069],[-123.09042245125,49.24670203293],[-123.09041263743,49.24887889966],[-123.08803544849,49.24885374422],[-123.08413319106,49.24880267227],[-123.08291018811,49.24877659553],[-123.08204452859,49.24877719638],[-123.08018943517,49.24872456223],[-123.07821084777,49.24871691145],[-123.07635579441,49.24867316983],[-123.0735390262,49.2487109831]]]]},"properties":{"a": "1.15104", "q": "01010", "t": "CT", "dw": "2797", "hh": "2573", "id": "9330033.00", "pop": "7555", "rgid": "59", "rpid": "59933", "ruid": "5915022", "rguid": "5915"}},{"type":"Feature","geometry":{"type":"MultiPolygon","coordinates":[[[[-123.05819661209,49.24187431173],[-123.05899321433,49.24116903815],[-123.05893625409,49.23983519906],[-123.06308505884,49.23984777678],[-123.06434723698,49.23994443295],[-123.06483580526,49.24003624229],[-123.06544818798,49.24008935711],[-123.06684964232,49.24013357941],[-123.0713831891,49.24018485165],[-123.07367750128,49.24023732557],[-123.0736660852,49.24170363127],[-123.07362682989,49.24309791552],[-123.07358657318,49.24367360654],[-123.07354964115,49.24660605772],[-123.07349656638,49.24788305673],[-123.0735390262,49.2487109831],[-123.07353938671,49.24891783451],[-123.0714769612,49.24799269118],[-123.06997824984,49.24728293129],[-123.06879586412,49.24677994269],[-123.06797098204,49.24636664043],[-123.06671985948,49.24580961571],[-123.06535878202,49.24511780109],[-123.06489825324,49.2449805277],[-123.06390000693,49.24452432501],[-123.06364200346,49.24437547532],[-123.06293504751,49.2440866284],[-123.06190820091,49.2435815168],[-123.06022386805,49.24281703982],[-123.05937879753,49.24238647325],[-123.05819661209,49.24187431173]]]]},"properties":{"a": "0.66044", "q": "01010", "t": "CT", "dw": "1661", "hh": "1553", "id": "9330034.01", "pop": "4802", "rgid": "59", "rpid": "59933", "ruid": "5915022", "rguid": "5915"}},{"type":"Feature","geometry":{"type":"MultiPolygon","coordinates":[[[[-123.06600637434,49.25688317593],[-123.06378015809,49.25686643234],[-123.06246786936,49.25676989635],[-123.06143769807,49.25675952173],[-123.05880514939,49.25678816208],[-123.05660621156,49.25677121821],[-123.05659940197,49.2507624732],[-123.056694536,49.24982687515],[-123.05672417775,49.2489763169],[-123.05674488693,49.24578798524],[-123.05671704771,49.24547318175],[-123.05671600624,49.24466364128],[-123.05671536534,49.24406988481],[-123.05664634811,49.24372812334],[-123.0566870855,49.24334129839],[-123.05727707667,49.24263045697],[-123.05806698948,49.24202199979],[-123.05819661209,49.24187431173],[-123.05937879753,49.24238647325],[-123.06022386805,49.24281703982],[-123.06190820091,49.2435815168],[-123.06293504751,49.2440866284],[-123.06364200346,49.24437547532],[-123.06390000693,49.24452432501],[-123.06489825324,49.2449805277],[-123.06535878202,49.24511780109],[-123.06671985948,49.24580961571],[-123.06797098204,49.24636664043],[-123.06879586412,49.24677994269],[-123.06997824984,49.24728293129],[-123.0714769612,49.24799269118],[-123.07353938671,49.24891783451],[-123.07336293813,49.250420191],[-123.0732824247,49.25170656322],[-123.07197694557,49.25168036631],[-123.07195078872,49.25256188818],[-123.06796565454,49.25250132286],[-123.06728105008,49.25216869426],[-123.06663193562,49.25193540561],[-123.06501714073,49.25147127174],[-123.06509541099,49.25170700384],[-123.06546993862,49.25232391293],[-123.06612494137,49.25297014333],[-123.06680690211,49.25355260388],[-123.0678857019,49.25433642812],[-123.06874619415,49.2551089965],[-123.06964758401,49.25640426125],[-123.069840656,49.25691690345],[-123.06600637434,49.25688317593]]]]},"properties":{"a": "1.37945", "q": "01010", "t": "CT", "dw": "2321", "hh": "2179", "id": "9330034.02", "pop": "6667", "rgid": "59", "rpid": "59933", "ruid": "5915022", "rguid": "5915"}},{"type":"Feature","geometry":{"type":"MultiPolygon","coordinates":[[[[-123.04414994341,49.2508098199],[-123.0440813668,49.25004678495],[-123.04311901105,49.24986344667],[-123.04255625825,49.2496191425],[-123.04181269073,49.2491675463],[-123.04174371356,49.24887072815],[-123.04174235164,49.24719765115],[-123.04178284869,49.24635205989],[-123.04181741739,49.24508916074],[-123.04211539718,49.24483804698],[-123.04231716142,49.24458885592],[-123.04583443649,49.2445965067],[-123.04712601604,49.24462294395],[-123.05127518131,49.24463019416],[-123.05211344224,49.24465671152],[-123.05260797893,49.2446385259],[-123.05427040092,49.24466476286],[-123.05671600624,49.24466364128],[-123.05671704771,49.24547318175],[-123.05674488693,49.24578798524],[-123.05672417775,49.2489763169],[-123.056694536,49.24982687515],[-123.05659940197,49.2507624732],[-123.05209237255,49.25076451608],[-123.04949527381,49.25077473047],[-123.04695317255,49.25077573188],[-123.04414994341,49.2508098199]]]]},"properties":{"a": "0.72262", "q": "01010", "t": "CT", "dw": "1703", "hh": "1473", "id": "9330035.01", "pop": "4247", "rgid": "59", "rpid": "59933", "ruid": "5915022", "rguid": "5915"}},{"type":"Feature","geometry":{"type":"MultiPolygon","coordinates":[[[[-123.04435270906,49.26222762509],[-123.04432406871,49.26099536911],[-123.04426718858,49.25732343616],[-123.04423746671,49.25639424714],[-123.04420434004,49.25406768953],[-123.04416788869,49.2532723691],[-123.04416696739,49.25232142943],[-123.04413748586,49.25151661562],[-123.04414994341,49.2508098199],[-123.04695317255,49.25077573188],[-123.04949527381,49.25077473047],[-123.05209237255,49.25076451608],[-123.05659940197,49.2507624732],[-123.05660621156,49.25677121821],[-123.05880514939,49.25678816208],[-123.06143769807,49.25675952173],[-123.06246786936,49.25676989635],[-123.06378015809,49.25686643234],[-123.06600637434,49.25688317593],[-123.06594004089,49.25866424507],[-123.06587490913,49.26135387417],[-123.06590699433,49.26186106869],[-123.06586084933,49.26248122236],[-123.06202800969,49.26247136847],[-123.06005619183,49.2624472545],[-123.05809707186,49.26243748073],[-123.05661270071,49.26238424574],[-123.05460587353,49.26225922962],[-123.04435270906,49.26222762509]]]]},"properties":{"a": "1.57555", "q": "00010", "t": "CT", "dw": "2618", "hh": "2495", "id": "9330035.02", "pop": "6855", "rgid": "59", "rpid": "59933", "ruid": "5915022", "rguid": "5915"}},{"type":"Feature","geometry":{"type":"MultiPolygon","coordinates":[[[[-123.03377492728,49.26219089335],[-123.03377088158,49.25831955948],[-123.03378834618,49.25649050274],[-123.03377953377,49.25565544633],[-123.03377997439,49.25325033806],[-123.03378890697,49.25236721393],[-123.03377392587,49.25006721373],[-123.03392401732,49.24978549685],[-123.03395730421,49.24887801842],[-123.03399287432,49.24720630334],[-123.03399503737,49.2463402833],[-123.03407106447,49.24542968046],[-123.03408732738,49.24459153971],[-123.03914345035,49.24460792279],[-123.04154988049,49.24457695916],[-123.04231716142,49.24458885592],[-123.04211539718,49.24483804698],[-123.04181741739,49.24508916074],[-123.04178284869,49.24635205989],[-123.04174235164,49.24719765115],[-123.04174371356,49.24887072815],[-123.04181269073,49.2491675463],[-123.04255625825,49.2496191425],[-123.04311901105,49.24986344667],[-123.0440813668,49.25004678495],[-123.04414994341,49.2508098199],[-123.04413748586,49.25151661562],[-123.04416696739,49.25232142943],[-123.04416788869,49.2532723691],[-123.04420434004,49.25406768953],[-123.04423746671,49.25639424714],[-123.04426718858,49.25732343616],[-123.04432406871,49.26099536911],[-123.04435270906,49.26222762509],[-123.0389786582,49.26219361718],[-123.03377492728,49.26219089335]]]]},"properties":{"a": "1.37992", "q": "01000", "t": "CT", "dw": "1899", "hh": "1818", "id": "9330036.01", "pop": "5836", "rgid": "59", "rpid": "59933", "ruid": "5915022", "rguid": "5915"}},{"type":"Feature","geometry":{"type":"MultiPolygon","coordinates":[[[[-123.023670252,49.26247273039],[-123.02367297584,49.26141616192],[-123.02369628868,49.26108417422],[-123.02368042634,49.26013175247],[-123.02370333861,49.25834275216],[-123.02369088106,49.25733044604],[-123.0237250492,49.25557068692],[-123.02370550166,49.25534909475],[-123.02374023059,49.25423011835],[-123.02372444835,49.2533293694],[-123.02374607883,49.2506980224],[-123.02371948136,49.24978749968],[-123.02364101081,49.24898877445],[-123.02365174593,49.24801035607],[-123.0236864348,49.24712739217],[-123.02365142548,49.24536026267],[-123.02367746216,49.24489156237],[-123.02405755763,49.24463904663],[-123.0245245355,49.24454483391],[-123.02739626113,49.24460231489],[-123.02857784573,49.24460203449],[-123.02991060329,49.24458376876],[-123.03408732738,49.24459153971],[-123.03407106447,49.24542968046],[-123.03399503737,49.2463402833],[-123.03399287432,49.24720630334],[-123.03395730421,49.24887801842],[-123.03392401732,49.24978549685],[-123.03377392587,49.25006721373],[-123.03378890697,49.25236721393],[-123.03377997439,49.25325033806],[-123.03377953377,49.25565544633],[-123.03378834618,49.25649050274],[-123.03377088158,49.25831955948],[-123.03377492728,49.26219089335],[-123.0314731646,49.26221076133],[-123.02830466087,49.26219129391],[-123.02806568421,49.26227773569],[-123.02702121277,49.2624129662],[-123.02498710716,49.26245839019],[-123.023670252,49.26247273039]]]]},"properties":{"a": "1.45435", "q": "00000", "t": "CT", "dw": "1864", "hh": "1783", "id": "9330036.02", "pop": "5649", "rgid": "59", "rpid": "59933", "ruid": "5915022", "rguid": "5915"}},{"type":"Feature","geometry":{"type":"MultiPolygon","coordinates":[[[[-123.07760046788,49.26253397667],[-123.07763856155,49.26053696332],[-123.07764949695,49.2587559743],[-123.07744637079,49.25841064781],[-123.07657610478,49.25783912265],[-123.07588797535,49.25731726747],[-123.07594209159,49.25663422522],[-123.07598258864,49.25620241689],[-123.08174270339,49.25631381383],[-123.08558904203,49.25639356618],[-123.08896619971,49.25646895238],[-123.08995927874,49.25648016818],[-123.08992939665,49.25687864956],[-123.08948076462,49.25788386569],[-123.08934521366,49.25887337969],[-123.08930720011,49.26062749085],[-123.08922812871,49.26256998741],[-123.08146250865,49.26254026553],[-123.07760046788,49.26253397667]]]]},"properties":{"a": "0.61572", "q": "01010", "t": "CT", "dw": "2248", "hh": "2013", "id": "9330037.01", "pop": "4900", "rgid": "59", "rpid": "59933", "ruid": "5915022", "rguid": "5915"}},{"type":"Feature","geometry":{"type":"MultiPolygon","coordinates":[[[[-123.06586084933,49.26248122236],[-123.06590699433,49.26186106869],[-123.06587490913,49.26135387417],[-123.06594004089,49.25866424507],[-123.06600637434,49.25688317593],[-123.069840656,49.25691690345],[-123.06964758401,49.25640426125],[-123.07594209159,49.25663422522],[-123.07588797535,49.25731726747],[-123.07657610478,49.25783912265],[-123.07744637079,49.25841064781],[-123.07764949695,49.2587559743],[-123.07763856155,49.26053696332],[-123.07760046788,49.26253397667],[-123.07364201128,49.26251855495],[-123.0697935897,49.2624939603],[-123.06586084933,49.26248122236]]]]},"properties":{"a": "0.53555", "q": "02010", "t": "CT", "dw": "1665", "hh": "1532", "id": "9330037.02", "pop": "3372", "rgid": "59", "rpid": "59933", "ruid": "5915022", "rguid": "5915"}},{"type":"Feature","geometry":{"type":"MultiPolygon","coordinates":[[[[-123.08922812871,49.26256998741],[-123.08930720011,49.26062749085],[-123.08934521366,49.25887337969],[-123.08948076462,49.25788386569],[-123.08992939665,49.25687864956],[-123.08995927874,49.25648016818],[-123.09380741993,49.2565491053],[-123.09652849333,49.25659192562],[-123.10132485035,49.25667768644],[-123.1012694523,49.25755143737],[-123.10115356905,49.26031188624],[-123.10098064544,49.26310061494],[-123.10024112361,49.26301577542],[-123.09992475792,49.26306965132],[-123.0970908055,49.26298701491],[-123.09684053292,49.26296947019],[-123.09586471821,49.26264417192],[-123.09112492088,49.26257803875],[-123.08922812871,49.26256998741]]]]},"properties":{"a": "0.58957", "q": "01010", "t": "CT", "dw": "2665", "hh": "2404", "id": "9330038.00", "pop": "4782", "rgid": "59", "rpid": "59933", "ruid": "5915022", "rguid": "5915"}},{"type":"Feature","geometry":{"type":"MultiPolygon","coordinates":[[[[-123.10098064544,49.26310061494],[-123.10115356905,49.26031188624],[-123.1012694523,49.25755143737],[-123.10132485035,49.25667768644],[-123.10326274041,49.25670296205],[-123.10977703763,49.25681387831],[-123.11240193554,49.25686535082],[-123.11512841655,49.25690668906],[-123.1150838738,49.25776221431],[-123.11505879848,49.25880572438],[-123.11484938346,49.2633214861],[-123.10962626522,49.26325463192],[-123.10691853062,49.26321221216],[-123.10300125203,49.263161701],[-123.10098064544,49.26310061494]]]]},"properties":{"a": "0.72136", "q": "01010", "t": "CT", "dw": "3375", "hh": "3165", "id": "9330039.01", "pop": "5265", "rgid": "59", "rpid": "59933", "ruid": "5915022", "rguid": "5915"}},{"type":"Feature","geometry":{"type":"MultiPolygon","coordinates":[[[[-123.11484938346,49.2633214861],[-123.11505879848,49.25880572438],[-123.1150838738,49.25776221431],[-123.11512841655,49.25690668906],[-123.11655959277,49.25692291191],[-123.11813833687,49.25696901686],[-123.12701500215,49.2571215117],[-123.12713477088,49.25711990944],[-123.12693072342,49.25793870294],[-123.12674297893,49.25880993031],[-123.12672086778,49.25978073796],[-123.12667207905,49.26063842626],[-123.1266107126,49.26249412053],[-123.12660081866,49.2635266952],[-123.12418453464,49.26349456994],[-123.12307437066,49.26346584948],[-123.12084322747,49.26342947824],[-123.11985259188,49.26342431096],[-123.11751589999,49.26338177103],[-123.11484938346,49.2633214861]]]]},"properties":{"a": "0.61028", "q": "01010", "t": "CT", "dw": "2838", "hh": "2678", "id": "9330039.02", "pop": "5113", "rgid": "59", "rpid": "59933", "ruid": "5915022", "rguid": "5915"}},{"type":"Feature","geometry":{"type":"MultiPolygon","coordinates":[[[[-123.12660081866,49.2635266952],[-123.1266107126,49.26249412053],[-123.12667207905,49.26063842626],[-123.12901313709,49.26068897747],[-123.12941726642,49.26071148919],[-123.13132223009,49.26073135718],[-123.1386617699,49.2608576551],[-123.13858738511,49.26375417567],[-123.13597582599,49.2637123167],[-123.13359783592,49.26366116464],[-123.13121988591,49.26361886505],[-123.12892437204,49.2635675127],[-123.12660081866,49.2635266952]]]]},"properties":{"a": "0.28059", "q": "01010", "t": "CT", "dw": "2538", "hh": "2419", "id": "9330040.01", "pop": "3544", "rgid": "59", "rpid": "59933", "ruid": "5915022", "rguid": "5915"}},{"type":"Feature","geometry":{"type":"MultiPolygon","coordinates":[[[[-123.12667207905,49.26063842626],[-123.12672086778,49.25978073796],[-123.12674297893,49.25880993031],[-123.12693072342,49.25793870294],[-123.12713477088,49.25711990944],[-123.12778196263,49.25719084938],[-123.13026842551,49.25718844599],[-123.13074000987,49.25725365786],[-123.13168393966,49.25723174699],[-123.1321232786,49.25747637162],[-123.13307277623,49.2578444101],[-123.13424410638,49.25809744657],[-123.13613913606,49.25811715434],[-123.13708330619,49.25790449475],[-123.13766656788,49.25760707575],[-123.13823941489,49.25724208155],[-123.13878826811,49.25727620963],[-123.13874076118,49.25809223924],[-123.1387309073,49.2590238717],[-123.1386617699,49.2608576551],[-123.13132223009,49.26073135718],[-123.12941726642,49.26071148919],[-123.12901313709,49.26068897747],[-123.12667207905,49.26063842626]]]]},"properties":{"a": "0.30748", "q": "01010", "t": "CT", "dw": "2976", "hh": "2784", "id": "9330040.02", "pop": "4162", "rgid": "59", "rpid": "59933", "ruid": "5915022", "rguid": "5915"}},{"type":"Feature","geometry":{"type":"MultiPolygon","coordinates":[[[[-123.13858738511,49.26375417567],[-123.1386617699,49.2608576551],[-123.1387309073,49.2590238717],[-123.13874076118,49.25809223924],[-123.13878826811,49.25727620963],[-123.14595043804,49.25738712589],[-123.14588594718,49.25913975496],[-123.14583131021,49.25964983355],[-123.14584761318,49.2600752729],[-123.14569375643,49.26386236809],[-123.14327450824,49.26382046906],[-123.13858738511,49.26375417567]]]]},"properties":{"a": "0.37453", "q": "01010", "t": "CT", "dw": "2853", "hh": "2695", "id": "9330041.01", "pop": "4297", "rgid": "59", "rpid": "59933", "ruid": "5915022", "rguid": "5915"}},{"type":"Feature","geometry":{"type":"MultiPolygon","coordinates":[[[[-123.1504496164,49.26392826092],[-123.14569375643,49.26386236809],[-123.14584761318,49.2600752729],[-123.14583131021,49.25964983355],[-123.14588594718,49.25913975496],[-123.14595043804,49.25738712589],[-123.14835462501,49.25742742266],[-123.15069107656,49.25745141646],[-123.1522853225,49.25747633156],[-123.15551503246,49.2575080162],[-123.16260662296,49.25760619451],[-123.16492969566,49.25775580528],[-123.16482835289,49.26033760246],[-123.1647766801,49.26135411451],[-123.16466231899,49.2641607885],[-123.16003011322,49.26408632359],[-123.15762476461,49.26405363754],[-123.1529374412,49.26396102708],[-123.1504496164,49.26392826092]]]]},"properties":{"a": "0.99748", "q": "01010", "t": "CT", "dw": "3514", "hh": "3267", "id": "9330041.02", "pop": "6612", "rgid": "59", "rpid": "59933", "ruid": "5915022", "rguid": "5915"}},{"type":"Feature","geometry":{"type":"MultiPolygon","coordinates":[[[[-123.16466231899,49.2641607885],[-123.1647766801,49.26135411451],[-123.16482835289,49.26033760246],[-123.16492969566,49.25775580528],[-123.16641050179,49.25786027245],[-123.16850889798,49.25789123607],[-123.170411979,49.25789532182],[-123.17239429165,49.25793802198],[-123.17414892354,49.25796209589],[-123.17616977047,49.25800764006],[-123.17813990596,49.25800095063],[-123.18008080025,49.25805250326],[-123.18183899717,49.25801625219],[-123.18209619951,49.25805218281],[-123.18407270397,49.2581038556],[-123.18532254473,49.25807429396],[-123.18591045296,49.25811563219],[-123.18596128457,49.2590372105],[-123.18595515594,49.26087195525],[-123.18605433566,49.26176244976],[-123.18600578727,49.26357067716],[-123.18592679598,49.26447034459],[-123.18191302145,49.26442279761],[-123.17989886395,49.26438390282],[-123.17597505616,49.26434204385],[-123.1720987553,49.26427587062],[-123.17123277532,49.26426821984],[-123.16840118623,49.26421834959],[-123.16466231899,49.2641607885]]]]},"properties":{"a": "1.08967", "q": "01010", "t": "CT", "dw": "2735", "hh": "2529", "id": "9330042.00", "pop": "5900", "rgid": "59", "rpid": "59933", "ruid": "5915022", "rguid": "5915"}},{"type":"Feature","geometry":{"type":"MultiPolygon","coordinates":[[[[-123.20311216641,49.26553880983],[-123.20318286601,49.25932301313],[-123.20323397802,49.25833686386],[-123.20927200428,49.25842194372],[-123.21227203066,49.25843279901],[-123.21555777956,49.25847842329],[-123.21551171466,49.25953451108],[-123.21530750698,49.26315100593],[-123.21528964181,49.26403889678],[-123.21519999552,49.26572351003],[-123.21207459251,49.26566658984],[-123.20605383057,49.26556957317],[-123.20311216641,49.26553880983]]]]},"properties":{"a": "0.71355", "q": "01010", "t": "CT", "dw": "1808", "hh": "1649", "id": "9330043.01", "pop": "3918", "rgid": "59", "rpid": "59933", "ruid": "5915022", "rguid": "5915"}},{"type":"Feature","geometry":{"type":"MultiPolygon","coordinates":[[[[-123.1859300005,49.26532486843],[-123.18592679598,49.26447034459],[-123.18600578727,49.26357067716],[-123.18605433566,49.26176244976],[-123.18595515594,49.26087195525],[-123.18596128457,49.2590372105],[-123.18591045296,49.25811563219],[-123.18797768524,49.25811503135],[-123.1906564991,49.25813169482],[-123.19109315425,49.25815596902],[-123.1937674818,49.25818180542],[-123.19426714571,49.25820383645],[-123.19732585476,49.25822674873],[-123.20030368988,49.25828591208],[-123.20323397802,49.25833686386],[-123.20318286601,49.25932301313],[-123.20311216641,49.26553880983],[-123.20142142453,49.26551473591],[-123.19887948349,49.26549586933],[-123.19743528893,49.26546722899],[-123.19579942436,49.26545248822],[-123.19328392056,49.26540277819],[-123.19142922771,49.26537770286],[-123.1859300005,49.26532486843]]]]},"properties":{"a": "1.00479", "q": "01000", "t": "CT", "dw": "1744", "hh": "1627", "id": "9330043.02", "pop": "4357", "rgid": "59", "rpid": "59933", "ruid": "5915022", "rguid": "5915"}},{"type":"Feature","geometry":{"type":"MultiPolygon","coordinates":[[[[-123.18568541593,49.27325912606],[-123.18567159646,49.27230686454],[-123.18571818209,49.27202430647],[-123.18570520381,49.27136097198],[-123.18575359198,49.26959784812],[-123.1857917257,49.26877024221],[-123.18585385322,49.26700703824],[-123.1859300005,49.26532486843],[-123.19142922771,49.26537770286],[-123.19328392056,49.26540277819],[-123.19579942436,49.26545248822],[-123.19743528893,49.26546722899],[-123.19887948349,49.26549586933],[-123.20142142453,49.26551473591],[-123.20311216641,49.26553880983],[-123.20605383057,49.26556957317],[-123.21207459251,49.26566658984],[-123.21519999552,49.26572351003],[-123.21513386235,49.26745098366],[-123.21943588296,49.26737095091],[-123.21949865138,49.26844514422],[-123.219580006,49.26887282673],[-123.22155787238,49.26871760806],[-123.22142232142,49.27051349807],[-123.22207632276,49.27103222885],[-123.22374775745,49.27283532903],[-123.22372296251,49.27482665437],[-123.22427738357,49.27651763659],[-123.22406668675,49.27735697904],[-123.22399951211,49.2777874655],[-123.22333133079,49.27778858708],[-123.22234121594,49.2777186085],[-123.21961637723,49.2769779651],[-123.21863888015,49.27684401639],[-123.21703073463,49.27676706799],[-123.21425197997,49.2764033556],[-123.21305405235,49.27605434391],[-123.2124208403,49.27577703324],[-123.21202107712,49.27570493167],[-123.21116811548,49.27540158432],[-123.21030081364,49.27516000399],[-123.20951738997,49.27515275377],[-123.20804683829,49.2753528757],[-123.20621982442,49.27563535365],[-123.20358218857,49.27609880655],[-123.20233178703,49.27637944191],[-123.20212517596,49.27636137646],[-123.20091390955,49.27583363298],[-123.20022582018,49.2756459686],[-123.19874016722,49.27546847856],[-123.19714063383,49.27426586434],[-123.19727758676,49.27410383608],[-123.19718004936,49.2737891127],[-123.19694475788,49.27348332191],[-123.19633870408,49.27307102107],[-123.19563631457,49.27275733916],[-123.19483738906,49.27248815994],[-123.19427367491,49.27241742029],[-123.1936965018,49.27239182423],[-123.19283060194,49.27243824963],[-123.19060458597,49.27274748527],[-123.1901376081,49.27289204893],[-123.18881867,49.27308315816],[-123.18828299535,49.27313839598],[-123.18770630292,49.27331019801],[-123.18717018765,49.27337380763],[-123.18671650852,49.27331180027],[-123.18568541593,49.27325912606]]]]},"properties":{"a": "2.74332", "q": "01020", "t": "CT", "dw": "2247", "hh": "2107", "id": "9330044.00", "pop": "4715", "rgid": "59", "rpid": "59933", "ruid": "5915022", "rguid": "5915"}},{"type":"Feature","geometry":{"type":"MultiPolygon","coordinates":[[[[-123.16419486044,49.27406045496],[-123.16419109513,49.27355574393],[-123.16437451353,49.27327166373],[-123.16432023707,49.27287766867],[-123.16443483852,49.27013388328],[-123.1644979274,49.26843376819],[-123.16841568666,49.26848203619],[-123.17108256371,49.26852313409],[-123.17781857327,49.26863885712],[-123.17972934513,49.26866289097],[-123.18181872861,49.26867763174],[-123.18361958563,49.26870174571],[-123.1857917257,49.26877024221],[-123.18575359198,49.26959784812],[-123.18570520381,49.27136097198],[-123.18571818209,49.27202430647],[-123.18567159646,49.27230686454],[-123.18568541593,49.27325912606],[-123.18424078076,49.27319799995],[-123.18382823958,49.27309998187],[-123.18272684796,49.27269673378],[-123.18120049766,49.27251059154],[-123.18085697371,49.2724396516],[-123.18014176614,49.27235977908],[-123.17868383223,49.27212813274],[-123.17713024357,49.27210357815],[-123.17638683627,49.27199586641],[-123.17395348821,49.2717575707],[-123.17226206537,49.27171467026],[-123.17114873693,49.2717880937],[-123.1690198578,49.27217872401],[-123.16794846845,49.27245014639],[-123.16668448778,49.2728201877],[-123.16466768655,49.27387607521],[-123.16419486044,49.27406045496]]]]},"properties":{"a": "0.65879", "q": "01010", "t": "CT", "dw": "2652", "hh": "2423", "id": "9330045.01", "pop": "4759", "rgid": "59", "rpid": "59933", "ruid": "5915022", "rguid": "5915"}},{"type":"Feature","geometry":{"type":"MultiPolygon","coordinates":[[[[-123.1644979274,49.26843376819],[-123.16466231899,49.2641607885],[-123.16840118623,49.26421834959],[-123.17123277532,49.26426821984],[-123.1720987553,49.26427587062],[-123.17597505616,49.26434204385],[-123.17989886395,49.26438390282],[-123.18191302145,49.26442279761],[-123.18592679598,49.26447034459],[-123.1859300005,49.26532486843],[-123.18585385322,49.26700703824],[-123.1857917257,49.26877024221],[-123.18361958563,49.26870174571],[-123.18181872861,49.26867763174],[-123.17972934513,49.26866289097],[-123.17781857327,49.26863885712],[-123.17108256371,49.26852313409],[-123.16841568666,49.26848203619],[-123.1644979274,49.26843376819]]]]},"properties":{"a": "0.73554", "q": "01010", "t": "CT", "dw": "2810", "hh": "2616", "id": "9330045.02", "pop": "5384", "rgid": "59", "rpid": "59933", "ruid": "5915022", "rguid": "5915"}},{"type":"Feature","geometry":{"type":"MultiPolygon","coordinates":[[[[-123.15745969206,49.26834456252],[-123.15032536135,49.26824610381],[-123.150349956,49.26730161323],[-123.15032407954,49.26660415066],[-123.15037479098,49.26644704934],[-123.1504496164,49.26392826092],[-123.1529374412,49.26396102708],[-123.15762476461,49.26405363754],[-123.16003011322,49.26408632359],[-123.16466231899,49.2641607885],[-123.1644979274,49.26843376819],[-123.16225725077,49.26840989456],[-123.15745969206,49.26834456252]]]]},"properties":{"a": "0.49403", "q": "01010", "t": "CT", "dw": "3118", "hh": "2964", "id": "9330046.00", "pop": "4927", "rgid": "59", "rpid": "59933", "ruid": "5915022", "rguid": "5915"}},{"type":"Feature","geometry":{"type":"MultiPolygon","coordinates":[[[[-123.15724526999,49.27380285206],[-123.15735790867,49.27091734701],[-123.15738258343,49.27002681244],[-123.15745969206,49.26834456252],[-123.16225725077,49.26840989456],[-123.1644979274,49.26843376819],[-123.16443483852,49.27013388328],[-123.16432023707,49.27287766867],[-123.16437451353,49.27327166373],[-123.16419109513,49.27355574393],[-123.16419486044,49.27406045496],[-123.16409107423,49.2741017932],[-123.16297734523,49.2742465972],[-123.16189173584,49.27424868013],[-123.16073714928,49.27438495211],[-123.16007713947,49.27423329846],[-123.15929227377,49.27383862245],[-123.15892135122,49.27391116464],[-123.15822024351,49.27393003122],[-123.15724526999,49.27380285206]]]]},"properties":{"a": "0.32642", "q": "02020", "t": "CT", "dw": "2483", "hh": "2306", "id": "9330047.01", "pop": "3606", "rgid": "59", "rpid": "59933", "ruid": "5915022", "rguid": "5915"}},{"type":"Feature","geometry":{"type":"MultiPolygon","coordinates":[[[[-123.14961047423,49.27796143058],[-123.14960787056,49.27782403703],[-123.14999233218,49.27632424415],[-123.15092120076,49.27634198914],[-123.15109808995,49.27627004779],[-123.15170838973,49.27549447518],[-123.1524086162,49.2746649065],[-123.15244314484,49.27311956946],[-123.15253831892,49.27269589259],[-123.15018744706,49.27266296621],[-123.15032536135,49.26824610381],[-123.15745969206,49.26834456252],[-123.15738258343,49.27002681244],[-123.15735790867,49.27091734701],[-123.15724526999,49.27380285206],[-123.15655601898,49.27368937219],[-123.15590982864,49.27366337556],[-123.15562126212,49.27369970675],[-123.15527809867,49.27386209552],[-123.15490845793,49.27436628581],[-123.15368805865,49.27534842944],[-123.15296059381,49.27585282001],[-123.15213775461,49.27659106003],[-123.15200144258,49.2767898601],[-123.15211364064,49.27752733904],[-123.15177015675,49.27782367652],[-123.15019049135,49.27806958295],[-123.14984684723,49.27806998351],[-123.14961047423,49.27796143058]]]]},"properties":{"a": "0.36646", "q": "02020", "t": "CT", "dw": "2825", "hh": "2661", "id": "9330047.02", "pop": "4082", "rgid": "59", "rpid": "59933", "ruid": "5915022", "rguid": "5915"}},{"type":"Feature","geometry":{"type":"MultiPolygon","coordinates":[[[[-123.13920801945,49.27480077791],[-123.14149223741,49.27404707611],[-123.14208258909,49.27383505743],[-123.14419828965,49.2731416005],[-123.14556829969,49.27262387113],[-123.14557635103,49.27069891929],[-123.14199258229,49.27062305241],[-123.1410947975,49.27061452039],[-123.14106491541,49.26978699459],[-123.1384128993,49.26979011899],[-123.13842587758,49.26924759469],[-123.13856158877,49.26882091359],[-123.13821506058,49.26822535458],[-123.13843152554,49.26636377202],[-123.13856206944,49.26453687833],[-123.13858738511,49.26375417567],[-123.14327450824,49.26382046906],[-123.14569375643,49.26386236809],[-123.1504496164,49.26392826092],[-123.15037479098,49.26644704934],[-123.15032407954,49.26660415066],[-123.150349956,49.26730161323],[-123.15032536135,49.26824610381],[-123.15018744706,49.27266296621],[-123.15253831892,49.27269589259],[-123.15244314484,49.27311956946],[-123.1524086162,49.2746649065],[-123.15170838973,49.27549447518],[-123.15109808995,49.27627004779],[-123.15092120076,49.27634198914],[-123.14999233218,49.27632424415],[-123.14960787056,49.27782403703],[-123.14961047423,49.27796143058],[-123.14929603125,49.27777388637],[-123.14907544048,49.27780036367],[-123.14873271766,49.27797228588],[-123.14854036668,49.27817885689],[-123.14830972175,49.27898951893],[-123.14809017246,49.27922332832],[-123.14734760634,49.27933168097],[-123.14734720578,49.27920574355],[-123.1478001639,49.27876508275],[-123.14771664624,49.27862957185],[-123.14704237634,49.27839656359],[-123.14634042745,49.2779035891],[-123.14607901918,49.27784999359],[-123.14584573053,49.27797617135],[-123.14525638026,49.27863361755],[-123.14488509721,49.27885801367],[-123.14462477046,49.27892222413],[-123.14375818964,49.27884195104],[-123.14227277702,49.27856528128],[-123.14169424199,49.27832261942],[-123.14033032052,49.27745143211],[-123.14002653255,49.27674203272],[-123.14013588661,49.27649901035],[-123.14010768688,49.27631907687],[-123.13962488672,49.27570813618],[-123.13910078838,49.27518668157],[-123.13920801945,49.27480077791]]]]},"properties":{"a": "1.19789", "q": "01010", "t": "CT", "dw": "4399", "hh": "4105", "id": "9330048.00", "pop": "6635", "rgid": "59", "rpid": "59933", "ruid": "5915022", "rguid": "5915"}},{"type":"Feature","geometry":{"type":"MultiPolygon","coordinates":[[[[-123.11457019013,49.27122490029],[-123.11370044485,49.27158076162],[-123.11349415423,49.27153593847],[-123.11154316572,49.27195160405],[-123.11146109009,49.27216758833],[-123.11113062454,49.27216734799],[-123.11049937524,49.27253706884],[-123.11027930522,49.27246532778],[-123.10948278309,49.27277216004],[-123.10957887847,49.27296927773],[-123.10875455718,49.27296174712],[-123.10876721501,49.27270017863],[-123.10773644288,49.27265663729],[-123.10755719035,49.27239590998],[-123.10715898937,49.27250450297],[-123.10446443333,49.272434965],[-123.1044097563,49.27258794051],[-123.10377758571,49.27270542602],[-123.10310295531,49.27257023557],[-123.10297978178,49.27291624302],[-123.10245187808,49.27288475866],[-123.10209365342,49.27308748426],[-123.10172974075,49.27312958357],[-123.10018961104,49.27291500127],[-123.10026079132,49.27201873863],[-123.10073449867,49.27108922915],[-123.10071815565,49.26919055434],[-123.10083816471,49.26735548913],[-123.10088611226,49.26557830547],[-123.10098064544,49.26310061494],[-123.10300125203,49.263161701],[-123.10691853062,49.26321221216],[-123.10962626522,49.26325463192],[-123.11484938346,49.2633214861],[-123.11751589999,49.26338177103],[-123.11985259188,49.26342431096],[-123.12084322747,49.26342947824],[-123.12307437066,49.26346584948],[-123.12418453464,49.26349456994],[-123.12660081866,49.2635266952],[-123.12892437204,49.2635675127],[-123.13121988591,49.26361886505],[-123.13359783592,49.26366116464],[-123.13597582599,49.2637123167],[-123.13858738511,49.26375417567],[-123.13856206944,49.26453687833],[-123.13843152554,49.26636377202],[-123.13627604894,49.2663316067],[-123.13110740746,49.2662702002],[-123.12884461968,49.26626042643],[-123.12640213876,49.26621488227],[-123.12402422881,49.26621740582],[-123.12273661484,49.26623619229],[-123.12161871997,49.26617506617],[-123.11965291057,49.26608718236],[-123.11711084937,49.2659992585],[-123.11672586701,49.26585801952],[-123.1147590562,49.26585821981],[-123.11471984096,49.26673982179],[-123.1146219831,49.2698711131],[-123.11457019013,49.27122490029]]]]},"properties":{"a": "1.5497", "q": "01010", "t": "CT", "dw": "3726", "hh": "3462", "id": "9330049.01", "pop": "5990", "rgid": "59", "rpid": "59933", "ruid": "5915022", "rguid": "5915"}},{"type":"Feature","geometry":{"type":"MultiPolygon","coordinates":[[[[-123.13920801945,49.27480077791],[-123.13934589368,49.2743048793],[-123.13970255614,49.27407960194],[-123.13966045683,49.27380958154],[-123.13972807209,49.27341378394],[-123.13991970205,49.27296419056],[-123.13957273325,49.27184024717],[-123.13936532105,49.27141769189],[-123.13904755338,49.27102165396],[-123.13885536263,49.27092359581],[-123.13834612522,49.27095035351],[-123.13771379441,49.27072707896],[-123.13739702815,49.27053849329],[-123.13734110938,49.27032214851],[-123.13717543598,49.2701601603],[-123.13662546119,49.26990956727],[-123.13640446986,49.26973824591],[-123.1358406756,49.26966694547],[-123.13636537478,49.27025188953],[-123.13660054609,49.27080034218],[-123.13709660493,49.2712315096],[-123.13712536544,49.27182462517],[-123.13690701784,49.27245443243],[-123.1369076988,49.27274215777],[-123.13681324573,49.273156862],[-123.13651130036,49.27337280621],[-123.13534233354,49.273436536],[-123.1347786995,49.27332950521],[-123.13418618478,49.27265615661],[-123.13344221669,49.27206336149],[-123.13287754119,49.27165919211],[-123.13223651812,49.27130829777],[-123.13161484232,49.27075852326],[-123.13158223639,49.27063474889],[-123.13097854592,49.27019593069],[-123.13066214017,49.26991617658],[-123.13066882959,49.26972875254],[-123.13048116522,49.26971957962],[-123.13032879055,49.26953027293],[-123.13032746869,49.26930451488],[-123.13051925888,49.26889113252],[-123.13036720467,49.26846873745],[-123.13049057848,49.26839651571],[-123.13124660355,49.26861081761],[-123.13168658339,49.26867330565],[-123.13230581575,49.26864646784],[-123.13258096337,49.26872714149],[-123.13307650148,49.26898742818],[-123.13343372473,49.26903161042],[-123.1337500103,49.26896864171],[-123.13403813621,49.26872541906],[-123.13395489895,49.26859018855],[-123.13370686953,49.26847326383],[-123.13332264824,49.26847438541],[-123.13311543633,49.26839283052],[-123.13285306671,49.26793438467],[-123.13272981307,49.26789020243],[-123.13224857511,49.26789064305],[-123.13193172874,49.26754050978],[-123.13171145843,49.26741477265],[-123.13131225604,49.26743243753],[-123.13088685675,49.26760407934],[-123.13069518673,49.26774880322],[-123.13090095661,49.26786456631],[-123.13090219836,49.26806344649],[-123.13013259416,49.26812717627],[-123.12967947581,49.26841530218],[-123.12763115017,49.26822895966],[-123.1257202982,49.26820396445],[-123.12540377228,49.26811423804],[-123.12493571289,49.26778217023],[-123.12459174832,49.26771924158],[-123.12422110616,49.26781886192],[-123.12361717536,49.26820620761],[-123.12268201792,49.26827842935],[-123.12196857284,49.26855890448],[-123.12137677913,49.26853166611],[-123.12111541092,49.26840616931],[-123.12084006301,49.26799342785],[-123.12055077547,49.26784041228],[-123.11980873009,49.26781453583],[-123.11930025376,49.26786003993],[-123.11892853008,49.26794948594],[-123.11873830209,49.26887627158],[-123.11864436976,49.26950687997],[-123.11845189861,49.2695070402],[-123.11819029006,49.26930944182],[-123.11784724679,49.26959764784],[-123.11754490085,49.26959792824],[-123.11742180744,49.26983197796],[-123.11716023895,49.26989470633],[-123.11707888434,49.27020109797],[-123.11457019013,49.27122490029],[-123.1146219831,49.2698711131],[-123.11471984096,49.26673982179],[-123.1147590562,49.26585821981],[-123.11672586701,49.26585801952],[-123.11711084937,49.2659992585],[-123.11965291057,49.26608718236],[-123.12161871997,49.26617506617],[-123.12273661484,49.26623619229],[-123.12402422881,49.26621740582],[-123.12640213876,49.26621488227],[-123.12884461968,49.26626042643],[-123.13110740746,49.2662702002],[-123.13627604894,49.2663316067],[-123.13843152554,49.26636377202],[-123.13821506058,49.26822535458],[-123.13856158877,49.26882091359],[-123.13842587758,49.26924759469],[-123.1384128993,49.26979011899],[-123.14106491541,49.26978699459],[-123.1410947975,49.27061452039],[-123.14199258229,49.27062305241],[-123.14557635103,49.27069891929],[-123.14556829969,49.27262387113],[-123.14419828965,49.2731416005],[-123.14208258909,49.27383505743],[-123.14149223741,49.27404707611],[-123.13920801945,49.27480077791]]]]},"properties":{"a": "0.82397", "q": "01010", "t": "CT", "dw": "3389", "hh": "3156", "id": "9330049.02", "pop": "5817", "rgid": "59", "rpid": "59933", "ruid": "5915022", "rguid": "5915"}},{"type":"Feature","geometry":{"type":"MultiPolygon","coordinates":[[[[-123.06570731303,49.26969250147],[-123.06578490233,49.26601339842],[-123.06581586595,49.26511305003],[-123.06582371701,49.26418738597],[-123.06586084933,49.26248122236],[-123.0697935897,49.2624939603],[-123.07364201128,49.26251855495],[-123.07760046788,49.26253397667],[-123.07763231274,49.26529546701],[-123.07762273926,49.26794908538],[-123.07758432514,49.26978407047],[-123.07350165355,49.26975074352],[-123.07154954345,49.26974301263],[-123.06570731303,49.26969250147]]]]},"properties":{"a": "0.69258", "q": "01010", "t": "CT", "dw": "3532", "hh": "3347", "id": "9330050.02", "pop": "6086", "rgid": "59", "rpid": "59933", "ruid": "5915022", "rguid": "5915"}},{"type":"Feature","geometry":{"type":"MultiPolygon","coordinates":[[[[-123.07758432514,49.26978407047],[-123.07762273926,49.26794908538],[-123.07763231274,49.26529546701],[-123.08142609736,49.26539180273],[-123.08231539017,49.26548701686],[-123.0870279892,49.26640222619],[-123.08911164461,49.26676834197],[-123.0892349383,49.26613180523],[-123.08920557694,49.26528713527],[-123.08922977103,49.2634880808],[-123.08922812871,49.26256998741],[-123.09112492088,49.26257803875],[-123.09586471821,49.26264417192],[-123.09684053292,49.26296947019],[-123.0970908055,49.26298701491],[-123.09992475792,49.26306965132],[-123.10024112361,49.26301577542],[-123.10098064544,49.26310061494],[-123.10088611226,49.26557830547],[-123.10083816471,49.26735548913],[-123.10071815565,49.26919055434],[-123.10073449867,49.27108922915],[-123.10026079132,49.27201873863],[-123.10018961104,49.27291500127],[-123.09809730344,49.27261161386],[-123.09332506039,49.27183099414],[-123.08743392106,49.27090272641],[-123.08080402099,49.26982929418],[-123.07758432514,49.26978407047]]]]},"properties":{"a": "1.2925", "q": "01010", "t": "CT", "dw": "2999", "hh": "2838", "id": "9330050.03", "pop": "4536", "rgid": "59", "rpid": "59933", "ruid": "5915022", "rguid": "5915"}},{"type":"Feature","geometry":{"type":"MultiPolygon","coordinates":[[[[-123.07763231274,49.26529546701],[-123.07760046788,49.26253397667],[-123.08146250865,49.26254026553],[-123.08922812871,49.26256998741],[-123.08922977103,49.2634880808],[-123.08920557694,49.26528713527],[-123.0892349383,49.26613180523],[-123.08911164461,49.26676834197],[-123.0870279892,49.26640222619],[-123.08231539017,49.26548701686],[-123.08142609736,49.26539180273],[-123.07763231274,49.26529546701]]]]},"properties":{"a": "0.30793", "q": "01020", "t": "CT", "dw": "2051", "hh": "1909", "id": "9330050.04", "pop": "3443", "rgid": "59", "rpid": "59933", "ruid": "5915022", "rguid": "5915"}},{"type":"Feature","geometry":{"type":"MultiPolygon","coordinates":[[[[-123.0566621704,49.26962536689],[-123.05454703063,49.26965004165],[-123.0493429392,49.26964936069],[-123.04679206558,49.2696699497],[-123.0440981905,49.26966149779],[-123.04413844721,49.2685963973],[-123.04413311971,49.26805102899],[-123.04420546162,49.26671634872],[-123.04425877673,49.26483638026],[-123.04429919367,49.26393679294],[-123.04435270906,49.26222762509],[-123.05460587353,49.26225922962],[-123.05661270071,49.26238424574],[-123.05809707186,49.26243748073],[-123.06005619183,49.2624472545],[-123.06202800969,49.26247136847],[-123.06586084933,49.26248122236],[-123.06582371701,49.26418738597],[-123.06581586595,49.26511305003],[-123.06578490233,49.26601339842],[-123.06570731303,49.26969250147],[-123.06184463135,49.26966770654],[-123.0566621704,49.26962536689]]]]},"properties":{"a": "1.27675", "q": "00000", "t": "CT", "dw": "2930", "hh": "2794", "id": "9330051.00", "pop": "7674", "rgid": "59", "rpid": "59933", "ruid": "5915022", "rguid": "5915"}},{"type":"Feature","geometry":{"type":"MultiPolygon","coordinates":[[[[-123.02358445113,49.26963141541],[-123.02360171545,49.26835393572],[-123.02359774986,49.26609767715],[-123.02361433322,49.26575691709],[-123.023670252,49.26247273039],[-123.02498710716,49.26245839019],[-123.02702121277,49.2624129662],[-123.02806568421,49.26227773569],[-123.02830466087,49.26219129391],[-123.0314731646,49.26221076133],[-123.03377492728,49.26219089335],[-123.0389786582,49.26219361718],[-123.04435270906,49.26222762509],[-123.04429919367,49.26393679294],[-123.04425877673,49.26483638026],[-123.04420546162,49.26671634872],[-123.04413311971,49.26805102899],[-123.04413844721,49.2685963973],[-123.0440981905,49.26966149779],[-123.04142073856,49.26968104533],[-123.03884551062,49.26968392939],[-123.03643203056,49.26970471868],[-123.03072559143,49.26972106171],[-123.02773205419,49.26969634689],[-123.02358445113,49.26963141541]]]]},"properties":{"a": "1.24103", "q": "01010", "t": "CT", "dw": "2131", "hh": "1981", "id": "9330052.01", "pop": "5722", "rgid": "59", "rpid": "59933", "ruid": "5915022", "rguid": "5915"}},{"type":"Feature","geometry":{"type":"MultiPolygon","coordinates":[[[[-123.0309340451,49.27751492155],[-123.02833558443,49.27751556245],[-123.02720338942,49.27748588064],[-123.02568216635,49.2775071506],[-123.02354175097,49.27747306258],[-123.02353674392,49.27673265951],[-123.02355925563,49.27581520702],[-123.02354135041,49.27418402905],[-123.02352400597,49.27397465409],[-123.02355785366,49.27313310853],[-123.02354375379,49.27219831161],[-123.02358445113,49.26963141541],[-123.02773205419,49.26969634689],[-123.03072559143,49.26972106171],[-123.03643203056,49.26970471868],[-123.03884551062,49.26968392939],[-123.04142073856,49.26968104533],[-123.0440981905,49.26966149779],[-123.04409959248,49.27140287101],[-123.0440866943,49.27233834889],[-123.0440885369,49.27428136618],[-123.04406470332,49.27754684652],[-123.03618600396,49.27752233199],[-123.03353250576,49.27752317317],[-123.0309340451,49.27751492155]]]]},"properties":{"a": "1.30103", "q": "01010", "t": "CT", "dw": "2188", "hh": "2093", "id": "9330052.02", "pop": "6277", "rgid": "59", "rpid": "59933", "ruid": "5915022", "rguid": "5915"}},{"type":"Feature","geometry":{"type":"MultiPolygon","coordinates":[[[[-123.02629106415,49.29300001666],[-123.02627852649,49.29238487005],[-123.0263978546,49.29165416064],[-123.02667276188,49.29111115567],[-123.0270045493,49.29030245639],[-123.02732744419,49.28960871906],[-123.02785971404,49.28908778518],[-123.02856743106,49.28857265948],[-123.02987855815,49.28771252775],[-123.03028188635,49.28733078996],[-123.03102240958,49.28679795932],[-123.03100738842,49.28480094596],[-123.0310063069,49.28299291885],[-123.03097822734,49.2820934517],[-123.03096260533,49.27914301518],[-123.0309340451,49.27751492155],[-123.03353250576,49.27752317317],[-123.03618600396,49.27752233199],[-123.04406470332,49.27754684652],[-123.04668980151,49.27754560478],[-123.05195553979,49.27756138701],[-123.0519434828,49.27911749923],[-123.05190534908,49.28217588783],[-123.05190635049,49.28311140577],[-123.05188083454,49.28491935277],[-123.05179174904,49.29178274179],[-123.05184282099,49.29230463702],[-123.05174155833,49.29250459873],[-123.05176250785,49.29280942816],[-123.05173410784,49.29347977253],[-123.05057026824,49.29383463245],[-123.0499103786,49.29412283847],[-123.04952487551,49.29404156397],[-123.04949747691,49.29373617375],[-123.04934574315,49.29321451885],[-123.04933216402,49.29368201745],[-123.04860341738,49.29367364566],[-123.04861659595,49.29330448559],[-123.04787423011,49.29340410593],[-123.04733831513,49.29382710184],[-123.04700825014,49.29387216533],[-123.0463343808,49.29385450044],[-123.04609997057,49.29378195825],[-123.04600363485,49.2933596433],[-123.04572852729,49.29310808891],[-123.04564581076,49.29284724143],[-123.04545269871,49.29304435913],[-123.04460037797,49.2927037593],[-123.04480630808,49.29248745457],[-123.04407744127,49.29226317862],[-123.04378851423,49.29213732131],[-123.04355466479,49.29212842878],[-123.04303188831,49.29255062356],[-123.04209737178,49.29258775588],[-123.04171206898,49.29250684189],[-123.04138200399,49.29238118486],[-123.0406943953,49.29232742913],[-123.03974461727,49.29195834918],[-123.03957986517,49.29174308592],[-123.03942833169,49.29139235181],[-123.03894669317,49.29098770175],[-123.03882287874,49.29096078383],[-123.03755745604,49.29097884928],[-123.03691126569,49.29080848928],[-123.03616761806,49.29051996281],[-123.03575527716,49.2904663673],[-123.03462812925,49.29042234529],[-123.03440737827,49.29036770831],[-123.03378862658,49.29058365253],[-123.03418786902,49.29104241883],[-123.03399599872,49.29112421407],[-123.03351411986,49.29069228557],[-123.03312921762,49.29067458063],[-123.03312889716,49.29042250551],[-123.03340400473,49.29020688175],[-123.03351383946,49.28999081736],[-123.03292244632,49.28991907629],[-123.02916963944,49.29225897269],[-123.02820720357,49.29264591781],[-123.0272720862,49.29277213563],[-123.02718892905,49.29251080747],[-123.02798697332,49.29235811236],[-123.02859194559,49.29213315544],[-123.02709307401,49.29238531068],[-123.02670809165,49.29261030765],[-123.02641924473,49.29296997434],[-123.02629106415,49.29300001666]]]]},"properties":{"a": "2.58893", "q": "01010", "t": "CT", "dw": "2409", "hh": "2234", "id": "9330053.01", "pop": "6309", "rgid": "59", "rpid": "59933", "ruid": "5915022", "rguid": "5915"}},{"type":"Feature","geometry":{"type":"MultiPolygon","coordinates":[[[[-123.02312860895,49.29341732456],[-123.0231102631,49.29308113093],[-123.02321392914,49.29268905859],[-123.02332376388,49.2920297698],[-123.02331010463,49.29114440251],[-123.02345394728,49.29072897726],[-123.0234204601,49.29025086371],[-123.02345675123,49.28839424814],[-123.02342939268,49.28771224735],[-123.02345859382,49.28669529469],[-123.02345939495,49.2856436131],[-123.02349764884,49.28122895381],[-123.02352176281,49.27759891988],[-123.02354175097,49.27747306258],[-123.02568216635,49.2775071506],[-123.02720338942,49.27748588064],[-123.02833558443,49.27751556245],[-123.0309340451,49.27751492155],[-123.03096260533,49.27914301518],[-123.03097822734,49.2820934517],[-123.0310063069,49.28299291885],[-123.03100738842,49.28480094596],[-123.03102240958,49.28679795932],[-123.03028188635,49.28733078996],[-123.02987855815,49.28771252775],[-123.02856743106,49.28857265948],[-123.02785971404,49.28908778518],[-123.02732744419,49.28960871906],[-123.0270045493,49.29030245639],[-123.02667276188,49.29111115567],[-123.0263978546,49.29165416064],[-123.02627852649,49.29238487005],[-123.02629106415,49.29300001666],[-123.0258827289,49.29309567142],[-123.02533299444,49.29341992822],[-123.02491997258,49.29326655215],[-123.0246868041,49.29331233665],[-123.02372380745,49.2933571598],[-123.02312860895,49.29341732456]]]]},"properties":{"a": "0.79147", "q": "01010", "t": "CT", "dw": "1291", "hh": "1172", "id": "9330053.02", "pop": "3089", "rgid": "59", "rpid": "59933", "ruid": "5915022", "rguid": "5915"}},{"type":"Feature","geometry":{"type":"MultiPolygon","coordinates":[[[[-123.05658890719,49.27756811649],[-123.05658778561,49.27665058389],[-123.05661342172,49.27502253032],[-123.05661246037,49.27418595176],[-123.05665047392,49.27135011669],[-123.0566621704,49.26962536689],[-123.06184463135,49.26966770654],[-123.06570731303,49.26969250147],[-123.06564410398,49.27383930341],[-123.06560665122,49.27670882594],[-123.06559415361,49.27761734584],[-123.06170327221,49.2776014835],[-123.05658890719,49.27756811649]]]]},"properties":{"a": "0.57971", "q": "01010", "t": "CT", "dw": "1662", "hh": "1547", "id": "9330054.01", "pop": "3874", "rgid": "59", "rpid": "59933", "ruid": "5915022", "rguid": "5915"}},{"type":"Feature","geometry":{"type":"MultiPolygon","coordinates":[[[[-123.05195553979,49.27756138701],[-123.04668980151,49.27754560478],[-123.04406470332,49.27754684652],[-123.0440885369,49.27428136618],[-123.0440866943,49.27233834889],[-123.04409959248,49.27140287101],[-123.0440981905,49.26966149779],[-123.04679206558,49.2696699497],[-123.0493429392,49.26964936069],[-123.05454703063,49.26965004165],[-123.0566621704,49.26962536689],[-123.05665047392,49.27135011669],[-123.05661246037,49.27418595176],[-123.05661342172,49.27502253032],[-123.05658778561,49.27665058389],[-123.05658890719,49.27756811649],[-123.05448534373,49.27756018532],[-123.05195553979,49.27756138701]]]]},"properties":{"a": "0.8018", "q": "01010", "t": "CT", "dw": "1599", "hh": "1491", "id": "9330054.02", "pop": "4348", "rgid": "59", "rpid": "59933", "ruid": "5915022", "rguid": "5915"}},{"type":"Feature","geometry":{"type":"MultiPolygon","coordinates":[[[[-123.05188083454,49.28491935277],[-123.05190635049,49.28311140577],[-123.05190534908,49.28217588783],[-123.0519434828,49.27911749923],[-123.05195553979,49.27756138701],[-123.05448534373,49.27756018532],[-123.05658890719,49.27756811649],[-123.06170327221,49.2776014835],[-123.06559415361,49.27761734584],[-123.06555521876,49.279371457],[-123.065517766,49.28224089942],[-123.06549152903,49.2831763773],[-123.06546625343,49.28487653245],[-123.06431599296,49.2849574865],[-123.06161622958,49.28496858213],[-123.05764235126,49.28500663574],[-123.05659723892,49.28491722978],[-123.05188083454,49.28491935277]]]]},"properties":{"a": "0.81133", "q": "01020", "t": "CT", "dw": "2588", "hh": "2415", "id": "9330055.01", "pop": "5197", "rgid": "59", "rpid": "59933", "ruid": "5915022", "rguid": "5915"}},{"type":"Feature","geometry":{"type":"MultiPolygon","coordinates":[[[[-123.05173410784,49.29347977253],[-123.05176250785,49.29280942816],[-123.05174155833,49.29250459873],[-123.05184282099,49.29230463702],[-123.05179174904,49.29178274179],[-123.05188083454,49.28491935277],[-123.05659723892,49.28491722978],[-123.05764235126,49.28500663574],[-123.06161622958,49.28496858213],[-123.06431599296,49.2849574865],[-123.06546625343,49.28487653245],[-123.06548059363,49.2854658026],[-123.06543528981,49.28636699218],[-123.06537264155,49.28685223578],[-123.06527117861,49.28902661901],[-123.06510017771,49.2890231341],[-123.06513967335,49.28716199216],[-123.0649880197,49.2870896903],[-123.06465827516,49.28707230581],[-123.06463107685,49.28732418065],[-123.06421849561,49.28730643565],[-123.06383395387,49.28777417459],[-123.06391687069,49.28822376797],[-123.06357398764,49.28864708433],[-123.06335315654,49.28859228713],[-123.06265301018,49.28924092092],[-123.06204819813,49.28916056772],[-123.06170491452,49.28958356363],[-123.06114156088,49.29000663965],[-123.06023460318,49.2905018573],[-123.05995989617,49.29081686107],[-123.0595751141,49.29102387271],[-123.05998805584,49.29134752867],[-123.05942394113,49.29165275867],[-123.05906703833,49.29173479424],[-123.05875047236,49.29145608159],[-123.058021926,49.29171728958],[-123.05736231675,49.29216740369],[-123.05707354994,49.2921945219],[-123.05645447781,49.29211376813],[-123.05593210189,49.29215009931],[-123.05551968088,49.2923751764],[-123.05459858326,49.29265452995],[-123.05337513969,49.29310484434],[-123.05275642806,49.29328501817],[-123.0519313457,49.29342032879],[-123.05173410784,49.29347977253]]]]},"properties":{"a": "0.66429", "q": "01010", "t": "CT", "dw": "2549", "hh": "2432", "id": "9330055.02", "pop": "4434", "rgid": "59", "rpid": "59933", "ruid": "5915022", "rguid": "5915"}},{"type":"Feature","geometry":{"type":"MultiPolygon","coordinates":[[[[-123.06527117861,49.28902661901],[-123.06537264155,49.28685223578],[-123.06543528981,49.28636699218],[-123.06548059363,49.2854658026],[-123.06546625343,49.28487653245],[-123.06549152903,49.2831763773],[-123.065517766,49.28224089942],[-123.06555521876,49.279371457],[-123.06559415361,49.27761734584],[-123.06560665122,49.27670882594],[-123.06751778358,49.276716677],[-123.06964866553,49.27669744991],[-123.07153672539,49.27669853143],[-123.07278336163,49.27673149788],[-123.07344501376,49.27672304597],[-123.07427213899,49.27675064485],[-123.07734783197,49.27677351707],[-123.07730793577,49.2776460663],[-123.07725582235,49.27949911685],[-123.07710761356,49.28144217419],[-123.07704023864,49.28233274881],[-123.07701420196,49.28328625209],[-123.07695327613,49.28459549653],[-123.07711574501,49.28526035317],[-123.07722089314,49.28644370025],[-123.07729836228,49.28708768748],[-123.07734186356,49.28973029033],[-123.06983032144,49.28822068363],[-123.06992878015,49.28980375383],[-123.06838861039,49.28981368782],[-123.06853589788,49.28691716726],[-123.06749066538,49.2869357935],[-123.06742244928,49.28768156413],[-123.06571732714,49.28764663492],[-123.06558213668,49.28903262748],[-123.06527117861,49.28902661901]]]]},"properties":{"a": "1.13358", "q": "02020", "t": "CT", "dw": "2304", "hh": "2156", "id": "9330056.01", "pop": "3983", "rgid": "59", "rpid": "59933", "ruid": "5915022", "rguid": "5915"}},{"type":"Feature","geometry":{"type":"MultiPolygon","coordinates":[[[[-123.06560665122,49.27670882594],[-123.06564410398,49.27383930341],[-123.06570731303,49.26969250147],[-123.07154954345,49.26974301263],[-123.07350165355,49.26975074352],[-123.07758432514,49.26978407047],[-123.07751839225,49.27153814157],[-123.07738772818,49.27592792582],[-123.07734783197,49.27677351707],[-123.07427213899,49.27675064485],[-123.07344501376,49.27672304597],[-123.07278336163,49.27673149788],[-123.07153672539,49.27669853143],[-123.06964866553,49.27669744991],[-123.06751778358,49.276716677],[-123.06560665122,49.27670882594]]]]},"properties":{"a": "0.66781", "q": "01010", "t": "CT", "dw": "2456", "hh": "2310", "id": "9330056.02", "pop": "4340", "rgid": "59", "rpid": "59933", "ruid": "5915022", "rguid": "5915"}},{"type":"Feature","geometry":{"type":"MultiPolygon","coordinates":[[[[-123.09363445626,49.28135801563],[-123.09369946785,49.27940598564],[-123.09377845913,49.27757989308],[-123.09380409525,49.27658140643],[-123.09570369136,49.2766369647],[-123.0971041443,49.27682150468],[-123.09775802547,49.27676959154],[-123.09912503128,49.27676586629],[-123.10012892555,49.2768459391],[-123.09996733791,49.27857321245],[-123.0997670157,49.2815057838],[-123.09363445626,49.28135801563]]]]},"properties":{"a": "0.23731", "q": "02020", "t": "CT", "dw": "1623", "hh": "1474", "id": "9330057.01", "pop": "3005", "rgid": "59", "rpid": "59933", "ruid": "5915022", "rguid": "5915"}},{"type":"Feature","geometry":{"type":"MultiPolygon","coordinates":[[[[-123.07710761356,49.28144217419],[-123.07725582235,49.27949911685],[-123.07730793577,49.2776460663],[-123.07734783197,49.27677351707],[-123.07738772818,49.27592792582],[-123.07751839225,49.27153814157],[-123.07758432514,49.26978407047],[-123.08080402099,49.26982929418],[-123.08743392106,49.27090272641],[-123.09332506039,49.27183099414],[-123.09809730344,49.27261161386],[-123.10018961104,49.27291500127],[-123.10017887592,49.27435422882],[-123.10015279918,49.27494778502],[-123.10012892555,49.2768459391],[-123.09912503128,49.27676586629],[-123.09775802547,49.27676959154],[-123.0971041443,49.27682150468],[-123.09570369136,49.2766369647],[-123.09380409525,49.27658140643],[-123.09377845913,49.27757989308],[-123.09369946785,49.27940598564],[-123.09363445626,49.28135801563],[-123.09172324378,49.2813145544],[-123.08967443746,49.28128022604],[-123.08497193266,49.28117583898],[-123.08124568319,49.281115514],[-123.07943320981,49.2812251885],[-123.07894936819,49.28142014315],[-123.07825727318,49.28146969296],[-123.07710761356,49.28144217419]]]]},"properties":{"a": "1.62653", "q": "02020", "t": "CT", "dw": "2510", "hh": "2303", "id": "9330057.02", "pop": "5084", "rgid": "59", "rpid": "59933", "ruid": "5915022", "rguid": "5915"}},{"type":"Feature","geometry":{"type":"MultiPolygon","coordinates":[[[[-123.07734186356,49.28973029033],[-123.07729836228,49.28708768748],[-123.07722089314,49.28644370025],[-123.07711574501,49.28526035317],[-123.07695327613,49.28459549653],[-123.07701420196,49.28328625209],[-123.07704023864,49.28233274881],[-123.07710761356,49.28144217419],[-123.07825727318,49.28146969296],[-123.07894936819,49.28142014315],[-123.07943320981,49.2812251885],[-123.08124568319,49.281115514],[-123.08497193266,49.28117583898],[-123.08967443746,49.28128022604],[-123.09172324378,49.2813145544],[-123.09363445626,49.28135801563],[-123.0997670157,49.2815057838],[-123.0996745254,49.28334990176],[-123.09985377793,49.28361671765],[-123.09981788737,49.28431602281],[-123.09971890792,49.28460442911],[-123.099706891,49.28499578044],[-123.09943258456,49.28743012991],[-123.09865116371,49.28712025336],[-123.09856748582,49.28654464245],[-123.09834613399,49.28599574918],[-123.09790511268,49.28571671608],[-123.0980036515,49.28651812509],[-123.09752229337,49.28653615049],[-123.09743941662,49.28645519644],[-123.09660067502,49.28651888617],[-123.09671151116,49.28688764567],[-123.09726232714,49.28712145505],[-123.09744202029,49.28758899371],[-123.09933648918,49.28803057581],[-123.09925729762,49.2885260338],[-123.09908894044,49.29002887097],[-123.09706000211,49.28945061633],[-123.09206616689,49.2880881369],[-123.09202795305,49.28972528328],[-123.0897020764,49.28909655754],[-123.08976556584,49.2857962281],[-123.08845828417,49.2855268486],[-123.08838085509,49.28830644444],[-123.08677218883,49.28827215614],[-123.08686259619,49.28493493473],[-123.08561103301,49.28476489518],[-123.08546250377,49.28639310897],[-123.08408744662,49.28638513774],[-123.08427659308,49.28478304074],[-123.08409806157,49.2845769504],[-123.08409802151,49.28489107293],[-123.08368616129,49.28489223457],[-123.08367114013,49.28413665012],[-123.08320292051,49.28417210006],[-123.08316302431,49.28478420238],[-123.08265402724,49.28478420238],[-123.08265522893,49.2851088998],[-123.08199513901,49.28509135509],[-123.08184476717,49.28561317021],[-123.08221709169,49.28623356421],[-123.08228630921,49.28651235697],[-123.08194242475,49.28653046247],[-123.08147536677,49.28715970895],[-123.08052731116,49.28717929654],[-123.08041379124,49.28549636566],[-123.08007074796,49.28551551263],[-123.07997697586,49.28746662132],[-123.07946881998,49.28744983767],[-123.07931676577,49.28737705514],[-123.07872617375,49.287378377],[-123.0787258533,49.28719848357],[-123.07838196884,49.28711772981],[-123.07761236464,49.2874151488],[-123.07751622921,49.28751412824],[-123.07736854115,49.28973605846],[-123.07734186356,49.28973029033]]]]},"properties":{"a": "1.12654", "q": "02020", "t": "CT", "dw": "2734", "hh": "2370", "id": "9330058.00", "pop": "3734", "rgid": "59", "rpid": "59933", "ruid": "5915022", "rguid": "5915"}},{"type":"Feature","geometry":{"type":"MultiPolygon","coordinates":[[[[-123.13241328715,49.27712308954],[-123.13125377365,49.27638300693],[-123.13042568706,49.27581849165],[-123.13007387143,49.275605792],[-123.12930350615,49.2750694364],[-123.1284224249,49.27455350957],[-123.12690540776,49.27357384944],[-123.1261395288,49.27324827077],[-123.12556039292,49.27317140248],[-123.12537441092,49.27367591323],[-123.12508736653,49.27406157654],[-123.12309844458,49.2753575623],[-123.12166718825,49.27631234739],[-123.12147880286,49.27639374205],[-123.12095442412,49.27680720453],[-123.11990045932,49.27746581237],[-123.11879886741,49.27674736022],[-123.11655446554,49.27531037583],[-123.11592101315,49.27487027582],[-123.11448879547,49.27382824783],[-123.11452420535,49.2728513516],[-123.11505034657,49.27271279641],[-123.11562415494,49.27268407594],[-123.11621662961,49.27275060968],[-123.11680561936,49.27314712828],[-123.11766142501,49.27313863632],[-123.11797498675,49.27297889127],[-123.11795704147,49.27287338264],[-123.11824144212,49.27275113041],[-123.11874054525,49.27269292842],[-123.1189031343,49.27277692675],[-123.11930405912,49.27278674058],[-123.11939186281,49.27263304405],[-123.1191992715,49.27181252812],[-123.11945294887,49.27175725025],[-123.11951303352,49.27127721398],[-123.12002904046,49.27104128161],[-123.12048572383,49.27109832196],[-123.12097425206,49.27084957153],[-123.12149454504,49.27089062937],[-123.1220621046,49.27131302443],[-123.1223691772,49.27116633778],[-123.12270432936,49.27142762588],[-123.12337303141,49.27186335973],[-123.12467774947,49.27188198598],[-123.12563205388,49.2713075367],[-123.12532886675,49.27102898428],[-123.12523213047,49.27080422765],[-123.12530166844,49.27072070999],[-123.12564835685,49.27063274607],[-123.12637201633,49.27070300505],[-123.12692359338,49.270688064],[-123.12767985879,49.27079817913],[-123.12813530041,49.27104168217],[-123.12825226518,49.27135167889],[-123.12930430728,49.27201409208],[-123.13017809826,49.27150833959],[-123.13044014743,49.27148775058],[-123.13058495143,49.27165378449],[-123.13040029128,49.2718899572],[-123.13178111656,49.27292874062],[-123.13254879806,49.2734910528],[-123.1328365234,49.27349770217],[-123.13268511009,49.27359059303],[-123.13305102559,49.273858891],[-123.13321133142,49.27403738246],[-123.13326945331,49.27440185592],[-123.13359955835,49.27458094822],[-123.13397092152,49.27441050811],[-123.13476956664,49.27493104143],[-123.13560983038,49.27596293514],[-123.13398990827,49.27649688736],[-123.13241328715,49.27712308954]]],[[[-123.13161484232,49.27075852326],[-123.13223651812,49.27130829777],[-123.13167977379,49.27100398907],[-123.13161484232,49.27075852326]]],[[[-123.13048116522,49.26971957962],[-123.13066882959,49.26972875254],[-123.13066214017,49.26991617658],[-123.13097854592,49.27019593069],[-123.13074169224,49.27002360793],[-123.13048116522,49.26971957962]]]]},"properties":{"a": "0.56031", "q": "01010", "t": "CT", "dw": "6441", "hh": "5446", "id": "9330059.03", "pop": "10571", "rgid": "59", "rpid": "59933", "ruid": "5915022", "rguid": "5915"}},{"type":"Feature","geometry":{"type":"MultiPolygon","coordinates":[[[[-123.11990045932,49.27746581237],[-123.12095442412,49.27680720453],[-123.12147880286,49.27639374205],[-123.12166718825,49.27631234739],[-123.12309844458,49.2753575623],[-123.12508736653,49.27406157654],[-123.12537441092,49.27367591323],[-123.12556039292,49.27317140248],[-123.1261395288,49.27324827077],[-123.12690540776,49.27357384944],[-123.1284224249,49.27455350957],[-123.12930350615,49.2750694364],[-123.13007387143,49.275605792],[-123.13042568706,49.27581849165],[-123.13125377365,49.27638300693],[-123.13241328715,49.27712308954],[-123.13076127984,49.27815778721],[-123.12910186208,49.27931433653],[-123.12866007971,49.27962421308],[-123.12800623859,49.28001788768],[-123.12595923481,49.28137163481],[-123.12481622456,49.28064537167],[-123.12379546653,49.2799675768],[-123.12317915829,49.27958656003],[-123.11990045932,49.27746581237]]]]},"properties":{"a": "0.41412", "q": "02020", "t": "CT", "dw": "6771", "hh": "5996", "id": "9330059.04", "pop": "9096", "rgid": "59", "rpid": "59933", "ruid": "5915022", "rguid": "5915"}},{"type":"Feature","geometry":{"type":"MultiPolygon","coordinates":[[[[-123.11527314044,49.28841271416],[-123.11446756556,49.28822108419],[-123.11426119483,49.28842749498],[-123.11075817984,49.28977186891],[-123.10888626272,49.28914370396],[-123.11277426006,49.28767323239],[-123.11144026075,49.2873245011],[-123.11047774477,49.28738843116],[-123.11022983552,49.28733427487],[-123.109735419,49.28747006617],[-123.10963868272,49.28730819813],[-123.1092402414,49.28740757814],[-123.10914290427,49.28723585622],[-123.1094314708,49.28711869116],[-123.10930789671,49.28692173369],[-123.10980227318,49.28679483492],[-123.10956774278,49.28656979789],[-123.10908630454,49.28653426784],[-123.10806394426,49.28694248292],[-123.10871137635,49.28473601449],[-123.10888910673,49.28435523806],[-123.11093891446,49.28470693352],[-123.11113126544,49.28463262884],[-123.1118999884,49.28410328311],[-123.11273616639,49.28361595657],[-123.11294361865,49.28344563663],[-123.11196584118,49.28278991286],[-123.11104334157,49.28220609038],[-123.1102913622,49.28170434353],[-123.11010698245,49.28161337537],[-123.10888886639,49.28137628136],[-123.10855259266,49.28128202858],[-123.10756215735,49.28113898706],[-123.10611800285,49.28083471842],[-123.10644602496,49.27975519761],[-123.10448045591,49.27946635069],[-123.10429599604,49.27940558508],[-123.10223124726,49.27930532383],[-123.10218674457,49.279135084],[-123.10218614372,49.27749833819],[-123.10230170652,49.27715894005],[-123.10012892555,49.2768459391],[-123.10015279918,49.27494778502],[-123.10017887592,49.27435422882],[-123.10018961104,49.27291500127],[-123.10172974075,49.27312958357],[-123.10209365342,49.27308748426],[-123.10245187808,49.27288475866],[-123.10297978178,49.27291624302],[-123.10291264721,49.27326393284],[-123.10314577563,49.27328984935],[-123.10354489791,49.27320040334],[-123.10377818656,49.27306497254],[-123.10417674805,49.27306461204],[-123.1046037496,49.2733343921],[-123.10444003897,49.27395522672],[-123.10420691054,49.27415330577],[-123.10378058995,49.27422540734],[-123.10378359418,49.2755749085],[-123.10427853144,49.27557446787],[-123.10467689264,49.2757620922],[-123.10700040596,49.27578696724],[-123.10847071731,49.27509387082],[-123.10849691422,49.27478743912],[-123.10873092388,49.27465288957],[-123.10886703564,49.27440898597],[-123.11022835344,49.27452462888],[-123.11035124656,49.27412875118],[-123.11132638032,49.27368716908],[-123.11165648536,49.27371396684],[-123.11184831561,49.27353359273],[-123.11222015945,49.27348015745],[-123.11232895272,49.27328123721],[-123.11399245623,49.2729927508],[-123.11452420535,49.2728513516],[-123.11448879547,49.27382824783],[-123.11592101315,49.27487027582],[-123.11655446554,49.27531037583],[-123.11879886741,49.27674736022],[-123.11990045932,49.27746581237],[-123.12317915829,49.27958656003],[-123.12379546653,49.2799675768],[-123.12481622456,49.28064537167],[-123.12595923481,49.28137163481],[-123.12491660597,49.28205708046],[-123.12380067387,49.28281358621],[-123.12286263237,49.28342160277],[-123.12195679625,49.28404736433],[-123.12175350986,49.2841502693],[-123.12116556157,49.28457062149],[-123.11931615616,49.28573498182],[-123.11777133985,49.28681362138],[-123.11695907555,49.2871750105],[-123.11672254233,49.28730687627],[-123.11556703447,49.28812050249],[-123.11556803588,49.28835835758],[-123.11527314044,49.28841271416]]]]},"properties":{"a": "1.64853", "q": "02020", "t": "CT", "dw": "6674", "hh": "5712", "id": "9330059.05", "pop": "10726", "rgid": "59", "rpid": "59933", "ruid": "5915022", "rguid": "5915"}},{"type":"Feature","geometry":{"type":"MultiPolygon","coordinates":[[[[-123.09943258456,49.28743012991],[-123.099706891,49.28499578044],[-123.09971890792,49.28460442911],[-123.09981788737,49.28431602281],[-123.09985377793,49.28361671765],[-123.0996745254,49.28334990176],[-123.0997670157,49.2815057838],[-123.09996733791,49.27857321245],[-123.10012892555,49.2768459391],[-123.10230170652,49.27715894005],[-123.10218614372,49.27749833819],[-123.10218674457,49.279135084],[-123.10223124726,49.27930532383],[-123.10429599604,49.27940558508],[-123.10448045591,49.27946635069],[-123.10644602496,49.27975519761],[-123.10611800285,49.28083471842],[-123.10756215735,49.28113898706],[-123.10855259266,49.28128202858],[-123.10888886639,49.28137628136],[-123.11010698245,49.28161337537],[-123.1102913622,49.28170434353],[-123.11104334157,49.28220609038],[-123.11196584118,49.28278991286],[-123.11294361865,49.28344563663],[-123.11273616639,49.28361595657],[-123.1118999884,49.28410328311],[-123.11113126544,49.28463262884],[-123.11093891446,49.28470693352],[-123.10888910673,49.28435523806],[-123.10871137635,49.28473601449],[-123.10806394426,49.28694248292],[-123.10800161645,49.28696799887],[-123.10397113839,49.28627902826],[-123.10373744917,49.28658445854],[-123.10340798503,49.2865764072],[-123.10309153923,49.28650470619],[-123.10291184608,49.28602811478],[-123.10263629789,49.28579446562],[-123.10203116539,49.28577700101],[-123.09983066537,49.28594896327],[-123.10001023835,49.28629060457],[-123.09993048599,49.28738887179],[-123.09960074145,49.28749726449],[-123.09943258456,49.28743012991]]],[[[-123.09933648918,49.28803057581],[-123.09978067494,49.28827904585],[-123.09935823982,49.29010561909],[-123.09908894044,49.29002887097],[-123.09925729762,49.2885260338],[-123.09933648918,49.28803057581]]]]},"properties":{"a": "0.59059", "q": "02020", "t": "CT", "dw": "5027", "hh": "4449", "id": "9330059.06", "pop": "6205", "rgid": "59", "rpid": "59933", "ruid": "5915022", "rguid": "5915"}},{"type":"Feature","geometry":{"type":"MultiPolygon","coordinates":[[[[-123.13315212802,49.28190394472],[-123.13429129285,49.28115601105],[-123.13489946964,49.28077819879],[-123.13640491048,49.27975924331],[-123.13691274591,49.27944383897],[-123.13812821824,49.27901154997],[-123.13841109676,49.27934317716],[-123.13922416219,49.27999886088],[-123.13973452117,49.28058280352],[-123.14049427149,49.28109115969],[-123.13933896392,49.28170770827],[-123.13832205131,49.2823429632],[-123.137252825,49.28305953269],[-123.13666547756,49.28347952437],[-123.13614109882,49.28381639895],[-123.13315212802,49.28190394472]]]]},"properties":{"a": "0.13821", "q": "01010", "t": "CT", "dw": "2184", "hh": "2030", "id": "9330060.01", "pop": "3047", "rgid": "59", "rpid": "59933", "ruid": "5915022", "rguid": "5915"}},{"type":"Feature","geometry":{"type":"MultiPolygon","coordinates":[[[[-123.12910186208,49.27931433653],[-123.13076127984,49.27815778721],[-123.13241328715,49.27712308954],[-123.13398990827,49.27649688736],[-123.13560983038,49.27596293514],[-123.13638323995,49.27690786634],[-123.13620474849,49.27696202264],[-123.13620530928,49.27720484472],[-123.1364262205,49.27751940787],[-123.13712865007,49.27797737304],[-123.13748715512,49.27835474468],[-123.13777692334,49.27872318373],[-123.13812821824,49.27901154997],[-123.13691274591,49.27944383897],[-123.13640491048,49.27975924331],[-123.13489946964,49.28077819879],[-123.13429129285,49.28115601105],[-123.13315212802,49.28190394472],[-123.13212560187,49.281268129],[-123.12910186208,49.27931433653]]]]},"properties":{"a": "0.21914", "q": "01010", "t": "CT", "dw": "3959", "hh": "3731", "id": "9330060.02", "pop": "5633", "rgid": "59", "rpid": "59933", "ruid": "5915022", "rguid": "5915"}},{"type":"Feature","geometry":{"type":"MultiPolygon","coordinates":[[[[-123.14169255962,49.28735386247],[-123.14118612617,49.28705059523],[-123.14005317008,49.28629440993],[-123.13855169483,49.28535176194],[-123.13614109882,49.28381639895],[-123.13666547756,49.28347952437],[-123.137252825,49.28305953269],[-123.13832205131,49.2823429632],[-123.13933896392,49.28170770827],[-123.14049427149,49.28109115969],[-123.14130485343,49.28163340359],[-123.14228487406,49.28294553209],[-123.14256142366,49.28347583918],[-123.14281001387,49.28382633295],[-123.14315461934,49.28411377789],[-123.14387587543,49.28429086737],[-123.14393916459,49.28438267671],[-123.14330763491,49.28472519925],[-123.14319792034,49.28482433892],[-123.14313158689,49.28566103765],[-123.14282575604,49.28724835383],[-123.14217291634,49.28703837802],[-123.14169255962,49.28735386247]]]]},"properties":{"a": "0.19921", "q": "01010", "t": "CT", "dw": "3504", "hh": "3288", "id": "9330061.00", "pop": "4787", "rgid": "59", "rpid": "59933", "ruid": "5915022", "rguid": "5915"}},{"type":"Feature","geometry":{"type":"MultiPolygon","coordinates":[[[[-123.13842571735,49.28947168602],[-123.14060831215,49.28805681277],[-123.14106523586,49.28778254639],[-123.14169255962,49.28735386247],[-123.14217291634,49.28703837802],[-123.14282575604,49.28724835383],[-123.14276575151,49.28755943207],[-123.14282219102,49.28806306157],[-123.14305712199,49.28844051332],[-123.14334644959,49.28863811169],[-123.14384198769,49.28880835152],[-123.14396636291,49.28902409546],[-123.14429710886,49.28926659709],[-123.14517794977,49.28947240703],[-123.14577058467,49.28993041226],[-123.14616978705,49.290055869],[-123.14654884106,49.29006520215],[-123.14575616435,49.29045435037],[-123.14498187354,49.29099210796],[-123.14472591295,49.29149978316],[-123.14412033983,49.29202039659],[-123.14362015518,49.29216207619],[-123.14306293017,49.29250283624],[-123.14275862147,49.29229446269],[-123.13998251053,49.29049528805],[-123.13976836886,49.29039819126],[-123.13842571735,49.28947168602]]]]},"properties":{"a": "0.1623", "q": "02010", "t": "CT", "dw": "2476", "hh": "2249", "id": "9330062.00", "pop": "3262", "rgid": "59", "rpid": "59933", "ruid": "5915022", "rguid": "5915"}},{"type":"Feature","geometry":{"type":"MultiPolygon","coordinates":[[[[-123.13304842192,49.28588395168],[-123.13464050482,49.28481055951],[-123.13508412979,49.28446531313],[-123.13614109882,49.28381639895],[-123.13855169483,49.28535176194],[-123.14005317008,49.28629440993],[-123.14118612617,49.28705059523],[-123.14169255962,49.28735386247],[-123.14106523586,49.28778254639],[-123.14060831215,49.28805681277],[-123.13842571735,49.28947168602],[-123.13696505961,49.28840294039],[-123.13412734188,49.28658934543],[-123.13304842192,49.28588395168]]]]},"properties":{"a": "0.18298", "q": "02010", "t": "CT", "dw": "2389", "hh": "2238", "id": "9330063.00", "pop": "3574", "rgid": "59", "rpid": "59933", "ruid": "5915022", "rguid": "5915"}},{"type":"Feature","geometry":{"type":"MultiPolygon","coordinates":[[[[-123.12595923481,49.28137163481],[-123.12800623859,49.28001788768],[-123.12866007971,49.27962421308],[-123.12910186208,49.27931433653],[-123.13212560187,49.281268129],[-123.13315212802,49.28190394472],[-123.13614109882,49.28381639895],[-123.13508412979,49.28446531313],[-123.13464050482,49.28481055951],[-123.13304842192,49.28588395168],[-123.13005011797,49.28395835894],[-123.1278060766,49.28250358949],[-123.12595923481,49.28137163481]]]]},"properties":{"a": "0.2299", "q": "01010", "t": "CT", "dw": "3183", "hh": "3001", "id": "9330064.00", "pop": "4614", "rgid": "59", "rpid": "59933", "ruid": "5915022", "rguid": "5915"}},{"type":"Feature","geometry":{"type":"MultiPolygon","coordinates":[[[[-123.12286263237,49.28342160277],[-123.12380067387,49.28281358621],[-123.12491660597,49.28205708046],[-123.12595923481,49.28137163481],[-123.1278060766,49.28250358949],[-123.13005011797,49.28395835894],[-123.13304842192,49.28588395168],[-123.13274022774,49.28607209674],[-123.13085653403,49.2873036317],[-123.13025368475,49.28767507498],[-123.12986173257,49.2879772607],[-123.12776125346,49.28659303062],[-123.12686539138,49.2860397712],[-123.12465567838,49.28460659216],[-123.12286263237,49.28342160277]]]]},"properties":{"a": "0.23386", "q": "02020", "t": "CT", "dw": "4577", "hh": "4145", "id": "9330065.00", "pop": "6610", "rgid": "59", "rpid": "59933", "ruid": "5915022", "rguid": "5915"}},{"type":"Feature","geometry":{"type":"MultiPolygon","coordinates":[[[[-123.11527314044,49.28841271416],[-123.11556803588,49.28835835758],[-123.11556703447,49.28812050249],[-123.11672254233,49.28730687627],[-123.11695907555,49.2871750105],[-123.11777133985,49.28681362138],[-123.11931615616,49.28573498182],[-123.12116556157,49.28457062149],[-123.12175350986,49.2841502693],[-123.12195679625,49.28404736433],[-123.12286263237,49.28342160277],[-123.12465567838,49.28460659216],[-123.12686539138,49.2860397712],[-123.12776125346,49.28659303062],[-123.12986173257,49.2879772607],[-123.12892305017,49.28862092748],[-123.12873654743,49.28871113456],[-123.12808434863,49.28915055361],[-123.12737759296,49.28966487818],[-123.12693072342,49.29015356664],[-123.12684332029,49.2905905823],[-123.1266041834,49.29095341345],[-123.12624527778,49.29082623428],[-123.12533026873,49.29065158824],[-123.12474740761,49.29069901505],[-123.12403424291,49.29110530743],[-123.12347269181,49.2916535598],[-123.12352796969,49.29177288791],[-123.12326403786,49.29172662273],[-123.12252615835,49.29141189935],[-123.12143990806,49.2908958123],[-123.12079239586,49.29062242716],[-123.11914014821,49.29001893697],[-123.11784424256,49.28981633155],[-123.11697674044,49.28986127486],[-123.11671693443,49.28964725335],[-123.11610799657,49.28988727148],[-123.11583032539,49.28965137916],[-123.11507994827,49.28994294992],[-123.11481313239,49.28970313207],[-123.11417250989,49.28983539841],[-123.11423635984,49.28958788972],[-123.11435969359,49.28947060449],[-123.11567899219,49.28895688077],[-123.1159540597,49.28880422571],[-123.11584302328,49.28865052918],[-123.11527314044,49.28841271416]]]]},"properties":{"a": "0.52254", "q": "02020", "t": "CT", "dw": "4545", "hh": "3514", "id": "9330066.00", "pop": "6772", "rgid": "59", "rpid": "59933", "ruid": "5915022", "rguid": "5915"}},{"type":"Feature","geometry":{"type":"MultiPolygon","coordinates":[[[[-123.1266041834,49.29095341345],[-123.12684332029,49.2905905823],[-123.12693072342,49.29015356664],[-123.12737759296,49.28966487818],[-123.12808434863,49.28915055361],[-123.12873654743,49.28871113456],[-123.12892305017,49.28862092748],[-123.12986173257,49.2879772607],[-123.13025368475,49.28767507498],[-123.13085653403,49.2873036317],[-123.13274022774,49.28607209674],[-123.13304842192,49.28588395168],[-123.13412734188,49.28658934543],[-123.13696505961,49.28840294039],[-123.13842571735,49.28947168602],[-123.13739614691,49.29014755817],[-123.13539208363,49.2915171276],[-123.13481390911,49.29192682477],[-123.13365111098,49.29268809724],[-123.1323761949,49.29360791305],[-123.13181179979,49.29327115864],[-123.13159381269,49.29326358798],[-123.13072486854,49.29287524088],[-123.13054153026,49.29286350435],[-123.1296037291,49.29362894268],[-123.12953234854,49.29352451557],[-123.12862623202,49.29305621583],[-123.12768754962,49.29273788738],[-123.12753409344,49.29293027842],[-123.12721688656,49.29281892154],[-123.12738924938,49.2926841717],[-123.12829640737,49.29155273776],[-123.1266041834,49.29095341345]]]]},"properties":{"a": "0.40814", "q": "02020", "t": "CT", "dw": "5542", "hh": "4895", "id": "9330067.00", "pop": "8230", "rgid": "59", "rpid": "59933", "ruid": "5915022", "rguid": "5915"}},{"type":"Feature","geometry":{"type":"MultiPolygon","coordinates":[[[[-123.1323761949,49.29360791305],[-123.13365111098,49.29268809724],[-123.13481390911,49.29192682477],[-123.13539208363,49.2915171276],[-123.13739614691,49.29014755817],[-123.13842571735,49.28947168602],[-123.13976836886,49.29039819126],[-123.13998251053,49.29049528805],[-123.14275862147,49.29229446269],[-123.14306293017,49.29250283624],[-123.14362015518,49.29216207619],[-123.14412033983,49.29202039659],[-123.14472591295,49.29149978316],[-123.14498187354,49.29099210796],[-123.14575616435,49.29045435037],[-123.14654884106,49.29006520215],[-123.14685779631,49.29007345377],[-123.14731291747,49.29062114535],[-123.14933921208,49.29208512778],[-123.14962878002,49.29233664211],[-123.14983591182,49.29266899032],[-123.14989151015,49.29302817633],[-123.14986835753,49.29425234091],[-123.15004877169,49.29480075351],[-123.15020082591,49.295052388],[-123.15119266319,49.29558185391],[-123.15141217243,49.29563468834],[-123.15177051726,49.29560809087],[-123.15218133601,49.29526484731],[-123.15254004135,49.29540019799],[-123.15289850635,49.29567859019],[-123.15332831185,49.29682031863],[-123.15359068147,49.29713484173],[-123.15429367183,49.2976376701],[-123.15483038795,49.29772687577],[-123.15588879902,49.29751854228],[-123.15671304019,49.2974536108],[-123.15701658782,49.29751702013],[-123.15734733377,49.297696513],[-123.15752670647,49.29788517879],[-123.15791317091,49.29849555868],[-123.15809386547,49.29889183695],[-123.15835831803,49.2998719377],[-123.15840189943,49.30069017041],[-123.15859489131,49.30095914934],[-123.1586655108,49.30130175199],[-123.15844604161,49.30149995121],[-123.15752562494,49.30187003257],[-123.15674292229,49.30230284231],[-123.15645491655,49.30260879333],[-123.15630470494,49.30289715957],[-123.15631059323,49.30476811534],[-123.15598657676,49.30672050583],[-123.1559204436,49.3075391391],[-123.15587954598,49.30768314197],[-123.15592252653,49.30819578417],[-123.15608759908,49.30836578367],[-123.15603360301,49.30854643817],[-123.1558413722,49.30864565795],[-123.15519486141,49.30866448447],[-123.15471382373,49.30883608622],[-123.15432888143,49.3091146787],[-123.15395912052,49.30945776202],[-123.15309354111,49.31004266603],[-123.1526963816,49.31046662329],[-123.15257380892,49.3108267306],[-123.15257497056,49.31116861224],[-123.15213643275,49.31173593147],[-123.15150494312,49.31220443148],[-123.15128455264,49.31232079541],[-123.15044597126,49.31259177717],[-123.14940162,49.31274695578],[-123.14648627291,49.313263163],[-123.14596377683,49.31333602565],[-123.14515279433,49.3135798892],[-123.14446526576,49.3137246932],[-123.14291127652,49.31398750344],[-123.14168687161,49.3141055898],[-123.1413707062,49.31410631081],[-123.14077767074,49.31358529682],[-123.14040538627,49.31334291536],[-123.13986782897,49.31319891249],[-123.13937160991,49.31289364243],[-123.13883385233,49.312220414],[-123.13865363844,49.31194118062],[-123.13661256302,49.30999223498],[-123.13632199367,49.30947947261],[-123.13567319966,49.30859009968],[-123.13542416883,49.30807769782],[-123.13531145003,49.30719593561],[-123.13506310016,49.30699809689],[-123.13460878012,49.3068368297],[-123.13341101273,49.30635294802],[-123.13229423944,49.30570571621],[-123.13205982921,49.30537344812],[-123.13181127906,49.30513054592],[-123.13170028269,49.30476186654],[-123.13113496628,49.30400788434],[-123.13066602564,49.30353161338],[-123.13026558151,49.30322530185],[-123.12961895054,49.30300182702],[-123.12902683639,49.30295692377],[-123.12883404478,49.3028851827],[-123.12725249673,49.30273485091],[-123.12670244182,49.30278944783],[-123.12628970036,49.30276293047],[-123.12597301422,49.3026373135],[-123.12466348938,49.30153235686],[-123.1240017972,49.30117261006],[-123.12357555673,49.30102980888],[-123.12281820979,49.30070675377],[-123.12100108986,49.30009701478],[-123.12009277024,49.29990902995],[-123.11972132696,49.29986444714],[-123.11901977863,49.29986508805],[-123.11848346308,49.29999134592],[-123.11818159782,49.30029757733],[-123.11790749166,49.30068464262],[-123.11753676939,49.30090114763],[-123.11723406295,49.30094617105],[-123.11679348227,49.30091921308],[-123.11640793912,49.30061406319],[-123.11631080227,49.30046072717],[-123.11635198029,49.30010178149],[-123.11644783533,49.29991279525],[-123.11670667998,49.29910217327],[-123.11698034552,49.29854406702],[-123.11722769397,49.29825658201],[-123.11748898207,49.29812171201],[-123.11791458165,49.29804860902],[-123.11902847088,49.29804724711],[-123.11971668041,49.29794846795],[-123.12003260548,49.29798355738],[-123.12076295438,49.29835219671],[-123.12110615788,49.29837791294],[-123.12161543534,49.298225338],[-123.12237053912,49.29768485658],[-123.12270036377,49.29758555668],[-123.12319498058,49.2976111928],[-123.12348402778,49.2974318201],[-123.12355320524,49.29758467544],[-123.12377339544,49.29765641651],[-123.12377339544,49.29775491527],[-123.12399394614,49.29784504224],[-123.12465375567,49.2978706383],[-123.12506673747,49.29782589527],[-123.12601427234,49.29741059019],[-123.12642669335,49.29716776811],[-123.12682449377,49.29681631299],[-123.12720831449,49.29627643241],[-123.12757863619,49.2961221751],[-123.1281153523,49.29608616437],[-123.12852821394,49.29622944622],[-123.12899671395,49.29657973971],[-123.12935594002,49.29716400281],[-123.12960424983,49.29747856596],[-123.12997625391,49.2977030422],[-123.13025132142,49.29772971978],[-123.13073259943,49.297648245],[-123.1313095322,49.29737770387],[-123.13173505167,49.29707135228],[-123.13231222478,49.29688188537],[-123.13290361792,49.2968630989],[-123.13359154706,49.29692530654],[-123.1341140832,49.29692470569],[-123.13447142662,49.29683441849],[-123.13524034987,49.29634773286],[-123.13545925826,49.29578129487],[-123.1354996752,49.29546637122],[-123.13536180097,49.29534063408],[-123.13490772127,49.29536779234],[-123.13452305936,49.29544053482],[-123.13426145081,49.29542262959],[-123.13347638483,49.29492905425],[-123.13345070865,49.29444449161],[-123.13275000151,49.29396834082],[-123.1323761949,49.29360791305]]],[[[-123.12120974381,49.29561674306],[-123.12160734394,49.29508563484],[-123.12173047741,49.29486047764],[-123.12232114954,49.29457203129],[-123.12273308987,49.29429275785],[-123.12346175641,49.2941660193],[-123.12398441271,49.29419253666],[-123.12424606132,49.29431815363],[-123.12424666217,49.29457006852],[-123.12376546426,49.29461553257],[-123.12364189017,49.29473261752],[-123.12361501231,49.29500243763],[-123.12379574692,49.29579379248],[-123.12372881263,49.29648648834],[-123.12378517203,49.29699925071],[-123.12353774345,49.29710740307],[-123.12339986922,49.29696364054],[-123.12326163448,49.29664903733],[-123.12304120394,49.29650531486],[-123.12243603138,49.29647891767],[-123.1219537119,49.29613759683],[-123.12143093542,49.2960932143],[-123.12121054494,49.29594055924],[-123.12120974381,49.29561674306]]]]},"properties":{"a": "4.20222", "q": "02010", "t": "CT", "dw": "3530", "hh": "3286", "id": "9330068.00", "pop": "4846", "rgid": "59", "rpid": "59933", "ruid": "5915022", "rguid": "5915"}},{"type":"Feature","geometry":{"type":"MultiPolygon","coordinates":[[[[-123.22399951211,49.2777874655],[-123.22406668675,49.27735697904],[-123.22427738357,49.27651763659],[-123.22372296251,49.27482665437],[-123.22374775745,49.27283532903],[-123.22207632276,49.27103222885],[-123.22142232142,49.27051349807],[-123.22155787238,49.26871760806],[-123.219580006,49.26887282673],[-123.21949865138,49.26844514422],[-123.21943588296,49.26737095091],[-123.21513386235,49.26745098366],[-123.21519999552,49.26572351003],[-123.21528964181,49.26403889678],[-123.21530750698,49.26315100593],[-123.21551171466,49.25953451108],[-123.21555777956,49.25847842329],[-123.21227203066,49.25843279901],[-123.20927200428,49.25842194372],[-123.20323397802,49.25833686386],[-123.20326438085,49.25765426222],[-123.20314529308,49.25693544957],[-123.20302588486,49.25664800463],[-123.20112989382,49.25674093555],[-123.1981676006,49.25670969153],[-123.19672580943,49.2566359877],[-123.19669364412,49.25558646916],[-123.19656277976,49.2548068909],[-123.19650670075,49.25393602404],[-123.19658521136,49.25301660879],[-123.19683640524,49.25204207588],[-123.19682378746,49.25032401551],[-123.19874473365,49.25020208373],[-123.1994859779,49.25021374016],[-123.20080423504,49.25016919741],[-123.20135597232,49.25009613448],[-123.20408253345,49.2492211418],[-123.20536137506,49.2492725342],[-123.20305500589,49.2482681192],[-123.20116902896,49.24737181651],[-123.19893227786,49.24626249371],[-123.19680884641,49.24621895237],[-123.19684621906,49.24525635629],[-123.19686240186,49.2424229246],[-123.19685847633,49.24143341059],[-123.19689616943,49.24052481057],[-123.19690213784,49.2385728607],[-123.19841394765,49.23853248382],[-123.19849233808,49.23645011021],[-123.19693478383,49.23644990993],[-123.19694539879,49.23562234407],[-123.19698845945,49.23492115625],[-123.19964331956,49.23559734886],[-123.20564040815,49.23728112092],[-123.20767936059,49.23584205359],[-123.20869419026,49.23508290412],[-123.20952596205,49.23547129127],[-123.21992036549,49.23931995319],[-123.22108532666,49.23756095515],[-123.22138591012,49.23720353162],[-123.22272535711,49.23777930275],[-123.22315219843,49.23798539309],[-123.22370333486,49.23835319124],[-123.22450206009,49.23879236994],[-123.22558939191,49.23923102792],[-123.22634669879,49.23961633072],[-123.2269799509,49.23989396185],[-123.22788799013,49.24018897746],[-123.22868579406,49.24039438684],[-123.22945639967,49.24067161739],[-123.23057133037,49.24112822065],[-123.23150772955,49.24159407694],[-123.23223727732,49.24190743839],[-123.23287016893,49.24209514283],[-123.23335192762,49.24227399479],[-123.23428848703,49.24278487451],[-123.23505969349,49.24317005715],[-123.23599721425,49.2438608303],[-123.23658944858,49.24415636664],[-123.23742903137,49.24447850046],[-123.23847602636,49.24505206849],[-123.23955013955,49.24555353495],[-123.24021099054,49.2458310459],[-123.24087212193,49.24615354022],[-123.24150529393,49.24640401308],[-123.2429365102,49.24685981521],[-123.24303292603,49.24691357094],[-123.24418911485,49.24732491043],[-123.24491878279,49.24762016638],[-123.24600615466,49.24798668272],[-123.24694211322,49.24833549412],[-123.24813927977,49.2487324934],[-123.24851148412,49.24890786046],[-123.24928353177,49.24940992776],[-123.24965637702,49.24979595158],[-123.24928885927,49.25000228226],[-123.25001680479,49.25040681215],[-123.25111883731,49.25095314181],[-123.25190350273,49.25124827759],[-123.25239960163,49.25150804355],[-123.25266197125,49.25175931754],[-123.2532160318,49.25262169243],[-123.25352026039,49.25300783643],[-123.25357930357,49.25380824403],[-123.25412054606,49.25483256707],[-123.25519702258,49.25572069826],[-123.25620652475,49.25695079119],[-123.25717585032,49.25835192508],[-123.25730086644,49.25860351952],[-123.25804872,49.25970823582],[-123.25835250797,49.25996840234],[-123.25962157581,49.26085613296],[-123.26067065373,49.26172623875],[-123.26166373276,49.26238965335],[-123.26195410183,49.262703856],[-123.26221775326,49.26318897943],[-123.26234413129,49.26368347607],[-123.26266201913,49.26400653118],[-123.26384817016,49.26478646995],[-123.2641935367,49.26510944495],[-123.26437411109,49.26547780388],[-123.26441941491,49.26624232092],[-123.26431142278,49.26660242823],[-123.26379149031,49.26705326336],[-123.26336873474,49.26768399192],[-123.26277169364,49.26914256673],[-123.26244483316,49.26971901883],[-123.26226922577,49.27029507036],[-123.26201010072,49.27070044144],[-123.26173635507,49.27092595914],[-123.2613522139,49.27107973578],[-123.26047353603,49.27127961737],[-123.26018549024,49.27139722305],[-123.25939081071,49.27190269515],[-123.2583075246,49.2724268736],[-123.25773231425,49.27283288558],[-123.25729517842,49.27336467476],[-123.25686985924,49.27354544943],[-123.25672032859,49.27386069354],[-123.25577387524,49.27427647929],[-123.25511514724,49.27449386554],[-123.25422377148,49.27492763663],[-123.25381271239,49.27519837805],[-123.25295025738,49.27592888717],[-123.25156706877,49.27695737609],[-123.25070313167,49.27740893223],[-123.24942893661,49.27827527272],[-123.24868869377,49.27871765594],[-123.24801642669,49.27899793079],[-123.24738481689,49.27917021349],[-123.24444487516,49.27963518854],[-123.24362083426,49.27981688451],[-123.24147605274,49.27983935617],[-123.24099409376,49.27967840943],[-123.24014073156,49.27949130584],[-123.23780231725,49.27928024851],[-123.23705943068,49.27919184397],[-123.23527063065,49.27888064556],[-123.23484459046,49.27891753753],[-123.23426849887,49.27919753198],[-123.233870378,49.27933320311],[-123.23319674901,49.27934357773],[-123.2314912263,49.27919412718],[-123.22769451757,49.27878783481],[-123.22728161588,49.27868068385],[-123.22666058098,49.2781692834],[-123.22602716864,49.27796363369],[-123.22432160587,49.27778702488],[-123.22399951211,49.2777874655]]]]},"properties":{"a": "14.3318", "q": "02020", "t": "CT", "dw": "5672", "hh": "4409", "id": "9330069.00", "pop": "10831", "rgid": "59", "rpid": "59933", "ruid": "5915020", "rguid": "5915"}},{"type":"Feature","geometry":{"type":"MultiPolygon","coordinates":[[[[-123.05457434912,49.32087176185],[-123.05462602191,49.31781337325],[-123.05462361853,49.31569050259],[-123.05466263349,49.31363056059],[-123.06004229225,49.31369993832],[-123.06304171779,49.3137253341],[-123.0658759506,49.3137237719],[-123.06725293046,49.31447507031],[-123.07041818962,49.31564579962],[-123.07022551819,49.31580866906],[-123.06944345644,49.31659109133],[-123.06930638333,49.316959971],[-123.06932164483,49.31797644298],[-123.06921453393,49.32010828628],[-123.06924341462,49.32110677293],[-123.06918981912,49.32210525958],[-123.06287336061,49.32201889792],[-123.05746526178,49.32196774586],[-123.05654344314,49.32196822653],[-123.05457551075,49.3219331371],[-123.05457434912,49.32087176185]]]]},"properties":{"a": "0.97", "q": "01010", "t": "CT", "dw": "1530", "hh": "1425", "id": "9330100.01", "pop": "3654", "rgid": "59", "rpid": "59933", "ruid": "5915051", "rguid": "5915"}},{"type":"Feature","geometry":{"type":"MultiPolygon","coordinates":[[[[-123.05466263349,49.31363056059],[-123.05419485449,49.31362186834],[-123.04961319994,49.31358794054],[-123.04878775707,49.31359723364],[-123.04588466725,49.31355345196],[-123.04314660993,49.31352761556],[-123.04065241616,49.31348515574],[-123.04032615653,49.31349256618],[-123.0382760684,49.31345735658],[-123.03815405651,49.3118672765],[-123.03809028668,49.31044026616],[-123.03811524183,49.30970991726],[-123.03822972311,49.30735732297],[-123.03823068447,49.30539968508],[-123.0383831793,49.30146874725],[-123.03859083184,49.29824100006],[-123.03945881463,49.29833693521],[-123.04123551762,49.29945002331],[-123.04145614844,49.29945070427],[-123.04280448796,49.2999987163],[-123.04239290813,49.30053030519],[-123.0438508821,49.30102392059],[-123.04409879135,49.30086257328],[-123.04895583386,49.30232683611],[-123.04703116242,49.30346099389],[-123.04681041143,49.30341540967],[-123.04610994462,49.30394711873],[-123.04776123092,49.30439615132],[-123.05049716525,49.30300979825],[-123.05173558993,49.30343199303],[-123.05198297844,49.30325197943],[-123.05221694805,49.30335083871],[-123.05214765043,49.30350289292],[-123.05612437276,49.30472437372],[-123.05607173861,49.30625444926],[-123.05664919212,49.30619973217],[-123.05670398931,49.30635222701],[-123.05915227842,49.30601815637],[-123.05915275909,49.30583013149],[-123.05988110517,49.30567619462],[-123.06289382944,49.30532441905],[-123.0653972362,49.30515213634],[-123.06590587275,49.30507955409],[-123.06824444729,49.30488964655],[-123.06979831636,49.30493298761],[-123.07033575349,49.30515818486],[-123.07066601876,49.30525700408],[-123.07117501582,49.30524763087],[-123.07147828306,49.30569722425],[-123.07208385618,49.30591280796],[-123.07282686291,49.30627171358],[-123.07396867147,49.30651333397],[-123.07504274461,49.30704368111],[-123.07640318117,49.30577505389],[-123.07665105036,49.30591881642],[-123.0752771949,49.30716104646],[-123.07584110933,49.30749259353],[-123.0767911277,49.30764761192],[-123.07688722308,49.30954836967],[-123.07639524999,49.30983136835],[-123.0756260063,49.31059644618],[-123.07480172506,49.31134357873],[-123.07400488249,49.31215363993],[-123.07323247433,49.3129118681],[-123.07041818962,49.31564579962],[-123.06725293046,49.31447507031],[-123.0658759506,49.3137237719],[-123.06304171779,49.3137253341],[-123.06004229225,49.31369993832],[-123.05466263349,49.31363056059]]]]},"properties":{"a": "2.99254", "q": "01010", "t": "CT", "dw": "3278", "hh": "3065", "id": "9330100.02", "pop": "6803", "rgid": "59", "rpid": "59933", "ruid": "5915051", "rguid": "5915"}},{"type":"Feature","geometry":{"type":"MultiPolygon","coordinates":[[[[-123.08168822664,49.32424691671],[-123.07548168298,49.32419716662],[-123.07554733547,49.32214623731],[-123.07555951262,49.32112980538],[-123.07561014395,49.31932986967],[-123.07577685881,49.31923173141],[-123.07627868578,49.31881402295],[-123.07743283172,49.31762767164],[-123.07782398276,49.3173143903],[-123.07857960727,49.31652227438],[-123.07945884593,49.31564916436],[-123.08022804957,49.31485708849],[-123.07717787254,49.31357091656],[-123.07617257629,49.31309905181],[-123.07400488249,49.31215363993],[-123.07480172506,49.31134357873],[-123.0756260063,49.31059644618],[-123.07639524999,49.30983136835],[-123.07688722308,49.30954836967],[-123.0767911277,49.30764761192],[-123.07732788387,49.30773537556],[-123.07758853106,49.30747396729],[-123.07702445641,49.30725878415],[-123.07865923946,49.30582748776],[-123.07933362953,49.30612366501],[-123.07905900264,49.30631293165],[-123.079210456,49.30642080361],[-123.07899070642,49.30668181132],[-123.0779048567,49.30771610842],[-123.0777961836,49.30807689669],[-123.07858096919,49.30852612956],[-123.07970707563,49.30752632105],[-123.07988644833,49.30759874307],[-123.07875974104,49.30863352085],[-123.07933787551,49.30909136585],[-123.07953114779,49.30911011226],[-123.08100109863,49.30777779532],[-123.08116625129,49.30784068392],[-123.08108401544,49.30801164476],[-123.08145581923,49.30822726853],[-123.08049374387,49.30919863697],[-123.08027423463,49.30962147266],[-123.08038503072,49.3096762298],[-123.08063253941,49.30959507547],[-123.08089422807,49.30976579598],[-123.08081123114,49.30994492834],[-123.08122493396,49.31010743728],[-123.08151362066,49.30995430154],[-123.08191206197,49.31005207929],[-123.08209103411,49.30982764311],[-123.08240768019,49.3098546812],[-123.08262694909,49.30972774237],[-123.08294423608,49.30976435395],[-123.08345191128,49.3093585823],[-123.08380973538,49.309537955],[-123.08403024603,49.3093588627],[-123.08437393021,49.30953779477],[-123.08415426074,49.30971804871],[-123.08448516692,49.30988920984],[-123.08410046496,49.31020429372],[-123.08414192336,49.31030319305],[-123.08477525559,49.31059059794],[-123.08462456329,49.31095951767],[-123.08522985602,49.31127327969],[-123.08514798068,49.31148950431],[-123.08540954917,49.31157927077],[-123.08567059693,49.31130043795],[-123.08613056492,49.31141027269],[-123.08613176661,49.31151265692],[-123.08639601889,49.31285727119],[-123.08639621917,49.31370766921],[-123.08621043745,49.31363901249],[-123.08599289097,49.31380604781],[-123.08596541226,49.31484386987],[-123.08593188503,49.31500293396],[-123.08601432116,49.31561984305],[-123.08596493158,49.31608561923],[-123.08600146304,49.31808203173],[-123.08594217953,49.31842026824],[-123.08251555216,49.31697831684],[-123.08161031688,49.31782623137],[-123.08383481071,49.31877320545],[-123.08421138121,49.31900096631],[-123.08491320993,49.31904546901],[-123.0849510232,49.31979180042],[-123.08486017522,49.32020586375],[-123.08484815829,49.32122233574],[-123.08480862259,49.32223876767],[-123.08474329056,49.32326032682],[-123.08172784245,49.32324843006],[-123.08175604218,49.32348015651],[-123.08168822664,49.32424691671]]]]},"properties":{"a": "1.04808", "q": "01011", "t": "CT", "dw": "4432", "hh": "4126", "id": "9330101.02", "pop": "7739", "rgid": "59", "rpid": "59933", "ruid": "5915051", "rguid": "5915"}},{"type":"Feature","geometry":{"type":"MultiPolygon","coordinates":[[[[-123.06932164483,49.31797644298],[-123.06930638333,49.316959971],[-123.06944345644,49.31659109133],[-123.07022551819,49.31580866906],[-123.07041818962,49.31564579962],[-123.07323247433,49.3129118681],[-123.07400488249,49.31215363993],[-123.07617257629,49.31309905181],[-123.07717787254,49.31357091656],[-123.08022804957,49.31485708849],[-123.07945884593,49.31564916436],[-123.07857960727,49.31652227438],[-123.07782398276,49.3173143903],[-123.07743283172,49.31762767164],[-123.07627868578,49.31881402295],[-123.07577685881,49.31923173141],[-123.07550006888,49.31917897709],[-123.07525272042,49.31905231866],[-123.0749508151,49.31898934995],[-123.07477584861,49.31886777868],[-123.07269800138,49.31795589403],[-123.07266363296,49.31801037078],[-123.06932164483,49.31797644298]]]]},"properties":{"a": "0.34326", "q": "01011", "t": "CT", "dw": "3287", "hh": "3093", "id": "9330101.03", "pop": "5035", "rgid": "59", "rpid": "59933", "ruid": "5915051", "rguid": "5915"}},{"type":"Feature","geometry":{"type":"MultiPolygon","coordinates":[[[[-123.06913754547,49.32416516153],[-123.06914988286,49.32310374623],[-123.06918981912,49.32210525958],[-123.06924341462,49.32110677293],[-123.06921453393,49.32010828628],[-123.06932164483,49.31797644298],[-123.07266363296,49.31801037078],[-123.07269800138,49.31795589403],[-123.07477584861,49.31886777868],[-123.0749508151,49.31898934995],[-123.07525272042,49.31905231866],[-123.07550006888,49.31917897709],[-123.07577685881,49.31923173141],[-123.07561014395,49.31932986967],[-123.07555951262,49.32112980538],[-123.07554733547,49.32214623731],[-123.07548168298,49.32419716662],[-123.07246799735,49.32419908933],[-123.07088528766,49.32416412007],[-123.06913754547,49.32416516153]]]]},"properties":{"a": "0.30345", "q": "01021", "t": "CT", "dw": "2027", "hh": "1913", "id": "9330101.04", "pop": "3247", "rgid": "59", "rpid": "59933", "ruid": "5915051", "rguid": "5915"}},{"type":"Feature","geometry":{"type":"MultiPolygon","coordinates":[[[[-123.09110729605,49.33566335998],[-123.0898702333,49.33564092838],[-123.08830022149,49.33559390213],[-123.08459756526,49.33559666602],[-123.0845953221,49.33425641791],[-123.08470179209,49.33398335322],[-123.08466241662,49.33324883845],[-123.08465108065,49.33223841498],[-123.0846040544,49.33137800285],[-123.08464383044,49.3304424048],[-123.08466902593,49.32908417134],[-123.08541611842,49.32845484476],[-123.0815712218,49.32842980949],[-123.08158327879,49.3273413561],[-123.08166467346,49.32694944398],[-123.08162293466,49.32635184209],[-123.08161788755,49.32556160882],[-123.08168822664,49.32424691671],[-123.08175604218,49.32348015651],[-123.08172784245,49.32324843006],[-123.08474329056,49.32326032682],[-123.08480862259,49.32223876767],[-123.08484815829,49.32122233574],[-123.08486017522,49.32020586375],[-123.0849510232,49.31979180042],[-123.08491320993,49.31904546901],[-123.08421138121,49.31900096631],[-123.08383481071,49.31877320545],[-123.08161031688,49.31782623137],[-123.08251555216,49.31697831684],[-123.08594217953,49.31842026824],[-123.08600146304,49.31808203173],[-123.08596493158,49.31608561923],[-123.08601432116,49.31561984305],[-123.08593188503,49.31500293396],[-123.08596541226,49.31484386987],[-123.08599289097,49.31380604781],[-123.08621043745,49.31363901249],[-123.08639621917,49.31370766921],[-123.08639601889,49.31285727119],[-123.08613176661,49.31151265692],[-123.08613056492,49.31141027269],[-123.0866894723,49.31166859661],[-123.08674483029,49.31183046464],[-123.08700679934,49.31213609521],[-123.08677431182,49.31299081933],[-123.08713249642,49.31349376787],[-123.08729828999,49.3136290785],[-123.0881791309,49.31417620929],[-123.08928112337,49.31450911828],[-123.08976308234,49.31471560918],[-123.0902028619,49.3147596312],[-123.09062946289,49.31453499474],[-123.09099994481,49.31410254551],[-123.09170081218,49.31351772162],[-123.09271888643,49.31350794785],[-123.09274656542,49.31382207038],[-123.09307727131,49.31382247095],[-123.09309012943,49.31334567925],[-123.09511189766,49.31336114103],[-123.09520879416,49.31327201547],[-123.10211568446,49.31337407926],[-123.1020685781,49.31718801226],[-123.10249009192,49.3172225409],[-123.10249670123,49.31816763233],[-123.10240701488,49.32014073199],[-123.10243221037,49.32103419068],[-123.10241831079,49.32168963406],[-123.10200953492,49.32210790331],[-123.10243140925,49.32237203541],[-123.10243777822,49.32309096823],[-123.10237084392,49.32385268132],[-123.1020227936,49.32472438936],[-123.1020474283,49.32578035699],[-123.10204258147,49.32649504383],[-123.1024357754,49.3284049745],[-123.10241118075,49.328603374],[-123.10197628808,49.32982521531],[-123.10190070159,49.33022485832],[-123.10192101021,49.33095252344],[-123.10136642892,49.3309563288],[-123.09953060264,49.33091739395],[-123.0981574682,49.33090894205],[-123.09508121443,49.3311017737],[-123.09364234738,49.3311085833],[-123.09337076478,49.33105638977],[-123.09135356298,49.33081617135],[-123.09157972159,49.33223036364],[-123.09162073938,49.3324462678],[-123.09156401947,49.3334531663],[-123.09154407137,49.33567197211],[-123.09110729605,49.33566335998]]]]},"properties":{"a": "2.82939", "q": "01011", "t": "CT", "dw": "1975", "hh": "1901", "id": "9330102.00", "pop": "5152", "rgid": "59", "rpid": "59933", "ruid": "5915051", "rguid": "5915"}},{"type":"Feature","geometry":{"type":"MultiPolygon","coordinates":[[[[-123.07216821503,49.33566804658],[-123.07054404693,49.33566904799],[-123.06887838037,49.33565210412],[-123.06889123848,49.33499537894],[-123.06894659647,49.33484068101],[-123.06893009322,49.3332233225],[-123.06884096766,49.33236062715],[-123.06884457274,49.33116350066],[-123.06892596741,49.33029099149],[-123.0689383849,49.32931946282],[-123.06900423767,49.32725952081],[-123.06908403008,49.32520863156],[-123.06913754547,49.32416516153],[-123.07088528766,49.32416412007],[-123.07246799735,49.32419908933],[-123.07548168298,49.32419716662],[-123.08168822664,49.32424691671],[-123.08161788755,49.32556160882],[-123.08162293466,49.32635184209],[-123.08166467346,49.32694944398],[-123.08158327879,49.3273413561],[-123.0815712218,49.32842980949],[-123.08541611842,49.32845484476],[-123.08466902593,49.32908417134],[-123.08464383044,49.3304424048],[-123.0846040544,49.33137800285],[-123.08465108065,49.33223841498],[-123.08466241662,49.33324883845],[-123.08470179209,49.33398335322],[-123.0845953221,49.33425641791],[-123.08459756526,49.33559666602],[-123.08229892698,49.33562530637],[-123.08155551968,49.33566488213],[-123.07971132161,49.33571707565],[-123.07887025674,49.33571783673],[-123.07830894597,49.33569296168],[-123.07521562816,49.33567425533],[-123.07216821503,49.33566804658]]]]},"properties":{"a": "1.35212", "q": "01010", "t": "CT", "dw": "3470", "hh": "3304", "id": "9330103.00", "pop": "6793", "rgid": "59", "rpid": "59933", "ruid": "5915051", "rguid": "5915"}},{"type":"Feature","geometry":{"type":"MultiPolygon","coordinates":[[[[-123.05290531782,49.33554767701],[-123.05309726823,49.33312530442],[-123.05314465499,49.33230050245],[-123.05313884681,49.33155633408],[-123.05304271137,49.33127237404],[-123.05324251285,49.32925889749],[-123.05341331347,49.32779868037],[-123.05350404129,49.32745968279],[-123.05346218232,49.32727273943],[-123.05101181028,49.32721193377],[-123.04893063836,49.32693322112],[-123.04770134656,49.32693342141],[-123.04733418931,49.32687602054],[-123.04603780299,49.32697459942],[-123.04355258186,49.32699010126],[-123.04056721613,49.32701926234],[-123.04074582775,49.32613113116],[-123.04077146387,49.32518936441],[-123.04109159486,49.32398066161],[-123.04081480493,49.3229079504],[-123.04067701081,49.3218309932],[-123.04107392998,49.32081680443],[-123.04157219192,49.32077798975],[-123.0446665512,49.3207035649],[-123.04602370313,49.32078231584],[-123.04835310474,49.32079962022],[-123.05051495031,49.32084660642],[-123.05171219697,49.32083711304],[-123.05229177347,49.32086799655],[-123.05457434912,49.32087176185],[-123.05457551075,49.3219331371],[-123.05654344314,49.32196822653],[-123.05746526178,49.32196774586],[-123.06287336061,49.32201889792],[-123.06918981912,49.32210525958],[-123.06914988286,49.32310374623],[-123.06913754547,49.32416516153],[-123.06908403008,49.32520863156],[-123.06900423767,49.32725952081],[-123.0689383849,49.32931946282],[-123.06892596741,49.33029099149],[-123.06884457274,49.33116350066],[-123.06884096766,49.33236062715],[-123.06893009322,49.3332233225],[-123.06894659647,49.33484068101],[-123.06889123848,49.33499537894],[-123.06887838037,49.33565210412],[-123.06686878929,49.33565326576],[-123.06613920146,49.33560872301],[-123.06488663687,49.33563636195],[-123.0635239171,49.33560111229],[-123.06306963712,49.33562843077],[-123.06156984424,49.33558717265],[-123.06079847755,49.33561160707],[-123.05925398169,49.33558569056],[-123.05907785357,49.3355585323],[-123.05852900035,49.33560371596],[-123.05709469974,49.33557026884],[-123.05605179051,49.3356045972],[-123.05462321796,49.33556205727],[-123.05290531782,49.33554767701]]]]},"properties":{"a": "2.37479", "q": "01010", "t": "CT", "dw": "2805", "hh": "2677", "id": "9330104.00", "pop": "7311", "rgid": "59", "rpid": "59933", "ruid": "5915051", "rguid": "5915"}},{"type":"Feature","geometry":{"type":"MultiPolygon","coordinates":[[[[-122.88247149384,49.41384830547],[-122.88253970994,49.41344685992],[-122.88265114693,49.41316870806],[-122.88265178783,49.41287184986],[-122.88243167774,49.41245706552],[-122.88240560101,49.41207108175],[-122.88286172358,49.41129711139],[-122.88313883397,49.41097437673],[-122.8834143421,49.41076688442],[-122.88414665377,49.4103547438],[-122.88485084582,49.40987871318],[-122.88496292371,49.40878056613],[-122.88492458971,49.40783691674],[-122.88467640007,49.407538977],[-122.88442965245,49.40710744908],[-122.88415510568,49.40649506636],[-122.88379972502,49.40519038836],[-122.88377264688,49.40498349689],[-122.88355393876,49.40452541155],[-122.88339002785,49.40384160822],[-122.88339014802,49.40351695085],[-122.8836942965,49.40317554989],[-122.88443906571,49.40292435601],[-122.8846470387,49.40274550405],[-122.88464779977,49.40219621021],[-122.88460710244,49.40212486971],[-122.88474517696,49.40171028565],[-122.88485649378,49.40157641706],[-122.88565718177,49.40083897817],[-122.88593385154,49.40049773744],[-122.88614434808,49.39889692224],[-122.88642221954,49.39784455969],[-122.88656101508,49.39757530036],[-122.88685122392,49.39723377923],[-122.88687894297,49.39688212383],[-122.88678340838,49.39654048253],[-122.88649504213,49.39599122875],[-122.88646924579,49.39556030167],[-122.88656610224,49.39505579093],[-122.88656778461,49.39464296935],[-122.88643071151,49.3943010076],[-122.88618344316,49.39398592372],[-122.88527560421,49.393256416],[-122.88366493513,49.39221943512],[-122.88321169662,49.39165255651],[-122.88293743024,49.39117576482],[-122.88258012688,49.39092401015],[-122.88219530475,49.39049184132],[-122.88219650644,49.3899881317],[-122.88233582271,49.38936761753],[-122.88272244737,49.38902621657],[-122.88283248239,49.38886374769],[-122.88283296307,49.38861171263],[-122.88268295173,49.38824363409],[-122.88268443382,49.38758694896],[-122.88286456759,49.38719135165],[-122.88279619126,49.38668672074],[-122.88259066172,49.38644425916],[-122.88188867277,49.38595733319],[-122.88150445149,49.38555292346],[-122.88094201914,49.38438259473],[-122.8809016022,49.38386037904],[-122.88094382168,49.38346458145],[-122.88076561062,49.38316776329],[-122.88006466314,49.38248351934],[-122.87979075726,49.38202507349],[-122.87936487729,49.38145791449],[-122.87951733207,49.38113425853],[-122.87950491457,49.38056758021],[-122.87972506472,49.38040499115],[-122.88006995059,49.38033373076],[-122.8804836534,49.38033469212],[-122.88073116209,49.3804246188],[-122.8809785506,49.38079397915],[-122.8812261394,49.38095612758],[-122.88188735091,49.38081240511],[-122.88213574083,49.38081316618],[-122.8825488428,49.38093053152],[-122.88314031606,49.38104717585],[-122.88377448947,49.38102133945],[-122.88411929523,49.38076954473],[-122.88457722034,49.37962821685],[-122.8848528887,49.37925901673],[-122.88530873088,49.37902632892],[-122.88619065332,49.3788923001],[-122.88664597477,49.37850563538],[-122.88712869481,49.37838955184],[-122.88730802745,49.37827270723],[-122.88740520436,49.37795802391],[-122.88761269667,49.37754420093],[-122.88776467076,49.37740965137],[-122.88883950497,49.37729368801],[-122.88926746788,49.37689833104],[-122.889570655,49.37683568278],[-122.89006659367,49.37680916542],[-122.89041147954,49.37662955239],[-122.89070096736,49.37637759744],[-122.89041244089,49.37618885153],[-122.89041292157,49.37598200013],[-122.89055095603,49.37580226692],[-122.89090906052,49.37559493484],[-122.89150237637,49.37534414152],[-122.89177840524,49.37516456854],[-122.89153089655,49.37502056568],[-122.89111779458,49.3749571964],[-122.89066343449,49.37474974415],[-122.89037490802,49.37447972375],[-122.88985233182,49.37381290434],[-122.88946847105,49.37324658653],[-122.88940005466,49.37305760029],[-122.88929130145,49.37240083505],[-122.88951237289,49.37177951975],[-122.88967844686,49.37143787845],[-122.89038287925,49.37068333547],[-122.89024588625,49.37035935905],[-122.89031586484,49.37006314175],[-122.89020607016,49.36985613011],[-122.88964223584,49.36945079909],[-122.88918851665,49.36908155891],[-122.88905128332,49.36890154531],[-122.88902464579,49.36848776238],[-122.88912202298,49.36807409962],[-122.88939857258,49.36730008921],[-122.88971722148,49.36656305089],[-122.88978728018,49.36622173004],[-122.88985882096,49.36498947406],[-122.88995595781,49.36469277608],[-122.88999805712,49.36432405663],[-122.89038472184,49.36384762545],[-122.89052231568,49.36361297487],[-122.89128354809,49.36189567558],[-122.89164389574,49.36119532894],[-122.89174055191,49.36107840422],[-122.89219563302,49.36080001203],[-122.89271985153,49.36038674983],[-122.89342360296,49.359748731],[-122.89369967188,49.35945215319],[-122.89415475299,49.3591557356],[-122.89454049642,49.3590841147],[-122.89537951842,49.35924594268],[-122.89606792824,49.35933651027],[-122.89652204799,49.3594989391],[-122.89670126046,49.35969773916],[-122.89729269366,49.36006705946],[-122.8975813403,49.36008464423],[-122.89806398024,49.35983337024],[-122.89842264552,49.35974424468],[-122.89904235856,49.35972682013],[-122.8992490898,49.35965499895],[-122.89970441125,49.35921461855],[-122.90051819769,49.3585586945],[-122.90111115304,49.35816337758],[-122.90148271649,49.35802814707],[-122.90173074591,49.35820892175],[-122.90190867658,49.35873970951],[-122.90201875165,49.35882983648],[-122.90225288148,49.35880307878],[-122.9024735123,49.35866832895],[-122.902749421,49.35825438579],[-122.90336989511,49.35786808158],[-122.90365890226,49.35791330529],[-122.9037273587,49.35809307855],[-122.90407152355,49.35809323877],[-122.90425077608,49.35802145765],[-122.90484409193,49.35751854916],[-122.90557492151,49.35717766894],[-122.90585062992,49.3569980559],[-122.90589236873,49.3567641664],[-122.90634704927,49.35637718122],[-122.90627927379,49.35603570015],[-122.90627987464,49.35557677362],[-122.90644614888,49.35502812069],[-122.90672297887,49.35445315069],[-122.90694376992,49.35422847417],[-122.9072186772,49.35406584506],[-122.9076325803,49.35393189635],[-122.90783963199,49.35374343085],[-122.90795030791,49.35331130207],[-122.9080885026,49.35296938038],[-122.90815844113,49.35262825981],[-122.90840659072,49.3520968712],[-122.90850464886,49.351594163],[-122.90882241652,49.35098270158],[-122.9092365199,49.3504343691],[-122.9093470356,49.35015541612],[-122.90934715577,49.34976795026],[-122.90955472819,49.3495890983],[-122.90951407091,49.34919298026],[-122.90980391924,49.34883367407],[-122.90990073564,49.34846455406],[-122.91018998312,49.3483028062],[-122.91085155513,49.34816881743],[-122.91140285179,49.34784544187],[-122.91154008512,49.34768273265],[-122.91140369298,49.34738667557],[-122.91140409354,49.34717982416],[-122.91158314579,49.34683758202],[-122.91199764973,49.34633471358],[-122.91238439457,49.34557944958],[-122.91252242903,49.34539963626],[-122.91301804725,49.34510253772],[-122.91329351532,49.34500375856],[-122.91388598999,49.34495973654],[-122.91440820568,49.34516630756],[-122.91486340696,49.34509548779],[-122.91527690949,49.34479895003],[-122.91573163009,49.34457451385],[-122.91602079747,49.34427725507],[-122.9161867112,49.34402590097],[-122.91661391304,49.34381953024],[-122.91720594708,49.34381997086],[-122.91779762062,49.34370272569],[-122.91856886714,49.34345129147],[-122.91929913593,49.3431462217],[-122.91961682348,49.34285020467],[-122.9195755253,49.34255282573],[-122.91998854716,49.34244499382],[-122.92014076159,49.34234681551],[-122.9204435081,49.34239203922],[-122.92076007407,49.34232911057],[-122.92118735602,49.34209566169],[-122.92146250364,49.34188824949],[-122.92216509344,49.34175430078],[-122.92239902299,49.34150194527],[-122.92223495185,49.34129581488],[-122.92219389401,49.34111592145],[-122.92230420942,49.34097203875],[-122.92253805886,49.34088179161],[-122.9231303733,49.34079254588],[-122.92373654727,49.34060420054],[-122.92453443131,49.34049592801],[-122.92508604842,49.3402902783],[-122.92585749522,49.33968766935],[-122.92644948921,49.33941768901],[-122.92672571836,49.33922990446],[-122.92687749217,49.33903214586],[-122.92687733195,49.33888782254],[-122.92672635926,49.33879809614],[-122.9271813202,49.33833969034],[-122.92756746419,49.33786317904],[-122.92784293227,49.33770143118],[-122.92875149223,49.33728744797],[-122.92924799169,49.33699175139],[-122.92986862603,49.33616450599],[-122.93075050841,49.3355264471],[-122.9315072545,49.3352741717],[-122.93193497706,49.33504136372],[-122.9328714163,49.33431265714],[-122.93336807599,49.33397173685],[-122.93371240107,49.33364816101],[-122.9342358585,49.33332466527],[-122.93478667448,49.33286569869],[-122.93510360096,49.33274917453],[-122.93559937941,49.33270475195],[-122.93628790939,49.33240833436],[-122.93657707677,49.33233647312],[-122.93689284161,49.33238974818],[-122.93824190214,49.33240877498],[-122.93853151014,49.33231960937],[-122.93894493256,49.33195097004],[-122.93919288186,49.33178918211],[-122.93978467557,49.33162735413],[-122.94026659449,49.33162783481],[-122.94048674463,49.33174491976],[-122.94048618384,49.33189741459],[-122.94080270976,49.33194255818],[-122.94110589689,49.3318981356],[-122.94244033682,49.33178097054],[-122.94257809088,49.33173610734],[-122.94312966794,49.33139538734],[-122.94341879525,49.33127858279],[-122.94390067411,49.33116193846],[-122.94417602202,49.33114407329],[-122.94494590662,49.3312335193],[-122.9454422058,49.33118961746],[-122.94585530777,49.33100091161],[-122.94628198887,49.33086612172],[-122.94687434336,49.33054262599],[-122.94753471368,49.33027252547],[-122.94787891859,49.33006567407],[-122.94854069088,49.32956296586],[-122.94896777255,49.32905941647],[-122.94910508599,49.32868977573],[-122.94917530492,49.32807006269],[-122.94910680842,49.32777316442],[-122.94868008726,49.3271604212],[-122.94847467789,49.32679234266],[-122.94829634666,49.32628863304],[-122.94795270254,49.32588366253],[-122.94745688404,49.32558572279],[-122.9470723423,49.32555944578],[-122.94645214858,49.32570216684],[-122.94623271946,49.32570304808],[-122.94554434969,49.32551330077],[-122.94504893176,49.32524283975],[-122.94487056047,49.32524340054],[-122.94414053202,49.32592676325],[-122.94382312487,49.32611478813],[-122.94316287472,49.32615985162],[-122.94281870986,49.3260694042],[-122.94186977302,49.3260516592],[-122.94148382931,49.32595163829],[-122.94036981991,49.32575387969],[-122.93995735885,49.32561896963],[-122.9390495199,49.3252496894],[-122.93873287381,49.32515936215],[-122.93816879916,49.32523122338],[-122.93771471946,49.32518599967],[-122.93716466455,49.3248438777],[-122.9368759378,49.3241503006],[-122.9368501014,49.32330555053],[-122.93701589497,49.32280188097],[-122.93701633559,49.32250506282],[-122.9368379643,49.32177595567],[-122.9368799835,49.32129936425],[-122.93704898158,49.32110817491],[-122.93726588715,49.32100302678],[-122.93799535481,49.32038207199],[-122.93817516813,49.32013099828],[-122.93840965847,49.31958226524],[-122.93861578887,49.31932978955],[-122.93924980205,49.31893499337],[-122.93973176103,49.31872858258],[-122.94050188597,49.3185032251],[-122.94086051119,49.31843236528],[-122.94141092661,49.31838762224],[-122.94220909104,49.31827105803],[-122.94281458405,49.3182444205],[-122.94347431347,49.31838786258],[-122.94368080437,49.31822595449],[-122.94434241643,49.31793029797],[-122.94459044585,49.31757964398],[-122.94454938801,49.31732772909],[-122.9441643656,49.31708470672],[-122.94391737765,49.31649095025],[-122.94423406379,49.31632916232],[-122.94423346294,49.31616633293],[-122.94437181785,49.3160502494],[-122.94472972206,49.31600550636],[-122.94488245723,49.3158546939],[-122.94647986763,49.3159247526],[-122.946870538,49.31584892578],[-122.94742515934,49.31579605129],[-122.94822208203,49.3158531317],[-122.94964696939,49.31588537713],[-122.94988919063,49.31581852295],[-122.95100372075,49.31579204565],[-122.95136146474,49.31581015115],[-122.95380474679,49.31580185947],[-122.95392026953,49.31591517911],[-122.95565423231,49.31590184032],[-122.9581996182,49.31593877235],[-122.95978661393,49.31594309845],[-122.96041285617,49.31598916334],[-122.96717057632,49.31606763389],[-122.96786078867,49.31608041189],[-122.96901429371,49.31608605985],[-122.96909773126,49.31883072648],[-122.96909460685,49.31956720402],[-122.96916594736,49.32102950408],[-122.96906612673,49.32125830641],[-122.96956314693,49.32180471618],[-122.9713855543,49.32303060319],[-122.97194674489,49.32363201044],[-122.9723354525,49.32425248455],[-122.97234570694,49.32460626295],[-122.97218524088,49.32484952565],[-122.97170216033,49.32516981687],[-122.96815448243,49.32617403159],[-122.96833073072,49.33933152763],[-122.96821608922,49.34249129905],[-122.96936923374,49.34248212613],[-122.97188157308,49.34290732514],[-122.97349925204,49.3433605236],[-122.9740322429,49.3436081124],[-122.97439291101,49.34408210014],[-122.97444121906,49.34454815672],[-122.97428708192,49.34498465164],[-122.97404169622,49.345403001],[-122.97365759511,49.34561982646],[-122.97296125412,49.34582872075],[-122.97203615085,49.34585063162],[-122.97120273675,49.34564081603],[-122.97061951512,49.34539406842],[-122.96970690946,49.34496205981],[-122.96890405841,49.34475837286],[-122.9679777134,49.3447473974],[-122.96691882165,49.34494908153],[-122.96393025141,49.34600444831],[-122.96263843152,49.3461704021],[-122.96177501515,49.3464871283],[-122.95890745539,49.34808381769],[-122.95783854953,49.34841288127],[-122.95548022717,49.34911575146],[-122.94990232913,49.35191609653],[-122.94766077127,49.35256444992],[-122.94277156345,49.35501149727],[-122.94189432761,49.35529020992],[-122.94171183051,49.35548155949],[-122.94168631457,49.35573463602],[-122.94188843932,49.355873752],[-122.94229545271,49.35584875679],[-122.94295830653,49.35552554145],[-122.94376904868,49.35520921582],[-122.94493128602,49.35488700189],[-122.94727923377,49.35449032305],[-122.9480063381,49.35449208554],[-122.95424708995,49.35316345379],[-122.95640965654,49.35288902718],[-122.95767479884,49.35286823789],[-122.95871218029,49.35296140915],[-122.95889231406,49.35307332682],[-122.95890489178,49.35322013363],[-122.95874017973,49.35332387979],[-122.95784984545,49.35321448568],[-122.95716824522,49.35323030797],[-122.95608331679,49.35336297487],[-122.95431879096,49.35392953302],[-122.95238134152,49.35493983632],[-122.95139030537,49.35569113473],[-122.94940386691,49.3570176435],[-122.94898375506,49.35749880134],[-122.94836087757,49.35840067188],[-122.94799376038,49.35928419657],[-122.9479079595,49.35961638455],[-122.9480455934,49.35971985031],[-122.94855455041,49.35960128328],[-122.95103969143,49.3581914972],[-122.95172926288,49.35792295889],[-122.95225380185,49.35784540964],[-122.95314121201,49.35806059278],[-122.95367876931,49.3584148118],[-122.95393244669,49.3587919431],[-122.95400651103,49.3592547551],[-122.95378816342,49.35979583736],[-122.95343534638,49.3604999493],[-122.95206337357,49.36213969935],[-122.95013742033,49.3641927116],[-122.94935595942,49.36500485573],[-122.94889046364,49.36561435438],[-122.94876332453,49.36624592412],[-122.94889098437,49.36673076716],[-122.94908465721,49.36701244398],[-122.94959481592,49.36728899358],[-122.94946555381,49.36758973726],[-122.94901055282,49.36801525673],[-122.94891822274,49.36836134429],[-122.9488746814,49.36887667027],[-122.94897690541,49.37007415727],[-122.9490717991,49.37071578118],[-122.94904620304,49.3715157081],[-122.94895739793,49.37185057986],[-122.94882116601,49.38425453432],[-122.9487211451,49.39334650291],[-122.94872218657,49.41047783722],[-122.92751767405,49.41190937394],[-122.89846538573,49.41395830043],[-122.88247149384,49.41384830547]]]]},"properties":{"a": "40.37125", "q": "01010", "t": "CT", "dw": "2776", "hh": "2652", "id": "9330110.01", "pop": "7527", "rgid": "59", "rpid": "59933", "ruid": "5915046", "rguid": "5915"}},{"type":"Feature","geometry":{"type":"MultiPolygon","coordinates":[[[[-122.94488245723,49.3158546939],[-122.94507396703,49.31575387187],[-122.94552792656,49.31579905552],[-122.94591278874,49.31561844107],[-122.94661505809,49.31568261148],[-122.94737220474,49.3153591558],[-122.94772994872,49.31531433265],[-122.94814252996,49.31547636091],[-122.94849983332,49.31540385877],[-122.94863866891,49.31472105686],[-122.94848709538,49.31426136926],[-122.94821294917,49.31328078783],[-122.94789734455,49.31266023361],[-122.94778815072,49.31236397625],[-122.94776075212,49.31209379562],[-122.94796780381,49.31159040645],[-122.94807775871,49.31122108616],[-122.94769373771,49.31056488171],[-122.94758326208,49.31028508755],[-122.94768007847,49.30980849613],[-122.94790135019,49.30936859641],[-122.94852150385,49.3083164742],[-122.94870091661,49.30774987599],[-122.94838531199,49.30656184231],[-122.94816628342,49.30601358994],[-122.94820778189,49.30564463016],[-122.9484837707,49.30493422936],[-122.94882777532,49.30463753137],[-122.94987372884,49.30438617727],[-122.9505066605,49.3041795662],[-122.9515521734,49.30373874518],[-122.9523229793,49.30362262159],[-122.95270828211,49.3034878317],[-122.95391966869,49.30259781786],[-122.954208796,49.30225601634],[-122.95441508662,49.30188697644],[-122.95521341129,49.30117641542],[-122.95553065822,49.30079047171],[-122.95598481803,49.30053871704],[-122.95636956005,49.30053843665],[-122.95664450739,49.30064642878],[-122.95734537476,49.30107807688],[-122.95755154521,49.30116812374],[-122.95870725335,49.30153800482],[-122.95936666231,49.30190644387],[-122.95999987437,49.30219529079],[-122.9612097388,49.30290637255],[-122.96170447578,49.30315796699],[-122.96236420519,49.30336473829],[-122.96250199931,49.30331999525],[-122.96250268027,49.30301476525],[-122.96281916613,49.30301484536],[-122.96281932636,49.30262798036],[-122.96404369122,49.30260142294],[-122.96408402805,49.30338360487],[-122.96445571167,49.30340215099],[-122.96477207736,49.30335724773],[-122.96588624698,49.30344753493],[-122.96739937865,49.30335788864],[-122.96829371858,49.30325934982],[-122.96947814718,49.30326808212],[-122.96941557904,49.30433566611],[-122.96939951641,49.30884834349],[-122.96942078637,49.31243423522],[-122.96868775369,49.31243435539],[-122.96869035736,49.31299806954],[-122.96887293457,49.3150016121],[-122.96764965123,49.31486401826],[-122.96779261263,49.31580434297],[-122.96786078867,49.31608041189],[-122.96717057632,49.31606763389],[-122.96041285617,49.31598916334],[-122.95978661393,49.31594309845],[-122.9581996182,49.31593877235],[-122.95565423231,49.31590184032],[-122.95392026953,49.31591517911],[-122.95380474679,49.31580185947],[-122.95136146474,49.31581015115],[-122.95100372075,49.31579204565],[-122.94988919063,49.31581852295],[-122.94964696939,49.31588537713],[-122.94822208203,49.3158531317],[-122.94742515934,49.31579605129],[-122.946870538,49.31584892578],[-122.94647986763,49.3159247526],[-122.94488245723,49.3158546939]]]]},"properties":{"a": "2.22943", "q": "00010", "t": "CT", "dw": "1109", "hh": "1052", "id": "9330110.02", "pop": "2989", "rgid": "59", "rpid": "59933", "ruid": "5915046", "rguid": "5915"}},{"type":"Feature","geometry":{"type":"MultiPolygon","coordinates":[[[[-122.96901429371,49.31608605985],[-122.96786078867,49.31608041189],[-122.96779261263,49.31580434297],[-122.96764965123,49.31486401826],[-122.96887293457,49.3150016121],[-122.96869035736,49.31299806954],[-122.96868775369,49.31243435539],[-122.96942078637,49.31243423522],[-122.96939951641,49.30884834349],[-122.96941557904,49.30433566611],[-122.96947814718,49.30326808212],[-122.97067343107,49.303277936],[-122.97133279998,49.30342113774],[-122.97182837814,49.3035747141],[-122.97228233767,49.30378192601],[-122.97319013656,49.30428595608],[-122.97357479846,49.30453751047],[-122.97444077844,49.3050410198],[-122.97573412048,49.30592370331],[-122.97699942301,49.30647263664],[-122.97793430005,49.30676901417],[-122.97863612877,49.30709355137],[-122.97999804742,49.30729175059],[-122.98100194169,49.30754342514],[-122.98208891299,49.30767885594],[-122.98342283219,49.30774134397],[-122.98390455083,49.30774174453],[-122.98470279538,49.30787717532],[-122.9853077276,49.30808386651],[-122.9859269199,49.30845306663],[-122.98624260463,49.308353246],[-122.98721942075,49.30820047078],[-122.98812786055,49.30778720858],[-122.98871977442,49.30746387307],[-122.989063739,49.30737398644],[-122.98958591463,49.30737326543],[-122.990149789,49.30748105728],[-122.99085205835,49.30757198538],[-122.99116850415,49.30766191207],[-122.99137483482,49.30780587488],[-122.99151226844,49.30828266657],[-122.99175941661,49.30846195916],[-122.99203504491,49.30841765674],[-122.99235149072,49.30825570859],[-122.99276363133,49.30813814297],[-122.99371348948,49.30809388061],[-122.99462140854,49.30795901061],[-122.99493785434,49.30800395393],[-122.99532271652,49.3082554282],[-122.99566692144,49.30818396753],[-122.99594206906,49.30825590888],[-122.99643728671,49.30820195286],[-122.99653338209,49.30831855713],[-122.99682234918,49.3084086841],[-122.99705631879,49.30827393427],[-122.99730406782,49.30824689618],[-122.99779920536,49.30797707606],[-122.99821138603,49.30793133162],[-122.99873480341,49.30802209949],[-122.9992987579,49.3079950614],[-122.99968337975,49.30803920359],[-122.99982081336,49.30790429353],[-122.99977983563,49.30756285251],[-123.0000004264,49.30710456689],[-123.00027533368,49.30675347227],[-123.00023423578,49.3064210039],[-123.00002766477,49.30606077642],[-123.00012416071,49.30576431877],[-123.00053686212,49.3054944586],[-123.00053686212,49.30515261702],[-123.00060511827,49.30465723914],[-123.00077075161,49.30420816649],[-123.00132088663,49.30388423014],[-123.00159607431,49.30392028093],[-123.0017333477,49.30406380312],[-123.00166493132,49.30440604526],[-123.00188436045,49.30436026076],[-123.00246205429,49.30403636446],[-123.0025997683,49.30411751879],[-123.0026408662,49.30553848061],[-123.00290291537,49.30562035596],[-123.00301303049,49.3054854459],[-123.00294421355,49.30509862095],[-123.00305416845,49.30406420368],[-123.00305424856,49.30365046081],[-123.00312286523,49.30356029378],[-123.00302588861,49.30319978591],[-123.00287515626,49.30286763798],[-123.00297157209,49.30269695753],[-123.00331521621,49.30234582286],[-123.00372815795,49.30217522252],[-123.00548879831,49.30215711701],[-123.00612080868,49.3021022397],[-123.00676727941,49.30212919768],[-123.00689113389,49.30185945768],[-123.00715310295,49.30160838397],[-123.00724935856,49.30132045834],[-123.00708420589,49.30079880345],[-123.00708408572,49.30008820236],[-123.00726289763,49.29981830213],[-123.00728993572,49.29929620662],[-123.00745532872,49.29922466583],[-123.00786803013,49.29961137061],[-123.00808802005,49.29996198455],[-123.00834970871,49.30065476052],[-123.00836320772,49.30193159931],[-123.00843246529,49.30224688347],[-123.00839096683,49.30247147988],[-123.00793676696,49.30255211348],[-123.00778527354,49.30269575584],[-123.00806046122,49.30281284078],[-123.00834922803,49.30281272062],[-123.00865257538,49.30249875831],[-123.0091064548,49.30232783752],[-123.00928522665,49.30212094606],[-123.0092294681,49.30181419391],[-123.00891374331,49.301518257],[-123.00898244009,49.30095161873],[-123.00889940311,49.30076211176],[-123.00889900254,49.30021305826],[-123.00861091669,49.29998910275],[-123.00845882242,49.299700376],[-123.00839068644,49.29920660038],[-123.00852812005,49.29903563953],[-123.00856937817,49.29872079599],[-123.00867941319,49.29860383121],[-123.00887128349,49.29889079548],[-123.00878952832,49.29929652707],[-123.00863827524,49.29964730123],[-123.00872027075,49.29975457235],[-123.00900971852,49.29987213798],[-123.00917483112,49.30024093754],[-123.00955973337,49.30027662781],[-123.00965618925,49.30008784186],[-123.00969664625,49.29951138976],[-123.00995813463,49.29935869465],[-123.01045383296,49.29935032285],[-123.01072829962,49.29943944841],[-123.01093531126,49.29962911561],[-123.01094937106,49.30082548103],[-123.01105944613,49.30085243901],[-123.01182933073,49.30079800232],[-123.01214557625,49.30059083046],[-123.01275118943,49.30058241861],[-123.01290256268,49.30070831597],[-123.01327380568,49.30062732187],[-123.01394783524,49.30028548029],[-123.01394767502,49.30003356539],[-123.01334202178,49.29824356367],[-123.01332816226,49.29802765951],[-123.01500620626,49.29797362339],[-123.01518429715,49.29808057406],[-123.01555658162,49.29849523823],[-123.01599592055,49.29847629153],[-123.01639560361,49.29859401738],[-123.01675330754,49.29886379745],[-123.01698711693,49.2988638375],[-123.017468435,49.29849491778],[-123.0179352927,49.29831410305],[-123.01841733179,49.2983237967],[-123.01867874005,49.29847677221],[-123.01876129636,49.29842273609],[-123.01860988305,49.29802701861],[-123.01856834453,49.29752326893],[-123.01843079075,49.29740638427],[-123.01812800419,49.29736116056],[-123.01793545293,49.29700153392],[-123.01804544788,49.29692065999],[-123.01830689621,49.29709150067],[-123.01845814929,49.29694761797],[-123.01867797898,49.29700129359],[-123.01878825434,49.29721743809],[-123.01882939229,49.2977566377],[-123.01906384258,49.29876429727],[-123.0192290353,49.2988454516],[-123.01947622353,49.29873697879],[-123.0195591804,49.29884541154],[-123.01961377732,49.29942927408],[-123.01977905015,49.29995998173],[-123.01997160141,49.30011279701],[-123.02045372061,49.3000146187],[-123.02041230226,49.29965479178],[-123.02010927537,49.29883627868],[-123.02006725617,49.29859261541],[-123.02003941695,49.29781003292],[-123.02019143111,49.29755002663],[-123.02030146612,49.29754998657],[-123.02064346793,49.29777354151],[-123.02289095414,49.29782541459],[-123.02281877245,49.29882710576],[-123.02262614108,49.29893429676],[-123.02266731909,49.29906019413],[-123.02332792974,49.29967173565],[-123.02339682681,49.29995954111],[-123.02339706714,49.30048135623],[-123.02360347793,49.30076010893],[-123.02452529657,49.30132666709],[-123.02518582712,49.30190215783],[-123.02544743567,49.30230692806],[-123.02547515472,49.302855581],[-123.02521414701,49.30333233263],[-123.02465035275,49.30376426113],[-123.02267000287,49.30479911902],[-123.02236769699,49.3054378188],[-123.02227140133,49.30551881291],[-123.02167992807,49.30568985387],[-123.02128112625,49.30587884011],[-123.02110239445,49.30615775303],[-123.0211027149,49.30680534535],[-123.02144728032,49.30853237836],[-123.02151649783,49.30939587484],[-123.02146158047,49.30967470765],[-123.0212967082,49.31007951794],[-123.02092534503,49.31042143964],[-123.01965828001,49.31109839332],[-123.01907650041,49.31083862736],[-123.01853826215,49.3107298341],[-123.01793549298,49.31070419798],[-123.01736669167,49.31072022055],[-123.01683269939,49.3107796643],[-123.01482162622,49.31108853943],[-123.01375328116,49.31111802097],[-123.0114600505,49.3109385281],[-123.01055341325,49.31094065109],[-123.00973914612,49.31111305397],[-123.00880226626,49.31145793984],[-123.00774581796,49.31204212282],[-123.00704402929,49.31250028828],[-123.00509203936,49.3140529957],[-123.00361692124,49.31511425078],[-123.00226918258,49.3157559548],[-123.00166405008,49.31568577593],[-122.99958544177,49.31573328286],[-122.99847275424,49.31579340756],[-122.99693170324,49.31579340756],[-122.99404235277,49.31573027863],[-122.99155925463,49.31569975563],[-122.98988577707,49.31569262558],[-122.98859455802,49.31571770091],[-122.9876168206,49.31567580188],[-122.98591073711,49.31570259964],[-122.98168666631,49.31565697536],[-122.98025569038,49.31561179171],[-122.97705806563,49.31573144027],[-122.97405102937,49.31583090038],[-122.96901429371,49.31608605985]]]]},"properties":{"a": "4.37208", "q": "01020", "t": "CT", "dw": "2353", "hh": "2270", "id": "9330111.01", "pop": "5924", "rgid": "59", "rpid": "59933", "ruid": "5915046", "rguid": "5915"}},{"type":"Feature","geometry":{"type":"MultiPolygon","coordinates":[[[[-122.94872218657,49.41047783722],[-122.9487211451,49.39334650291],[-122.94882116601,49.38425453432],[-122.94895739793,49.37185057986],[-122.94904620304,49.3715157081],[-122.9490717991,49.37071578118],[-122.94897690541,49.37007415727],[-122.9488746814,49.36887667027],[-122.94891822274,49.36836134429],[-122.94901055282,49.36801525673],[-122.94946555381,49.36758973726],[-122.94959481592,49.36728899358],[-122.94908465721,49.36701244398],[-122.94889098437,49.36673076716],[-122.94876332453,49.36624592412],[-122.94889046364,49.36561435438],[-122.94935595942,49.36500485573],[-122.95013742033,49.3641927116],[-122.95206337357,49.36213969935],[-122.95343534638,49.3604999493],[-122.95378816342,49.35979583736],[-122.95400651103,49.3592547551],[-122.95393244669,49.3587919431],[-122.95367876931,49.3584148118],[-122.95314121201,49.35806059278],[-122.95225380185,49.35784540964],[-122.95172926288,49.35792295889],[-122.95103969143,49.3581914972],[-122.94855455041,49.35960128328],[-122.9480455934,49.35971985031],[-122.9479079595,49.35961638455],[-122.94799376038,49.35928419657],[-122.94836087757,49.35840067188],[-122.94898375506,49.35749880134],[-122.94940386691,49.3570176435],[-122.95139030537,49.35569113473],[-122.95238134152,49.35493983632],[-122.95431879096,49.35392953302],[-122.95608331679,49.35336297487],[-122.95716824522,49.35323030797],[-122.95784984545,49.35321448568],[-122.95874017973,49.35332387979],[-122.95890489178,49.35322013363],[-122.95889231406,49.35307332682],[-122.95871218029,49.35296140915],[-122.95767479884,49.35286823789],[-122.95640965654,49.35288902718],[-122.95424708995,49.35316345379],[-122.9480063381,49.35449208554],[-122.94727923377,49.35449032305],[-122.94493128602,49.35488700189],[-122.94376904868,49.35520921582],[-122.94295830653,49.35552554145],[-122.94229545271,49.35584875679],[-122.94188843932,49.355873752],[-122.94168631457,49.35573463602],[-122.94171183051,49.35548155949],[-122.94189432761,49.35529020992],[-122.94277156345,49.35501149727],[-122.94766077127,49.35256444992],[-122.94990232913,49.35191609653],[-122.95548022717,49.34911575146],[-122.95783854953,49.34841288127],[-122.95890745539,49.34808381769],[-122.96177501515,49.3464871283],[-122.96263843152,49.3461704021],[-122.96393025141,49.34600444831],[-122.96691882165,49.34494908153],[-122.9679777134,49.3447473974],[-122.96890405841,49.34475837286],[-122.96970690946,49.34496205981],[-122.97061951512,49.34539406842],[-122.97120273675,49.34564081603],[-122.97203615085,49.34585063162],[-122.97296125412,49.34582872075],[-122.97365759511,49.34561982646],[-122.97404169622,49.345403001],[-122.97428708192,49.34498465164],[-122.97444121906,49.34454815672],[-122.97439291101,49.34408210014],[-122.9740322429,49.3436081124],[-122.97349925204,49.3433605236],[-122.97188157308,49.34290732514],[-122.96936923374,49.34248212613],[-122.96821608922,49.34249129905],[-122.96833073072,49.33933152763],[-122.96815448243,49.32617403159],[-122.97170216033,49.32516981687],[-122.97218524088,49.32484952565],[-122.97234570694,49.32460626295],[-122.9723354525,49.32425248455],[-122.97194674489,49.32363201044],[-122.9713855543,49.32303060319],[-122.96956314693,49.32180471618],[-122.96906612673,49.32125830641],[-122.96916594736,49.32102950408],[-122.96909460685,49.31956720402],[-122.96909773126,49.31883072648],[-122.96901429371,49.31608605985],[-122.97405102937,49.31583090038],[-122.97705806563,49.31573144027],[-122.98025569038,49.31561179171],[-122.98168666631,49.31565697536],[-122.98591073711,49.31570259964],[-122.9876168206,49.31567580188],[-122.98859455802,49.31571770091],[-122.98988577707,49.31569262558],[-122.99155925463,49.31569975563],[-122.99404235277,49.31573027863],[-122.99693170324,49.31579340756],[-122.99847275424,49.31579340756],[-122.99958544177,49.31573328286],[-123.00166405008,49.31568577593],[-123.00226918258,49.3157559548],[-123.00361692124,49.31511425078],[-123.00509203936,49.3140529957],[-123.00704402929,49.31250028828],[-123.00774581796,49.31204212282],[-123.00880226626,49.31145793984],[-123.00973914612,49.31111305397],[-123.01055341325,49.31094065109],[-123.0114600505,49.3109385281],[-123.01375328116,49.31111802097],[-123.01482162622,49.31108853943],[-123.01683269939,49.3107796643],[-123.01736669167,49.31072022055],[-123.01793549298,49.31070419798],[-123.01853826215,49.3107298341],[-123.01907650041,49.31083862736],[-123.01965828001,49.31109839332],[-123.0183669408,49.31175311568],[-123.01773428953,49.3122839435],[-123.01726667076,49.31278773323],[-123.01693656571,49.31303067548],[-123.01546465211,49.31366048274],[-123.01452913417,49.3139125178],[-123.01327721048,49.31444338568],[-123.01236921131,49.31502816951],[-123.01195663007,49.3153519857],[-123.01158522684,49.31584680279],[-123.01144767306,49.31638648308],[-123.01144787334,49.31702514281],[-123.01162692559,49.31776278198],[-123.01203986733,49.31859924037],[-123.0122685495,49.31882527881],[-123.01357875529,49.3196405874],[-123.01377819626,49.32001098921],[-123.01395292241,49.32013720703],[-123.0142558692,49.32050592647],[-123.01439346304,49.32079381204],[-123.0144212622,49.32176522054],[-123.01425634987,49.32233197898],[-123.01343114734,49.3240681048],[-123.01288089215,49.32477886611],[-123.01212434635,49.32598424422],[-123.01180782043,49.3263260858],[-123.01032192713,49.32821522719],[-123.00952388286,49.32902476766],[-123.00937246955,49.32948357401],[-123.00912488076,49.32976244688],[-123.00843679139,49.33008638324],[-123.00703305383,49.33059013291],[-123.00613851362,49.33084200775],[-123.00569801305,49.33099506337],[-123.005202515,49.33127389619],[-123.00506492116,49.33145374956],[-123.00458340281,49.33283000841],[-123.00445954832,49.33309089594],[-123.003661464,49.3356005515],[-123.00326230166,49.33616722982],[-123.00302833205,49.33694083967],[-123.00291821692,49.3377414075],[-123.0022437868,49.33888377684],[-123.00209237349,49.33967537203],[-123.00196851901,49.33999025563],[-123.00151431914,49.34050289783],[-123.0014729809,49.34070085671],[-123.00151423903,49.34104261818],[-123.00169321116,49.34159139128],[-123.00223020767,49.34241891708],[-123.00232650333,49.34273372057],[-123.00217521019,49.34382213391],[-123.00250567574,49.34438881223],[-123.00269838723,49.34494647786],[-123.00265708905,49.34519839276],[-123.00239556061,49.34553122164],[-123.00132168776,49.34633174941],[-123.00104633986,49.34637677284],[-123.00093618467,49.346592677],[-123.00121161269,49.34659259688],[-123.00206509506,49.34676351767],[-123.00243681874,49.34679944829],[-123.00355210994,49.34671849425],[-123.00408902634,49.34679940824],[-123.00461232355,49.34701527234],[-123.00494266893,49.34732110319],[-123.00554852245,49.34836453316],[-123.00554864262,49.34889524081],[-123.005245816,49.34938997778],[-123.00516313953,49.34985771672],[-123.00505306446,49.35012749679],[-123.00446115058,49.35071228062],[-123.00404804861,49.35123397557],[-123.0025748532,49.35264628521],[-123.00223064829,49.35345582567],[-123.0022307284,49.35411243069],[-123.00231336482,49.3543283749],[-123.00272650685,49.35475109042],[-123.00382813881,49.35538971009],[-123.00400715099,49.35561454684],[-123.00411734624,49.35611833657],[-123.00411738629,49.35662208624],[-123.00404848923,49.3567569963],[-123.00367668544,49.35710777046],[-123.00313976904,49.35749459542],[-123.0029470175,49.3575935348],[-123.00232718429,49.35771045952],[-123.00126701074,49.35770152694],[-123.00067473635,49.3580613138],[-122.99999998578,49.3592666118],[-122.99961444263,49.359896379],[-122.99916000242,49.36085873475],[-122.99902216824,49.36131750105],[-122.99902228841,49.36156937589],[-122.99999994572,49.36343143913],[-123.00060595946,49.36381810386],[-123.00126717096,49.36402503538],[-123.0020796756,49.36438478218],[-123.00261679228,49.3645107196],[-123.00301619495,49.36472662376],[-123.00363606822,49.36534733821],[-123.00385649876,49.36571597755],[-123.00389775688,49.36606687188],[-123.00378768181,49.36661556487],[-123.0030989916,49.36768595281],[-123.00250683738,49.36807277776],[-123.00118461466,49.36816278456],[-123.00061977893,49.36841469945],[-123.0004271075,49.36871147755],[-123.00019281743,49.36976392021],[-123.00012400048,49.37034850376],[-123.00019285749,49.37116709698],[-123.00012396043,49.37167981929],[-122.99975199641,49.372813216],[-122.99929739598,49.37364078186],[-122.99904952679,49.37396455799],[-122.99851216977,49.37426137614],[-122.99779584062,49.37460317767],[-122.99636326243,49.37510688728],[-122.99583964476,49.37531373869],[-122.99506827808,49.37556553342],[-122.99447592358,49.37572744151],[-122.99377321361,49.37605121764],[-122.99331857312,49.37641997714],[-122.99272609846,49.3770136535],[-122.99154122924,49.37797600925],[-122.99122434281,49.37829085279],[-122.99112776676,49.37864162696],[-122.99130677895,49.37909142062],[-122.99235361371,49.38060262958],[-122.99253270601,49.38106135583],[-122.99264274103,49.3820418972],[-122.99273919691,49.38233867529],[-122.99362075884,49.38331921666],[-122.99386878826,49.38380498099],[-122.99407535927,49.38446154595],[-122.99435074723,49.38558592996],[-122.9947778289,49.38668339605],[-122.99488790397,49.38759195601],[-122.99475002974,49.38791569209],[-122.9944330632,49.38834746035],[-122.99436424625,49.38853636648],[-122.99370275435,49.38921992947],[-122.99282071175,49.38997551393],[-122.99202138567,49.39043416006],[-122.99140127207,49.39066796944],[-122.9909464313,49.39073093815],[-122.98912750883,49.39064081118],[-122.98860397128,49.3905957477],[-122.98779094591,49.39062270568],[-122.9871293739,49.39076650826],[-122.98628874964,49.3911532531],[-122.98576497175,49.3915849012],[-122.98535146922,49.39202560205],[-122.98496556557,49.3923404456],[-122.98464839875,49.39278110639],[-122.98462075981,49.39309586983],[-122.98471717564,49.3933028414],[-122.98493756612,49.39341984624],[-122.98555763967,49.3936267377],[-122.98646708087,49.39407665153],[-122.9874177802,49.39478733273],[-122.98805151299,49.39539903448],[-122.98821690599,49.39569593275],[-122.98829950235,49.39597476556],[-122.988258084,49.39610967562],[-122.98829926201,49.39674829529],[-122.98823036495,49.39707215154],[-122.98721024783,49.39819641538],[-122.98700339642,49.39855616218],[-122.98704461449,49.39889804382],[-122.98718240861,49.39924885804],[-122.98718228844,49.39959065956],[-122.98707193298,49.39979751097],[-122.98676858563,49.40015725778],[-122.98547267998,49.40139840628],[-122.9853348458,49.40148833297],[-122.98508657604,49.40190207584],[-122.98522441022,49.40217201613],[-122.98603731543,49.40276573255],[-122.98610621249,49.40295463867],[-122.98610609232,49.40345834829],[-122.98603699497,49.40402502662],[-122.98576132662,49.40436678808],[-122.98540274145,49.40455565415],[-122.98453435809,49.40487033747],[-122.98396916185,49.40498722214],[-122.98316955538,49.40532894355],[-122.9829214859,49.40547278619],[-122.98187364973,49.40585937081],[-122.98134983179,49.40600325351],[-122.98089479073,49.40627303357],[-122.98055006509,49.40655182632],[-122.98048104786,49.40680362105],[-122.98066022027,49.40695663661],[-122.9816663577,49.40729859836],[-122.98212119847,49.40762249466],[-122.98257587902,49.40800927956],[-122.98272737244,49.40851306929],[-122.98272729233,49.40884193258],[-122.98230025072,49.40884101129],[-122.97046698023,49.40898225026],[-122.94872218657,49.41047783722]]]]},"properties":{"a": "32.77921", "q": "00000", "t": "CT", "dw": "2677", "hh": "2610", "id": "9330111.02", "pop": "7358", "rgid": "59", "rpid": "59933", "ruid": "5915046", "rguid": "5915"}},{"type":"Feature","geometry":{"type":"MultiPolygon","coordinates":[[[[-122.98272729233,49.40884193258],[-122.98272737244,49.40851306929],[-122.98257587902,49.40800927956],[-122.98212119847,49.40762249466],[-122.9816663577,49.40729859836],[-122.98066022027,49.40695663661],[-122.98048104786,49.40680362105],[-122.98055006509,49.40655182632],[-122.98089479073,49.40627303357],[-122.98134983179,49.40600325351],[-122.98187364973,49.40585937081],[-122.9829214859,49.40547278619],[-122.98316955538,49.40532894355],[-122.98396916185,49.40498722214],[-122.98453435809,49.40487033747],[-122.98540274145,49.40455565415],[-122.98576132662,49.40436678808],[-122.98603699497,49.40402502662],[-122.98610609232,49.40345834829],[-122.98610621249,49.40295463867],[-122.98603731543,49.40276573255],[-122.98522441022,49.40217201613],[-122.98508657604,49.40190207584],[-122.9853348458,49.40148833297],[-122.98547267998,49.40139840628],[-122.98676858563,49.40015725778],[-122.98707193298,49.39979751097],[-122.98718228844,49.39959065956],[-122.98718240861,49.39924885804],[-122.98704461449,49.39889804382],[-122.98700339642,49.39855616218],[-122.98721024783,49.39819641538],[-122.98823036495,49.39707215154],[-122.98829926201,49.39674829529],[-122.988258084,49.39610967562],[-122.98829950235,49.39597476556],[-122.98821690599,49.39569593275],[-122.98805151299,49.39539903448],[-122.9874177802,49.39478733273],[-122.98646708087,49.39407665153],[-122.98555763967,49.3936267377],[-122.98493756612,49.39341984624],[-122.98471717564,49.3933028414],[-122.98462075981,49.39309586983],[-122.98464839875,49.39278110639],[-122.98496556557,49.3923404456],[-122.98535146922,49.39202560205],[-122.98576497175,49.3915849012],[-122.98628874964,49.3911532531],[-122.9871293739,49.39076650826],[-122.98779094591,49.39062270568],[-122.98860397128,49.3905957477],[-122.98912750883,49.39064081118],[-122.9909464313,49.39073093815],[-122.99140127207,49.39066796944],[-122.99202138567,49.39043416006],[-122.99282071175,49.38997551393],[-122.99370275435,49.38921992947],[-122.99436424625,49.38853636648],[-122.9944330632,49.38834746035],[-122.99475002974,49.38791569209],[-122.99488790397,49.38759195601],[-122.9947778289,49.38668339605],[-122.99435074723,49.38558592996],[-122.99407535927,49.38446154595],[-122.99386878826,49.38380498099],[-122.99362075884,49.38331921666],[-122.99273919691,49.38233867529],[-122.99264274103,49.3820418972],[-122.99253270601,49.38106135583],[-122.99235361371,49.38060262958],[-122.99130677895,49.37909142062],[-122.99112776676,49.37864162696],[-122.99122434281,49.37829085279],[-122.99154122924,49.37797600925],[-122.99272609846,49.3770136535],[-122.99331857312,49.37641997714],[-122.99377321361,49.37605121764],[-122.99447592358,49.37572744151],[-122.99506827808,49.37556553342],[-122.99583964476,49.37531373869],[-122.99636326243,49.37510688728],[-122.99779584062,49.37460317767],[-122.99851216977,49.37426137614],[-122.99904952679,49.37396455799],[-122.99929739598,49.37364078186],[-122.99975199641,49.372813216],[-123.00012396043,49.37167981929],[-123.00019285749,49.37116709698],[-123.00012400048,49.37034850376],[-123.00019281743,49.36976392021],[-123.0004271075,49.36871147755],[-123.00061977893,49.36841469945],[-123.00118461466,49.36816278456],[-123.00250683738,49.36807277776],[-123.0030989916,49.36768595281],[-123.00378768181,49.36661556487],[-123.00389775688,49.36606687188],[-123.00385649876,49.36571597755],[-123.00363606822,49.36534733821],[-123.00301619495,49.36472662376],[-123.00261679228,49.3645107196],[-123.0020796756,49.36438478218],[-123.00126717096,49.36402503538],[-123.00060595946,49.36381810386],[-122.99999994572,49.36343143913],[-122.99902228841,49.36156937589],[-122.99902216824,49.36131750105],[-122.99916000242,49.36085873475],[-122.99961444263,49.359896379],[-122.99999998578,49.3592666118],[-123.00067473635,49.3580613138],[-123.00126701074,49.35770152694],[-123.00232718429,49.35771045952],[-123.0029470175,49.3575935348],[-123.00313976904,49.35749459542],[-123.00367668544,49.35710777046],[-123.00404848923,49.3567569963],[-123.00411738629,49.35662208624],[-123.00411734624,49.35611833657],[-123.00400715099,49.35561454684],[-123.00382813881,49.35538971009],[-123.00272650685,49.35475109042],[-123.00231336482,49.3543283749],[-123.0022307284,49.35411243069],[-123.00223064829,49.35345582567],[-123.0025748532,49.35264628521],[-123.00404804861,49.35123397557],[-123.00446115058,49.35071228062],[-123.00505306446,49.35012749679],[-123.00516313953,49.34985771672],[-123.005245816,49.34938997778],[-123.00554864262,49.34889524081],[-123.00554852245,49.34836453316],[-123.00494266893,49.34732110319],[-123.00461232355,49.34701527234],[-123.00408902634,49.34679940824],[-123.00355210994,49.34671849425],[-123.00243681874,49.34679944829],[-123.00206509506,49.34676351767],[-123.00121161269,49.34659259688],[-123.00093618467,49.346592677],[-123.00104633986,49.34637677284],[-123.00132168776,49.34633174941],[-123.00239556061,49.34553122164],[-123.00265708905,49.34519839276],[-123.00269838723,49.34494647786],[-123.00250567574,49.34438881223],[-123.00217521019,49.34382213391],[-123.00232650333,49.34273372057],[-123.00223020767,49.34241891708],[-123.00169321116,49.34159139128],[-123.00151423903,49.34104261818],[-123.0014729809,49.34070085671],[-123.00151431914,49.34050289783],[-123.00196851901,49.33999025563],[-123.00209237349,49.33967537203],[-123.0022437868,49.33888377684],[-123.00291821692,49.3377414075],[-123.00302833205,49.33694083967],[-123.00326230166,49.33616722982],[-123.003661464,49.3356005515],[-123.00445954832,49.33309089594],[-123.00458340281,49.33283000841],[-123.00506492116,49.33145374956],[-123.005202515,49.33127389619],[-123.00569801305,49.33099506337],[-123.00613851362,49.33084200775],[-123.00703305383,49.33059013291],[-123.00843679139,49.33008638324],[-123.00912488076,49.32976244688],[-123.00937246955,49.32948357401],[-123.00952388286,49.32902476766],[-123.01032192713,49.32821522719],[-123.01180782043,49.3263260858],[-123.01212434635,49.32598424422],[-123.01288089215,49.32477886611],[-123.01343114734,49.3240681048],[-123.01425634987,49.32233197898],[-123.0144212622,49.32176522054],[-123.01439346304,49.32079381204],[-123.0142558692,49.32050592647],[-123.01395292241,49.32013720703],[-123.01377819626,49.32001098921],[-123.01357875529,49.3196405874],[-123.0122685495,49.31882527881],[-123.01203986733,49.31859924037],[-123.01162692559,49.31776278198],[-123.01144787334,49.31702514281],[-123.01144767306,49.31638648308],[-123.01158522684,49.31584680279],[-123.01195663007,49.3153519857],[-123.01236921131,49.31502816951],[-123.01327721048,49.31444338568],[-123.01452913417,49.3139125178],[-123.01546465211,49.31366048274],[-123.01693656571,49.31303067548],[-123.01726667076,49.31278773323],[-123.01773428953,49.3122839435],[-123.0183669408,49.31175311568],[-123.01965828001,49.31109839332],[-123.02092534503,49.31042143964],[-123.0212967082,49.31007951794],[-123.02146158047,49.30967470765],[-123.02151649783,49.30939587484],[-123.02144728032,49.30853237836],[-123.0211027149,49.30680534535],[-123.02110239445,49.30615775303],[-123.02128112625,49.30587884011],[-123.02167992807,49.30568985387],[-123.02227140133,49.30551881291],[-123.02236769699,49.3054378188],[-123.02267000287,49.30479911902],[-123.02465035275,49.30376426113],[-123.02521414701,49.30333233263],[-123.02547515472,49.302855581],[-123.02544743567,49.30230692806],[-123.02518582712,49.30190215783],[-123.02452529657,49.30132666709],[-123.02360347793,49.30076010893],[-123.02339706714,49.30048135623],[-123.02339682681,49.29995954111],[-123.02332792974,49.29967173565],[-123.02266731909,49.29906019413],[-123.02262614108,49.29893429676],[-123.02281877245,49.29882710576],[-123.02289095414,49.29782541459],[-123.02452341392,49.29786314775],[-123.0248680194,49.29815175433],[-123.0249088369,49.29859165406],[-123.02486870035,49.29955501121],[-123.02493727696,49.29971647869],[-123.02526782263,49.29985174925],[-123.0255148907,49.29972521099],[-123.02554232935,49.29943756576],[-123.0256389054,49.29935693216],[-123.02584539631,49.2995278129],[-123.02715207713,49.29954543773],[-123.02713905879,49.30163197721],[-123.02830822589,49.3016316167],[-123.02847237715,49.29959903323],[-123.02984787492,49.29965274891],[-123.02994228793,49.29729530779],[-123.03859083184,49.29824100006],[-123.0383831793,49.30146874725],[-123.03823068447,49.30539968508],[-123.03822972311,49.30735732297],[-123.03811524183,49.30970991726],[-123.03565397445,49.31075442874],[-123.03491373161,49.31108914028],[-123.03418686761,49.31168550042],[-123.03362075008,49.31246079264],[-123.0334863207,49.31323251983],[-123.0333704775,49.31373326527],[-123.03326961541,49.31396226789],[-123.03302370898,49.31452025397],[-123.03298176989,49.31524010809],[-123.03280283782,49.3166737678],[-123.03140707149,49.31828692038],[-123.03060598293,49.31954573377],[-123.02987647521,49.32023105924],[-123.02916335058,49.32102818222],[-123.02853875065,49.32211767708],[-123.0283449977,49.32274347869],[-123.02815521033,49.32361282341],[-123.02773201414,49.32412274177],[-123.02707480828,49.32454778056],[-123.02528957327,49.32561071801],[-123.02391868199,49.32647581674],[-123.02333365782,49.32705547335],[-123.0230149288,49.32730458429],[-123.02308170286,49.32779066908],[-123.02374055104,49.32828588673],[-123.02442563617,49.32885649059],[-123.02445920346,49.32935022616],[-123.02416554977,49.33018484195],[-123.02385903796,49.33080103002],[-123.02325290405,49.33147261614],[-123.02324256949,49.33224995123],[-123.02238604283,49.33257781312],[-123.02121587432,49.33305408408],[-123.01965968199,49.33393905081],[-123.01925587311,49.33463807558],[-123.01761944774,49.33514935586],[-123.01681495439,49.3354492183],[-123.01638867385,49.33571186832],[-123.01576367336,49.33594271353],[-123.0151538142,49.33650414446],[-123.0146648053,49.33722540055],[-123.01475737571,49.33875535593],[-123.01488928154,49.3396851458],[-123.01601410617,49.34058625526],[-123.01611809266,49.34111808449],[-123.015947973,49.34150218561],[-123.01638675114,49.34295403094],[-123.01741135458,49.34371386138],[-123.01868194457,49.3442605916],[-123.01937283789,49.34451943626],[-123.01983400757,49.34539707265],[-123.02042279705,49.34679844688],[-123.02059147468,49.34746446516],[-123.02046201229,49.34851847002],[-123.02013110612,49.34941741644],[-123.0199544172,49.34971904136],[-123.01965615702,49.35008563782],[-123.01914375516,49.35092686292],[-123.01897167273,49.35135903175],[-123.01901361181,49.35166762649],[-123.02125132426,49.35391106701],[-123.02169739267,49.35438665701],[-123.02274090275,49.35590399461],[-123.02320395509,49.3562324974],[-123.02425391425,49.35643498265],[-123.02489217342,49.35699629342],[-123.0269843208,49.35999996493],[-123.02741160275,49.36076211864],[-123.02785650952,49.36166034404],[-123.02948688637,49.36216513519],[-123.03015410634,49.36270661802],[-123.0306671491,49.36353694777],[-123.03174002054,49.36415269522],[-123.03284926322,49.36592114658],[-123.03285655349,49.3664849809],[-123.03296943251,49.36703583694],[-123.03332525379,49.36748983652],[-123.03401518575,49.36815076763],[-123.03501984109,49.37000522015],[-123.0350476002,49.37161640996],[-123.03508076692,49.37195324449],[-123.03638600572,49.37377156611],[-123.03628117804,49.37527772796],[-123.03666764248,49.37657451485],[-123.03656065176,49.37684517615],[-123.03575784077,49.37783797479],[-123.0358355903,49.37831088101],[-123.03700331537,49.3796494067],[-123.0373143135,49.38022613919],[-123.03723920769,49.38052648231],[-123.03615680282,49.38165995913],[-123.03601876836,49.38215585774],[-123.03669656323,49.38341114617],[-123.03740051494,49.38386122022],[-123.03755144757,49.38503591511],[-123.037413333,49.38562750854],[-123.03697219153,49.38688592137],[-123.03646816146,49.38754621157],[-123.03574434175,49.38819116016],[-123.03556196483,49.38867564269],[-123.03569795641,49.38973189071],[-123.03524003129,49.39099863528],[-123.03536188295,49.39382153212],[-123.03509006001,49.39492400527],[-123.03386954057,49.39618578284],[-123.03415137762,49.39709041727],[-123.03484631663,49.39815103144],[-123.03561527993,49.39879549936],[-123.03576276771,49.39932973197],[-123.03546230442,49.39989496827],[-123.03455606774,49.40062699954],[-123.03384758965,49.40098754747],[-123.03350698981,49.40129113516],[-123.03506021797,49.40254562246],[-123.03488601256,49.4030401191],[-123.034817476,49.40355288147],[-123.03463878426,49.4042725353],[-123.03422572235,49.40497424386],[-123.03411584756,49.40542399746],[-123.03411616801,49.40595474517],[-123.03425432264,49.4063505027],[-123.03433735962,49.40689014294],[-123.03426910347,49.40768778664],[-123.00000006589,49.40847020891],[-122.98596797774,49.40878717544],[-122.98272729233,49.40884193258]]]]},"properties":{"a": "24.43374", "q": "00010", "t": "CT", "dw": "1539", "hh": "1478", "id": "9330111.03", "pop": "3897", "rgid": "59", "rpid": "59933", "ruid": "5915046", "rguid": "5915"}},{"type":"Feature","geometry":{"type":"MultiPolygon","coordinates":[[[[-123.04157219192,49.32077798975],[-123.04097911641,49.31995771416],[-123.03872694359,49.31708042068],[-123.0377901839,49.31598700029],[-123.03710389707,49.31552671185],[-123.03326961541,49.31396226789],[-123.0333704775,49.31373326527],[-123.0334863207,49.31323251983],[-123.03362075008,49.31246079264],[-123.03418686761,49.31168550042],[-123.03491373161,49.31108914028],[-123.03565397445,49.31075442874],[-123.03811524183,49.30970991726],[-123.03809028668,49.31044026616],[-123.03815405651,49.3118672765],[-123.0382760684,49.31345735658],[-123.04032615653,49.31349256618],[-123.04065241616,49.31348515574],[-123.04314660993,49.31352761556],[-123.04588466725,49.31355345196],[-123.04878775707,49.31359723364],[-123.04961319994,49.31358794054],[-123.05419485449,49.31362186834],[-123.05466263349,49.31363056059],[-123.05462361853,49.31569050259],[-123.05462602191,49.31781337325],[-123.05457434912,49.32087176185],[-123.05229177347,49.32086799655],[-123.05171219697,49.32083711304],[-123.05051495031,49.32084660642],[-123.04835310474,49.32079962022],[-123.04602370313,49.32078231584],[-123.0446665512,49.3207035649],[-123.04157219192,49.32077798975]]]]},"properties":{"a": "1.06268", "q": "01000", "t": "CT", "dw": "1097", "hh": "1047", "id": "9330112.00", "pop": "2593", "rgid": "59", "rpid": "59933", "ruid": "5915046", "rguid": "5915"}},{"type":"Feature","geometry":{"type":"MultiPolygon","coordinates":[[[[-123.03822583764,49.33630189954],[-123.02996600134,49.33606448508],[-123.0275570877,49.33601108986],[-123.02301460834,49.33586824862],[-123.02253288971,49.33593121733],[-123.02225678073,49.33586756766],[-123.02159665075,49.33586564496],[-123.01818059828,49.33574567595],[-123.01638867385,49.33571186832],[-123.01681495439,49.3354492183],[-123.01761944774,49.33514935586],[-123.01925587311,49.33463807558],[-123.01965968199,49.33393905081],[-123.02121587432,49.33305408408],[-123.02238604283,49.33257781312],[-123.02324256949,49.33224995123],[-123.02325290405,49.33147261614],[-123.02385903796,49.33080103002],[-123.02416554977,49.33018484195],[-123.02445920346,49.32935022616],[-123.02442563617,49.32885649059],[-123.02374055104,49.32828588673],[-123.02308170286,49.32779066908],[-123.0230149288,49.32730458429],[-123.02333365782,49.32705547335],[-123.02391868199,49.32647581674],[-123.02528957327,49.32561071801],[-123.02707480828,49.32454778056],[-123.02773201414,49.32412274177],[-123.02815521033,49.32361282341],[-123.0283449977,49.32274347869],[-123.02853875065,49.32211767708],[-123.02916335058,49.32102818222],[-123.02987647521,49.32023105924],[-123.03060598293,49.31954573377],[-123.03140707149,49.31828692038],[-123.03280283782,49.3166737678],[-123.03298176989,49.31524010809],[-123.03302370898,49.31452025397],[-123.03326961541,49.31396226789],[-123.03710389707,49.31552671185],[-123.0377901839,49.31598700029],[-123.03872694359,49.31708042068],[-123.04097911641,49.31995771416],[-123.04157219192,49.32077798975],[-123.04107392998,49.32081680443],[-123.04067701081,49.3218309932],[-123.04081480493,49.3229079504],[-123.04109159486,49.32398066161],[-123.04077146387,49.32518936441],[-123.04074582775,49.32613113116],[-123.04056721613,49.32701926234],[-123.04355258186,49.32699010126],[-123.04603780299,49.32697459942],[-123.04733418931,49.32687602054],[-123.04770134656,49.32693342141],[-123.04893063836,49.32693322112],[-123.05101181028,49.32721193377],[-123.05346218232,49.32727273943],[-123.05350404129,49.32745968279],[-123.05341331347,49.32779868037],[-123.05324251285,49.32925889749],[-123.05088903732,49.33035612324],[-123.04886037938,49.33150650388],[-123.04769117223,49.33224458367],[-123.04580595637,49.33329906921],[-123.04394930075,49.33419801563],[-123.0418031573,49.33539518218],[-123.04000061792,49.33634031366],[-123.03822583764,49.33630189954]]]]},"properties":{"a": "2.99053", "q": "00000", "t": "CT", "dw": "2803", "hh": "2699", "id": "9330113.00", "pop": "7189", "rgid": "59", "rpid": "59933", "ruid": "5915046", "rguid": "5915"}},{"type":"Feature","geometry":{"type":"MultiPolygon","coordinates":[[[[-123.01638867385,49.33571186832],[-123.01818059828,49.33574567595],[-123.02159665075,49.33586564496],[-123.02225678073,49.33586756766],[-123.02253288971,49.33593121733],[-123.02301460834,49.33586824862],[-123.0275570877,49.33601108986],[-123.02996600134,49.33606448508],[-123.03822583764,49.33630189954],[-123.03816999897,49.33703381065],[-123.03815750137,49.33807700027],[-123.03802199046,49.34078457465],[-123.0379951126,49.34161214051],[-123.0378182234,49.34439165624],[-123.03776458784,49.34625359931],[-123.03771027132,49.34717109186],[-123.03771103239,49.34812463519],[-123.03761585831,49.34980672489],[-123.03757259737,49.35080697402],[-123.03756238298,49.35178563274],[-123.0374924845,49.35242429247],[-123.03748070791,49.35406640585],[-123.03712520709,49.354612375],[-123.03703015318,49.3549873833],[-123.03714066887,49.35604515347],[-123.03704008718,49.35633347966],[-123.03683796243,49.35663466396],[-123.0360187283,49.35748866706],[-123.03571253695,49.35798941251],[-123.0355337651,49.35854651734],[-123.03507267552,49.36974725674],[-123.03501984109,49.37000522015],[-123.03401518575,49.36815076763],[-123.03332525379,49.36748983652],[-123.03296943251,49.36703583694],[-123.03285655349,49.3664849809],[-123.03284926322,49.36592114658],[-123.03174002054,49.36415269522],[-123.0306671491,49.36353694777],[-123.03015410634,49.36270661802],[-123.02948688637,49.36216513519],[-123.02785650952,49.36166034404],[-123.02741160275,49.36076211864],[-123.0269843208,49.35999996493],[-123.02489217342,49.35699629342],[-123.02425391425,49.35643498265],[-123.02320395509,49.3562324974],[-123.02274090275,49.35590399461],[-123.02169739267,49.35438665701],[-123.02125132426,49.35391106701],[-123.01901361181,49.35166762649],[-123.01897167273,49.35135903175],[-123.01914375516,49.35092686292],[-123.01965615702,49.35008563782],[-123.0199544172,49.34971904136],[-123.02013110612,49.34941741644],[-123.02046201229,49.34851847002],[-123.02059147468,49.34746446516],[-123.02042279705,49.34679844688],[-123.01983400757,49.34539707265],[-123.01937283789,49.34451943626],[-123.01868194457,49.3442605916],[-123.01741135458,49.34371386138],[-123.01638675114,49.34295403094],[-123.015947973,49.34150218561],[-123.01611809266,49.34111808449],[-123.01601410617,49.34058625526],[-123.01488928154,49.3396851458],[-123.01475737571,49.33875535593],[-123.0146648053,49.33722540055],[-123.0151538142,49.33650414446],[-123.01576367336,49.33594271353],[-123.01638867385,49.33571186832]]]]},"properties":{"a": "3.76711", "q": "00010", "t": "CT", "dw": "2750", "hh": "2655", "id": "9330114.00", "pop": "8064", "rgid": "59", "rpid": "59933", "ruid": "5915046", "rguid": "5915"}},{"type":"Feature","geometry":{"type":"MultiPolygon","coordinates":[[[[-123.03426910347,49.40768778664],[-123.03433735962,49.40689014294],[-123.03425432264,49.4063505027],[-123.03411616801,49.40595474517],[-123.03411584756,49.40542399746],[-123.03422572235,49.40497424386],[-123.03463878426,49.4042725353],[-123.034817476,49.40355288147],[-123.03488601256,49.4030401191],[-123.03506021797,49.40254562246],[-123.03350698981,49.40129113516],[-123.03384758965,49.40098754747],[-123.03455606774,49.40062699954],[-123.03546230442,49.39989496827],[-123.03576276771,49.39932973197],[-123.03561527993,49.39879549936],[-123.03484631663,49.39815103144],[-123.03415137762,49.39709041727],[-123.03386954057,49.39618578284],[-123.03509006001,49.39492400527],[-123.03536188295,49.39382153212],[-123.03524003129,49.39099863528],[-123.03569795641,49.38973189071],[-123.03556196483,49.38867564269],[-123.03574434175,49.38819116016],[-123.03646816146,49.38754621157],[-123.03697219153,49.38688592137],[-123.037413333,49.38562750854],[-123.03755144757,49.38503591511],[-123.03740051494,49.38386122022],[-123.03669656323,49.38341114617],[-123.03601876836,49.38215585774],[-123.03615680282,49.38165995913],[-123.03723920769,49.38052648231],[-123.0373143135,49.38022613919],[-123.03700331537,49.3796494067],[-123.0358355903,49.37831088101],[-123.03575784077,49.37783797479],[-123.03656065176,49.37684517615],[-123.03666764248,49.37657451485],[-123.03628117804,49.37527772796],[-123.03638600572,49.37377156611],[-123.03508076692,49.37195324449],[-123.0350476002,49.37161640996],[-123.03501984109,49.37000522015],[-123.03507267552,49.36974725674],[-123.0355337651,49.35854651734],[-123.03571253695,49.35798941251],[-123.0360187283,49.35748866706],[-123.03683796243,49.35663466396],[-123.03704008718,49.35633347966],[-123.03714066887,49.35604515347],[-123.03703015318,49.3549873833],[-123.03712520709,49.354612375],[-123.03748070791,49.35406640585],[-123.0374924845,49.35242429247],[-123.03756238298,49.35178563274],[-123.03757259737,49.35080697402],[-123.03761585831,49.34980672489],[-123.03771103239,49.34812463519],[-123.03771027132,49.34717109186],[-123.03776458784,49.34625359931],[-123.0378182234,49.34439165624],[-123.0379951126,49.34161214051],[-123.03802199046,49.34078457465],[-123.03815750137,49.33807700027],[-123.03816999897,49.33703381065],[-123.03822583764,49.33630189954],[-123.04000061792,49.33634031366],[-123.0418031573,49.33539518218],[-123.04394930075,49.33419801563],[-123.04580595637,49.33329906921],[-123.04769117223,49.33224458367],[-123.04886037938,49.33150650388],[-123.05088903732,49.33035612324],[-123.05324251285,49.32925889749],[-123.05304271137,49.33127237404],[-123.05313884681,49.33155633408],[-123.05314465499,49.33230050245],[-123.05309726823,49.33312530442],[-123.05290531782,49.33554767701],[-123.05101080887,49.33551723412],[-123.05140248065,49.34060844653],[-123.05352443001,49.34277385712],[-123.05310572014,49.34278595416],[-123.05192906249,49.34290460131],[-123.05130570431,49.34299336636],[-123.0504282682,49.34320498448],[-123.04954470344,49.34352167062],[-123.04841803622,49.34353312676],[-123.04596021368,49.34351161646],[-123.04599269945,49.34381103828],[-123.04592492397,49.34396337288],[-123.04611435083,49.34406251255],[-123.04659286495,49.34420150836],[-123.04694444024,49.34440992197],[-123.04756259108,49.3447097043],[-123.04829702574,49.34502851343],[-123.04888489392,49.34540560467],[-123.0496406386,49.34617348645],[-123.0498387577,49.34661739182],[-123.04989203276,49.34700686049],[-123.05013605653,49.34749206404],[-123.0480229997,49.34752975714],[-123.04679234598,49.34746795007],[-123.04658120853,49.34759825364],[-123.04493673182,49.3481648919],[-123.04350771865,49.34813569077],[-123.04311043897,49.35728405882],[-123.0426098137,49.3574963579],[-123.04267033897,49.35884029121],[-123.04283613254,49.3605612757],[-123.04287302451,49.36208802656],[-123.04291039716,49.37759022576],[-123.04292974442,49.38565807159],[-123.04290967614,49.39474619477],[-123.0428813963,49.40755431862],[-123.03426910347,49.40768778664]]]]},"properties":{"a": "4.96028", "q": "00010", "t": "CT", "dw": "1982", "hh": "1915", "id": "9330115.00", "pop": "5424", "rgid": "59", "rpid": "59933", "ruid": "5915046", "rguid": "5915"}},{"type":"Feature","geometry":{"type":"MultiPolygon","coordinates":[[[[-123.0428813963,49.40755431862],[-123.04290967614,49.39474619477],[-123.04292974442,49.38565807159],[-123.04291039716,49.37759022576],[-123.04287302451,49.36208802656],[-123.04283613254,49.3605612757],[-123.04267033897,49.35884029121],[-123.0426098137,49.3574963579],[-123.04311043897,49.35728405882],[-123.04350771865,49.34813569077],[-123.04493673182,49.3481648919],[-123.04658120853,49.34759825364],[-123.04679234598,49.34746795007],[-123.0480229997,49.34752975714],[-123.05013605653,49.34749206404],[-123.04989203276,49.34700686049],[-123.0498387577,49.34661739182],[-123.0496406386,49.34617348645],[-123.04888489392,49.34540560467],[-123.04829702574,49.34502851343],[-123.04756259108,49.3447097043],[-123.04694444024,49.34440992197],[-123.04659286495,49.34420150836],[-123.04611435083,49.34406251255],[-123.04592492397,49.34396337288],[-123.04599269945,49.34381103828],[-123.04596021368,49.34351161646],[-123.04841803622,49.34353312676],[-123.04954470344,49.34352167062],[-123.0504282682,49.34320498448],[-123.05130570431,49.34299336636],[-123.05192906249,49.34290460131],[-123.05310572014,49.34278595416],[-123.05352443001,49.34277385712],[-123.05140248065,49.34060844653],[-123.05101080887,49.33551723412],[-123.05290531782,49.33554767701],[-123.05462321796,49.33556205727],[-123.05605179051,49.3356045972],[-123.05709469974,49.33557026884],[-123.05852900035,49.33560371596],[-123.05907785357,49.3355585323],[-123.05925398169,49.33558569056],[-123.06079847755,49.33561160707],[-123.06156984424,49.33558717265],[-123.06306963712,49.33562843077],[-123.0635239171,49.33560111229],[-123.06488663687,49.33563636195],[-123.06613920146,49.33560872301],[-123.06686878929,49.33565326576],[-123.06887838037,49.33565210412],[-123.07054404693,49.33566904799],[-123.07216821503,49.33566804658],[-123.07214325987,49.33741306493],[-123.072052492,49.34146990013],[-123.07197422173,49.34424048327],[-123.07196316616,49.3451130325],[-123.07206979637,49.34532773497],[-123.07230897332,49.34543724925],[-123.07333397733,49.34549340837],[-123.07323267461,49.34575321438],[-123.07324164726,49.34626345319],[-123.07339025661,49.34776060235],[-123.0733450329,49.3495507643],[-123.07354884002,49.35015517578],[-123.07394339587,49.35077456837],[-123.07426232517,49.35118907231],[-123.07519035255,49.35177377603],[-123.07631000991,49.35253116303],[-123.07615907728,49.35296301141],[-123.07720747424,49.35314847268],[-123.07756417675,49.35374002605],[-123.07810069259,49.35478802245],[-123.07854531897,49.35517673005],[-123.07891407847,49.35556063088],[-123.07947038218,49.35595062029],[-123.0801678047,49.35628224748],[-123.07993784073,49.35661251275],[-123.07955285837,49.35692755658],[-123.07832805289,49.357468038],[-123.07776421857,49.35788226155],[-123.07718688523,49.35862022118],[-123.0767192264,49.35893542523],[-123.07524647162,49.35945808154],[-123.07494372511,49.35962908244],[-123.07436623155,49.36020517403],[-123.07345811221,49.36075450792],[-123.07307304974,49.36110552242],[-123.07275696444,49.3615735017],[-123.07251001655,49.36223927964],[-123.07242846165,49.36294094814],[-123.07214121699,49.36432633985],[-123.07214229851,49.36499199762],[-123.07188089025,49.36519904931],[-123.07082099709,49.36568545455],[-123.0705164881,49.36612050744],[-123.07023917743,49.36619068631],[-123.0704186703,49.37589023084],[-123.07022599887,49.37887018895],[-123.07020757291,49.38480398838],[-123.07008772407,49.38606812928],[-123.07005627977,49.39824748733],[-123.07003312715,49.40718776222],[-123.0428813963,49.40755431862]]]]},"properties":{"a": "15.96385", "q": "00000", "t": "CT", "dw": "1855", "hh": "1790", "id": "9330116.00", "pop": "5165", "rgid": "59", "rpid": "59933", "ruid": "5915046", "rguid": "5915"}},{"type":"Feature","geometry":{"type":"MultiPolygon","coordinates":[[[[-123.07216821503,49.33566804658],[-123.07521562816,49.33567425533],[-123.07830894597,49.33569296168],[-123.07887025674,49.33571783673],[-123.07971132161,49.33571707565],[-123.08155551968,49.33566488213],[-123.08229892698,49.33562530637],[-123.08459756526,49.33559666602],[-123.08830022149,49.33559390213],[-123.0898702333,49.33564092838],[-123.09110729605,49.33566335998],[-123.09126143319,49.33659903815],[-123.09301045719,49.33663328639],[-123.09394525411,49.33662411347],[-123.09391877681,49.33691167859],[-123.09370038915,49.33792839091],[-123.09345364154,49.33849518941],[-123.09322011254,49.33872931925],[-123.09280885317,49.3396471723],[-123.09235585499,49.34026816715],[-123.09129760415,49.34122251161],[-123.09017093692,49.34244667619],[-123.08926373888,49.34316697093],[-123.08912598481,49.34314017318],[-123.0886447068,49.34345533717],[-123.08863128789,49.34359921987],[-123.08879656073,49.34367104105],[-123.08889417825,49.34439061477],[-123.08867526985,49.34512837412],[-123.0884830791,49.34543436519],[-123.08761753974,49.34649642139],[-123.087288356,49.34718026478],[-123.08722138164,49.3482417602],[-123.08686467913,49.34897066707],[-123.08686519986,49.34924048718],[-123.08694835701,49.34958224865],[-123.08653805899,49.3511117634],[-123.08623591334,49.35157978274],[-123.08574089596,49.35197586073],[-123.08447306987,49.35317775393],[-123.08429746248,49.3533441884],[-123.0833492066,49.35439727196],[-123.08275761317,49.35472152877],[-123.08158772505,49.35501918811],[-123.08110608653,49.35525339806],[-123.08058359045,49.35568556689],[-123.0801678047,49.35628224748],[-123.07947038218,49.35595062029],[-123.07891407847,49.35556063088],[-123.07854531897,49.35517673005],[-123.07810069259,49.35478802245],[-123.07756417675,49.35374002605],[-123.07720747424,49.35314847268],[-123.07615907728,49.35296301141],[-123.07631000991,49.35253116303],[-123.07519035255,49.35177377603],[-123.07426232517,49.35118907231],[-123.07394339587,49.35077456837],[-123.07354884002,49.35015517578],[-123.0733450329,49.3495507643],[-123.07339025661,49.34776060235],[-123.07324164726,49.34626345319],[-123.07323267461,49.34575321438],[-123.07333397733,49.34549340837],[-123.07230897332,49.34543724925],[-123.07206979637,49.34532773497],[-123.07196316616,49.3451130325],[-123.07197422173,49.34424048327],[-123.072052492,49.34146990013],[-123.07214325987,49.33741306493],[-123.07216821503,49.33566804658]]]]},"properties":{"a": "2.42383", "q": "00000", "t": "CT", "dw": "2134", "hh": "2055", "id": "9330117.00", "pop": "5771", "rgid": "59", "rpid": "59933", "ruid": "5915046", "rguid": "5915"}},{"type":"Feature","geometry":{"type":"MultiPolygon","coordinates":[[[[-123.11814442545,49.33261702837],[-123.11757318069,49.33259219338],[-123.11716608718,49.33263889918],[-123.11498401312,49.33266449524],[-123.11417715644,49.33262163486],[-123.11324416205,49.33265832655],[-123.10758759318,49.33265111639],[-123.10477158604,49.3325789347],[-123.10067777876,49.3324465482],[-123.10007200536,49.33246521449],[-123.0939439723,49.33231632474],[-123.09157972159,49.33223036364],[-123.09135356298,49.33081617135],[-123.09337076478,49.33105638977],[-123.09364234738,49.3311085833],[-123.09508121443,49.3311017737],[-123.0981574682,49.33090894205],[-123.09953060264,49.33091739395],[-123.10136642892,49.3309563288],[-123.10192101021,49.33095252344],[-123.10190070159,49.33022485832],[-123.10197628808,49.32982521531],[-123.10241118075,49.328603374],[-123.1024357754,49.3284049745],[-123.10204258147,49.32649504383],[-123.1020474283,49.32578035699],[-123.1020227936,49.32472438936],[-123.10237084392,49.32385268132],[-123.10243777822,49.32309096823],[-123.10243140925,49.32237203541],[-123.10200953492,49.32210790331],[-123.10241831079,49.32168963406],[-123.10243221037,49.32103419068],[-123.10240701488,49.32014073199],[-123.10249670123,49.31816763233],[-123.10249009192,49.3172225409],[-123.10260525415,49.31723251495],[-123.10273980371,49.31575715649],[-123.1029147702,49.31406553337],[-123.10276287621,49.31400224421],[-123.1030453141,49.31086270128],[-123.10391209521,49.31087988549],[-123.1038762447,49.31312060217],[-123.10328461122,49.31313017565],[-123.10324515564,49.31409237118],[-123.1050064369,49.31412685976],[-123.105638968,49.31389264981],[-123.10612048635,49.31390118183],[-123.10624261841,49.31305551047],[-123.10720565511,49.31307261456],[-123.10725824921,49.31214558858],[-123.10726886416,49.31083185783],[-123.1075310335,49.31083249873],[-123.10752013815,49.31217282696],[-123.10791914026,49.31217250651],[-123.10794365479,49.31099360569],[-123.11011795791,49.31106398484],[-123.11015753367,49.31040693921],[-123.11080372401,49.31038795246],[-123.11086096465,49.31107223647],[-123.11379149312,49.31115038656],[-123.11371322285,49.31323660559],[-123.11328762328,49.31345343105],[-123.11291553909,49.31343504515],[-123.11293084065,49.31381373864],[-123.11343939709,49.3136153792],[-123.11424993897,49.31305687238],[-123.11449732749,49.31295769266],[-123.11482743253,49.31292124131],[-123.11533602903,49.31294715782],[-123.11563953661,49.31304645771],[-123.11577841225,49.31361305593],[-123.11586100861,49.31379242862],[-123.11619171451,49.31386441003],[-123.11641146409,49.31366641109],[-123.11675386646,49.31300043287],[-123.11668416827,49.31264060596],[-123.1162144265,49.31180458819],[-123.11556671402,49.31132851751],[-123.11530438445,49.31121107206],[-123.11480900657,49.31089747026],[-123.11469865111,49.31077169307],[-123.11433870402,49.31006065136],[-123.11421416858,49.30949485428],[-123.11428130315,49.30907125752],[-123.11450137319,49.30878393275],[-123.11480343873,49.30875597336],[-123.11604286481,49.30903420533],[-123.11634541103,49.30917744712],[-123.11651124465,49.30942030926],[-123.11666301847,49.30949241084],[-123.11766743347,49.30976964139],[-123.11904537469,49.31047042865],[-123.11927970481,49.31086542511],[-123.11940440048,49.31117125596],[-123.11974844516,49.31133236293],[-123.12014792795,49.31127884754],[-123.12038065581,49.31105292927],[-123.12080745708,49.31109775241],[-123.12098590848,49.31094465673],[-123.12055922738,49.31078338954],[-123.1207652376,49.31055863291],[-123.1255714485,49.31240651617],[-123.12532434038,49.31263163332],[-123.12597417586,49.31291695527],[-123.12376682618,49.31514333175],[-123.12321020202,49.31584528064],[-123.12157245479,49.31741813645],[-123.12030651135,49.31857260284],[-123.12006412989,49.32222550899],[-123.11997308163,49.32398446697],[-123.12127026908,49.32405172172],[-123.12219825641,49.32423622164],[-123.12456963717,49.32493993302],[-123.12426933411,49.33092832936],[-123.11808021499,49.33107653815],[-123.11814442545,49.33261702837]]]]},"properties":{"a": "3.55633", "q": "01010", "t": "CT", "dw": "3425", "hh": "3226", "id": "9330118.00", "pop": "7415", "rgid": "59", "rpid": "59933", "ruid": "5915046", "rguid": "5915"}},{"type":"Feature","geometry":{"type":"MultiPolygon","coordinates":[[[[-123.10717104636,49.33938776686],[-123.10643232566,49.3393908512],[-123.10444043953,49.33936733808],[-123.09916829223,49.33943495333],[-123.09874361395,49.33926727711],[-123.09843257576,49.33896048491],[-123.09803918156,49.33847968757],[-123.09820072914,49.33745684661],[-123.09828869307,49.33731052047],[-123.09809930626,49.33702115281],[-123.09763473178,49.33663881418],[-123.09394525411,49.33662411347],[-123.09301045719,49.33663328639],[-123.09126143319,49.33659903815],[-123.09110729605,49.33566335998],[-123.09154407137,49.33567197211],[-123.09156401947,49.3334531663],[-123.09162073938,49.3324462678],[-123.09157972159,49.33223036364],[-123.0939439723,49.33231632474],[-123.10007200536,49.33246521449],[-123.10067777876,49.3324465482],[-123.10477158604,49.3325789347],[-123.10758759318,49.33265111639],[-123.11324416205,49.33265832655],[-123.11417715644,49.33262163486],[-123.11498401312,49.33266449524],[-123.11716608718,49.33263889918],[-123.11757318069,49.33259219338],[-123.11814442545,49.33261702837],[-123.11816317186,49.33307034699],[-123.11828298064,49.33779584418],[-123.11804808973,49.33932119307],[-123.1168970682,49.33930945653],[-123.11595401965,49.33949988481],[-123.11522979938,49.33954987523],[-123.11241098829,49.33949483769],[-123.11024533736,49.3391949352],[-123.10940964005,49.33929087035],[-123.10760653987,49.33939145205],[-123.10717104636,49.33938776686]]]]},"properties":{"a": "1.3332", "q": "01000", "t": "CT", "dw": "865", "hh": "833", "id": "9330119.00", "pop": "2202", "rgid": "59", "rpid": "59933", "ruid": "5915046", "rguid": "5915"}},{"type":"Feature","geometry":{"type":"MultiPolygon","coordinates":[[[[-123.09992399685,49.35627219332],[-123.10006904119,49.35595811085],[-123.10019173403,49.35536435437],[-123.10013409283,49.35411403294],[-123.10006503554,49.35398821569],[-123.09958215527,49.35351186462],[-123.09947007738,49.35257650691],[-123.09951089488,49.35232463207],[-123.09946891574,49.35196484521],[-123.09902549105,49.35060697226],[-123.09858346834,49.34987878641],[-123.09851328947,49.34920419606],[-123.09818178245,49.34869171408],[-123.09761474362,49.34741495541],[-123.09747634865,49.34700125259],[-123.09754412413,49.34648853028],[-123.0977637936,49.34617348645],[-123.09828624962,49.34582223161],[-123.09886394347,49.34557884874],[-123.10028158061,49.34533482496],[-123.10102438706,49.34503728579],[-123.10212493749,49.34466752488],[-123.10263381439,49.34441516937],[-123.10303241593,49.34410004543],[-123.10322432629,49.34372207294],[-123.10340237713,49.34324520114],[-123.10386959534,49.34284900298],[-123.10406130541,49.34238106376],[-123.10428065443,49.34197605318],[-123.10452788272,49.34169702009],[-123.10580676438,49.34101221535],[-123.1067277819,49.34039971247],[-123.10705732615,49.34001260712],[-123.10718037951,49.33963471475],[-123.10717104636,49.33938776686],[-123.10760653987,49.33939145205],[-123.10940964005,49.33929087035],[-123.11024533736,49.3391949352],[-123.11241098829,49.33949483769],[-123.11522979938,49.33954987523],[-123.11595401965,49.33949988481],[-123.1168970682,49.33930945653],[-123.11804808973,49.33932119307],[-123.11813393066,49.34420070724],[-123.11799613654,49.3474965103],[-123.118146949,49.34875868843],[-123.11819750022,49.35646899056],[-123.11776869613,49.35649995418],[-123.11436365918,49.35643133752],[-123.11112473624,49.35591440928],[-123.10728264357,49.35634745935],[-123.10659679737,49.35623113548],[-123.1045449067,49.35617910217],[-123.10396953613,49.35624479472],[-123.10294853777,49.35622564775],[-123.10088210662,49.3562452754],[-123.10040022776,49.35629069939],[-123.09992399685,49.35627219332]]]]},"properties":{"a": "2.35026", "q": "00000", "t": "CT", "dw": "1387", "hh": "1343", "id": "9330120.00", "pop": "3854", "rgid": "59", "rpid": "59933", "ruid": "5915046", "rguid": "5915"}},{"type":"Feature","geometry":{"type":"MultiPolygon","coordinates":[[[[-123.08447306987,49.35317775393],[-123.08574089596,49.35197586073],[-123.08623591334,49.35157978274],[-123.08653805899,49.3511117634],[-123.08694835701,49.34958224865],[-123.08686519986,49.34924048718],[-123.08686467913,49.34897066707],[-123.08722138164,49.3482417602],[-123.087288356,49.34718026478],[-123.08761753974,49.34649642139],[-123.0884830791,49.34543436519],[-123.08867526985,49.34512837412],[-123.08889417825,49.34439061477],[-123.08879656073,49.34367104105],[-123.08863128789,49.34359921987],[-123.0886447068,49.34345533717],[-123.08912598481,49.34314017318],[-123.08926373888,49.34316697093],[-123.09017093692,49.34244667619],[-123.09129760415,49.34122251161],[-123.09235585499,49.34026816715],[-123.09280885317,49.3396471723],[-123.09322011254,49.33872931925],[-123.09345364154,49.33849518941],[-123.09370038915,49.33792839091],[-123.09391877681,49.33691167859],[-123.09394525411,49.33662411347],[-123.09763473178,49.33663881418],[-123.09809930626,49.33702115281],[-123.09828869307,49.33731052047],[-123.09820072914,49.33745684661],[-123.09803918156,49.33847968757],[-123.09843257576,49.33896048491],[-123.09874361395,49.33926727711],[-123.09916829223,49.33943495333],[-123.10444043953,49.33936733808],[-123.10643232566,49.3393908512],[-123.10717104636,49.33938776686],[-123.10718037951,49.33963471475],[-123.10705732615,49.34001260712],[-123.1067277819,49.34039971247],[-123.10580676438,49.34101221535],[-123.10452788272,49.34169702009],[-123.10428065443,49.34197605318],[-123.10406130541,49.34238106376],[-123.10386959534,49.34284900298],[-123.10340237713,49.34324520114],[-123.10322432629,49.34372207294],[-123.10303241593,49.34410004543],[-123.10263381439,49.34441516937],[-123.10212493749,49.34466752488],[-123.10102438706,49.34503728579],[-123.10028158061,49.34533482496],[-123.09886394347,49.34557884874],[-123.09828624962,49.34582223161],[-123.0977637936,49.34617348645],[-123.09754412413,49.34648853028],[-123.09747634865,49.34700125259],[-123.09761474362,49.34741495541],[-123.09818178245,49.34869171408],[-123.09851328947,49.34920419606],[-123.09858346834,49.34987878641],[-123.09902549105,49.35060697226],[-123.09946891574,49.35196484521],[-123.09951089488,49.35232463207],[-123.09947007738,49.35257650691],[-123.09958215527,49.35351186462],[-123.10006503554,49.35398821569],[-123.10013409283,49.35411403294],[-123.10019173403,49.35536435437],[-123.10006904119,49.35595811085],[-123.09992399685,49.35627219332],[-123.09925008746,49.35624607653],[-123.0969574977,49.35629362351],[-123.0948368702,49.35625937526],[-123.0935976444,49.35627836201],[-123.09180728217,49.35625284606],[-123.09071962991,49.35628965792],[-123.09003907115,49.35625032251],[-123.08807374243,49.35522135291],[-123.08796522956,49.35508976754],[-123.08607508677,49.3540804256],[-123.0854823317,49.3537120266],[-123.08486674447,49.35341228433],[-123.08447306987,49.35317775393]]]]},"properties":{"a": "1.83939", "q": "00000", "t": "CT", "dw": "1542", "hh": "1474", "id": "9330121.00", "pop": "4488", "rgid": "59", "rpid": "59933", "ruid": "5915046", "rguid": "5915"}},{"type":"Feature","geometry":{"type":"MultiPolygon","coordinates":[[[[-123.07003312715,49.40718776222],[-123.07005627977,49.39824748733],[-123.07008772407,49.38606812928],[-123.07020757291,49.38480398838],[-123.07022599887,49.37887018895],[-123.0704186703,49.37589023084],[-123.07023917743,49.36619068631],[-123.0705164881,49.36612050744],[-123.07082099709,49.36568545455],[-123.07188089025,49.36519904931],[-123.07214229851,49.36499199762],[-123.07214121699,49.36432633985],[-123.07242846165,49.36294094814],[-123.07251001655,49.36223927964],[-123.07275696444,49.3615735017],[-123.07307304974,49.36110552242],[-123.07345811221,49.36075450792],[-123.07436623155,49.36020517403],[-123.07494372511,49.35962908244],[-123.07524647162,49.35945808154],[-123.0767192264,49.35893542523],[-123.07718688523,49.35862022118],[-123.07776421857,49.35788226155],[-123.07832805289,49.357468038],[-123.07955285837,49.35692755658],[-123.07993784073,49.35661251275],[-123.0801678047,49.35628224748],[-123.08058359045,49.35568556689],[-123.08110608653,49.35525339806],[-123.08158772505,49.35501918811],[-123.08275761317,49.35472152877],[-123.0833492066,49.35439727196],[-123.08429746248,49.3533441884],[-123.08447306987,49.35317775393],[-123.08486674447,49.35341228433],[-123.0854823317,49.3537120266],[-123.08607508677,49.3540804256],[-123.08796522956,49.35508976754],[-123.08807374243,49.35522135291],[-123.09003907115,49.35625032251],[-123.09071962991,49.35628965792],[-123.09180728217,49.35625284606],[-123.0935976444,49.35627836201],[-123.0948368702,49.35625937526],[-123.0969574977,49.35629362351],[-123.09925008746,49.35624607653],[-123.09992399685,49.35627219332],[-123.10040022776,49.35629069939],[-123.10088210662,49.3562452754],[-123.10294853777,49.35622564775],[-123.10396953613,49.35624479472],[-123.1045449067,49.35617910217],[-123.10659679737,49.35623113548],[-123.10728264357,49.35634745935],[-123.11112473624,49.35591440928],[-123.11436365918,49.35643133752],[-123.11776869613,49.35649995418],[-123.11819750022,49.35646899056],[-123.11801616476,49.35926520982],[-123.118210118,49.35945567815],[-123.11726887199,49.35951544235],[-123.11719076195,49.36372345051],[-123.1179968175,49.3644132623],[-123.1180030663,49.36494000437],[-123.11803246773,49.37082829969],[-123.11806186914,49.37317825026],[-123.11813773603,49.37687806248],[-123.12365330626,49.37921339245],[-123.12367149188,49.3816351642],[-123.12368571191,49.39117961023],[-123.12365643066,49.39117824832],[-123.1236364425,49.40459979634],[-123.1237834496,49.40609141771],[-123.12376558443,49.40619812804],[-123.10507781746,49.40656792901],[-123.08009794628,49.40705773905],[-123.07798392809,49.40708093172],[-123.07003312715,49.40718776222]]]]},"properties":{"a": "20.56847", "q": "00000", "t": "CT", "dw": "1425", "hh": "1369", "id": "9330122.00", "pop": "4182", "rgid": "59", "rpid": "59933", "ruid": "5915046", "rguid": "5915"}},{"type":"Feature","geometry":{"type":"MultiPolygon","coordinates":[[[[-123.16026252063,49.33154968471],[-123.16023195758,49.33060523419],[-123.16025651217,49.32971465956],[-123.16018453076,49.32873427842],[-123.16022262443,49.32773575171],[-123.16027037169,49.32724037384],[-123.15894466406,49.3272012387],[-123.15900118369,49.32660407743],[-123.1593793965,49.32660351664],[-123.16026023742,49.32650393636],[-123.16081041249,49.32652949236],[-123.16206397849,49.32686075904],[-123.16228408858,49.32688719629],[-123.16337190107,49.32690426033],[-123.16426680179,49.32701998335],[-123.16477635965,49.32713618706],[-123.16551992717,49.32725207031],[-123.16723983014,49.32729384917],[-123.16920812303,49.32722875747],[-123.16946977164,49.32725535494],[-123.17010338426,49.32741634174],[-123.1706685805,49.32770334606],[-123.17178651542,49.32861022365],[-123.17359546383,49.33032552013],[-123.17416106064,49.33074719418],[-123.17465784049,49.33106155705],[-123.1753057132,49.33133938845],[-123.17712483595,49.33200232238],[-123.17810185235,49.33214380169],[-123.17910710854,49.3322413391],[-123.1800165898,49.3325636732],[-123.18085821546,49.33293195202],[-123.18216633832,49.33312762769],[-123.18233153104,49.33309165701],[-123.18248226339,49.33289345779],[-123.18261953678,49.33287491167],[-123.1829501225,49.33301803329],[-123.1835851371,49.33336848701],[-123.18420517059,49.33356536436],[-123.18467274931,49.33360878553],[-123.18515478839,49.33372486907],[-123.18663050736,49.33446030514],[-123.18721008386,49.33470288688],[-123.18777552043,49.33498083846],[-123.18834043627,49.33513285261],[-123.18897364833,49.33514979648],[-123.19061239697,49.33506475668],[-123.19068061307,49.33528138186],[-123.1906222108,49.33740425252],[-123.19053052163,49.33765124047],[-123.18918807041,49.33761326697],[-123.18551016905,49.33665707991],[-123.18264649476,49.33594619844],[-123.18234134487,49.33587954454],[-123.1768034632,49.33459289193],[-123.17486100671,49.33411013182],[-123.17347677663,49.33380450126],[-123.17097809654,49.33372911505],[-123.17106646102,49.3333469767],[-123.17094673235,49.33261378379],[-123.17094805421,49.33171267433],[-123.16819056952,49.3316283956],[-123.16452260216,49.33160780659],[-123.16438304555,49.33162923678],[-123.16320811032,49.33160848755],[-123.16186349606,49.33155817668],[-123.16026252063,49.33154968471]]]]},"properties":{"a": "0.87158", "q": "01020", "t": "CT", "dw": "2900", "hh": "2676", "id": "9330130.01", "pop": "4480", "rgid": "59", "rpid": "59933", "ruid": "5915055", "rguid": "5915"}},{"type":"Feature","geometry":{"type":"MultiPolygon","coordinates":[[[[-123.12426933411,49.33092832936],[-123.12456963717,49.32493993302],[-123.12967262616,49.32646083564],[-123.13107127656,49.32682803294],[-123.13185153577,49.32697243637],[-123.1320613113,49.32651214792],[-123.1326515428,49.32591775055],[-123.13282506726,49.32564416513],[-123.13505989565,49.32625081977],[-123.13776194224,49.32707946715],[-123.14060490735,49.3280022872],[-123.14276114502,49.32862019771],[-123.14351024033,49.32888028411],[-123.14509895849,49.32673834659],[-123.14517995259,49.32660632059],[-123.14806341476,49.32291848524],[-123.14623395746,49.3222585956],[-123.14640255497,49.32211467284],[-123.14737865008,49.32179866766],[-123.14781846969,49.32160916069],[-123.14812101591,49.32156381681],[-123.14823069042,49.32165274208],[-123.14806714001,49.3220044776],[-123.14810923932,49.32221148924],[-123.14943298418,49.32311824666],[-123.14983210646,49.32327010059],[-123.15023170941,49.32328812598],[-123.1504518195,49.32350294862],[-123.15104709812,49.32442949392],[-123.1519177647,49.32563367034],[-123.15255305969,49.32636137552],[-123.15311749485,49.32664765883],[-123.15369651056,49.32672873305],[-123.15405421449,49.32670121428],[-123.1544663551,49.3264758568],[-123.15529283944,49.32672657],[-123.15617372041,49.32677031162],[-123.15848525686,49.32660531918],[-123.15900118369,49.32660407743],[-123.15894466406,49.3272012387],[-123.16027037169,49.32724037384],[-123.16022262443,49.32773575171],[-123.16018453076,49.32873427842],[-123.16025651217,49.32971465956],[-123.16023195758,49.33060523419],[-123.16026252063,49.33154968471],[-123.1565206091,49.33152204577],[-123.15524649415,49.33149548836],[-123.15437158159,49.33150369993],[-123.15160504414,49.33148038709],[-123.14597555342,49.33139767056],[-123.14444784121,49.33141761866],[-123.14301634454,49.33137443783],[-123.14303749434,49.33038532438],[-123.14195817381,49.33036253227],[-123.13956816681,49.33082758743],[-123.13887206616,49.33085770987],[-123.13694499133,49.33078805174],[-123.13604584463,49.33086451946],[-123.13501090663,49.33082646585],[-123.13336667026,49.33085526643],[-123.13185906638,49.33086640212],[-123.1307563529,49.33085442524],[-123.12764344749,49.3308827852],[-123.12664744434,49.33071843366],[-123.12613720553,49.33057014475],[-123.12426933411,49.33092832936]]],[[[-123.13434921445,49.31780151655],[-123.13426665815,49.31762242425],[-123.1344731891,49.31752364509],[-123.13481719373,49.31754126992],[-123.13518767566,49.31742302334],[-123.13540802609,49.31723471805],[-123.13575086908,49.31708058091],[-123.13634310341,49.31705370304],[-123.13664560957,49.31710681787],[-123.13707329208,49.31736774546],[-123.13740439854,49.31769112103],[-123.13755637264,49.31801441648],[-123.13740796356,49.31919259628],[-123.13749180167,49.31940910129],[-123.13771263277,49.31965168303],[-123.1378233888,49.31990339764],[-123.13776438568,49.32003570403],[-123.13687961924,49.32098968799],[-123.13437781474,49.32005340897],[-123.13558543602,49.31876054762],[-123.13434921445,49.31780151655]]]]},"properties":{"a": "1.48915", "q": "01011", "t": "CT", "dw": "2572", "hh": "2363", "id": "9330130.03", "pop": "4497", "rgid": "59", "rpid": "59933", "ruid": "5915808", "rguid": "5915"}},{"type":"Feature","geometry":{"type":"MultiPolygon","coordinates":[[[[-123.12456963717,49.32493993302],[-123.12219825641,49.32423622164],[-123.12127026908,49.32405172172],[-123.11997308163,49.32398446697],[-123.12006412989,49.32222550899],[-123.12030651135,49.31857260284],[-123.12157245479,49.31741813645],[-123.12321020202,49.31584528064],[-123.12376682618,49.31514333175],[-123.12597417586,49.31291695527],[-123.12664616254,49.31304397421],[-123.12725137515,49.31324025072],[-123.12788582896,49.31360027792],[-123.12832580879,49.31372489348],[-123.12879535027,49.3141479695],[-123.12909841723,49.31431844967],[-123.12966293251,49.31451560742],[-123.13064155117,49.31510836248],[-123.13148101379,49.31543938883],[-123.1327200393,49.31570776691],[-123.13312016299,49.31597758703],[-123.13324557967,49.31656213053],[-123.13302587015,49.3167332516],[-123.13260011035,49.31687813571],[-123.13247725727,49.31723812285],[-123.13256073488,49.31759786966],[-123.13247813852,49.31786688864],[-123.13252087873,49.31811960467],[-123.13275496851,49.31828095197],[-123.13316799037,49.31828079174],[-123.13356679219,49.31816338635],[-123.13384169947,49.31827918949],[-123.13360933212,49.31862211259],[-123.13369228899,49.31885572169],[-123.13388504053,49.31882872366],[-123.13422812386,49.31855814247],[-123.13444727259,49.31821606055],[-123.13434921445,49.31780151655],[-123.13558543602,49.31876054762],[-123.13437781474,49.32005340897],[-123.13687961924,49.32098968799],[-123.13776438568,49.32003570403],[-123.13752256501,49.32057846867],[-123.13753698532,49.32083927609],[-123.13815645803,49.3210988017],[-123.13843216644,49.32109904204],[-123.13845888408,49.32099946176],[-123.13832028883,49.32071149607],[-123.13887118492,49.32062176967],[-123.13954553493,49.32066591186],[-123.1401501467,49.32063739168],[-123.14086555455,49.32036725111],[-123.14097787278,49.32036244434],[-123.14185775234,49.32067989155],[-123.14253378472,49.32151671045],[-123.14341482592,49.32165931134],[-123.14386966669,49.32180303381],[-123.14448905928,49.3220533865],[-123.145041117,49.32236827011],[-123.14543971855,49.32247478016],[-123.14599077486,49.3224660078],[-123.14623395746,49.3222585956],[-123.14806341476,49.32291848524],[-123.14517995259,49.32660632059],[-123.14509895849,49.32673834659],[-123.14351024033,49.32888028411],[-123.14276114502,49.32862019771],[-123.14060490735,49.3280022872],[-123.13776194224,49.32707946715],[-123.13505989565,49.32625081977],[-123.13282506726,49.32564416513],[-123.1326515428,49.32591775055],[-123.1320613113,49.32651214792],[-123.13185153577,49.32697243637],[-123.13107127656,49.32682803294],[-123.12967262616,49.32646083564],[-123.12456963717,49.32493993302]]]]},"properties":{"a": "1.79252", "q": "01011", "t": "CT", "dw": "1325", "hh": "1242", "id": "9330130.04", "pop": "2492", "rgid": "59", "rpid": "59933", "ruid": "5915808", "rguid": "5915"}},{"type":"Feature","geometry":{"type":"MultiPolygon","coordinates":[[[[-123.1398331401,49.33829626917],[-123.13896163234,49.33800365695],[-123.13656024932,49.33775102104],[-123.13492634751,49.33759688389],[-123.13093580571,49.33759836598],[-123.13006285591,49.33754853578],[-123.12967226565,49.33768380635],[-123.12911419946,49.33799436386],[-123.1290387732,49.33812486771],[-123.12881409668,49.33797385496],[-123.12401157097,49.33789979062],[-123.11927630001,49.3378778397],[-123.11828298064,49.33779584418],[-123.11816317186,49.33307034699],[-123.11814442545,49.33261702837],[-123.11808021499,49.33107653815],[-123.12426933411,49.33092832936],[-123.12613720553,49.33057014475],[-123.12664744434,49.33071843366],[-123.12764344749,49.3308827852],[-123.1307563529,49.33085442524],[-123.13185906638,49.33086640212],[-123.13336667026,49.33085526643],[-123.13501090663,49.33082646585],[-123.13604584463,49.33086451946],[-123.13694499133,49.33078805174],[-123.13887206616,49.33085770987],[-123.13956816681,49.33082758743],[-123.14195817381,49.33036253227],[-123.14303749434,49.33038532438],[-123.14301634454,49.33137443783],[-123.14444784121,49.33141761866],[-123.14597555342,49.33139767056],[-123.15160504414,49.33148038709],[-123.15437158159,49.33150369993],[-123.15524649415,49.33149548836],[-123.1565206091,49.33152204577],[-123.16026252063,49.33154968471],[-123.16186349606,49.33155817668],[-123.16320811032,49.33160848755],[-123.16438304555,49.33162923678],[-123.16452260216,49.33160780659],[-123.16819056952,49.3316283956],[-123.17094805421,49.33171267433],[-123.17094673235,49.33261378379],[-123.17106646102,49.3333469767],[-123.17097809654,49.33372911505],[-123.17347677663,49.33380450126],[-123.17486100671,49.33411013182],[-123.1768034632,49.33459289193],[-123.18234134487,49.33587954454],[-123.18264649476,49.33594619844],[-123.18551016905,49.33665707991],[-123.18918807041,49.33761326697],[-123.19053052163,49.33765124047],[-123.19016708963,49.33856981454],[-123.18889009062,49.33843458403],[-123.18551685847,49.33841111096],[-123.18337271785,49.33837502012],[-123.17917091843,49.3383761417],[-123.1747382738,49.33834698062],[-123.17074620986,49.3383079256],[-123.16473057514,49.33827175464],[-123.16405590468,49.33821867987],[-123.16289202503,49.3382488023],[-123.16048403269,49.33823662515],[-123.15982991118,49.33821563558],[-123.15709057205,49.33821936083],[-123.15424111779,49.33820522091],[-123.15158429491,49.33818178789],[-123.15035848802,49.33818266914],[-123.14329746057,49.33814737942],[-123.14003979123,49.33812218393],[-123.1398331401,49.33829626917]]]]},"properties":{"a": "3.36953", "q": "01010", "t": "CT", "dw": "2705", "hh": "2519", "id": "9330131.00", "pop": "7009", "rgid": "59", "rpid": "59933", "ruid": "5915055", "rguid": "5915"}},{"type":"Feature","geometry":{"type":"MultiPolygon","coordinates":[[[[-123.19077450535,49.34717862247],[-123.19022228739,49.34703982693],[-123.19020678555,49.34345465621],[-123.19012623207,49.34144398362],[-123.19032891761,49.34045418921],[-123.19020630488,49.33945806589],[-123.19016708963,49.33856981454],[-123.19053052163,49.33765124047],[-123.1906222108,49.33740425252],[-123.19068061307,49.33528138186],[-123.19061239697,49.33506475668],[-123.19095532007,49.33504761253],[-123.19249713215,49.33508999223],[-123.19392902938,49.33518660834],[-123.194466106,49.33525762839],[-123.19508633978,49.33545446569],[-123.19606612007,49.33609148311],[-123.19693590541,49.33679134907],[-123.19752950166,49.3373474525],[-123.19822051514,49.33784182897],[-123.19889586657,49.33807455683],[-123.20014963285,49.33832422856],[-123.20152681299,49.33849274597],[-123.20211816608,49.3384643059],[-123.202503549,49.3383381682],[-123.20309406091,49.33806690605],[-123.20347984439,49.33809354358],[-123.20383814916,49.33823658509],[-123.20407324035,49.33843430363],[-123.20415860061,49.33912679921],[-123.20442133074,49.3394142041],[-123.20486323328,49.33979081466],[-123.20505638539,49.33983583809],[-123.20555108231,49.33964601066],[-123.2057848917,49.33975268094],[-123.20560712126,49.33999614393],[-123.20560812267,49.34016742522],[-123.20600824635,49.34037351556],[-123.20627017536,49.34043628399],[-123.20679263138,49.34038981853],[-123.20801619511,49.3400545462],[-123.20844263588,49.33997287114],[-123.20878760186,49.34000006946],[-123.20922894361,49.34021513243],[-123.21002650721,49.34015877303],[-123.21035925598,49.34054591844],[-123.21069052266,49.34077916703],[-123.21144706847,49.34073218084],[-123.21205408362,49.34092957893],[-123.2125083636,49.34091976511],[-123.2127142136,49.34077548184],[-123.21282040319,49.34003676115],[-123.21299913499,49.33982145783],[-123.21346623303,49.33959573984],[-123.21429131539,49.33939629888],[-123.21462166077,49.33938664528],[-123.21502114356,49.33945790567],[-123.21613294985,49.33871826367],[-123.21694357184,49.33836588725],[-123.21753492492,49.33823890836],[-123.21866303418,49.33816428323],[-123.21972332791,49.33818074643],[-123.2205224537,49.33832314704],[-123.22100473312,49.33850175866],[-123.2215988501,49.33895067108],[-123.221736484,49.33909355237],[-123.22215078767,49.33932688108],[-123.22255067101,49.33938071692],[-123.2230043902,49.33926291096],[-123.22349968797,49.33926146893],[-123.22420219765,49.33933224864],[-123.2245609831,49.33948474347],[-123.22492028929,49.33987040679],[-123.22530611283,49.33987008634],[-123.22560929995,49.33996838482],[-123.22610684088,49.3405064228],[-123.22670047718,49.34079358735],[-123.22756858015,49.34108812228],[-123.22805126014,49.34111500015],[-123.22842330427,49.34118626054],[-123.22935870204,49.34120152204],[-123.22968928776,49.34115637844],[-123.23037717685,49.34115453585],[-123.23127295881,49.3412075305],[-123.23145149032,49.3411530137],[-123.23195948597,49.34083740908],[-123.23219185333,49.34061129053],[-123.23326476483,49.34030405771],[-123.23352392994,49.33990701837],[-123.23480261132,49.33946439481],[-123.23566783022,49.33906663445],[-123.23671230165,49.33869587213],[-123.23755092309,49.3384692729],[-123.23961587215,49.33849206501],[-123.24137963691,49.33892864005],[-123.24128434266,49.33915371713],[-123.24115107491,49.34005350473],[-123.2409323668,49.34037784165],[-123.2401773832,49.34082010471],[-123.23990347732,49.34109949831],[-123.23976732551,49.34141458219],[-123.23937008589,49.34182920631],[-123.23877993449,49.34219928767],[-123.23777700158,49.34261507342],[-123.2375438331,49.34278647489],[-123.23725654838,49.34316492805],[-123.23723095232,49.34356969828],[-123.23752668895,49.34493638364],[-123.23741797579,49.34524233466],[-123.23663543336,49.34571175597],[-123.23652672021,49.34600877441],[-123.23652812218,49.34630567267],[-123.23678147911,49.34747443921],[-123.23704420924,49.3476718373],[-123.23751250897,49.34772483196],[-123.2376506636,49.3478325437],[-123.23785967806,49.34833577264],[-123.23817784628,49.34864997528],[-123.23816558902,49.34896497905],[-123.23773289945,49.34894330852],[-123.2364369938,49.34910645837],[-123.2336675723,49.3491029334],[-123.23184176012,49.34904649389],[-123.22922923965,49.34864629009],[-123.22739693834,49.34831682595],[-123.22227856768,49.3471405288],[-123.21958793717,49.34652806598],[-123.2181066103,49.34621598632],[-123.21667595482,49.34607110221],[-123.21378492199,49.34615225654],[-123.21325838021,49.34602756087],[-123.21141398185,49.34613527262],[-123.20596198118,49.34663141157],[-123.20257040319,49.34689326045],[-123.19839019418,49.34719993249],[-123.1968835116,49.34738423213],[-123.19519120751,49.34748413286],[-123.19507664612,49.34709490453],[-123.19412246188,49.34680161134],[-123.19328604355,49.34681779414],[-123.19277912942,49.34689085707],[-123.19153509685,49.34731749811],[-123.19077450535,49.34717862247]]]]},"properties":{"a": "3.26754", "q": "00000", "t": "CT", "dw": "1395", "hh": "1311", "id": "9330132.00", "pop": "3659", "rgid": "59", "rpid": "59933", "ruid": "5915055", "rguid": "5915"}},{"type":"Feature","geometry":{"type":"MultiPolygon","coordinates":[[[[-123.24188611042,49.40775408004],[-123.24199081793,49.40739425312],[-123.24252160569,49.40644523616],[-123.24248863925,49.40563205056],[-123.24238577434,49.40501442046],[-123.24236927109,49.40399614593],[-123.24284297844,49.40306239047],[-123.24376864249,49.40189887133],[-123.24422047903,49.40141062349],[-123.24534105768,49.40050410641],[-123.24610954031,49.4000605215],[-123.24805303827,49.39858768659],[-123.24935034589,49.39741114911],[-123.25214003596,49.39432420027],[-123.25334084764,49.39346054357],[-123.25403037904,49.3930885395],[-123.25486022811,49.39235498608],[-123.25533389541,49.39138253611],[-123.25625787709,49.38883719028],[-123.25646020212,49.38820974635],[-123.25732189606,49.38712682074],[-123.26008194437,49.38499485727],[-123.26103324454,49.38403005808],[-123.26259168004,49.38321587107],[-123.26317690449,49.38288901059],[-123.26380254588,49.38228576075],[-123.26492801142,49.38181297469],[-123.26613186739,49.38092920966],[-123.26647322829,49.38039677958],[-123.26697677768,49.37924960346],[-123.2681161428,49.37824282513],[-123.26913654031,49.37654511343],[-123.2703314637,49.37326773632],[-123.27070166523,49.37272521202],[-123.2715305129,49.37197299231],[-123.27304164175,49.37110228568],[-123.27521806785,49.36901350304],[-123.27547631166,49.36840124049],[-123.27531732769,49.36706135289],[-123.27520541002,49.36433334973],[-123.2753323088,49.36344345606],[-123.2753450868,49.3631465578],[-123.27543597484,49.36301044604],[-123.27553815879,49.3626239816],[-123.2754516369,49.36236073074],[-123.27517240352,49.36200418845],[-123.27464297768,49.36167877],[-123.27406576451,49.36149759477],[-123.27415392872,49.3612072257],[-123.27392785022,49.3611984934],[-123.27327985734,49.36102392747],[-123.27230139891,49.36102621069],[-123.27091724894,49.36106810972],[-123.26733708528,49.36166206647],[-123.26463676111,49.36208902797],[-123.26227411265,49.36199481524],[-123.26154368364,49.36178996665],[-123.26107518362,49.36151125401],[-123.26075625432,49.3613831936],[-123.25909839877,49.36109666995],[-123.2566338067,49.36046598145],[-123.25744867467,49.36047591544],[-123.25760349277,49.36038090159],[-123.25811052707,49.36044775577],[-123.25872383108,49.36064691635],[-123.26000988285,49.36087223377],[-123.2601983083,49.36070243456],[-123.26022718899,49.36045360401],[-123.26000948228,49.36024587136],[-123.25945998817,49.36001270288],[-123.25900434627,49.35968572223],[-123.25904187914,49.35872052248],[-123.25915852347,49.35802318008],[-123.25933156725,49.35765762509],[-123.25975989066,49.3574306253],[-123.2599806016,49.35740218523],[-123.26020748122,49.35652575053],[-123.26063584469,49.35617177185],[-123.26118609988,49.35562015474],[-123.26134949006,49.35534020034],[-123.26125375519,49.35505287557],[-123.26058397162,49.35471523991],[-123.25977635386,49.35443957156],[-123.25927428655,49.35409440529],[-123.25898539958,49.35365542687],[-123.25896825542,49.35340539463],[-123.25914698722,49.35312171498],[-123.26062506951,49.35303727603],[-123.26100412352,49.35289856061],[-123.26721126803,49.35300306784],[-123.26853681543,49.35296845908],[-123.2684643934,49.35308073726],[-123.26786090322,49.35352296025],[-123.26783474637,49.35363179357],[-123.26813781332,49.35380115216],[-123.2692146103,49.3541773221],[-123.26942130148,49.35419478671],[-123.26976374391,49.35400419821],[-123.27023144279,49.35390429747],[-123.27056106716,49.35375949347],[-123.27091772962,49.35346215459],[-123.27123429559,49.35338977262],[-123.27141386857,49.35346155374],[-123.2715535854,49.35383003285],[-123.27142264093,49.3551966381],[-123.27124563156,49.35542287682],[-123.27091580691,49.35554957531],[-123.26971827986,49.35574052431],[-123.26911370815,49.35590439517],[-123.26894931656,49.35611128664],[-123.26915740971,49.35630928557],[-123.26913053185,49.3564262103],[-123.26848538298,49.35694858621],[-123.26854250345,49.35717418403],[-123.26912620575,49.35820703909],[-123.26925082131,49.35827894039],[-123.27092846474,49.35785209906],[-123.27213760816,49.35745297678],[-123.2720540905,49.35718399785],[-123.27207932606,49.35680598532],[-123.27231261471,49.35668829952],[-123.27355224107,49.35668573591],[-123.27403315858,49.35654029101],[-123.27471976586,49.35617902206],[-123.2752137017,49.35580926115],[-123.2758854881,49.35539327512],[-123.27638050548,49.35521266067],[-123.27691734176,49.35523777605],[-123.27804865553,49.35555930902],[-123.27915184969,49.35579980783],[-123.27963529076,49.35605048098],[-123.27976066738,49.35631104806],[-123.27982055175,49.35716549178],[-123.27991893034,49.35750697285],[-123.28018162041,49.35768630549],[-123.28070443695,49.35768438279],[-123.28118763767,49.35792600318],[-123.28161660199,49.3581865302],[-123.28197418575,49.35822979115],[-123.28238644653,49.35794178541],[-123.28300583912,49.35789527989],[-123.28365327121,49.35795648612],[-123.28401029418,49.35784717212],[-123.28438241842,49.3578199738],[-123.28454797165,49.35786455661],[-123.28468596605,49.3580341956],[-123.2847289466,49.35830405577],[-123.28462103458,49.35858393005],[-123.28466453586,49.35896166219],[-123.28450114568,49.35933046175],[-123.28451640718,49.35967182265],[-123.284353017,49.35987991581],[-123.28353133944,49.36068248646],[-123.28294403205,49.36152943963],[-123.2825185927,49.36183595144],[-123.28249227562,49.36204292302],[-123.28270088951,49.36235756628],[-123.28301733532,49.36238320239],[-123.2838017604,49.3622823403],[-123.28421586378,49.36235388109],[-123.28497329083,49.36235199843],[-123.28535895415,49.36243147039],[-123.28587079522,49.36276349815],[-123.28617258037,49.36261845381],[-123.28662501775,49.36232007346],[-123.28697026413,49.36234707149],[-123.28710845881,49.3624545429],[-123.28717895813,49.36283159408],[-123.28760772217,49.36304701756],[-123.28769180062,49.36332528959],[-123.28761493233,49.36426144843],[-123.28774022884,49.36450399012],[-123.28778413069,49.36494461086],[-123.28768967763,49.36535803328],[-123.28736413901,49.36613300505],[-123.28702101563,49.36647480657],[-123.28596472755,49.36707204795],[-123.28496287616,49.36773970854],[-123.28462027351,49.36810001613],[-123.28432017073,49.3685152411],[-123.28432209344,49.36893727565],[-123.28460112653,49.36946790319],[-123.28495093934,49.37049202595],[-123.28499452074,49.37084296034],[-123.28498410607,49.37140082625],[-123.28487695511,49.37197643716],[-123.28496011226,49.37209304143],[-123.28533331803,49.37233478199],[-123.28567844424,49.37245979811],[-123.2861195056,49.3725216853],[-123.28629843767,49.37245855636],[-123.28665570098,49.37220644119],[-123.28702462071,49.37181785375],[-123.2876147721,49.37143855941],[-123.28787666104,49.37134883301],[-123.28819326707,49.37132103384],[-123.28867394424,49.37107705012],[-123.28899055027,49.37105814349],[-123.2904931471,49.37135944796],[-123.29088065301,49.37153926128],[-123.29160178893,49.3723650246],[-123.29182245981,49.37241833971],[-123.29224845995,49.37222843217],[-123.29253750716,49.37229003896],[-123.29284097468,49.37226292076],[-123.29303296515,49.37212753002],[-123.29336475256,49.37231551485],[-123.2935430838,49.37219818956],[-123.29372245649,49.37226063754],[-123.29372321756,49.37244013041],[-123.29360160624,49.37283620839],[-123.29270049677,49.37423237529],[-123.29244069076,49.37445869412],[-123.29150605406,49.37492795521],[-123.29117759133,49.37517253977],[-123.29112307453,49.37539657539],[-123.291345588,49.3756218127],[-123.29078656046,49.37663948638],[-123.29048501565,49.37686532454],[-123.29022352727,49.37691090876],[-123.29001611507,49.37683908757],[-123.28997413593,49.37666868752],[-123.29017742231,49.37610152852],[-123.29014778056,49.37576857946],[-123.28988509048,49.3755984598],[-123.28882275388,49.37534009582],[-123.28820264028,49.37527884954],[-123.28779065989,49.37550480787],[-123.28758545079,49.37573917804],[-123.28699457838,49.37606399564],[-123.28648558132,49.37615544447],[-123.28612847824,49.37630946145],[-123.28543109578,49.3771927458],[-123.28470375111,49.37768924526],[-123.2838104927,49.3780872059],[-123.28194065851,49.37885548824],[-123.28155527559,49.37891941831],[-123.28125176802,49.37884819797],[-123.27991260143,49.37823168945],[-123.27963673279,49.37818726686],[-123.27949937929,49.37824162344],[-123.27820908154,49.37918839724],[-123.27632867245,49.38034494656],[-123.27562796531,49.3806616327],[-123.27526986082,49.38070729704],[-123.27488207451,49.38046459512],[-123.27467293989,49.3798633481],[-123.27471135401,49.37935951831],[-123.2748330855,49.3790884965],[-123.27520292652,49.37857573413],[-123.2753921531,49.37794548625],[-123.27569177521,49.37729733314],[-123.27553847925,49.37698281005],[-123.27568640764,49.37634382986],[-123.27571160314,49.37602818519],[-123.27557280761,49.37574146126],[-123.27478453711,49.37531065435],[-123.27384665584,49.37498094987],[-123.27319782177,49.37480205785],[-123.27253661027,49.37473219943],[-123.27241351686,49.37498371376],[-123.27255379448,49.37546911759],[-123.2724181634,49.37573993911],[-123.27197810345,49.37588490334],[-123.27173103539,49.37602938688],[-123.27142796843,49.3760391206],[-123.27116631983,49.37613814009],[-123.27096127096,49.37635508572],[-123.26994876456,49.37773274654],[-123.26952528797,49.37826533685],[-123.26852419766,49.37910419862],[-123.26826415131,49.37941964301],[-123.26800815066,49.38048165916],[-123.26779032379,49.38095885142],[-123.26698222535,49.38184225594],[-123.26630995828,49.38241025613],[-123.26523764763,49.38287122554],[-123.26393300968,49.38372831299],[-123.26313668783,49.38411782172],[-123.26242228139,49.38459569494],[-123.26182055369,49.38538012002],[-123.2611616254,49.38596542459],[-123.2597641767,49.38734572913],[-123.25927004057,49.38769758482],[-123.25883178316,49.38821126849],[-123.25859941581,49.38870564496],[-123.25827796295,49.39034431348],[-123.25803213664,49.39091067136],[-123.25778594981,49.391181573],[-123.25693414981,49.39160665184],[-123.25670306426,49.39221879422],[-123.25629284636,49.39282240457],[-123.25548334595,49.39356156589],[-123.25446715436,49.39420266906],[-123.25287322886,49.39511463382],[-123.25213058264,49.39556510844],[-123.25195309259,49.39574628368],[-123.25187189821,49.39603432947],[-123.25194500119,49.39694220847],[-123.25202895947,49.39718491039],[-123.2521144399,49.39775114809],[-123.25206348812,49.39848053564],[-123.25227246252,49.39890289065],[-123.25233014378,49.39941541268],[-123.252124454,49.39968527285],[-123.25171323469,49.40004642163],[-123.25114932025,49.40037099889],[-123.24991173677,49.40083292965],[-123.24904427471,49.40111300421],[-123.24581156052,49.40244191636],[-123.24544059791,49.40264976918],[-123.24516637159,49.40294702795],[-123.24517053746,49.40363151224],[-123.24475987893,49.40421705715],[-123.2447612809,49.40454055288],[-123.24465212713,49.40486404862],[-123.24429674648,49.40532445723],[-123.24410383471,49.40543216897],[-123.24380084786,49.40545099549],[-123.24380156888,49.4055771332],[-123.24425685027,49.40562135549],[-123.24467343715,49.40623213595],[-123.24466085943,49.40648405084],[-123.24434533493,49.40691565889],[-123.24414004572,49.40708782142],[-123.24383621769,49.40708782142],[-123.24369866391,49.40716881553],[-123.24332125222,49.40774002023],[-123.24188611042,49.40775408004]]],[[[-123.2723082085,49.3534139667],[-123.27226574868,49.35313573473],[-123.27248513775,49.35308930933],[-123.27278912601,49.35317038355],[-123.27309031031,49.35283691376],[-123.27394150946,49.35251922621],[-123.27436903175,49.35250108065],[-123.27491808525,49.35229218636],[-123.27518017447,49.35227424108],[-123.27534528708,49.35237201883],[-123.275608578,49.35266827619],[-123.27561370522,49.35347857773],[-123.27497184097,49.35443360315],[-123.27460384255,49.35511804738],[-123.27442523092,49.35522619974],[-123.27362582473,49.35517352554],[-123.27310260763,49.35505872381],[-123.27284003773,49.35488840386],[-123.27283927666,49.35475337363],[-123.27301572524,49.35438357267],[-123.27276709497,49.35414199233],[-123.27275147296,49.35381817615],[-123.2724060263,49.35360311317],[-123.2723082085,49.3534139667]]]]},"properties":{"a": "3.78046", "q": "00000", "t": "CT", "dw": "1494", "hh": "1414", "id": "9330133.01", "pop": "3654", "rgid": "59", "rpid": "59933", "ruid": "5915055", "rguid": "5915"}},{"type":"Feature","geometry":{"type":"MultiPolygon","coordinates":[[[[-123.19017361883,49.40709947785],[-123.18982300489,49.40457780536],[-123.19108277964,49.39115409429],[-123.19109295397,49.38287675333],[-123.1913603707,49.36445127586],[-123.19142534223,49.35997669215],[-123.1915733908,49.35962063053],[-123.19161256599,49.35906292485],[-123.19111386343,49.35830814152],[-123.19079893977,49.35522331568],[-123.19048373572,49.35447866663],[-123.19080218434,49.35249787613],[-123.19125077631,49.35099491879],[-123.19131767055,49.35050006165],[-123.19129856363,49.3491238028],[-123.19119950408,49.34842237464],[-123.19087985376,49.34765833828],[-123.19077450535,49.34717862247],[-123.19153509685,49.34731749811],[-123.19277912942,49.34689085707],[-123.19328604355,49.34681779414],[-123.19412246188,49.34680161134],[-123.19507664612,49.34709490453],[-123.19519120751,49.34748413286],[-123.1968835116,49.34738423213],[-123.19839019418,49.34719993249],[-123.20257040319,49.34689326045],[-123.20596198118,49.34663141157],[-123.21141398185,49.34613527262],[-123.21325838021,49.34602756087],[-123.21378492199,49.34615225654],[-123.21667595482,49.34607110221],[-123.2181066103,49.34621598632],[-123.21958793717,49.34652806598],[-123.22227856768,49.3471405288],[-123.22739693834,49.34831682595],[-123.22922923965,49.34864629009],[-123.23184176012,49.34904649389],[-123.2336675723,49.3491029334],[-123.2364369938,49.34910645837],[-123.23773289945,49.34894330852],[-123.23816558902,49.34896497905],[-123.23817784628,49.34864997528],[-123.23785967806,49.34833577264],[-123.2376506636,49.3478325437],[-123.23751250897,49.34772483196],[-123.23704420924,49.3476718373],[-123.23678147911,49.34747443921],[-123.23652812218,49.34630567267],[-123.23652672021,49.34600877441],[-123.23663543336,49.34571175597],[-123.23741797579,49.34524233466],[-123.23752668895,49.34493638364],[-123.23723095232,49.34356969828],[-123.23725654838,49.34316492805],[-123.2375438331,49.34278647489],[-123.23777700158,49.34261507342],[-123.23877993449,49.34219928767],[-123.23937008589,49.34182920631],[-123.23976732551,49.34141458219],[-123.23990347732,49.34109949831],[-123.2401773832,49.34082010471],[-123.2409323668,49.34037784165],[-123.24115107491,49.34005350473],[-123.24128434266,49.33915371713],[-123.24137963691,49.33892864005],[-123.24206840723,49.33895471678],[-123.24270314144,49.33925021307],[-123.24300616833,49.33944652964],[-123.24336551458,49.33959057256],[-123.2439175723,49.3398772965],[-123.24487119575,49.34063985077],[-123.24524255892,49.34073710778],[-123.24626155446,49.34063688659],[-123.24831272411,49.34065939831],[-123.24879372173,49.34060371987],[-123.2493027188,49.34041445323],[-123.24961812313,49.34017099025],[-123.24974089609,49.33994575294],[-123.24987600643,49.33945073556],[-123.25013509143,49.33898235572],[-123.25043579505,49.33863050003],[-123.25039305484,49.33839633014],[-123.25013048494,49.33805597065],[-123.25008842569,49.33791216806],[-123.25040322918,49.33764094597],[-123.25070613591,49.33756896456],[-123.25093946461,49.33744254647],[-123.25133834655,49.33743225196],[-123.25251011732,49.33769998915],[-123.25290915948,49.33769001509],[-123.25323854351,49.33754513098],[-123.253458934,49.33751801278],[-123.25363862714,49.33765256233],[-123.2540980744,49.33866799285],[-123.25452523618,49.33889102706],[-123.25502137513,49.3388638688],[-123.25540603704,49.3387190648],[-123.25551551126,49.3385929271],[-123.2549622919,49.33808144654],[-123.25462814115,49.33734452838],[-123.25463843565,49.33667891067],[-123.25441580201,49.33622062505],[-123.25441155603,49.33553614076],[-123.25462914256,49.3349960599],[-123.25508093905,49.33442902107],[-123.25553281564,49.33408553717],[-123.25617872559,49.33376108008],[-123.25672625694,49.33317521473],[-123.25702756141,49.33300289196],[-123.25742652346,49.33285876893],[-123.25763285414,49.33285816808],[-123.25815779366,49.33331505173],[-123.25835138639,49.33336944836],[-123.25866787225,49.33334176937],[-123.25910681062,49.33306193514],[-123.25953200963,49.33291616979],[-123.25998657001,49.33285308091],[-123.26055140574,49.33294176585],[-123.26111732299,49.33324627484],[-123.26146084694,49.3332715905],[-123.26166669694,49.33302019634],[-123.26167406732,49.3319398744],[-123.26163048592,49.33138309002],[-123.2617119607,49.33117607838],[-123.26208276308,49.33103123433],[-123.26331942527,49.33067741588],[-123.26381500343,49.33065858935],[-123.26448743074,49.33033333114],[-123.26485855357,49.33034050124],[-123.26512064279,49.33042986713],[-123.26539783329,49.33065494422],[-123.26545459326,49.33111266905],[-123.26560648724,49.33121124793],[-123.26621258109,49.33116582394],[-123.26669301792,49.33105586903],[-123.26695586822,49.33116410151],[-123.26738403141,49.33155801645],[-123.26768966198,49.33197191955],[-123.26784287783,49.33231340062],[-123.26791449872,49.33289742338],[-123.26813661163,49.33332831041],[-123.26851049836,49.33360714322],[-123.26848321993,49.33371473479],[-123.26804472218,49.33410220065],[-123.26777177766,49.33442745887],[-123.26755379057,49.33484168242],[-123.26760934883,49.3349583668],[-123.26822978289,49.33519053387],[-123.26842365602,49.33538805213],[-123.26838355953,49.33555937349],[-123.2681096136,49.33583868698],[-123.26811033461,49.33593778659],[-123.26863367188,49.3359995536],[-123.26886840257,49.33611595759],[-123.26893798059,49.33625968007],[-123.2688711264,49.33664654507],[-123.26905105989,49.33679912002],[-123.26945074296,49.33688816546],[-123.26967085304,49.33700368821],[-123.26967265558,49.33720248828],[-123.2691286492,49.33841812084],[-123.26914471183,49.33891221691],[-123.26877691368,49.33955231867],[-123.26882053513,49.33997495407],[-123.2690832252,49.34019021733],[-123.26938565126,49.34023367856],[-123.2697848937,49.34016133665],[-123.2699786066,49.34028707378],[-123.2698976125,49.34058413227],[-123.26922846982,49.34161085871],[-123.26879065303,49.34212446226],[-123.26807784885,49.34276424357],[-123.26784736415,49.34328742061],[-123.26702672805,49.34433229261],[-123.26702804991,49.34452163936],[-123.26759348649,49.34470922362],[-123.26778703916,49.3448616784],[-123.26789871649,49.34514932363],[-123.2681062088,49.34531972369],[-123.26900423392,49.34588431908],[-123.26925378549,49.3462254797],[-123.26949296243,49.34717826196],[-123.26979647001,49.34726770797],[-123.27056435179,49.346788593],[-123.27094941426,49.34668881243],[-123.27129409984,49.34670651737],[-123.27152915098,49.34687683732],[-123.27178146644,49.34769486975],[-123.27171393129,49.34795579734],[-123.2714258855,49.34815431701],[-123.2711502572,49.34819934044],[-123.2708472303,49.34806583235],[-123.27050354612,49.34815660022],[-123.26995164862,49.34806699399],[-123.26980143701,49.34817618782],[-123.26956886937,49.34850913687],[-123.26950381773,49.34922867054],[-123.26931350962,49.34961633667],[-123.2690832252,49.3503452836],[-123.26912696683,49.35081270209],[-123.26940415733,49.35105548412],[-123.26988567568,49.3509825013],[-123.27003692876,49.35108917158],[-123.27003857108,49.35133239422],[-123.26981942234,49.35153079372],[-123.26932464531,49.35170287615],[-123.2691463942,49.35182024149],[-123.26869680082,49.35272079017],[-123.26853681543,49.35296845908],[-123.26721126803,49.35300306784],[-123.26100412352,49.35289856061],[-123.26062506951,49.35303727603],[-123.25914698722,49.35312171498],[-123.25896825542,49.35340539463],[-123.25898539958,49.35365542687],[-123.25927428655,49.35409440529],[-123.25977635386,49.35443957156],[-123.26058397162,49.35471523991],[-123.26125375519,49.35505287557],[-123.26134949006,49.35534020034],[-123.26118609988,49.35562015474],[-123.26063584469,49.35617177185],[-123.26020748122,49.35652575053],[-123.2599806016,49.35740218523],[-123.25975989066,49.3574306253],[-123.25933156725,49.35765762509],[-123.25915852347,49.35802318008],[-123.25904187914,49.35872052248],[-123.25900434627,49.35968572223],[-123.25945998817,49.36001270288],[-123.26000948228,49.36024587136],[-123.26022718899,49.36045360401],[-123.2601983083,49.36070243456],[-123.26000988285,49.36087223377],[-123.25872383108,49.36064691635],[-123.25811052707,49.36044775577],[-123.25760349277,49.36038090159],[-123.25744867467,49.36047591544],[-123.2566338067,49.36046598145],[-123.25909839877,49.36109666995],[-123.26075625432,49.3613831936],[-123.26107518362,49.36151125401],[-123.26154368364,49.36178996665],[-123.26227411265,49.36199481524],[-123.26463676111,49.36208902797],[-123.26733708528,49.36166206647],[-123.27091724894,49.36106810972],[-123.27230139891,49.36102621069],[-123.27327985734,49.36102392747],[-123.27392785022,49.3611984934],[-123.27415392872,49.3612072257],[-123.27406576451,49.36149759477],[-123.27464297768,49.36167877],[-123.27517240352,49.36200418845],[-123.2754516369,49.36236073074],[-123.27553815879,49.3626239816],[-123.27543597484,49.36301044604],[-123.2753450868,49.3631465578],[-123.2753323088,49.36344345606],[-123.27520541002,49.36433334973],[-123.27531732769,49.36706135289],[-123.27547631166,49.36840124049],[-123.27521806785,49.36901350304],[-123.27304164175,49.37110228568],[-123.2715305129,49.37197299231],[-123.27070166523,49.37272521202],[-123.2703314637,49.37326773632],[-123.26913654031,49.37654511343],[-123.2681161428,49.37824282513],[-123.26697677768,49.37924960346],[-123.26647322829,49.38039677958],[-123.26613186739,49.38092920966],[-123.26492801142,49.38181297469],[-123.26380254588,49.38228576075],[-123.26317690449,49.38288901059],[-123.26259168004,49.38321587107],[-123.26103324454,49.38403005808],[-123.26008194437,49.38499485727],[-123.25732189606,49.38712682074],[-123.25646020212,49.38820974635],[-123.25625787709,49.38883719028],[-123.25533389541,49.39138253611],[-123.25486022811,49.39235498608],[-123.25403037904,49.3930885395],[-123.25334084764,49.39346054357],[-123.25214003596,49.39432420027],[-123.24935034589,49.39741114911],[-123.24805303827,49.39858768659],[-123.24610954031,49.4000605215],[-123.24534105768,49.40050410641],[-123.24422047903,49.40141062349],[-123.24376864249,49.40189887133],[-123.24284297844,49.40306239047],[-123.24236927109,49.40399614593],[-123.24238577434,49.40501442046],[-123.24248863925,49.40563205056],[-123.24252160569,49.40644523616],[-123.24199081793,49.40739425312],[-123.24188611042,49.40775408004],[-123.23929133495,49.40773861825],[-123.2276180899,49.40758792596],[-123.19566872022,49.40716821468],[-123.19017361883,49.40709947785]]]]},"properties":{"a": "36.91672", "q": "00000", "t": "CT", "dw": "2278", "hh": "2183", "id": "9330133.02", "pop": "6195", "rgid": "59", "rpid": "59933", "ruid": "5915055", "rguid": "5915"}},{"type":"Feature","geometry":{"type":"MultiPolygon","coordinates":[[[[-123.18187104231,49.40702060673],[-123.17938614163,49.39551415666],[-123.17872068415,49.39005550662],[-123.17355648893,49.38346430105],[-123.17334899662,49.38317809785],[-123.17238620025,49.3822104146],[-123.17188785819,49.38151851987],[-123.17100301163,49.3806563052],[-123.16985663664,49.37983947446],[-123.16887665607,49.37929222351],[-123.16851791067,49.37913079609],[-123.16741467646,49.37879964958],[-123.16697301425,49.37856636092],[-123.16680553831,49.37791896889],[-123.16640473367,49.37755077018],[-123.16575618,49.37723684793],[-123.16523208166,49.37704866282],[-123.16514912479,49.3769588563],[-123.1650376878,49.37658124433],[-123.16462338414,49.37626704169],[-123.16249827031,49.37519064528],[-123.16000043141,49.37381779123],[-123.15801283131,49.37258829914],[-123.15761214684,49.37221998026],[-123.1574181936,49.37186956661],[-123.1574861293,49.37155460289],[-123.1574982664,49.37108678384],[-123.15734509061,49.3705832745],[-123.15680500976,49.36963057235],[-123.15679030905,49.36934272684],[-123.156940761,49.36900977779],[-123.15695377934,49.36875782284],[-123.15675954571,49.36834428025],[-123.15700617315,49.36793021692],[-123.1569504146,49.36770542024],[-123.15653547003,49.3671483154],[-123.15614868514,49.36679798185],[-123.15598233078,49.3664834187],[-123.15598044813,49.36586278436],[-123.15505181989,49.36402904102],[-123.15505073837,49.36368719944],[-123.1555031357,49.36302090077],[-123.15540551818,49.3626523015],[-123.15547389451,49.36245430256],[-123.1557479606,49.36204913176],[-123.1557473197,49.36183326766],[-123.15547129084,49.36166274743],[-123.15498889124,49.36154642356],[-123.15476798003,49.36135783788],[-123.15469808155,49.36102512917],[-123.15483471404,49.36071012539],[-123.15487525115,49.36044026522],[-123.15468145814,49.36012566201],[-123.15403302464,49.35975770364],[-123.15381179297,49.35947009847],[-123.15374089309,49.35876867031],[-123.15356007836,49.358238203],[-123.15297942034,49.35747436692],[-123.15266009047,49.35666518696],[-123.15212117125,49.3560272883],[-123.15167922865,49.35562307886],[-123.15090641993,49.35506637458],[-123.15024432719,49.35470746896],[-123.14951373795,49.35445655548],[-123.14857637741,49.35409793026],[-123.14821715134,49.35372961138],[-123.14828388536,49.35323038808],[-123.14789710046,49.35261468068],[-123.14760597032,49.35192242545],[-123.14734199844,49.35115814875],[-123.14730714935,49.35094384684],[-123.14706653037,49.35109554055],[-123.14643836542,49.34926944798],[-123.14564452708,49.34811686424],[-123.14530597012,49.34740758503],[-123.14467035468,49.34625924727],[-123.14592788627,49.34602131207],[-123.14748019313,49.34514131234],[-123.14822295953,49.34434651264],[-123.14921964363,49.34374378353],[-123.14896168022,49.34358331747],[-123.14859961014,49.34355571859],[-123.14863562087,49.34180160743],[-123.14979737753,49.34178390249],[-123.15002589947,49.34175486157],[-123.15044801414,49.34181815073],[-123.15098565155,49.34180204805],[-123.15166993556,49.34158770609],[-123.14875370723,49.33954266507],[-123.14791969229,49.33915055267],[-123.14622262149,49.33869002389],[-123.14425268628,49.33850496318],[-123.14181284908,49.33841555722],[-123.1398331401,49.33829626917],[-123.14003979123,49.33812218393],[-123.14329746057,49.33814737942],[-123.15035848802,49.33818266914],[-123.15158429491,49.33818178789],[-123.15424111779,49.33820522091],[-123.15709057205,49.33821936083],[-123.15982991118,49.33821563558],[-123.16048403269,49.33823662515],[-123.16289202503,49.3382488023],[-123.16405590468,49.33821867987],[-123.16473057514,49.33827175464],[-123.17074620986,49.3383079256],[-123.1747382738,49.33834698062],[-123.17917091843,49.3383761417],[-123.18337271785,49.33837502012],[-123.18551685847,49.33841111096],[-123.18889009062,49.33843458403],[-123.19016708963,49.33856981454],[-123.19020630488,49.33945806589],[-123.19032891761,49.34045418921],[-123.19012623207,49.34144398362],[-123.19020678555,49.34345465621],[-123.19022228739,49.34703982693],[-123.19077450535,49.34717862247],[-123.19087985376,49.34765833828],[-123.19119950408,49.34842237464],[-123.19129856363,49.3491238028],[-123.19131767055,49.35050006165],[-123.19125077631,49.35099491879],[-123.19080218434,49.35249787613],[-123.19048373572,49.35447866663],[-123.19079893977,49.35522331568],[-123.19111386343,49.35830814152],[-123.19161256599,49.35906292485],[-123.1915733908,49.35962063053],[-123.19142534223,49.35997669215],[-123.1913603707,49.36445127586],[-123.19109295397,49.38287675333],[-123.19108277964,49.39115409429],[-123.18982300489,49.40457780536],[-123.19017361883,49.40709947785],[-123.1832771432,49.40701644087],[-123.18187104231,49.40702060673]]]]},"properties":{"a": "15.28389", "q": "00000", "t": "CT", "dw": "2779", "hh": "2579", "id": "9330134.00", "pop": "7406", "rgid": "59", "rpid": "59933", "ruid": "5915055", "rguid": "5915"}},{"type":"Feature","geometry":{"type":"MultiPolygon","coordinates":[[[[-123.12376558443,49.40619812804],[-123.1237834496,49.40609141771],[-123.1236364425,49.40459979634],[-123.12365643066,49.39117824832],[-123.12368571191,49.39117961023],[-123.12367149188,49.3816351642],[-123.12365330626,49.37921339245],[-123.11813773603,49.37687806248],[-123.11806186914,49.37317825026],[-123.11803246773,49.37082829969],[-123.1180030663,49.36494000437],[-123.1179968175,49.3644132623],[-123.11719076195,49.36372345051],[-123.11726887199,49.35951544235],[-123.118210118,49.35945567815],[-123.11801616476,49.35926520982],[-123.11819750022,49.35646899056],[-123.118146949,49.34875868843],[-123.11799613654,49.3474965103],[-123.11813393066,49.34420070724],[-123.11804808973,49.33932119307],[-123.11828298064,49.33779584418],[-123.11927630001,49.3378778397],[-123.12401157097,49.33789979062],[-123.12881409668,49.33797385496],[-123.1290387732,49.33812486771],[-123.12911419946,49.33799436386],[-123.12967226565,49.33768380635],[-123.13006285591,49.33754853578],[-123.13093580571,49.33759836598],[-123.13492634751,49.33759688389],[-123.13656024932,49.33775102104],[-123.13896163234,49.33800365695],[-123.1398331401,49.33829626917],[-123.14181284908,49.33841555722],[-123.14425268628,49.33850496318],[-123.14622262149,49.33869002389],[-123.14791969229,49.33915055267],[-123.14875370723,49.33954266507],[-123.15166993556,49.34158770609],[-123.15098565155,49.34180204805],[-123.15044801414,49.34181815073],[-123.15002589947,49.34175486157],[-123.14979737753,49.34178390249],[-123.14863562087,49.34180160743],[-123.14859961014,49.34355571859],[-123.14896168022,49.34358331747],[-123.14921964363,49.34374378353],[-123.14822295953,49.34434651264],[-123.14748019313,49.34514131234],[-123.14592788627,49.34602131207],[-123.14467035468,49.34625924727],[-123.14530597012,49.34740758503],[-123.14564452708,49.34811686424],[-123.14643836542,49.34926944798],[-123.14706653037,49.35109554055],[-123.14730714935,49.35094384684],[-123.14734199844,49.35115814875],[-123.14760597032,49.35192242545],[-123.14789710046,49.35261468068],[-123.14828388536,49.35323038808],[-123.14821715134,49.35372961138],[-123.14857637741,49.35409793026],[-123.14951373795,49.35445655548],[-123.15024432719,49.35470746896],[-123.15090641993,49.35506637458],[-123.15167922865,49.35562307886],[-123.15212117125,49.3560272883],[-123.15266009047,49.35666518696],[-123.15297942034,49.35747436692],[-123.15356007836,49.358238203],[-123.15374089309,49.35876867031],[-123.15381179297,49.35947009847],[-123.15403302464,49.35975770364],[-123.15468145814,49.36012566201],[-123.15487525115,49.36044026522],[-123.15483471404,49.36071012539],[-123.15469808155,49.36102512917],[-123.15476798003,49.36135783788],[-123.15498889124,49.36154642356],[-123.15547129084,49.36166274743],[-123.1557473197,49.36183326766],[-123.1557479606,49.36204913176],[-123.15547389451,49.36245430256],[-123.15540551818,49.3626523015],[-123.1555031357,49.36302090077],[-123.15505073837,49.36368719944],[-123.15505181989,49.36402904102],[-123.15598044813,49.36586278436],[-123.15598233078,49.3664834187],[-123.15614868514,49.36679798185],[-123.15653547003,49.3671483154],[-123.1569504146,49.36770542024],[-123.15700617315,49.36793021692],[-123.15675954571,49.36834428025],[-123.15695377934,49.36875782284],[-123.156940761,49.36900977779],[-123.15679030905,49.36934272684],[-123.15680500976,49.36963057235],[-123.15734509061,49.3705832745],[-123.1574982664,49.37108678384],[-123.1574861293,49.37155460289],[-123.1574181936,49.37186956661],[-123.15761214684,49.37221998026],[-123.15801283131,49.37258829914],[-123.16000043141,49.37381779123],[-123.16249827031,49.37519064528],[-123.16462338414,49.37626704169],[-123.1650376878,49.37658124433],[-123.16514912479,49.3769588563],[-123.16523208166,49.37704866282],[-123.16575618,49.37723684793],[-123.16640473367,49.37755077018],[-123.16680553831,49.37791896889],[-123.16697301425,49.37856636092],[-123.16741467646,49.37879964958],[-123.16851791067,49.37913079609],[-123.16887665607,49.37929222351],[-123.16985663664,49.37983947446],[-123.17100301163,49.3806563052],[-123.17188785819,49.38151851987],[-123.17238620025,49.3822104146],[-123.17334899662,49.38317809785],[-123.17355648893,49.38346430105],[-123.17872068415,49.39005550662],[-123.17938614163,49.39551415666],[-123.18187104231,49.40702060673],[-123.18052037953,49.40702068685],[-123.15276311561,49.40662344722],[-123.14265343328,49.40646466353],[-123.14211259135,49.40646858906],[-123.12567895996,49.40622424483],[-123.12503825735,49.40620153284],[-123.12376558443,49.40619812804]]]]},"properties":{"a": "23.74145", "q": "01010", "t": "CT", "dw": "1934", "hh": "1794", "id": "9330135.00", "pop": "5231", "rgid": "59", "rpid": "59933", "ruid": "5915055", "rguid": "5915"}},{"type":"Feature","geometry":{"type":"MultiPolygon","coordinates":[[[[-123.14792946606,49.13343662675],[-123.14388556909,49.13347772464],[-123.14225411072,49.13345268937],[-123.13679826463,49.13348621661],[-123.13078010636,49.13345729586],[-123.12859703088,49.13345457203],[-123.12211614073,49.13342180587],[-123.11822281588,49.13340782617],[-123.11591981145,49.13338323152],[-123.11491908164,49.13340221827],[-123.10705027622,49.13334678017],[-123.10351329338,49.13329610879],[-123.10302873074,49.13333648567],[-123.10276467875,49.13331433446],[-123.10005874668,49.13330808566],[-123.09238201184,49.13326951132],[-123.08701809526,49.13323346053],[-123.08698861372,49.13265328319],[-123.08702766874,49.13228624611],[-123.08697122923,49.13160216239],[-123.08682822778,49.1309257695],[-123.08644757151,49.13017230803],[-123.08618592291,49.12985089523],[-123.08557942849,49.12927324145],[-123.08470227277,49.12854677802],[-123.08374780814,49.12786714056],[-123.08123691083,49.12589055598],[-123.07842619114,49.12370856203],[-123.07503489355,49.12095416168],[-123.07541326659,49.12073773679],[-123.08387226347,49.11562966062],[-123.08472214076,49.1149265501],[-123.0852191209,49.11400749535],[-123.09115436235,49.10296229508],[-123.09362396148,49.09757402418],[-123.09690786778,49.08994331418],[-123.09789614004,49.08909724225],[-123.09886995193,49.08843987617],[-123.10042950901,49.0878262517],[-123.10255710633,49.08728925519],[-123.10647999281,49.08667182537],[-123.10964112616,49.08623977671],[-123.1135223139,49.08630526897],[-123.11671601313,49.08660296836],[-123.11889360087,49.08673535487],[-123.12192102585,49.08678690749],[-123.12463164452,49.08671676868],[-123.12596516316,49.08665295879],[-123.12712691982,49.08668552467],[-123.12830742289,49.08700657696],[-123.14515239377,49.09655971524],[-123.16559763664,49.10759962807],[-123.17444826524,49.11234507336],[-123.17229018498,49.11657523273],[-123.17160429872,49.11856415469],[-123.1700176635,49.11834829058],[-123.1692901586,49.11820456811],[-123.16901641295,49.11818746401],[-123.16818023496,49.11802723829],[-123.16745269001,49.1177220884],[-123.16675354507,49.11758846015],[-123.16605315837,49.11739971424],[-123.16477812213,49.11701557307],[-123.16459963067,49.11694371184],[-123.16310460451,49.11650525414],[-123.16230792216,49.11618163824],[-123.1608132565,49.11563590943],[-123.16029100075,49.11538387437],[-123.15942670315,49.11491801808],[-123.15883667192,49.11464915931],[-123.15765672964,49.11416503729],[-123.1573403239,49.11388608431],[-123.15519694434,49.11503330048],[-123.15549472385,49.11521123115],[-123.15582490901,49.11558876301],[-123.15650791121,49.11502949512],[-123.15667310393,49.11512883507],[-123.1561939489,49.11551541968],[-123.15687979511,49.11569439182],[-123.1576352594,49.11603611323],[-123.15785396751,49.11586483193],[-123.1570572451,49.11549623265],[-123.15716732017,49.11539801429],[-123.15775743151,49.11567608603],[-123.1581681301,49.11560334355],[-123.158483935,49.11574706602],[-123.15851181427,49.115908894],[-123.15882721861,49.11595347681],[-123.1590744469,49.11612403709],[-123.1590753682,49.11641192266],[-123.1592806574,49.11636657878],[-123.16072116677,49.11697567687],[-123.16059891454,49.11714743884],[-123.16153150836,49.11754131373],[-123.16063031878,49.11840673291],[-123.16031575563,49.11874845432],[-123.15975688831,49.11953235867],[-123.16143072638,49.12010576648],[-123.16244082939,49.11896147442],[-123.16241090724,49.11811644396],[-123.1625610788,49.11813326766],[-123.16275286899,49.11790903176],[-123.16341071575,49.11809629557],[-123.16358896687,49.11818578164],[-123.16545543631,49.1187417649],[-123.16531868366,49.11894845608],[-123.16595005312,49.11917265192],[-123.16595165538,49.11961359311],[-123.16622620216,49.11974814267],[-123.16702168281,49.11993588716],[-123.16736340423,49.11986250378],[-123.16754109455,49.11952134315],[-123.16823979887,49.11965441062],[-123.16817270435,49.11986226344],[-123.16785689945,49.11984407782],[-123.16772102804,49.12018619979],[-123.16795451697,49.12032074934],[-123.16865434288,49.12048209665],[-123.16885939174,49.12048109524],[-123.16903736247,49.12037322327],[-123.16914603556,49.12007616478],[-123.16939286329,49.12000442371],[-123.17032557728,49.1202099132],[-123.17042199311,49.1205328882],[-123.17035401734,49.12060531023],[-123.1707520581,49.12070400927],[-123.1708467515,49.12053216718],[-123.17272659979,49.12099798342],[-123.17302810455,49.12104220572],[-123.17314458865,49.12091414531],[-123.17317767526,49.12093733798],[-123.17243354695,49.12195933776],[-123.17168573344,49.12224890569],[-123.17105828951,49.12299812117],[-123.17065624311,49.12308780752],[-123.17023633155,49.12312313729],[-123.16964846337,49.12322435989],[-123.16992705585,49.12404203182],[-123.16992160818,49.12647085349],[-123.16988507671,49.12780220908],[-123.16985383269,49.1336200852],[-123.16963075843,49.13360466347],[-123.16635410234,49.1335104908],[-123.16370833503,49.13350524341],[-123.15912952449,49.13344864367],[-123.15552364459,49.13342328795],[-123.15206953851,49.13344019177],[-123.14792946606,49.13343662675]]]]},"properties":{"a": "27.08203", "q": "00000", "t": "CT", "dw": "2738", "hh": "2650", "id": "9330140.02", "pop": "6472", "rgid": "59", "rpid": "59933", "ruid": "5915015", "rguid": "5915"}},{"type":"Feature","geometry":{"type":"MultiPolygon","coordinates":[[[[-123.05639259062,49.20450358454],[-123.05498516787,49.20443857296],[-123.04732990328,49.20456735438],[-123.04216194275,49.20412893675],[-123.03974694054,49.20373942802],[-123.02300443401,49.19953049855],[-123.01931611798,49.19859441982],[-123.01442454683,49.19683285817],[-123.01158054024,49.19577284484],[-123.00877887331,49.19490530266],[-123.00474675293,49.19325690043],[-122.99381535298,49.18732033711],[-122.98978723825,49.18476473683],[-122.98763676871,49.18358972149],[-122.9864220975,49.18283746172],[-122.98258997888,49.1814368085],[-122.98022512732,49.18083992763],[-122.98030912566,49.1794753252],[-122.98092779723,49.17722483475],[-122.98088762063,49.17007127695],[-122.9809777476,49.16874464802],[-122.98112130985,49.16627324636],[-122.98140062334,49.16247048911],[-122.98528665791,49.16047239423],[-122.98712588899,49.15955490168],[-122.99201822121,49.15746924345],[-122.99595088147,49.15583313853],[-123.00417967404,49.15237110128],[-123.03915759027,49.14548776416],[-123.05407676813,49.13502133926],[-123.05921360481,49.13103997038],[-123.06476975221,49.12694115605],[-123.07503489355,49.12095416168],[-123.07842619114,49.12370856203],[-123.08123691083,49.12589055598],[-123.08374780814,49.12786714056],[-123.08470227277,49.12854677802],[-123.08557942849,49.12927324145],[-123.08618592291,49.12985089523],[-123.08644757151,49.13017230803],[-123.08682822778,49.1309257695],[-123.08697122923,49.13160216239],[-123.08702766874,49.13228624611],[-123.08698861372,49.13265328319],[-123.08701809526,49.13323346053],[-123.0869709889,49.13444412609],[-123.08699113728,49.13736664328],[-123.08694030567,49.14033622677],[-123.08691358803,49.15531853357],[-123.08685037898,49.15580109339],[-123.08684557221,49.1666830637],[-123.08687164895,49.16805643849],[-123.08682974992,49.16917549499],[-123.08707685804,49.17003282278],[-123.08426898236,49.16994141401],[-123.08066570613,49.1699255116],[-123.08059997353,49.17164361203],[-123.08060518086,49.17560331038],[-123.08061579582,49.17772457878],[-123.08053988888,49.17918251269],[-123.08047471707,49.18176807518],[-123.08050856475,49.18295963383],[-123.0804422313,49.18332254509],[-123.08047007052,49.18462401858],[-123.08216413709,49.18460731505],[-123.09175024182,49.18464256471],[-123.09170017128,49.1872782378],[-123.09167048946,49.18826254447],[-123.09170353602,49.18908630497],[-123.09165366576,49.19178494677],[-123.09161565221,49.19354807062],[-123.09161384967,49.19457800157],[-123.09166111626,49.19637797734],[-123.09223272153,49.19667243216],[-123.09149151733,49.19802249411],[-123.07749736263,49.20181163217],[-123.06782349426,49.20411992405],[-123.06846471761,49.2064049832],[-123.06763146373,49.20604115064],[-123.06693980935,49.20584964084],[-123.06319609527,49.20519872384],[-123.05867929208,49.20448792248],[-123.05639259062,49.20450358454]]]]},"properties":{"a": "47.52207", "q": "01020", "t": "CT", "dw": "1499", "hh": "1354", "id": "9330140.03", "pop": "4159", "rgid": "59", "rpid": "59933", "ruid": "5915015", "rguid": "5915"}},{"type":"Feature","geometry":{"type":"MultiPolygon","coordinates":[[[[-122.95713579951,49.17544244375],[-122.95972873239,49.17390019106],[-122.96317238374,49.17006258471],[-122.96440752378,49.16873711742],[-122.96633936532,49.16810490677],[-122.96761019564,49.16763328235],[-122.9744841195,49.16602577773],[-122.98140062334,49.16247048911],[-122.98112130985,49.16627324636],[-122.9809777476,49.16874464802],[-122.98088762063,49.17007127695],[-122.98092779723,49.17722483475],[-122.98030912566,49.1794753252],[-122.98022512732,49.18083992763],[-122.97818405189,49.18032468176],[-122.97294014438,49.18091787744],[-122.96974127787,49.18212209392],[-122.96795780535,49.18415708077],[-122.96518666142,49.18680148616],[-122.96084210088,49.18866951781],[-122.95743462049,49.19055765778],[-122.95752999485,49.18983035317],[-122.95741551357,49.18790944703],[-122.95723738262,49.18746714393],[-122.95726522184,49.18475560396],[-122.9573419299,49.18231011881],[-122.95731477164,49.18205764312],[-122.95731833667,49.17872394667],[-122.95738414938,49.17656638714],[-122.95713579951,49.17544244375]]]]},"properties":{"a": "3.08597", "q": "00000", "t": "CT", "dw": "1510", "hh": "1412", "id": "9330140.04", "pop": "4610", "rgid": "59", "rpid": "59933", "ruid": "5915015", "rguid": "5915"}},{"type":"Feature","geometry":{"type":"MultiPolygon","coordinates":[[[[-123.16985383269,49.1336200852],[-123.16988507671,49.12780220908],[-123.16992160818,49.12647085349],[-123.16992705585,49.12404203182],[-123.16964846337,49.12322435989],[-123.17023633155,49.12312313729],[-123.17065624311,49.12308780752],[-123.17105828951,49.12299812117],[-123.17168573344,49.12224890569],[-123.17243354695,49.12195933776],[-123.17317767526,49.12093733798],[-123.17314458865,49.12091414531],[-123.17422098506,49.12113966301],[-123.17386640553,49.12161693539],[-123.17464742582,49.12178577324],[-123.17481137679,49.12161469223],[-123.17536083085,49.12178561302],[-123.17547126643,49.12201934229],[-123.17533471406,49.12215445263],[-123.17490999572,49.12222695477],[-123.17474596464,49.12233526736],[-123.17480160302,49.12256903669],[-123.17504827052,49.12263120427],[-123.17547346953,49.12263997663],[-123.17574713507,49.12252261128],[-123.17592450494,49.12227045605],[-123.17636312286,49.12228780049],[-123.17633636516,49.12249469195],[-123.17803519845,49.12251824513],[-123.17815821175,49.12218609721],[-123.17859630893,49.122265449],[-123.17852865362,49.12238309474],[-123.181340575,49.12295474006],[-123.18128629854,49.12307178495],[-123.18188914782,49.1232318905],[-123.18179445442,49.12336780197],[-123.18143779196,49.12329642141],[-123.18138331521,49.12337745557],[-123.18210989881,49.12342131737],[-123.18335785691,49.12362620601],[-123.18380969345,49.12372362325],[-123.18503101402,49.12391132768],[-123.18641664608,49.12425096616],[-123.18675932884,49.12426843076],[-123.18679978584,49.12410648261],[-123.18763624422,49.12432050412],[-123.18781561692,49.12462617475],[-123.18802154703,49.12467985036],[-123.18878966915,49.12475091047],[-123.19065389543,49.12481079483],[-123.19101023744,49.12476521062],[-123.19131050044,49.12448577696],[-123.18941138501,49.12245607755],[-123.18902824525,49.1226095738],[-123.18871308125,49.12261005447],[-123.18784838308,49.12233266369],[-123.18662746307,49.12198381223],[-123.18576332569,49.12180528072],[-123.18541980174,49.12161665499],[-123.18503437876,49.12129295897],[-123.18469121532,49.12115840942],[-123.18364830609,49.12083635572],[-123.18215416117,49.12054270203],[-123.18145453555,49.12037286276],[-123.18056319985,49.12026615243],[-123.17919286935,49.12025942295],[-123.17874043197,49.12021520065],[-123.1782186569,49.1200983961],[-123.17746383352,49.11982060475],[-123.17640862696,49.11973272094],[-123.17554493021,49.1195724151],[-123.17491380108,49.1194113482],[-123.17450226131,49.11926814646],[-123.17304809271,49.11887439174],[-123.17196464637,49.11862431944],[-123.17160429872,49.11856415469],[-123.17229018498,49.11657523273],[-123.17444826524,49.11234507336],[-123.17518185872,49.11259586667],[-123.18158371754,49.11481687559],[-123.18758148708,49.11688014228],[-123.19539641661,49.11949734935],[-123.19900329791,49.1245878808],[-123.19956324676,49.12488562025],[-123.20019553752,49.12532535974],[-123.20053954215,49.12572916862],[-123.20070517549,49.12612420514],[-123.20052848657,49.12630534032],[-123.19663536201,49.12634731946],[-123.19643019297,49.12632132284],[-123.1947305185,49.1263419519],[-123.19459404624,49.12644141202],[-123.19496492874,49.12664766258],[-123.19395025929,49.12668471478],[-123.19454065102,49.12689092528],[-123.19513132315,49.12733014405],[-123.1953110163,49.12771660849],[-123.19528594097,49.12811336744],[-123.19530196354,49.12875178683],[-123.19550977631,49.12928237431],[-123.1953749063,49.12983130764],[-123.19452971562,49.1310382079],[-123.19418975669,49.13173138443],[-123.19424687716,49.13232502074],[-123.19407239135,49.13326081907],[-123.19404991969,49.13360918985],[-123.191811326,49.13360586517],[-123.19031714102,49.13362637406],[-123.18910327094,49.13358687842],[-123.18715051994,49.13362248858],[-123.1857247914,49.13359785388],[-123.18420312771,49.1336182426],[-123.18117353969,49.13364111482],[-123.17832212266,49.13363654839],[-123.17372957276,49.13358050944],[-123.17252263245,49.13357886713],[-123.16985383269,49.1336200852]]]]},"properties":{"a": "3.2964", "q": "00000", "t": "CT", "dw": "3586", "hh": "3463", "id": "9330141.00", "pop": "8763", "rgid": "59", "rpid": "59933", "ruid": "5915015", "rguid": "5915"}},{"type":"Feature","geometry":{"type":"MultiPolygon","coordinates":[[[[-123.16982350998,49.14093687295],[-123.16985383269,49.1336200852],[-123.17252263245,49.13357886713],[-123.17372957276,49.13358050944],[-123.17832212266,49.13363654839],[-123.18117353969,49.13364111482],[-123.18420312771,49.1336182426],[-123.1857247914,49.13359785388],[-123.18715051994,49.13362248858],[-123.18910327094,49.13358687842],[-123.19031714102,49.13362637406],[-123.191811326,49.13360586517],[-123.19404991969,49.13360918985],[-123.19403357666,49.13386354818],[-123.19421399083,49.13442994612],[-123.19458759716,49.13532873231],[-123.19497386132,49.13612793821],[-123.194964408,49.13718935352],[-123.19442877341,49.14095818297],[-123.19009843291,49.14094896999],[-123.18693121098,49.1409271793],[-123.18530415882,49.14094828903],[-123.18407935334,49.14092281314],[-123.18126875382,49.14094516463],[-123.17597633796,49.14093539086],[-123.17412208573,49.14096242895],[-123.17194545934,49.14093246674],[-123.17023168501,49.14092605772],[-123.16982350998,49.14093687295]]]]},"properties":{"a": "1.47536", "q": "00000", "t": "CT", "dw": "2107", "hh": "2072", "id": "9330142.01", "pop": "6328", "rgid": "59", "rpid": "59933", "ruid": "5915015", "rguid": "5915"}},{"type":"Feature","geometry":{"type":"MultiPolygon","coordinates":[[[[-123.16978894128,49.14828057863],[-123.16980224001,49.14545575907],[-123.16982371026,49.14434908001],[-123.16982350998,49.14093687295],[-123.17023168501,49.14092605772],[-123.17194545934,49.14093246674],[-123.17412208573,49.14096242895],[-123.17597633796,49.14093539086],[-123.18126875382,49.14094516463],[-123.18407935334,49.14092281314],[-123.18530415882,49.14094828903],[-123.18693121098,49.1409271793],[-123.19009843291,49.14094896999],[-123.19442877341,49.14095818297],[-123.19412174087,49.14240902689],[-123.19390715857,49.14362373816],[-123.19390980229,49.1443163539],[-123.19439500584,49.14566493376],[-123.19468537491,49.14625812944],[-123.19476869228,49.14653688214],[-123.19479977607,49.14748133266],[-123.1949859183,49.14826719978],[-123.19456937148,49.14823755802],[-123.19411685398,49.14825554336],[-123.18976997018,49.14828077891],[-123.18890603308,49.14827320824],[-123.18535442964,49.14826996367],[-123.18469642266,49.14831602857],[-123.18135042888,49.14829427793],[-123.17745598246,49.14828238117],[-123.17449392957,49.14825986945],[-123.17018273605,49.14829127369],[-123.16978894128,49.14828057863]]]]},"properties":{"a": "1.46079", "q": "00000", "t": "CT", "dw": "1835", "hh": "1799", "id": "9330142.02", "pop": "5089", "rgid": "59", "rpid": "59933", "ruid": "5915015", "rguid": "5915"}},{"type":"Feature","geometry":{"type":"MultiPolygon","coordinates":[[[[-123.17019992026,49.15566950801],[-123.16976406623,49.15565997458],[-123.16976606905,49.15315144061],[-123.16978894128,49.14828057863],[-123.17018273605,49.14829127369],[-123.17449392957,49.14825986945],[-123.17745598246,49.14828238117],[-123.18135042888,49.14829427793],[-123.18469642266,49.14831602857],[-123.18535442964,49.14826996367],[-123.18890603308,49.14827320824],[-123.18976997018,49.14828077891],[-123.19411685398,49.14825554336],[-123.19456937148,49.14823755802],[-123.1949859183,49.14826719978],[-123.19545834385,49.15105136205],[-123.19562602007,49.15183366415],[-123.1956851033,49.15293101007],[-123.19568722629,49.15364072991],[-123.19578848895,49.15481085836],[-123.19595676602,49.15566165695],[-123.19506390818,49.15565648967],[-123.19165662806,49.15573972694],[-123.19003161878,49.15573752383],[-123.18759033955,49.15571449138],[-123.18529991284,49.15570928405],[-123.17750997853,49.15570347587],[-123.17468507886,49.15562376357],[-123.17232567498,49.15567539631],[-123.17019992026,49.15566950801]]]]},"properties":{"a": "1.54922", "q": "00000", "t": "CT", "dw": "2286", "hh": "2209", "id": "9330142.03", "pop": "6298", "rgid": "59", "rpid": "59933", "ruid": "5915015", "rguid": "5915"}},{"type":"Feature","geometry":{"type":"MultiPolygon","coordinates":[[[[-123.14800645452,49.14090270482],[-123.1479749301,49.13949944793],[-123.14797212615,49.13856392999],[-123.14801054027,49.13762829188],[-123.14800288949,49.13460230894],[-123.14792946606,49.13343662675],[-123.15206953851,49.13344019177],[-123.15552364459,49.13342328795],[-123.15912952449,49.13344864367],[-123.16370833503,49.13350524341],[-123.16635410234,49.1335104908],[-123.16963075843,49.13360466347],[-123.16985383269,49.1336200852],[-123.16982350998,49.14093687295],[-123.16961457563,49.14092693896],[-123.16640625581,49.14092265292],[-123.16516390561,49.14088848478],[-123.16376004788,49.14091736547],[-123.15902990415,49.14091500214],[-123.15746702239,49.14093519058],[-123.15484592984,49.14089845883],[-123.14800645452,49.14090270482]]]]},"properties":{"a": "1.31897", "q": "00000", "t": "CT", "dw": "1668", "hh": "1635", "id": "9330143.01", "pop": "5478", "rgid": "59", "rpid": "59933", "ruid": "5915015", "rguid": "5915"}},{"type":"Feature","geometry":{"type":"MultiPolygon","coordinates":[[[[-123.15906331121,49.15563137429],[-123.15623805104,49.15560826173],[-123.15480190782,49.15560842196],[-123.15082061906,49.15557954127],[-123.14994286249,49.15555370487],[-123.14803645678,49.15554709556],[-123.14807971773,49.15167904632],[-123.14805788697,49.14980116079],[-123.14798718737,49.14822494024],[-123.15003050596,49.14824929455],[-123.15317064974,49.1482361961],[-123.15437306368,49.14830541361],[-123.15905353744,49.14828214083],[-123.16645840928,49.14829872419],[-123.16978894128,49.14828057863],[-123.16976606905,49.15315144061],[-123.16976406623,49.15565997458],[-123.16963744785,49.15565236386],[-123.16480976671,49.15562332295],[-123.16114788792,49.155610585],[-123.15906331121,49.15563137429]]]]},"properties":{"a": "1.29201", "q": "00000", "t": "CT", "dw": "1590", "hh": "1536", "id": "9330143.02", "pop": "4508", "rgid": "59", "rpid": "59933", "ruid": "5915015", "rguid": "5915"}},{"type":"Feature","geometry":{"type":"MultiPolygon","coordinates":[[[[-123.1367152677,49.14818484376],[-123.1367498364,49.14582804354],[-123.13675732696,49.14356121007],[-123.13673629733,49.14088059367],[-123.13678436505,49.1383618453],[-123.13678031935,49.13694056303],[-123.13685810894,49.13532124176],[-123.13679826463,49.13348621661],[-123.14225411072,49.13345268937],[-123.14388556909,49.13347772464],[-123.14792946606,49.13343662675],[-123.14800288949,49.13460230894],[-123.14801054027,49.13762829188],[-123.14797212615,49.13856392999],[-123.1479749301,49.13949944793],[-123.14800645452,49.14090270482],[-123.14799443759,49.14164366867],[-123.14800124718,49.14373625667],[-123.1480225572,49.14496006074],[-123.1479552624,49.14668673325],[-123.14798718737,49.14822494024],[-123.14579113361,49.14821516648],[-123.14495679822,49.14824681106],[-123.14365027762,49.14825462206],[-123.14217788333,49.14822550103],[-123.14002008347,49.1482168889],[-123.1367152677,49.14818484376]]]]},"properties":{"a": "1.34393", "q": "00000", "t": "CT", "dw": "1615", "hh": "1560", "id": "9330143.03", "pop": "4694", "rgid": "59", "rpid": "59933", "ruid": "5915015", "rguid": "5915"}},{"type":"Feature","geometry":{"type":"MultiPolygon","coordinates":[[[[-123.14798718737,49.14822494024],[-123.1479552624,49.14668673325],[-123.1480225572,49.14496006074],[-123.14800124718,49.14373625667],[-123.14799443759,49.14164366867],[-123.14800645452,49.14090270482],[-123.15484592984,49.14089845883],[-123.15746702239,49.14093519058],[-123.15902990415,49.14091500214],[-123.16376004788,49.14091736547],[-123.16516390561,49.14088848478],[-123.16640625581,49.14092265292],[-123.16961457563,49.14092693896],[-123.16982350998,49.14093687295],[-123.16982371026,49.14434908001],[-123.16980224001,49.14545575907],[-123.16978894128,49.14828057863],[-123.16645840928,49.14829872419],[-123.15905353744,49.14828214083],[-123.15437306368,49.14830541361],[-123.15317064974,49.1482361961],[-123.15003050596,49.14824929455],[-123.14798718737,49.14822494024]]]]},"properties":{"a": "1.30406", "q": "00000", "t": "CT", "dw": "1762", "hh": "1722", "id": "9330143.04", "pop": "5677", "rgid": "59", "rpid": "59933", "ruid": "5915015", "rguid": "5915"}},{"type":"Feature","geometry":{"type":"MultiPolygon","coordinates":[[[[-123.10296375921,49.14055938115],[-123.10302873074,49.13333648567],[-123.10351329338,49.13329610879],[-123.10705027622,49.13334678017],[-123.11491908164,49.13340221827],[-123.11483227936,49.13736920689],[-123.11481902068,49.13751064615],[-123.11478313012,49.13981605396],[-123.11485362944,49.1406615651],[-123.10821752061,49.14058706014],[-123.10337762225,49.14055549567],[-123.10296375921,49.14055938115]]]]},"properties":{"a": "0.69654", "q": "00000", "t": "CT", "dw": "680", "hh": "659", "id": "9330144.03", "pop": "2143", "rgid": "59", "rpid": "59933", "ruid": "5915015", "rguid": "5915"}},{"type":"Feature","geometry":{"type":"MultiPolygon","coordinates":[[[[-123.12564419098,49.14082123004],[-123.12062588128,49.14071860546],[-123.11800322653,49.14070646836],[-123.11714858252,49.14071576145],[-123.11485362944,49.1406615651],[-123.11478313012,49.13981605396],[-123.11481902068,49.13751064615],[-123.11483227936,49.13736920689],[-123.11491908164,49.13340221827],[-123.11591981145,49.13338323152],[-123.11822281588,49.13340782617],[-123.12211614073,49.13342180587],[-123.12859703088,49.13345457203],[-123.13078010636,49.13345729586],[-123.13679826463,49.13348621661],[-123.13685810894,49.13532124176],[-123.13678031935,49.13694056303],[-123.13678436505,49.1383618453],[-123.13673629733,49.14088059367],[-123.13361013325,49.14085724077],[-123.12564419098,49.14082123004]]]]},"properties":{"a": "1.30992", "q": "01000", "t": "CT", "dw": "2039", "hh": "1976", "id": "9330144.04", "pop": "5515", "rgid": "59", "rpid": "59933", "ruid": "5915015", "rguid": "5915"}},{"type":"Feature","geometry":{"type":"MultiPolygon","coordinates":[[[[-123.1257175343,49.14809840198],[-123.12569698535,49.14539988035],[-123.12566461976,49.14344785037],[-123.12564419098,49.14082123004],[-123.13361013325,49.14085724077],[-123.13673629733,49.14088059367],[-123.13675732696,49.14356121007],[-123.1367498364,49.14582804354],[-123.1367152677,49.14818484376],[-123.13454861537,49.14816044939],[-123.13103810983,49.14815548239],[-123.12929653633,49.14813048718],[-123.12714370346,49.14815079579],[-123.1257175343,49.14809840198]]]]},"properties":{"a": "0.65553", "q": "00000", "t": "CT", "dw": "827", "hh": "796", "id": "9330144.05", "pop": "2332", "rgid": "59", "rpid": "59933", "ruid": "5915015", "rguid": "5915"}},{"type":"Feature","geometry":{"type":"MultiPolygon","coordinates":[[[[-123.10289850729,49.1477895669],[-123.10296375921,49.14055938115],[-123.10337762225,49.14055549567],[-123.10821752061,49.14058706014],[-123.11485362944,49.1406615651],[-123.11714858252,49.14071576145],[-123.11800322653,49.14070646836],[-123.12062588128,49.14071860546],[-123.12564419098,49.14082123004],[-123.12566461976,49.14344785037],[-123.12569698535,49.14539988035],[-123.1257175343,49.14809840198],[-123.12272804276,49.14802966514],[-123.11684483461,49.14785586029],[-123.11469184151,49.14780402727],[-123.11445138276,49.14766142638],[-123.11263422278,49.1476512921],[-123.1126284146,49.14777939257],[-123.1040509308,49.14782309413],[-123.10289850729,49.1477895669]]]]},"properties":{"a": "1.3287", "q": "00000", "t": "CT", "dw": "1605", "hh": "1579", "id": "9330144.06", "pop": "5149", "rgid": "59", "rpid": "59933", "ruid": "5915015", "rguid": "5915"}},{"type":"Feature","geometry":{"type":"MultiPolygon","coordinates":[[[[-123.13669435825,49.15548917396],[-123.13474052572,49.15548276493],[-123.13105733692,49.15545973248],[-123.12569486236,49.15540269213],[-123.12280106564,49.15542380187],[-123.11998954482,49.1554177934],[-123.11459959155,49.15536023231],[-123.1085285588,49.15532013582],[-123.10560423907,49.15524795413],[-123.10321495309,49.15520721674],[-123.10283145282,49.15522600321],[-123.10289850729,49.1477895669],[-123.1040509308,49.14782309413],[-123.1126284146,49.14777939257],[-123.11263422278,49.1476512921],[-123.11445138276,49.14766142638],[-123.11469184151,49.14780402727],[-123.11684483461,49.14785586029],[-123.12272804276,49.14802966514],[-123.1257175343,49.14809840198],[-123.12714370346,49.14815079579],[-123.12929653633,49.14813048718],[-123.13103810983,49.14815548239],[-123.13454861537,49.14816044939],[-123.1367152677,49.14818484376],[-123.14002008347,49.1482168889],[-123.14217788333,49.14822550103],[-123.14365027762,49.14825462206],[-123.14495679822,49.14824681106],[-123.14579113361,49.14821516648],[-123.14798718737,49.14822494024],[-123.14805788697,49.14980116079],[-123.14807971773,49.15167904632],[-123.14803645678,49.15554709556],[-123.14574843346,49.1555479768],[-123.14385332366,49.15552542503],[-123.14034245762,49.15552081854],[-123.13669435825,49.15548917396]]]]},"properties":{"a": "2.71145", "q": "00000", "t": "CT", "dw": "2406", "hh": "2350", "id": "9330145.00", "pop": "7615", "rgid": "59", "rpid": "59933", "ruid": "5915015", "rguid": "5915"}},{"type":"Feature","geometry":{"type":"MultiPolygon","coordinates":[[[[-123.08707685804,49.17003282278],[-123.08682974992,49.16917549499],[-123.08687164895,49.16805643849],[-123.08684557221,49.1666830637],[-123.08685037898,49.15580109339],[-123.08691358803,49.15531853357],[-123.08694030567,49.14033622677],[-123.08699113728,49.13736664328],[-123.0869709889,49.13444412609],[-123.08701809526,49.13323346053],[-123.09238201184,49.13326951132],[-123.10005874668,49.13330808566],[-123.10276467875,49.13331433446],[-123.10302873074,49.13333648567],[-123.10296375921,49.14055938115],[-123.10289850729,49.1477895669],[-123.10283145282,49.15522600321],[-123.10269722372,49.17010961096],[-123.09711155473,49.17007772604],[-123.09398294721,49.17007460164],[-123.09205246759,49.17004283689],[-123.09051886708,49.17005805833],[-123.0883550988,49.17002012489],[-123.08707685804,49.17003282278]]]]},"properties":{"a": "4.76167", "q": "00000", "t": "CT", "dw": "2030", "hh": "1960", "id": "9330146.00", "pop": "6103", "rgid": "59", "rpid": "59933", "ruid": "5915015", "rguid": "5915"}},{"type":"Feature","geometry":{"type":"MultiPolygon","coordinates":[[[[-123.10269722372,49.17010961096],[-123.10283145282,49.15522600321],[-123.10321495309,49.15520721674],[-123.10560423907,49.15524795413],[-123.1085285588,49.15532013582],[-123.11459959155,49.15536023231],[-123.11998954482,49.1554177934],[-123.12280106564,49.15542380187],[-123.12569486236,49.15540269213],[-123.1257240635,49.15621892202],[-123.12573535942,49.15847325788],[-123.12571793487,49.15910879321],[-123.12574969962,49.16082689364],[-123.12569930863,49.16259005755],[-123.12557461296,49.16309793304],[-123.12515121648,49.16346613175],[-123.1248962573,49.16387518802],[-123.12493855689,49.16648390313],[-123.12490294673,49.1684729052],[-123.12483232724,49.17019272805],[-123.11428246479,49.17015439405],[-123.11151408475,49.17014946711],[-123.10836608991,49.17013528713],[-123.10550001224,49.17014618248],[-123.10269722372,49.17010961096]]]]},"properties":{"a": "2.71228", "q": "01000", "t": "CT", "dw": "2540", "hh": "2302", "id": "9330147.01", "pop": "6447", "rgid": "59", "rpid": "59933", "ruid": "5915015", "rguid": "5915"}},{"type":"Feature","geometry":{"type":"MultiPolygon","coordinates":[[[[-123.12569930863,49.16259005755],[-123.12574969962,49.16082689364],[-123.12571793487,49.15910879321],[-123.12573535942,49.15847325788],[-123.1257240635,49.15621892202],[-123.12569486236,49.15540269213],[-123.13105733692,49.15545973248],[-123.13104884495,49.15740266966],[-123.13102837612,49.15833145812],[-123.13106727091,49.15921073683],[-123.13107179729,49.16090187928],[-123.13106226386,49.16266167845],[-123.12776854373,49.16268118593],[-123.12569930863,49.16259005755]]]]},"properties":{"a": "0.31254", "q": "00000", "t": "CT", "dw": "2413", "hh": "2329", "id": "9330147.04", "pop": "5383", "rgid": "59", "rpid": "59933", "ruid": "5915015", "rguid": "5915"}},{"type":"Feature","geometry":{"type":"MultiPolygon","coordinates":[[[[-123.13106226386,49.16266167845],[-123.13107179729,49.16090187928],[-123.13106727091,49.15921073683],[-123.13102837612,49.15833145812],[-123.13104884495,49.15740266966],[-123.13105733692,49.15545973248],[-123.13474052572,49.15548276493],[-123.13669435825,49.15548917396],[-123.1366772141,49.15928520173],[-123.13670685585,49.16006782428],[-123.13657843494,49.16267025053],[-123.13386837706,49.16265651117],[-123.13106226386,49.16266167845]]]]},"properties":{"a": "0.32723", "q": "00000", "t": "CT", "dw": "1658", "hh": "1547", "id": "9330147.05", "pop": "4092", "rgid": "59", "rpid": "59933", "ruid": "5915015", "rguid": "5915"}},{"type":"Feature","geometry":{"type":"MultiPolygon","coordinates":[[[[-123.13657843494,49.16267025053],[-123.13670685585,49.16006782428],[-123.1366772141,49.15928520173],[-123.13669435825,49.15548917396],[-123.14034245762,49.15552081854],[-123.14385332366,49.15552542503],[-123.14574843346,49.1555479768],[-123.14803645678,49.15554709556],[-123.14798810867,49.1577240424],[-123.14801883195,49.15884842641],[-123.14801178202,49.16108834196],[-123.14797396875,49.16146643461],[-123.14802423957,49.16263676335],[-123.14382716681,49.16266964968],[-123.1424981345,49.16265378733],[-123.14023678876,49.16264345278],[-123.13657843494,49.16267025053]]]]},"properties":{"a": "0.65573", "q": "01000", "t": "CT", "dw": "3763", "hh": "3541", "id": "9330147.06", "pop": "7979", "rgid": "59", "rpid": "59933", "ruid": "5915015", "rguid": "5915"}},{"type":"Feature","geometry":{"type":"MultiPolygon","coordinates":[[[[-123.13162565756,49.17396031576],[-123.13167464657,49.17213121896],[-123.1316676367,49.16836739656],[-123.13171766718,49.16654126394],[-123.13171270018,49.16466125542],[-123.13168213712,49.16349188803],[-123.13106226386,49.16266167845],[-123.13386837706,49.16265651117],[-123.13657843494,49.16267025053],[-123.13659626005,49.16476343937],[-123.13658079827,49.16754271476],[-123.13659181378,49.16793154254],[-123.13653937992,49.16934008687],[-123.13654258443,49.17018776106],[-123.13657302732,49.17128514703],[-123.13653425269,49.17215773632],[-123.13653429275,49.17398591182],[-123.13162565756,49.17396031576]]]]},"properties":{"a": "0.45034", "q": "00011", "t": "CT", "dw": "1941", "hh": "1771", "id": "9330147.07", "pop": "3816", "rgid": "59", "rpid": "59933", "ruid": "5915015", "rguid": "5915"}},{"type":"Feature","geometry":{"type":"MultiPolygon","coordinates":[[[[-123.12483232724,49.17019272805],[-123.12490294673,49.1684729052],[-123.12493855689,49.16648390313],[-123.1248962573,49.16387518802],[-123.12515121648,49.16346613175],[-123.12557461296,49.16309793304],[-123.12569930863,49.16259005755],[-123.12776854373,49.16268118593],[-123.13106226386,49.16266167845],[-123.13168213712,49.16349188803],[-123.13171270018,49.16466125542],[-123.13171766718,49.16654126394],[-123.1316676367,49.16836739656],[-123.13167464657,49.17213121896],[-123.13162565756,49.17396031576],[-123.12893715004,49.17392078006],[-123.12643522537,49.17390003083],[-123.12482211285,49.17386285846],[-123.12483232724,49.17019272805]]]]},"properties":{"a": "0.61467", "q": "00001", "t": "CT", "dw": "2871", "hh": "2734", "id": "9330147.08", "pop": "6340", "rgid": "59", "rpid": "59933", "ruid": "5915015", "rguid": "5915"}},{"type":"Feature","geometry":{"type":"MultiPolygon","coordinates":[[[[-123.13653429275,49.17398591182],[-123.13653425269,49.17215773632],[-123.13657302732,49.17128514703],[-123.13654258443,49.17018776106],[-123.13653937992,49.16934008687],[-123.13659181378,49.16793154254],[-123.13658079827,49.16754271476],[-123.13659626005,49.16476343937],[-123.13657843494,49.16267025053],[-123.14023678876,49.16264345278],[-123.1424981345,49.16265378733],[-123.14382716681,49.16266964968],[-123.14802423957,49.16263676335],[-123.15247895529,49.16269604687],[-123.15425469692,49.16268571231],[-123.15914058006,49.1627109078],[-123.15910124465,49.16471120579],[-123.15905301671,49.16650557366],[-123.15898980766,49.17013492662],[-123.15879489307,49.1721725572],[-123.15876545159,49.17401835753],[-123.15879745668,49.17429466679],[-123.15932576094,49.17663408251],[-123.15677000044,49.17674600018],[-123.14898647515,49.17884019044],[-123.14153409638,49.18465678474],[-123.14008068885,49.18397125899],[-123.13934216843,49.1838517306],[-123.13782683366,49.18383538758],[-123.13633773584,49.18379613227],[-123.13647332686,49.17991182013],[-123.13648314069,49.17849955055],[-123.13641881006,49.17717981132],[-123.13653429275,49.17398591182]]]]},"properties":{"a": "3.22902", "q": "01010", "t": "CT", "dw": "2642", "hh": "2420", "id": "9330148.00", "pop": "6006", "rgid": "59", "rpid": "59933", "ruid": "5915015", "rguid": "5915"}},{"type":"Feature","geometry":{"type":"MultiPolygon","coordinates":[[[[-123.17018349712,49.16290181675],[-123.17017981193,49.16183138875],[-123.17014636481,49.16109599274],[-123.17014872814,49.1602065397],[-123.17019992026,49.15566950801],[-123.17232567498,49.15567539631],[-123.17468507886,49.15562376357],[-123.17750997853,49.15570347587],[-123.18529991284,49.15570928405],[-123.18759033955,49.15571449138],[-123.19003161878,49.15573752383],[-123.19165662806,49.15573972694],[-123.19506390818,49.15565648967],[-123.19595676602,49.15566165695],[-123.1960245415,49.15914560507],[-123.19609427974,49.1593080339],[-123.19620231194,49.16290638319],[-123.195655782,49.16291211126],[-123.19242338826,49.16257884175],[-123.18848103435,49.16274743927],[-123.18165782193,49.16273414053],[-123.18108809932,49.16284922266],[-123.17661659995,49.16289220321],[-123.17543741875,49.16291679786],[-123.17018349712,49.16290181675]]]]},"properties":{"a": "1.49232", "q": "00000", "t": "CT", "dw": "1615", "hh": "1574", "id": "9330149.02", "pop": "4903", "rgid": "59", "rpid": "59933", "ruid": "5915015", "rguid": "5915"}},{"type":"Feature","geometry":{"type":"MultiPolygon","coordinates":[[[[-123.17030582946,49.17601533083],[-123.17031648447,49.17379648496],[-123.16987714554,49.17359772495],[-123.16987338023,49.17250033897],[-123.16992297009,49.17096201181],[-123.16992036643,49.17018840196],[-123.16936466356,49.17017990999],[-123.16968439399,49.16939720734],[-123.16981838275,49.16846148912],[-123.16975817794,49.16288947937],[-123.17018349712,49.16290181675],[-123.17543741875,49.16291679786],[-123.17661659995,49.16289220321],[-123.18108809932,49.16284922266],[-123.18165782193,49.16273414053],[-123.18848103435,49.16274743927],[-123.19242338826,49.16257884175],[-123.195655782,49.16291211126],[-123.19620231194,49.16290638319],[-123.19634695571,49.16770029676],[-123.1964175752,49.1682219116],[-123.19669508615,49.16900401341],[-123.1973151597,49.16969562775],[-123.1980719859,49.17028798225],[-123.19852518436,49.17044888893],[-123.19918563479,49.17087977595],[-123.1996407159,49.1714637186],[-123.19984957013,49.17223692788],[-123.19994806889,49.172857402],[-123.19988141499,49.17329830313],[-123.19974554358,49.17365841044],[-123.19946210427,49.17403806529],[-123.2014769828,49.17653542352],[-123.19856776434,49.17653926894],[-123.17667287924,49.17642266467],[-123.17030582946,49.17601533083]]]]},"properties":{"a": "3.10964", "q": "00000", "t": "CT", "dw": "2595", "hh": "2513", "id": "9330149.03", "pop": "7796", "rgid": "59", "rpid": "59933", "ruid": "5915015", "rguid": "5915"}},{"type":"Feature","geometry":{"type":"MultiPolygon","coordinates":[[[[-123.15932576094,49.17663408251],[-123.15879745668,49.17429466679],[-123.15876545159,49.17401835753],[-123.15879489307,49.1721725572],[-123.15898980766,49.17013492662],[-123.15905301671,49.16650557366],[-123.15910124465,49.16471120579],[-123.15914058006,49.1627109078],[-123.15908141672,49.16111073351],[-123.15909163111,49.16019203927],[-123.15909579697,49.15718752657],[-123.15906331121,49.15563137429],[-123.16114788792,49.155610585],[-123.16480976671,49.15562332295],[-123.16963744785,49.15565236386],[-123.16976406623,49.15565997458],[-123.17019992026,49.15566950801],[-123.17014872814,49.1602065397],[-123.17014636481,49.16109599274],[-123.17017981193,49.16183138875],[-123.17018349712,49.16290181675],[-123.16975817794,49.16288947937],[-123.16981838275,49.16846148912],[-123.16968439399,49.16939720734],[-123.16936466356,49.17017990999],[-123.16992036643,49.17018840196],[-123.16992297009,49.17096201181],[-123.16987338023,49.17250033897],[-123.16987714554,49.17359772495],[-123.17031648447,49.17379648496],[-123.17030582946,49.17601533083],[-123.16528155135,49.17610693988],[-123.15932576094,49.17663408251]]]]},"properties":{"a": "1.8332", "q": "00000", "t": "CT", "dw": "2868", "hh": "2753", "id": "9330149.04", "pop": "7609", "rgid": "59", "rpid": "59933", "ruid": "5915015", "rguid": "5915"}},{"type":"Feature","geometry":{"type":"MultiPolygon","coordinates":[[[[-123.14802423957,49.16263676335],[-123.14797396875,49.16146643461],[-123.14801178202,49.16108834196],[-123.14801883195,49.15884842641],[-123.14798810867,49.1577240424],[-123.14803645678,49.15554709556],[-123.14994286249,49.15555370487],[-123.15082061906,49.15557954127],[-123.15480190782,49.15560842196],[-123.15623805104,49.15560826173],[-123.15906331121,49.15563137429],[-123.15909579697,49.15718752657],[-123.15909163111,49.16019203927],[-123.15908141672,49.16111073351],[-123.15914058006,49.1627109078],[-123.15425469692,49.16268571231],[-123.15247895529,49.16269604687],[-123.14802423957,49.16263676335]]]]},"properties":{"a": "0.63758", "q": "00000", "t": "CT", "dw": "670", "hh": "643", "id": "9330149.05", "pop": "2111", "rgid": "59", "rpid": "59933", "ruid": "5915015", "rguid": "5915"}},{"type":"Feature","geometry":{"type":"MultiPolygon","coordinates":[[[[-123.22138591012,49.23720353162],[-123.22602248204,49.22884119091],[-123.20738895147,49.22277997198],[-123.20290799878,49.22190293643],[-123.19129379691,49.21939296042],[-123.18040261362,49.2156614235],[-123.17226863462,49.21493067403],[-123.16829892216,49.21441763127],[-123.16355175444,49.21355814043],[-123.16196407776,49.21286135882],[-123.15831942323,49.21119541187],[-123.1565629888,49.21022500477],[-123.15537615681,49.20937528771],[-123.15347936465,49.20739377619],[-123.15078528929,49.20534737326],[-123.14947780733,49.20499671926],[-123.14733699139,49.2044809126],[-123.14121941306,49.20199841531],[-123.14088966852,49.20184576025],[-123.14012875656,49.20144711865],[-123.13656485581,49.19918096614],[-123.13591233655,49.19913414017],[-123.1319513564,49.19842317858],[-123.13466153444,49.19452829154],[-123.13619745822,49.19174168582],[-123.14134346782,49.1850741327],[-123.14153409638,49.18465678474],[-123.14898647515,49.17884019044],[-123.15677000044,49.17674600018],[-123.15932576094,49.17663408251],[-123.16528155135,49.17610693988],[-123.17030582946,49.17601533083],[-123.17667287924,49.17642266467],[-123.19856776434,49.17653926894],[-123.2014769828,49.17653542352],[-123.21002218111,49.18712329952],[-123.2102030359,49.18742031796],[-123.21020359669,49.18758202577],[-123.20998564965,49.18786190005],[-123.20967124672,49.18815927899],[-123.20946643819,49.18856352849],[-123.20911157827,49.18888874665],[-123.20904412324,49.18914094194],[-123.20902125102,49.19022034258],[-123.20969243657,49.19009228217],[-123.21055773559,49.19006464323],[-123.2149927836,49.19056018134],[-123.21790296341,49.19085972333],[-123.21982535163,49.19109898039],[-123.2197588179,49.19140581265],[-123.21831698668,49.19122864306],[-123.20985879093,49.19032681257],[-123.20936501531,49.19038164983],[-123.20900875341,49.19051724085],[-123.20875359395,49.19524842605],[-123.20875836066,49.1963730504],[-123.20867880859,49.19690451912],[-123.20861740208,49.19880175191],[-123.20853897159,49.19957644328],[-123.20819765075,49.20016979919],[-123.20472892407,49.20435970185],[-123.20445589944,49.20472898208],[-123.20351325145,49.20584607582],[-123.20333552107,49.20614265363],[-123.20327042937,49.2068989591],[-123.20309458164,49.20772592412],[-123.20319288012,49.20820279592],[-123.20319612469,49.20885110926],[-123.20308757176,49.20932734016],[-123.20302223972,49.209993759],[-123.20305112041,49.21046974957],[-123.20301174494,49.21079428677],[-123.20308364623,49.2115678165],[-123.20322216137,49.21184644903],[-123.20322368352,49.21223323393],[-123.20304571279,49.21235051916],[-123.20288043996,49.21223387483],[-123.20266101083,49.21230617669],[-123.2025655163,49.21246828507],[-123.20252594055,49.21285515007],[-123.20241822881,49.21335905997],[-123.20224117938,49.21390719217],[-123.20188780155,49.2146193154],[-123.20181902466,49.21466405843],[-123.201753252,49.21525657315],[-123.20189172708,49.21557285873],[-123.20213971644,49.21583298519],[-123.20244286351,49.21603959626],[-123.2028682628,49.216101163],[-123.20370331922,49.2154611814],[-123.20464861093,49.21493772397],[-123.20506043109,49.21480261362],[-123.20541681315,49.2147744139],[-123.20565126344,49.2148915389],[-123.20607898601,49.21539456756],[-123.20606604778,49.2157177829],[-123.20592957553,49.21585317363],[-123.20558697287,49.21594410173],[-123.20461207946,49.21608021348],[-123.20432499502,49.21627020113],[-123.20443515021,49.21640459046],[-123.20491590749,49.21640386944],[-123.20579430496,49.21635708353],[-123.20989968855,49.21622409618],[-123.210352887,49.21622329505],[-123.21070946935,49.21627588915],[-123.21143797566,49.21627532836],[-123.21171212187,49.21615792296],[-123.21241070602,49.21576989631],[-123.21310917,49.21551585843],[-123.21415251986,49.2152899001],[-123.21450882181,49.21524363493],[-123.21885814906,49.214336517],[-123.22025748041,49.21406409321],[-123.22053174679,49.21399163113],[-123.22451007138,49.21317431971],[-123.22478357669,49.21310093633],[-123.2262518051,49.21281068744],[-123.22663594627,49.21271114721],[-123.23889910238,49.21018598981],[-123.24046218442,49.20984046304],[-123.24106591494,49.20973142943],[-123.24715581428,49.20845054495],[-123.24742927953,49.20837712151],[-123.24977538468,49.2079052167],[-123.25144838157,49.20753277201],[-123.25360165506,49.20710524972],[-123.25572708933,49.20664151642],[-123.26049969288,49.20566846561],[-123.26416085066,49.20488628368],[-123.26527161548,49.20468568108],[-123.26599952094,49.20465760152],[-123.26628800735,49.2048001223],[-123.26622047221,49.2050249991],[-123.2656190249,49.20536916396],[-123.26513934915,49.20553215357],[-123.25917382503,49.20676008346],[-123.25702083193,49.20722365653],[-123.24718661767,49.20922343378],[-123.24569219235,49.20955105533],[-123.24377192712,49.20993295334],[-123.24053508712,49.21062336598],[-123.24001343222,49.21071405374],[-123.2310293356,49.21258577058],[-123.22711974784,49.2133760439],[-123.22541879157,49.21374812808],[-123.22279833992,49.21426577734],[-123.22252431388,49.21433851982],[-123.22146790563,49.21453848152],[-123.2191081813,49.21504643712],[-123.21827152263,49.21520125522],[-123.2144988077,49.21598187495],[-123.21422482171,49.21613533113],[-123.21411506709,49.21627877321],[-123.21393921936,49.21678348424],[-123.21387212484,49.21717022908],[-123.21398348172,49.21764605942],[-123.21404232461,49.21838449972],[-123.21411246342,49.21872622113],[-123.21429223668,49.21909421956],[-123.21445807031,49.21927423316],[-123.21498124735,49.2196416708],[-123.21523023812,49.21998347232],[-123.21550843004,49.22089996346],[-123.21589465414,49.22119658133],[-123.2163761725,49.22138456616],[-123.21685749057,49.22166195694],[-123.217243234,49.22182374486],[-123.21760029702,49.22182302385],[-123.21791542096,49.22166051491],[-123.21807925176,49.22143531765],[-123.21839421548,49.22124585074],[-123.21875071771,49.22127124651],[-123.21927425526,49.22147801781],[-123.22048560178,49.22212336696],[-123.22170988653,49.22257985005],[-123.22358220422,49.2235836642],[-123.22438052888,49.22409430358],[-123.2250829184,49.22443526392],[-123.22542716336,49.22464147443],[-123.22585328367,49.22482889847],[-123.22637553942,49.22496260683],[-123.2274474495,49.22494345986],[-123.22814807653,49.22514802805],[-123.22849316268,49.22535507974],[-123.22908663876,49.22599257784],[-123.22951339998,49.22620764081],[-123.23047507476,49.22638489052],[-123.23086137898,49.2266367253],[-123.23163370702,49.22734580424],[-123.23208858785,49.22766877924],[-123.23270910202,49.22817120705],[-123.23295629025,49.22819772441],[-123.23306532386,49.22801759064],[-123.23329813183,49.2278731872],[-123.23386144542,49.22789906366],[-123.23438386139,49.22810435287],[-123.23466001042,49.22831124433],[-123.23466097178,49.22858959647],[-123.23423729491,49.22897770322],[-123.2342381361,49.22913961132],[-123.23483049059,49.22950720918],[-123.23500938261,49.22966819598],[-123.23501222662,49.23019053184],[-123.23495867117,49.23047849752],[-123.23513812398,49.23065799038],[-123.23564728127,49.23099782914],[-123.2357446184,49.23112861339],[-123.23736057493,49.23211271978],[-123.23730157181,49.23220921572],[-123.23748106467,49.23238886881],[-123.23848728221,49.23303485887],[-123.23901126038,49.23346554561],[-123.23956175591,49.23383234235],[-123.24179337978,49.23496201381],[-123.24201385038,49.23511442853],[-123.24231783863,49.2354646419],[-123.2428826343,49.2357872564],[-123.24392826737,49.23628788167],[-123.2453202684,49.23702343791],[-123.24813927977,49.2487324934],[-123.24694211322,49.24833549412],[-123.24600615466,49.24798668272],[-123.24491878279,49.24762016638],[-123.24418911485,49.24732491043],[-123.24303292603,49.24691357094],[-123.2429365102,49.24685981521],[-123.24150529393,49.24640401308],[-123.24087212193,49.24615354022],[-123.24021099054,49.2458310459],[-123.23955013955,49.24555353495],[-123.23847602636,49.24505206849],[-123.23742903137,49.24447850046],[-123.23658944858,49.24415636664],[-123.23599721425,49.2438608303],[-123.23505969349,49.24317005715],[-123.23428848703,49.24278487451],[-123.23335192762,49.24227399479],[-123.23287016893,49.24209514283],[-123.23223727732,49.24190743839],[-123.23150772955,49.24159407694],[-123.23057133037,49.24112822065],[-123.22945639967,49.24067161739],[-123.22868579406,49.24039438684],[-123.22788799013,49.24018897746],[-123.2269799509,49.23989396185],[-123.22634669879,49.23961633072],[-123.22558939191,49.23923102792],[-123.22450206009,49.23879236994],[-123.22370333486,49.23835319124],[-123.22315219843,49.23798539309],[-123.22272535711,49.23777930275],[-123.22138591012,49.23720353162]]]]},"properties":{"a": "23.66866", "q": "00010", "t": "CT", "dw": "298", "hh": "287", "id": "9330150.00", "pop": "767", "rgid": "59", "rpid": "59933", "ruid": "5915015", "rguid": "5915"}},{"type":"Feature","geometry":{"type":"MultiPolygon","coordinates":[[[[-123.12595663114,49.20007073964],[-123.12455161177,49.19855520458],[-123.12412845564,49.19814122137],[-123.12300006598,49.19689514592],[-123.12210536555,49.1959665978],[-123.11980484462,49.19351145904],[-123.11914183058,49.1927456602],[-123.11830753524,49.19189566274],[-123.11749555133,49.19107787065],[-123.11608187977,49.19002847228],[-123.11468723502,49.18912363756],[-123.11393914112,49.18861976772],[-123.11329451298,49.18815759662],[-123.11250524107,49.18764399307],[-123.1089608478,49.18528563065],[-123.10802484918,49.18468842933],[-123.10654644643,49.18361419597],[-123.10299187882,49.18131271368],[-123.10236687834,49.18091903908],[-123.09903366256,49.17869610745],[-123.09712581482,49.17747642919],[-123.09399191985,49.17533048603],[-123.09194992313,49.17395102267],[-123.09142298078,49.17363133229],[-123.09010712703,49.1727792519],[-123.08832882178,49.17150525712],[-123.08756021899,49.17081921063],[-123.08707685804,49.17003282278],[-123.0883550988,49.17002012489],[-123.09051886708,49.17005805833],[-123.09205246759,49.17004283689],[-123.09398294721,49.17007460164],[-123.09711155473,49.17007772604],[-123.10269722372,49.17010961096],[-123.10550001224,49.17014618248],[-123.10836608991,49.17013528713],[-123.11151408475,49.17014946711],[-123.11428246479,49.17015439405],[-123.12483232724,49.17019272805],[-123.12482211285,49.17386285846],[-123.12643522537,49.17390003083],[-123.12893715004,49.17392078006],[-123.13162565756,49.17396031576],[-123.13653429275,49.17398591182],[-123.13641881006,49.17717981132],[-123.13648314069,49.17849955055],[-123.13647332686,49.17991182013],[-123.13633773584,49.18379613227],[-123.13782683366,49.18383538758],[-123.13934216843,49.1838517306],[-123.14008068885,49.18397125899],[-123.14153409638,49.18465678474],[-123.14134346782,49.1850741327],[-123.13619745822,49.19174168582],[-123.13466153444,49.19452829154],[-123.1319513564,49.19842317858],[-123.13057409614,49.19863271377],[-123.12685377502,49.19926336222],[-123.12595663114,49.20007073964]]]]},"properties":{"a": "6.5109", "q": "01010", "t": "CT", "dw": "3345", "hh": "3028", "id": "9330151.01", "pop": "9114", "rgid": "59", "rpid": "59933", "ruid": "5915015", "rguid": "5915"}},{"type":"Feature","geometry":{"type":"MultiPolygon","coordinates":[[[[-123.11733756876,49.20381152959],[-123.11609085241,49.20408399343],[-123.11400863903,49.20471720549],[-123.10985354541,49.20451275747],[-123.10262007504,49.20409360698],[-123.10095108379,49.2039968707],[-123.09859408329,49.20408507496],[-123.09369550226,49.20460524777],[-123.09188751521,49.20503501321],[-123.09137747667,49.2051006657],[-123.08348571891,49.20671686257],[-123.08077942634,49.20736777957],[-123.07644580121,49.20815805289],[-123.07465760203,49.20820600044],[-123.073331614,49.20800944353],[-123.07235223427,49.20777431228],[-123.07119448325,49.20743635618],[-123.06870733941,49.2065108924],[-123.06846471761,49.2064049832],[-123.06782349426,49.20411992405],[-123.07749736263,49.20181163217],[-123.09149151733,49.19802249411],[-123.09223272153,49.19667243216],[-123.09166111626,49.19637797734],[-123.09161384967,49.19457800157],[-123.09161565221,49.19354807062],[-123.09165366576,49.19178494677],[-123.09589460031,49.19181743253],[-123.09917486148,49.19182368133],[-123.10243501432,49.19184711435],[-123.10289430136,49.19181142407],[-123.10646296883,49.19185556625],[-123.10801359332,49.1918427482],[-123.10922998696,49.19185176089],[-123.11604542842,49.1918480757],[-123.1172570954,49.19189842663],[-123.11830753524,49.19189566274],[-123.11914183058,49.1927456602],[-123.11980484462,49.19351145904],[-123.12210536555,49.1959665978],[-123.12300006598,49.19689514592],[-123.12412845564,49.19814122137],[-123.12455161177,49.19855520458],[-123.12595663114,49.20007073964],[-123.11762176914,49.20373762548],[-123.11733756876,49.20381152959]]]]},"properties":{"a": "4.1705", "q": "00000", "t": "CT", "dw": "697", "hh": "672", "id": "9330151.03", "pop": "2392", "rgid": "59", "rpid": "59933", "ruid": "5915015", "rguid": "5915"}},{"type":"Feature","geometry":{"type":"MultiPolygon","coordinates":[[[[-123.09165366576,49.19178494677],[-123.09170353602,49.18908630497],[-123.09167048946,49.18826254447],[-123.09170017128,49.1872782378],[-123.09175024182,49.18464256471],[-123.09718441738,49.18465610379],[-123.09804891527,49.18463735738],[-123.10108174787,49.18464372635],[-123.10300289434,49.18466904201],[-123.10390865036,49.18469519886],[-123.10478640692,49.18467609194],[-123.10802484918,49.18468842933],[-123.1089608478,49.18528563065],[-123.11250524107,49.18764399307],[-123.11329451298,49.18815759662],[-123.11393914112,49.18861976772],[-123.11468723502,49.18912363756],[-123.11608187977,49.19002847228],[-123.11749555133,49.19107787065],[-123.11830753524,49.19189566274],[-123.1172570954,49.19189842663],[-123.11604542842,49.1918480757],[-123.10922998696,49.19185176089],[-123.10801359332,49.1918427482],[-123.10646296883,49.19185556625],[-123.10289430136,49.19181142407],[-123.10243501432,49.19184711435],[-123.09917486148,49.19182368133],[-123.09589460031,49.19181743253],[-123.09165366576,49.19178494677]]]]},"properties":{"a": "1.26025", "q": "00001", "t": "CT", "dw": "1143", "hh": "1103", "id": "9330151.05", "pop": "3627", "rgid": "59", "rpid": "59933", "ruid": "5915015", "rguid": "5915"}},{"type":"Feature","geometry":{"type":"MultiPolygon","coordinates":[[[[-123.09175024182,49.18464256471],[-123.08216413709,49.18460731505],[-123.08047007052,49.18462401858],[-123.0804422313,49.18332254509],[-123.08050856475,49.18295963383],[-123.08047471707,49.18176807518],[-123.08053988888,49.17918251269],[-123.08061579582,49.17772457878],[-123.08060518086,49.17560331038],[-123.08059997353,49.17164361203],[-123.08066570613,49.1699255116],[-123.08426898236,49.16994141401],[-123.08707685804,49.17003282278],[-123.08756021899,49.17081921063],[-123.08832882178,49.17150525712],[-123.09010712703,49.1727792519],[-123.09142298078,49.17363133229],[-123.09194992313,49.17395102267],[-123.09399191985,49.17533048603],[-123.09712581482,49.17747642919],[-123.09903366256,49.17869610745],[-123.10236687834,49.18091903908],[-123.10299187882,49.18131271368],[-123.10654644643,49.18361419597],[-123.10802484918,49.18468842933],[-123.10478640692,49.18467609194],[-123.10390865036,49.18469519886],[-123.10300289434,49.18466904201],[-123.10108174787,49.18464372635],[-123.09804891527,49.18463735738],[-123.09718441738,49.18465610379],[-123.09175024182,49.18464256471]]]]},"properties":{"a": "1.95818", "q": "00011", "t": "CT", "dw": "1525", "hh": "1468", "id": "9330151.06", "pop": "5146", "rgid": "59", "rpid": "59933", "ruid": "5915015", "rguid": "5915"}},{"type":"Feature","geometry":{"type":"MultiPolygon","coordinates":[[[[-123.06857002596,49.01376283254],[-123.06855131961,49.01017357607],[-123.06855804909,49.00772560742],[-123.06853389506,49.00740299292],[-123.06851627023,49.00451540494],[-123.06840779742,49.0041744446],[-123.06844641182,49.00339106099],[-123.06852624428,49.00306492153],[-123.06841801181,49.00206170822],[-123.08835958512,49.00200839311],[-123.08866385377,49.00197138097],[-123.08977333679,49.00191906727],[-123.09075828437,49.00193288674],[-123.09115552399,49.00259265621],[-123.09145758953,49.00330309707],[-123.09177319415,49.00386953505],[-123.09193818659,49.00440016259],[-123.09211651782,49.00469690063],[-123.09232260816,49.00529041676],[-123.09237900761,49.006162966],[-123.09251660145,49.00664865022],[-123.09247710581,49.00744921804],[-123.0924094505,49.00781809771],[-123.09241041185,49.00833991284],[-123.09278149463,49.0093920751],[-123.09320657347,49.00996740562],[-123.09368676996,49.0108396344],[-123.09403025386,49.01171186318],[-123.09414637745,49.0124211424],[-123.09165386604,49.01339599575],[-123.0911736295,49.01250578164],[-123.09089900261,49.01186736224],[-123.08776666984,49.01181272527],[-123.08568866238,49.01180839918],[-123.08575868102,49.01277083504],[-123.08578740148,49.01359836084],[-123.08006894543,49.01367570981],[-123.07960609337,49.01364779048],[-123.07680270401,49.01371264184],[-123.07423172206,49.0137323496],[-123.07073066984,49.01374352535],[-123.06996499116,49.01377100406],[-123.06857002596,49.01376283254]]]]},"properties":{"a": "2.19621", "q": "00000", "t": "CT", "dw": "1666", "hh": "1616", "id": "9330160.01", "pop": "4654", "rgid": "59", "rpid": "59933", "ruid": "5915011", "rguid": "5915"}},{"type":"Feature","geometry":{"type":"MultiPolygon","coordinates":[[[[-123.05255181981,49.03451971445],[-123.05286425997,49.03387616783],[-123.05321932018,49.0333003967],[-123.05391590151,49.03224755347],[-123.05416184799,49.0319505751],[-123.05447601058,49.03147366323],[-123.05573262087,49.02973697662],[-123.05626513106,49.02875615486],[-123.05646965919,49.02822532704],[-123.05668804685,49.02786537995],[-123.0570293677,49.02717256392],[-123.05711104276,49.02678569892],[-123.05711016152,49.02605707244],[-123.05697272791,49.02555336282],[-123.05672630074,49.02536461692],[-123.05645287555,49.02545466378],[-123.05648043437,49.02564365002],[-123.05665860538,49.02595837339],[-123.05672738227,49.02625519155],[-123.05650887444,49.02659711324],[-123.05648239714,49.02742471915],[-123.05619547292,49.02767671416],[-123.05599026383,49.02767683433],[-123.05497771737,49.02735345876],[-123.05460795646,49.02702976275],[-123.05447096347,49.02684990937],[-123.05401872637,49.02606760728],[-123.05349839333,49.02553705986],[-123.05333388157,49.02528530519],[-123.05277249069,49.02482673917],[-123.05208832685,49.02453020141],[-123.05170518709,49.02441339686],[-123.05093882746,49.02407191579],[-123.05000803618,49.02340665859],[-123.04928269433,49.0230112215],[-123.04879008035,49.0228314883],[-123.04775033557,49.02259803942],[-123.04699779541,49.02234648503],[-123.04560198902,49.02171735873],[-123.0447126962,49.02134887963],[-123.04401475295,49.02100731844],[-123.04349494065,49.02087252855],[-123.04300248689,49.02068382271],[-123.04218137012,49.02029735826],[-123.0418255889,49.02009050685],[-123.04110024705,49.01960506297],[-123.04068958852,49.01919144027],[-123.04000510424,49.01839099261],[-123.03969014052,49.01786040513],[-123.03941571391,49.01673602112],[-123.03935991531,49.01543166356],[-123.03922288226,49.0148560126],[-123.03904475131,49.01458623254],[-123.03804590415,49.01392089522],[-123.03770362195,49.01346220903],[-123.03749821257,49.01303052088],[-123.03742955585,49.01272464997],[-123.03725154507,49.01226592373],[-123.03711443191,49.01178921215],[-123.03690890236,49.01130352792],[-123.03667605433,49.01061996493],[-123.03647012422,49.00970243233],[-123.03644268557,49.00942363957],[-123.03616837913,49.00839819494],[-123.0359218318,49.00784954201],[-123.03571646248,49.00752572583],[-123.03557942943,49.00715696632],[-123.03551081276,49.00677022149],[-123.03545509427,49.00534893921],[-123.03549615211,49.00527691775],[-123.03538623726,49.00454833133],[-123.0352621825,49.00310005102],[-123.03522104454,49.00299217905],[-123.03512498922,49.00206839764],[-123.0361501134,49.0020653133],[-123.03793454727,49.00201412118],[-123.03957758195,49.00204612627],[-123.05408057349,49.00204684728],[-123.06544466301,49.0020120783],[-123.06787120147,49.00197895163],[-123.06841801181,49.00206170822],[-123.06852624428,49.00306492153],[-123.06844641182,49.00339106099],[-123.06840779742,49.0041744446],[-123.06851627023,49.00451540494],[-123.06853389506,49.00740299292],[-123.06855804909,49.00772560742],[-123.06855131961,49.01017357607],[-123.06857002596,49.01376283254],[-123.06856437801,49.01745527439],[-123.06854859577,49.01804482494],[-123.06857751652,49.01921419232],[-123.06858008013,49.02104925752],[-123.0686259848,49.02466547198],[-123.06857511313,49.02748111861],[-123.06856453823,49.02976597748],[-123.06852652468,49.03196992235],[-123.06855957123,49.03335431266],[-123.06862706632,49.03493870472],[-123.06857575403,49.03532376719],[-123.06859978789,49.03831345901],[-123.06668833507,49.03831053489],[-123.06659324111,49.03648752667],[-123.06514684345,49.03654000059],[-123.06513510691,49.03471991649],[-123.06031119107,49.03466099348],[-123.05914490803,49.03467381154],[-123.05788609464,49.03466543975],[-123.05646329022,49.03463920278],[-123.05402858025,49.03465129983],[-123.05330652303,49.03461725186],[-123.05255181981,49.03451971445]]]]},"properties":{"a": "6.59066", "q": "00000", "t": "CT", "dw": "3199", "hh": "3032", "id": "9330160.02", "pop": "7035", "rgid": "59", "rpid": "59933", "ruid": "5915011", "rguid": "5915"}},{"type":"Feature","geometry":{"type":"MultiPolygon","coordinates":[[[[-123.09073084571,49.02470420655],[-123.08941787602,49.02475019133],[-123.08560145953,49.02474414281],[-123.083207527,49.0247188672],[-123.0818390391,49.02472307313],[-123.07539696362,49.02469723673],[-123.07289379721,49.02469887904],[-123.0686259848,49.02466547198],[-123.06858008013,49.02104925752],[-123.06857751652,49.01921419232],[-123.06854859577,49.01804482494],[-123.06856437801,49.01745527439],[-123.06857002596,49.01376283254],[-123.06996499116,49.01377100406],[-123.07073066984,49.01374352535],[-123.07423172206,49.0137323496],[-123.07680270401,49.01371264184],[-123.07960609337,49.01364779048],[-123.08006894543,49.01367570981],[-123.08578740148,49.01359836084],[-123.08575868102,49.01277083504],[-123.08568866238,49.01180839918],[-123.08776666984,49.01181272527],[-123.09089900261,49.01186736224],[-123.0911736295,49.01250578164],[-123.09165386604,49.01339599575],[-123.09414637745,49.0124211424],[-123.09426510471,49.01294411916],[-123.0944301372,49.01344774866],[-123.09485573678,49.01431993738],[-123.0951984596,49.01476043795],[-123.09533565288,49.01501223268],[-123.09543218887,49.01537197948],[-123.0957070561,49.01610941837],[-123.09622839055,49.01693654361],[-123.09680876817,49.01771283724],[-123.09326669817,49.01772889987],[-123.09342087538,49.01819123119],[-123.09436700827,49.01854689224],[-123.09506463107,49.01892590619],[-123.0956186115,49.01954754194],[-123.09601545056,49.01985621679],[-123.09734636553,49.02068486417],[-123.09816636073,49.021004875],[-123.09867079136,49.02135580939],[-123.09921816248,49.0218196228],[-123.09969126899,49.02234163821],[-123.09992804255,49.02272269503],[-123.10009175318,49.02319339815],[-123.10048646925,49.02367888209],[-123.10056562076,49.02419540976],[-123.10050785939,49.02466783531],[-123.09930464432,49.02469287058],[-123.09073084571,49.02470420655]]]]},"properties":{"a": "2.64595", "q": "00010", "t": "CT", "dw": "2224", "hh": "2141", "id": "9330160.03", "pop": "5672", "rgid": "59", "rpid": "59933", "ruid": "5915011", "rguid": "5915"}},{"type":"Feature","geometry":{"type":"MultiPolygon","coordinates":[[[[-123.06859978789,49.03831345901],[-123.06857575403,49.03532376719],[-123.06862706632,49.03493870472],[-123.06855957123,49.03335431266],[-123.06852652468,49.03196992235],[-123.06856453823,49.02976597748],[-123.06857511313,49.02748111861],[-123.0686259848,49.02466547198],[-123.07289379721,49.02469887904],[-123.07539696362,49.02469723673],[-123.0818390391,49.02472307313],[-123.083207527,49.0247188672],[-123.08560145953,49.02474414281],[-123.08941787602,49.02475019133],[-123.09073084571,49.02470420655],[-123.09088133772,49.02493761537],[-123.09083182797,49.02611579517],[-123.09108550535,49.0321374784],[-123.07975354109,49.03741407197],[-123.07735928811,49.03858171692],[-123.07501470511,49.03966748654],[-123.07429905691,49.04002462967],[-123.07115983444,49.04149522142],[-123.06860984205,49.04272859897],[-123.06862109791,49.04096543506],[-123.06859978789,49.03831345901]]]]},"properties":{"a": "2.31372", "q": "00000", "t": "CT", "dw": "1692", "hh": "1613", "id": "9330160.04", "pop": "3572", "rgid": "59", "rpid": "59933", "ruid": "5915011", "rguid": "5915"}},{"type":"Feature","geometry":{"type":"MultiPolygon","coordinates":[[[[-123.17444826524,49.11234507336],[-123.16559763664,49.10759962807],[-123.14515239377,49.09655971524],[-123.12830742289,49.08700657696],[-123.12712691982,49.08668552467],[-123.12596516316,49.08665295879],[-123.12463164452,49.08671676868],[-123.12192102585,49.08678690749],[-123.11889360087,49.08673535487],[-123.11671601313,49.08660296836],[-123.1135223139,49.08630526897],[-123.10964112616,49.08623977671],[-123.10647999281,49.08667182537],[-123.10701586775,49.08562334829],[-123.10699748184,49.08492953086],[-123.10470180774,49.08565527327],[-123.10473777842,49.0854022368],[-123.0954305065,49.08222820528],[-123.09084212248,49.08225404168],[-123.09067444626,49.07951462244],[-123.09029050537,49.07953168647],[-123.08755789572,49.07959741908],[-123.07915589914,49.07931253774],[-123.07864213536,49.07925305394],[-123.07846556662,49.07976589643],[-123.07813794507,49.08035973301],[-123.07782414299,49.08116066134],[-123.07779730518,49.08155645894],[-123.07771542984,49.08166441102],[-123.07771667159,49.08251897491],[-123.0777699867,49.08274821786],[-123.0752383001,49.08270952335],[-123.07438385638,49.08274008641],[-123.0689511629,49.08261867537],[-123.06565187493,49.08255342344],[-123.06326531278,49.08260725928],[-123.05974996042,49.08297946364],[-123.05706197364,49.08288729379],[-123.05656611508,49.08284659646],[-123.05523399842,49.08284883962],[-123.05112208563,49.08291377109],[-123.04617215226,49.08268348667],[-123.04618565127,49.08383671131],[-123.04615108258,49.0847709875],[-123.0447001986,49.08484316919],[-123.04054466436,49.08525619105],[-123.04054550554,49.08570310065],[-123.03601139798,49.08615117188],[-123.03596481235,49.08989536663],[-123.03698080366,49.08988851698],[-123.04052828128,49.08989636804],[-123.04402781135,49.08988631388],[-123.04613013306,49.08990321769],[-123.04614647609,49.09276376758],[-123.04610742107,49.09389207712],[-123.04725712074,49.09389680378],[-123.04780513277,49.09401344811],[-123.04881896103,49.09414799766],[-123.05044905748,49.0942911994],[-123.05117512035,49.09438084569],[-123.05343570502,49.09477568193],[-123.05440847544,49.09503604873],[-123.05513477864,49.09528764317],[-123.05587470103,49.09546705592],[-123.05742316247,49.09590715593],[-123.0581904434,49.09616756279],[-123.06034211464,49.09699412723],[-123.06106841784,49.09720061813],[-123.0618084604,49.09745209241],[-123.06291862437,49.09789231258],[-123.06398777057,49.09844044478],[-123.06453614311,49.09876390046],[-123.06502967839,49.09901557501],[-123.06589345526,49.09952781665],[-123.06623609797,49.09968047171],[-123.06728125036,49.10031136049],[-123.06814186277,49.10083077223],[-123.06884128811,49.10140610274],[-123.06918409105,49.10161279393],[-123.06991095504,49.10218808438],[-123.07099444143,49.10297002597],[-123.07143341986,49.10340151384],[-123.07195527504,49.10418385599],[-123.07216136537,49.10462443667],[-123.0724081931,49.10475926662],[-123.07268169841,49.10443525015],[-123.07330113106,49.10382114501],[-123.0745017024,49.10300379354],[-123.07509029159,49.10263459342],[-123.07565132196,49.10222044998],[-123.0765136568,49.10169815418],[-123.07704756897,49.10142789344],[-123.07920997532,49.10010414857],[-123.07980921953,49.09952785671],[-123.08031761575,49.09887093124],[-123.08060498058,49.09863692157],[-123.08134846799,49.09811062013],[-123.08234783588,49.09704844375],[-123.08272256379,49.09632674704],[-123.0832081679,49.09561061817],[-123.08357364278,49.09538882572],[-123.08411885086,49.09497920865],[-123.08466650238,49.09463115833],[-123.08601139704,49.09362902654],[-123.08620899541,49.09343331082],[-123.08771824161,49.09333957878],[-123.08936824611,49.09261275484],[-123.09230830801,49.0908157833],[-123.09500851201,49.08981986026],[-123.09690786778,49.08994331418],[-123.09362396148,49.09757402418],[-123.09115436235,49.10296229508],[-123.0852191209,49.11400749535],[-123.08472214076,49.1149265501],[-123.08387226347,49.11562966062],[-123.07541326659,49.12073773679],[-123.07503489355,49.12095416168],[-123.06476975221,49.12694115605],[-123.05921360481,49.13103997038],[-123.05407676813,49.13502133926],[-123.03915759027,49.14548776416],[-123.00417967404,49.15237110128],[-122.99595088147,49.15583313853],[-122.99201822121,49.15746924345],[-122.98712588899,49.15955490168],[-122.98528665791,49.16047239423],[-122.98140062334,49.16247048911],[-122.9744841195,49.16602577773],[-122.96761019564,49.16763328235],[-122.96633936532,49.16810490677],[-122.96440752378,49.16873711742],[-122.96317238374,49.17006258471],[-122.95972873239,49.17390019106],[-122.95713579951,49.17544244375],[-122.95696267562,49.17554534872],[-122.955027229,49.17602474409],[-122.95232962867,49.17682298864],[-122.95007673483,49.17757164333],[-122.94736916045,49.17887159468],[-122.94517583053,49.17943186397],[-122.93888168345,49.18180280411],[-122.93601504499,49.18318847622],[-122.93449173898,49.18474070297],[-122.93323412728,49.18560656277],[-122.93243624324,49.18623608964],[-122.93206235651,49.18659034871],[-122.92703086825,49.18878712349],[-122.92382547255,49.19096975834],[-122.91923116016,49.19525791942],[-122.91392792907,49.19224980164],[-122.91762233368,49.18747499499],[-122.92337740131,49.17722807932],[-122.92999973073,49.16963422124],[-122.93557995204,49.16494161038],[-122.94158577292,49.15935606156],[-122.94080439213,49.15874836545],[-122.94032219282,49.15848635634],[-122.93992815771,49.15808715395],[-122.94021532226,49.15744360733],[-122.94040831414,49.15659813625],[-122.94038211724,49.15561763493],[-122.9397527506,49.15432192957],[-122.93880785945,49.15325991342],[-122.93828592416,49.15284581004],[-122.93302595401,49.14925386978],[-122.92565569092,49.14438284758],[-122.92443661351,49.14350052458],[-122.92397380151,49.14312443475],[-122.92345062447,49.14269931585],[-122.92246483571,49.14179908762],[-122.9215204653,49.14070999333],[-122.9198517945,49.13819913608],[-122.91941477884,49.13715538566],[-122.91922407018,49.13643565172],[-122.91910197818,49.13568887968],[-122.91943652949,49.13411714545],[-122.91988960777,49.13181241859],[-122.9204002071,49.12964484495],[-122.92040064772,49.12938399748],[-122.92103353932,49.12791821251],[-122.92140486244,49.12716282834],[-122.92258668737,49.12521163954],[-122.92334299284,49.12405949642],[-122.92383720908,49.12310751529],[-122.92418097337,49.12230722786],[-122.924415664,49.12115588587],[-122.9240338461,49.11993228208],[-122.92367546121,49.11931445169],[-122.92422659764,49.11935671122],[-122.92658339786,49.11968204955],[-122.92564159106,49.11825383752],[-122.92355100588,49.11670004857],[-122.92241220156,49.11609852115],[-122.9201660372,49.11545938074],[-122.91775379889,49.11513087795],[-122.91345734612,49.11443309493],[-122.91246070207,49.11409678113],[-122.91015717691,49.11326152444],[-122.90930185194,49.11296530713],[-122.90838932639,49.11239426266],[-122.90740309701,49.11197274884],[-122.90647695228,49.11126322928],[-122.905299854,49.11038967864],[-122.90242236024,49.10540637826],[-122.90068823724,49.10245441959],[-122.89910436591,49.09985335526],[-122.89511674823,49.09385879023],[-122.89461355935,49.09313901623],[-122.89429362864,49.09258663805],[-122.89050304854,49.09235166702],[-122.89041368264,49.09189818817],[-122.89117603663,49.09189410241],[-122.8917925051,49.09179544343],[-122.89251960943,49.09150908],[-122.8928757111,49.09116667763],[-122.89343890452,49.09080825269],[-122.89387680142,49.09063689128],[-122.8946450437,49.09040460404],[-122.89545342253,49.09027037494],[-122.89608355025,49.09023500511],[-122.89802845018,49.0902097295],[-122.89832999499,49.09015601383],[-122.89864519905,49.08998513309],[-122.89901616165,49.08949996961],[-122.89933180633,49.08921240449],[-122.89985294049,49.08857346436],[-122.90015612762,49.08791774059],[-122.90033397817,49.08777333716],[-122.90106120267,49.0873248253],[-122.90175958654,49.08706361732],[-122.90240453513,49.08677721384],[-122.90284295277,49.08662447867],[-122.90273327826,49.08640781343],[-122.90196711891,49.08635409776],[-122.90135081066,49.08617328303],[-122.90152890155,49.08601117466],[-122.9022969035,49.08568856016],[-122.90295398919,49.08555340977],[-122.90431058033,49.08553750736],[-122.90498128521,49.08541120944],[-122.90585892161,49.08514295152],[-122.90698190364,49.0851618181],[-122.90822797909,49.08506327928],[-122.90903663831,49.08490261294],[-122.90943431856,49.08464204585],[-122.90959907066,49.08441724916],[-122.9099552925,49.08431859018],[-122.91046276742,49.08393220584],[-122.91072257343,49.08393200556],[-122.91106461529,49.08405798304],[-122.91131188364,49.0839328868],[-122.91166790519,49.0839331672],[-122.91214621903,49.0841035272],[-122.91284520375,49.08420390861],[-122.91370785904,49.08420442935],[-122.91440656336,49.08388970597],[-122.91520064205,49.08379993951],[-122.9165305556,49.08335206856],[-122.91877816199,49.08236415681],[-122.9202161478,49.08182455663],[-122.92060056936,49.08170879354],[-122.92229960293,49.08110722607],[-122.92364241466,49.08059534494],[-122.92536800564,49.0800108415],[-122.92905323732,49.07892491166],[-122.93061559835,49.07839572616],[-122.93201268654,49.07802748739],[-122.93336915751,49.07762383873],[-122.9339436869,49.07747935519],[-122.93503963084,49.07712918187],[-122.93676630335,49.07665427283],[-122.93769729491,49.07650137743],[-122.93890219235,49.0762227449],[-122.94045081402,49.07578364631],[-122.94062802367,49.0757558872],[-122.94332710608,49.07494850978],[-122.94488850575,49.07458043124],[-122.94662763581,49.07412214562],[-122.94851797889,49.07348448729],[-122.94886030114,49.07340361336],[-122.94988674718,49.07340345313],[-122.95043511972,49.07335057865],[-122.95144806674,49.07316147224],[-122.95373560939,49.07262335415],[-122.95462562322,49.07238061218],[-122.95562551185,49.07215633622],[-122.95658398212,49.07206677004],[-122.95736396094,49.07194035194],[-122.95796632955,49.07177848391],[-122.95936385836,49.07151903841],[-122.96152734624,49.07124985919],[-122.96803142907,49.07032535677],[-122.96982451514,49.0699290785],[-122.97066041273,49.06980430272],[-122.97260443143,49.06927355501],[-122.97587720205,49.06868108034],[-122.97872509411,49.06833082691],[-122.97995674924,49.06821346157],[-122.9824490203,49.06793563017],[-122.98492715145,49.06745010617],[-122.98792557557,49.06704577656],[-122.98897974066,49.06680295448],[-122.99025301442,49.06643427509],[-122.99155360667,49.06617346767],[-122.99433240139,49.06574149912],[-122.9953048113,49.06548109226],[-122.99663276209,49.06492342663],[-122.99693386628,49.06483345989],[-122.99876764968,49.06416688082],[-122.99920634771,49.06412281875],[-122.99956172837,49.06417605375],[-122.9999182306,49.06446466033],[-122.99994570931,49.06463562118],[-123.0001502775,49.06479672814],[-123.00090349863,49.06474301247],[-123.0014514706,49.06451869646],[-123.00210855629,49.06412285881],[-123.00269714548,49.06396976313],[-123.00301138818,49.06378906857],[-123.00336805064,49.063511117],[-123.0038470855,49.06337616688],[-123.00451783043,49.0634211102],[-123.00475059835,49.06362804172],[-123.0048191349,49.06415874937],[-123.00495596767,49.06438354606],[-123.0051614171,49.06427571415],[-123.00517499623,49.06399680122],[-123.00510649974,49.06335814149],[-123.0052837895,49.0631772867],[-123.00569508893,49.06313318457],[-123.00611944676,49.06297123642],[-123.00652942432,49.06292537181],[-123.0068039711,49.06270137625],[-123.00715983243,49.06262939484],[-123.00754273185,49.06246704613],[-123.0079264324,49.06253934799],[-123.00813108071,49.06295228973],[-123.00840490647,49.06302419102],[-123.00878888741,49.06272821406],[-123.00928094061,49.06272729276],[-123.00944529215,49.06268242956],[-123.01011659787,49.0623142709],[-123.01077372362,49.06236822691],[-123.01104742921,49.06227826017],[-123.01156736168,49.06193609814],[-123.01174565285,49.06188230235],[-123.01223830689,49.06198124174],[-123.01240257832,49.06189131505],[-123.01251189231,49.0614954774],[-123.01285421457,49.06143246864],[-123.013209435,49.06159349549],[-123.01345614256,49.06150388925],[-123.01355219788,49.06111758503],[-123.01390761859,49.06095499598],[-123.01411322825,49.06097338188],[-123.01449624784,49.06132367537],[-123.01470209783,49.06138720487],[-123.01515313324,49.06136833829],[-123.01560521012,49.06125177408],[-123.01598875045,49.0610093125],[-123.01630351388,49.06091025295],[-123.01686470447,49.06062232732],[-123.01765862293,49.06057726384],[-123.0178639522,49.06043326097],[-123.01786371186,49.06004647608],[-123.01797314603,49.05988452793],[-123.01821885217,49.05979367994],[-123.0186712495,49.0595246209],[-123.01884881966,49.05927254578],[-123.0190537083,49.05885836228],[-123.01940993014,49.05847197795],[-123.0194775454,49.0582642453],[-123.01947806613,49.0577883749],[-123.01931383476,49.0575815235],[-123.01938213098,49.05719465849],[-123.01931335409,49.05694258337],[-123.01949140492,49.05675387752],[-123.01951864329,49.05650200269],[-123.01965491527,49.05639336965],[-123.0198058479,49.05645673892],[-123.02028532338,49.05705962826],[-123.02049089298,49.05760828119],[-123.0205863074,49.05806624636],[-123.02083357575,49.05858874245],[-123.02099784717,49.05870566717],[-123.02138030597,49.05856971564],[-123.02173700849,49.05870550694],[-123.02201011323,49.05895642043],[-123.02248982904,49.0590110574],[-123.02270845704,49.05886661391],[-123.02277703365,49.05859711424],[-123.02277659303,49.05825491215],[-123.02295468392,49.05822807435],[-123.02318777229,49.05846236441],[-123.02343395912,49.058273258],[-123.02320111109,49.05767978192],[-123.02281761082,49.05704108213],[-123.02268053771,49.056717306],[-123.02278941109,49.05634798571],[-123.02303623882,49.0563034029],[-123.02333678222,49.05660839257],[-123.02354215154,49.05674326257],[-123.02378853864,49.05677018049],[-123.02396694998,49.05667184195],[-123.02365170587,49.05649154796],[-123.02378905938,49.05633028077],[-123.02430923219,49.05642909998],[-123.02482916466,49.05660863291],[-123.02518518621,49.05663571105],[-123.02529474055,49.05640190167],[-123.02514344741,49.05631117385],[-123.02459619646,49.05617670441],[-123.02462379534,49.05598827896],[-123.02508901072,49.0556733553],[-123.02502003355,49.05537577608],[-123.02504771254,49.05518759097],[-123.02522560315,49.05503461546],[-123.02564956042,49.05489025208],[-123.0258824485,49.05473759703],[-123.0259911216,49.05454780966],[-123.0263471031,49.05436807645],[-123.02662108909,49.05411676241],[-123.02682605784,49.05411620162],[-123.02682661863,49.05439563528],[-123.02700466947,49.05462047202],[-123.02699129062,49.05506117287],[-123.02737435027,49.05526774389],[-123.02773033177,49.05517797743],[-123.02782602658,49.05489910455],[-123.02804505514,49.05489902444],[-123.02827786312,49.05510583579],[-123.02879795581,49.05529466181],[-123.02897592654,49.05515065894],[-123.02886629209,49.05497080557],[-123.02911243885,49.05458394056],[-123.02904374208,49.05434997095],[-123.02957665283,49.05382727458],[-123.02978254288,49.05373818908],[-123.03019260057,49.05373726778],[-123.03050792479,49.05360303868],[-123.0308911046,49.05353101722],[-123.031110013,49.05339598699],[-123.0310004186,49.05327914238],[-123.03061711862,49.05314423232],[-123.03058951974,49.05271246406],[-123.03011016443,49.05218183652],[-123.0300682654,49.05200114196],[-123.0302741154,49.05185790016],[-123.03083478526,49.05188421724],[-123.03139625625,49.05167772634],[-123.03166992179,49.05149779285],[-123.03194302653,49.05118238851],[-123.03240776124,49.05081302817],[-123.03261349107,49.05058879227],[-123.0329961101,49.05030931855],[-123.03324281765,49.04994111984],[-123.03418662728,49.049239211],[-123.03435065836,49.04903227948],[-123.03508941911,49.04861825621],[-123.03578716208,49.04843808239],[-123.0359925314,49.04843808239],[-123.03606110801,49.04871687515],[-123.03595183407,49.0490856747],[-123.03563743114,49.04942767651],[-123.03550071854,49.04965259337],[-123.03543198171,49.0500205918],[-123.03525477206,49.05027330782],[-123.03494020891,49.05057036631],[-123.03483093496,49.05086722452],[-123.03496744728,49.05092963244],[-123.03535026659,49.05077621631],[-123.03580218324,49.05065953192],[-123.0363628531,49.05027238652],[-123.03678725099,49.04984109893],[-123.0371019343,49.04963412735],[-123.03838782585,49.0489050202],[-123.03866077036,49.04860740092],[-123.03908544864,49.04853594025],[-123.03929065774,49.0483830048],[-123.03897493295,49.04814835422],[-123.03887967876,49.04794238406],[-123.03901639136,49.04769042911],[-123.03905640773,49.04730272291],[-123.03901563028,49.04688982123],[-123.03909750563,49.04666466403],[-123.03932959259,49.04645729189],[-123.03954906177,49.04638591133],[-123.04023330572,49.046439627],[-123.04097226676,49.04643930655],[-123.04124605246,49.04651120784],[-123.04172448647,49.046528352],[-123.04203981069,49.04660089419],[-123.04235397328,49.04637533643],[-123.04277801065,49.04633003261],[-123.0435036329,49.04644703744],[-123.04388653232,49.04646450204],[-123.04461227473,49.04626710395],[-123.04474914756,49.04632995249],[-123.04488602038,49.04665340817],[-123.04509102919,49.04690472222],[-123.04533753647,49.04681483559],[-123.04533749641,49.04660814441],[-123.04565258029,49.04659055963],[-123.04576185424,49.04642857143],[-123.04548794836,49.04613183339],[-123.0448307425,49.04567330742],[-123.04472114811,49.04555642276],[-123.0447201467,49.04534861],[-123.04492607681,49.04523244635],[-123.04524092036,49.04523236623],[-123.04562381978,49.04505235263],[-123.04586928558,49.04475465324],[-123.04615624986,49.04450249801],[-123.04643023584,49.04445771492],[-123.0467454399,49.04453009689],[-123.04712837937,49.0443679084],[-123.04740192474,49.04418793486],[-123.04792153676,49.04371106305],[-123.04865989695,49.04318003495],[-123.04917934874,49.04268505763],[-123.04967156216,49.04231589757],[-123.04984929255,49.04209106082],[-123.05023143089,49.04114628985],[-123.05040912122,49.04087638962],[-123.05054551337,49.04048952461],[-123.05096798854,49.03883411249],[-123.05111787971,49.03838411855],[-123.0512542318,49.03776356433],[-123.051321807,49.03725941409],[-123.05149941721,49.03666597807],[-123.05196287011,49.03568435518],[-123.05234492835,49.03478460763],[-123.05255181981,49.03451971445],[-123.05330652303,49.03461725186],[-123.05402858025,49.03465129983],[-123.05646329022,49.03463920278],[-123.05788609464,49.03466543975],[-123.05914490803,49.03467381154],[-123.06031119107,49.03466099348],[-123.06513510691,49.03471991649],[-123.06514684345,49.03654000059],[-123.06659324111,49.03648752667],[-123.06668833507,49.03831053489],[-123.06859978789,49.03831345901],[-123.06862109791,49.04096543506],[-123.06860984205,49.04272859897],[-123.07115983444,49.04149522142],[-123.07429905691,49.04002462967],[-123.07501470511,49.03966748654],[-123.07735928811,49.03858171692],[-123.07975354109,49.03741407197],[-123.09108550535,49.0321374784],[-123.09083182797,49.02611579517],[-123.09088133772,49.02493761537],[-123.09073084571,49.02470420655],[-123.09930464432,49.02469287058],[-123.10050785939,49.02466783531],[-123.10056562076,49.02419540976],[-123.10048646925,49.02367888209],[-123.10009175318,49.02319339815],[-123.09992804255,49.02272269503],[-123.09969126899,49.02234163821],[-123.09921816248,49.0218196228],[-123.09867079136,49.02135580939],[-123.09816636073,49.021004875],[-123.09734636553,49.02068486417],[-123.09601545056,49.01985621679],[-123.0956186115,49.01954754194],[-123.09506463107,49.01892590619],[-123.09436700827,49.01854689224],[-123.09342087538,49.01819123119],[-123.09326669817,49.01772889987],[-123.09680876817,49.01771283724],[-123.09725667918,49.01831192122],[-123.09770931685,49.01886041392],[-123.09818899261,49.0193638832],[-123.09888749665,49.01989382978],[-123.09923021947,49.02023543102],[-123.09943598936,49.02073857985],[-123.09957382353,49.02092824705],[-123.1002042717,49.02153942807],[-123.10150642615,49.02326453837],[-123.10210943566,49.02378587282],[-123.10254829391,49.02404712086],[-123.10282175916,49.0241364467],[-123.10327339542,49.02411838125],[-123.10394249804,49.02386514449],[-123.10453072673,49.02381980061],[-123.1050506592,49.02364006741],[-123.10653959678,49.02274805075],[-123.10714012279,49.02244979057],[-123.10999474433,49.02023507051],[-123.11190659771,49.01891088502],[-123.1125614803,49.01840601377],[-123.11424096633,49.01733350284],[-123.11469216196,49.01694719862],[-123.11534744512,49.01644272793],[-123.11802381554,49.01464094962],[-123.11855624561,49.01425360393],[-123.11907493633,49.01382127488],[-123.12011199733,49.01303701002],[-123.12136828716,49.01214555415],[-123.12224247871,49.01169495936],[-123.1231020096,49.01118944721],[-123.12362158156,49.01084792608],[-123.12429008334,49.01020850528],[-123.12467013875,49.00933475435],[-123.12491592501,49.0089304648],[-123.12536507777,49.00839831511],[-123.12571989763,49.00812809443],[-123.12686711381,49.00737170885],[-123.12821941891,49.00671390214],[-123.12940789321,49.00626278662],[-123.1294358526,49.00651466146],[-123.13020073015,49.00633344616],[-123.13144480277,49.00613452593],[-123.13180050388,49.00617910874],[-123.13262242178,49.00672692048],[-123.13307345719,49.00694142267],[-123.13318349221,49.00711242357],[-123.13266496171,49.00735644735],[-123.1322419658,49.00765394646],[-123.1317636119,49.00774443394],[-123.1312711982,49.00768202602],[-123.13081996251,49.0076825067],[-123.13047812093,49.00779053889],[-123.13019143705,49.0079528876],[-123.12929076821,49.00856579105],[-123.12889452999,49.00890739229],[-123.12814435316,49.00941270417],[-123.12720222591,49.01000742199],[-123.12654726321,49.01055687605],[-123.1260557708,49.01087232045],[-123.12571408945,49.01101636337],[-123.12511296259,49.01115215467],[-123.12470290491,49.01128754541],[-123.12380187556,49.01188218312],[-123.12303723835,49.01233285802],[-123.12261392199,49.01261201129],[-123.12189066308,49.01322459428],[-123.11975998141,49.01463826584],[-123.11872259997,49.0153683744],[-123.11805333713,49.01587240447],[-123.1165921987,49.0167645413],[-123.11593735617,49.01719783171],[-123.11541874556,49.01768411678],[-123.11321960746,49.01920562024],[-123.11189574242,49.02018832466],[-123.11016133903,49.02135941447],[-123.10970994311,49.02170081543],[-123.10904068026,49.0221332246],[-123.10841327639,49.02263833619],[-123.10755246369,49.02327727632],[-123.10618710019,49.02423262219],[-123.10382316993,49.02569127711],[-123.10348200931,49.02598873617],[-123.10288128302,49.02633165927],[-123.10236163094,49.02674508169],[-123.10208964778,49.0271780116],[-123.10191215773,49.02759111357],[-123.10173594949,49.02814076791],[-123.1015995974,49.02871581803],[-123.10142342922,49.029220489],[-123.1010280322,49.02996714087],[-123.10116642716,49.03083952988],[-123.10137371919,49.03166741619],[-123.10133386304,49.03223417463],[-123.10108839724,49.0326301725],[-123.10067898046,49.03313416251],[-123.10046035246,49.0332424751],[-123.10022698369,49.0331250697],[-123.10047305035,49.03276564335],[-123.10063559934,49.03230591569],[-123.10064937875,49.032126543],[-123.10037318967,49.03072376679],[-123.10048138208,49.03010297223],[-123.10047969971,49.02930232429],[-123.10058849298,49.0289604026],[-123.10051959592,49.02879833428],[-123.09957522551,49.02850247748],[-123.09936937551,49.02850179652],[-123.09898735733,49.02866490631],[-123.09860485847,49.02909663452],[-123.09842820961,49.02952904369],[-123.09829221803,49.0299878901],[-123.09822420221,49.03049083865],[-123.09807475167,49.03102170652],[-123.0980079776,49.0318403398],[-123.09785964863,49.03257898038],[-123.09788820887,49.03358555843],[-123.09795766672,49.03372134973],[-123.09798935136,49.03616747579],[-123.09784054172,49.03683381451],[-123.09788264103,49.03736460228],[-123.09818494691,49.03809274807],[-123.09843313655,49.03893833933],[-123.09852979272,49.03942406361],[-123.09863990785,49.03973878698],[-123.09901014944,49.04031371693],[-123.09966855699,49.04096130925],[-123.10070990402,49.04167106915],[-123.10139446842,49.04220033477],[-123.10216202975,49.04267668584],[-123.10286117469,49.04307248343],[-123.10316259933,49.04329707984],[-123.10372358965,49.04360154877],[-123.10438207731,49.04406059547],[-123.10486091188,49.04428435069],[-123.10535476762,49.04460848733],[-123.10694348578,49.04552369666],[-123.1073279474,49.04582996813],[-123.10954787479,49.04723122219],[-123.10989083795,49.04761768663],[-123.11057616342,49.04807581203],[-123.11089136748,49.04832740647],[-123.11130222629,49.0484708886],[-123.11220561897,49.04851507085],[-123.11332779988,49.04851394927],[-123.11432564562,49.04828718981],[-123.11506540779,49.04831434807],[-123.11624190521,49.04813325295],[-123.11672090001,49.04813277227],[-123.11762457309,49.04833874244],[-123.1187065774,49.04870642042],[-123.11929580749,49.04902963576],[-123.12011816602,49.04953262436],[-123.12078875072,49.04974708649],[-123.12178823879,49.04970178266],[-123.12228037209,49.04953919361],[-123.12273084671,49.049313035],[-123.1235648216,49.04876406162],[-123.12453490824,49.04803463402],[-123.12878297283,49.04497151876],[-123.14959304968,49.03003171184],[-123.15008350062,49.0295715035],[-123.15095657058,49.02861731927],[-123.15252389861,49.02687854972],[-123.15324703735,49.02605094381],[-123.15436437143,49.02484312225],[-123.15481472588,49.02431253477],[-123.1561091895,49.02291572697],[-123.1562730203,49.02260156438],[-123.15628567813,49.02227766809],[-123.15610678611,49.02193606684],[-123.15583239956,49.02165763459],[-123.1553119063,49.02143343875],[-123.15207907194,49.01989026476],[-123.15177780753,49.01971097217],[-123.15177680612,49.01963810953],[-123.15688916832,49.01408188202],[-123.15731244462,49.01387442976],[-123.1580775625,49.01373803761],[-123.15848733979,49.01370999811],[-123.15945918891,49.0137635135],[-123.15997916144,49.01386173187],[-123.16373064646,49.01525954108],[-123.16504481784,49.01576977989],[-123.16545619739,49.0159050104],[-123.16639956639,49.01594811112],[-123.16782333216,49.01645847011],[-123.16798852488,49.0165939009],[-123.16833208889,49.01703432136],[-123.16857859616,49.01721357388],[-123.17024947006,49.01783208523],[-123.1706602087,49.01815445939],[-123.17068940984,49.01847915681],[-123.17055329809,49.0186862085],[-123.16919077859,49.0203249972],[-123.1691640209,49.02039741923],[-123.16856421591,49.02110850099],[-123.16846948245,49.02127104998],[-123.1679789514,49.02183844932],[-123.16620757591,49.02408004724],[-123.16585383757,49.02442325074],[-123.16540292234,49.02469339131],[-123.16491110948,49.02488289829],[-123.1645014123,49.02497394655],[-123.16404953571,49.02501868959],[-123.16359874064,49.02501115898],[-123.16314698421,49.02494867094],[-123.1625583149,49.02478756398],[-123.16061381553,49.02409787236],[-123.16002418487,49.02386386269],[-123.15950465296,49.02374850017],[-123.15887472553,49.02374854022],[-123.15846454768,49.02381210978],[-123.15811008833,49.02393035636],[-123.15752222015,49.02425417255],[-123.15630903103,49.02555123983],[-123.15250551271,49.02957815287],[-123.1519601444,49.03019958834],[-123.15142835523,49.03074900234],[-123.1510189785,49.03110934999],[-123.15003599369,49.03177632962],[-123.14708735971,49.03392103104],[-123.14639053804,49.0343801979],[-123.14499797623,49.03540728484],[-123.14482084669,49.03549813283],[-123.14378322491,49.03627306454],[-123.1422128526,49.03739027845],[-123.14203536255,49.0374806057],[-123.14092948461,49.03830961359],[-123.1408200905,49.03835471713],[-123.13908604761,49.03963419964],[-123.13890815701,49.03972420644],[-123.13751539491,49.04075121327],[-123.13733798498,49.04084162063],[-123.13664152382,49.04136423689],[-123.13090532276,49.04548187774],[-123.1277636969,49.04771626551],[-123.12638415342,49.048725287],[-123.12620562191,49.04881457278],[-123.12432068645,49.05016619692],[-123.12387069251,49.05061703205],[-123.12396718845,49.05098551116],[-123.1244193855,49.05135334936],[-123.12484390355,49.05151465661],[-123.12581631346,49.05174766487],[-123.12796694323,49.05250076582],[-123.12824104938,49.05261761043],[-123.12910426547,49.0528958424],[-123.13093981135,49.05367582122],[-123.13233818135,49.054232886],[-123.13399555623,49.05470771493],[-123.13580310266,49.0553073597],[-123.13614642633,49.05546978852],[-123.13711891636,49.05599853341],[-123.13805155023,49.05639409066],[-123.13888764811,49.0568518155],[-123.13961391126,49.05719257555],[-123.14024371852,49.05744300836],[-123.1407926919,49.05769512353],[-123.14217596063,49.05813374145],[-123.14266969619,49.05834051275],[-123.14401314882,49.05905844415],[-123.14475331155,49.05938141916],[-123.14534254165,49.05960553489],[-123.14561632735,49.0597485764],[-123.14620599807,49.05997325292],[-123.14661765801,49.06029662849],[-123.14720664776,49.06047564067],[-123.1476587647,49.06079825517],[-123.14838586903,49.06110396585],[-123.14949623329,49.0616512168],[-123.14998884727,49.06181160275],[-123.15050986127,49.06192860759],[-123.15127686181,49.06199974781],[-123.15213907648,49.06211486999],[-123.15268676805,49.06213217437],[-123.15356364338,49.06224861841],[-123.15390612586,49.06232007908],[-123.15442689952,49.0625082642],[-123.15544012694,49.06257892374],[-123.15571379247,49.06264109132],[-123.15571463365,49.06283039801],[-123.15526279712,49.06289368717],[-123.15512640497,49.0629661092],[-123.15557820145,49.06314476088],[-123.15592152512,49.06333390735],[-123.15653891489,49.06374684909],[-123.15671764668,49.06397148556],[-123.15666337022,49.06416928421],[-123.15733487622,49.06437545466],[-123.1580230457,49.06558868383],[-123.15813792755,49.06612383775],[-123.16376473449,49.07559289758],[-123.16399966545,49.0762402095],[-123.16406832217,49.07628515282],[-123.16431735301,49.0770673748],[-123.16462062024,49.07768760857],[-123.16500428074,49.0777500966],[-123.16542843828,49.07765948896],[-123.16597548896,49.07743381103],[-123.16685096231,49.0772523554],[-123.16771381788,49.07725139404],[-123.16868654825,49.07739387477],[-123.16941305173,49.07773427431],[-123.16997632526,49.07817461466],[-123.17048800611,49.07962209384],[-123.17096888356,49.0803042148],[-123.17214978719,49.081175322],[-123.17204183511,49.08149989926],[-123.17305662473,49.0818941747],[-123.17337110777,49.08174981133],[-123.17371347008,49.08175830329],[-123.17423452413,49.08193735554],[-123.17572882928,49.0826089016],[-123.17770361131,49.0833884398],[-123.17840395795,49.08384652514],[-123.17877520095,49.08418800621],[-123.17895517449,49.08467377055],[-123.1790128157,49.08547429832],[-123.17912565466,49.08637368535],[-123.17911367779,49.08685043699],[-123.17922615625,49.08765088465],[-123.17907750683,49.08822685607],[-123.17903973362,49.08918925187],[-123.17910931164,49.08957555609],[-123.17945483841,49.09031315521],[-123.17977116404,49.09079791813],[-123.17969093101,49.09120336932],[-123.17989710146,49.09159796522],[-123.18039296002,49.09219180181],[-123.18055907404,49.09265028771],[-123.18094437685,49.09315343654],[-123.18090540194,49.09372916762],[-123.18055158348,49.09436838814],[-123.17996487694,49.09500804928],[-123.18186859887,49.09492409101],[-123.18277215178,49.09494876577],[-123.18406048676,49.09518061239],[-123.18492574572,49.09559383453],[-123.18555759586,49.0961411656],[-123.18611105556,49.09751698383],[-123.1874203,49.09974536312],[-123.18824782581,49.10128172753],[-123.18811311603,49.10175924024],[-123.1875940648,49.10210228351],[-123.18678624676,49.10223851543],[-123.18599164735,49.10223979724],[-123.18551241221,49.10231257977],[-123.18488204416,49.10233132618],[-123.18397865147,49.10247693131],[-123.18358113145,49.10261156097],[-123.18347185751,49.10270184816],[-123.18329649046,49.10325162268],[-123.1832973717,49.10357527864],[-123.18340768711,49.10388924094],[-123.18354596191,49.1040338046],[-123.18399892003,49.1042490278],[-123.1856316602,49.1049030692],[-123.18626367057,49.10536083409],[-123.18667629186,49.10577393606],[-123.18677951728,49.1077705088],[-123.18690505413,49.10840892819],[-123.1873579722,49.10873142252],[-123.1875377054,49.10898393826],[-123.18790866801,49.10923517219],[-123.18874532668,49.10964671196],[-123.18880124545,49.10989878708],[-123.18869525614,49.11003638092],[-123.19539641661,49.11949734935],[-123.18758148708,49.11688014228],[-123.18158371754,49.11481687559],[-123.17518185872,49.11259586667],[-123.17444826524,49.11234507336]]],[[[-122.8903944155,49.08826394832],[-122.89102077791,49.087936487],[-122.89141817776,49.08781992279],[-122.89217099832,49.08772078312],[-122.89293863976,49.08775835605],[-122.89454105721,49.08777782348],[-122.8951844436,49.08793135978],[-122.89581312928,49.08820987214],[-122.89637548151,49.08817526338],[-122.89671776371,49.08823855254],[-122.89703276749,49.08822990036],[-122.89767667461,49.08813148171],[-122.89853916968,49.08832110885],[-122.89877089613,49.08851834671],[-122.89883887189,49.08874326357],[-122.89875611531,49.08904004167],[-122.8984138331,49.08932848803],[-122.89789249866,49.08957948162],[-122.89711183888,49.08973209662],[-122.8959879756,49.08977527745],[-122.89454994974,49.08970201424],[-122.89364659711,49.08973806503],[-122.89326337724,49.08962069969],[-122.89261858887,49.08973618238],[-122.89238582095,49.08981721654],[-122.89170117644,49.08995208654],[-122.89142747085,49.08989789019],[-122.89103075196,49.08964565484],[-122.8903956973,49.0893336553],[-122.8903944155,49.08826394832]]]]},"properties":{"a": "158.07386", "q": "01020", "t": "CT", "dw": "1915", "hh": "1803", "id": "9330161.01", "pop": "4460", "rgid": "59", "rpid": "59933", "ruid": "5915011", "rguid": "5915"}},{"type":"Feature","geometry":{"type":"MultiPolygon","coordinates":[[[[-123.08620899541,49.09343331082],[-123.08618275845,49.09292090896],[-123.08498451038,49.09219917219],[-123.0844236803,49.0917012307],[-123.08275504956,49.09029765337],[-123.08233029117,49.08991908004],[-123.08126058418,49.08904725183],[-123.08051669621,49.08837482452],[-123.08030023126,49.0880314608],[-123.07984895551,49.08760129479],[-123.07963553484,49.08719744585],[-123.07919439337,49.08604205816],[-123.07919956065,49.08489275905],[-123.07815577018,49.08305845492],[-123.07799101808,49.08274369149],[-123.0777699867,49.08274821786],[-123.07771667159,49.08251897491],[-123.07771542984,49.08166441102],[-123.07779730518,49.08155645894],[-123.07782414299,49.08116066134],[-123.07813794507,49.08035973301],[-123.07846556662,49.07976589643],[-123.07864213536,49.07925305394],[-123.07915589914,49.07931253774],[-123.08755789572,49.07959741908],[-123.09029050537,49.07953168647],[-123.09067444626,49.07951462244],[-123.09084212248,49.08225404168],[-123.0954305065,49.08222820528],[-123.10473777842,49.0854022368],[-123.10470180774,49.08565527327],[-123.10699748184,49.08492953086],[-123.10701586775,49.08562334829],[-123.10647999281,49.08667182537],[-123.10255710633,49.08728925519],[-123.10042950901,49.0878262517],[-123.09886995193,49.08843987617],[-123.09789614004,49.08909724225],[-123.09690786778,49.08994331418],[-123.09500851201,49.08981986026],[-123.09230830801,49.0908157833],[-123.08936824611,49.09261275484],[-123.08771824161,49.09333957878],[-123.08620899541,49.09343331082]]]]},"properties":{"a": "1.82443", "q": "01010", "t": "CT", "dw": "2289", "hh": "2181", "id": "9330161.02", "pop": "5464", "rgid": "59", "rpid": "59933", "ruid": "5915011", "rguid": "5915"}},{"type":"Feature","geometry":{"type":"MultiPolygon","coordinates":[[[[-123.07601631616,49.08996842956],[-123.07242774064,49.08996166003],[-123.07183879094,49.08998905862],[-123.06860643726,49.08999995397],[-123.06534660487,49.08997495876],[-123.06333320843,49.08996706764],[-123.05119807268,49.08993710543],[-123.04724618534,49.08994055029],[-123.04613013306,49.08990321769],[-123.04402781135,49.08988631388],[-123.04052828128,49.08989636804],[-123.03698080366,49.08988851698],[-123.03596481235,49.08989536663],[-123.03601139798,49.08615117188],[-123.04054550554,49.08570310065],[-123.04054466436,49.08525619105],[-123.0447001986,49.08484316919],[-123.04615108258,49.0847709875],[-123.04618565127,49.08383671131],[-123.04617215226,49.08268348667],[-123.05112208563,49.08291377109],[-123.05523399842,49.08284883962],[-123.05656611508,49.08284659646],[-123.05706197364,49.08288729379],[-123.05974996042,49.08297946364],[-123.06326531278,49.08260725928],[-123.06565187493,49.08255342344],[-123.0689511629,49.08261867537],[-123.07438385638,49.08274008641],[-123.0752383001,49.08270952335],[-123.0777699867,49.08274821786],[-123.07799101808,49.08274369149],[-123.07815577018,49.08305845492],[-123.07919956065,49.08489275905],[-123.07919439337,49.08604205816],[-123.07963553484,49.08719744585],[-123.07984895551,49.08760129479],[-123.08030023126,49.0880314608],[-123.08051669621,49.08837482452],[-123.08126058418,49.08904725183],[-123.08233029117,49.08991908004],[-123.08105661684,49.08998297005],[-123.07837215502,49.09000279798],[-123.07601631616,49.08996842956]]]]},"properties":{"a": "2.33341", "q": "00000", "t": "CT", "dw": "2374", "hh": "2320", "id": "9330161.03", "pop": "6549", "rgid": "59", "rpid": "59933", "ruid": "5915011", "rguid": "5915"}},{"type":"Feature","geometry":{"type":"MultiPolygon","coordinates":[[[[-123.06728125036,49.10031136049],[-123.06623609797,49.09968047171],[-123.06589345526,49.09952781665],[-123.06502967839,49.09901557501],[-123.06453614311,49.09876390046],[-123.06398777057,49.09844044478],[-123.06291862437,49.09789231258],[-123.0618084604,49.09745209241],[-123.06106841784,49.09720061813],[-123.06034211464,49.09699412723],[-123.0581904434,49.09616756279],[-123.05742316247,49.09590715593],[-123.05587470103,49.09546705592],[-123.05513477864,49.09528764317],[-123.05440847544,49.09503604873],[-123.05343570502,49.09477568193],[-123.05117512035,49.09438084569],[-123.05044905748,49.0942911994],[-123.04881896103,49.09414799766],[-123.04780513277,49.09401344811],[-123.04725712074,49.09389680378],[-123.04610742107,49.09389207712],[-123.04614647609,49.09276376758],[-123.04613013306,49.08990321769],[-123.04724618534,49.08994055029],[-123.05119807268,49.08993710543],[-123.06333320843,49.08996706764],[-123.06534660487,49.08997495876],[-123.06860643726,49.08999995397],[-123.07183879094,49.08998905862],[-123.07242774064,49.08996166003],[-123.07601631616,49.08996842956],[-123.07597670035,49.09097588885],[-123.07602348626,49.09469100264],[-123.07462780004,49.09571744867],[-123.07208277466,49.09763507018],[-123.06933229984,49.09973266524],[-123.06874258907,49.09931924281],[-123.06728125036,49.10031136049]]]]},"properties":{"a": "1.6162", "q": "00000", "t": "CT", "dw": "1953", "hh": "1901", "id": "9330161.05", "pop": "5571", "rgid": "59", "rpid": "59933", "ruid": "5915011", "rguid": "5915"}},{"type":"Feature","geometry":{"type":"MultiPolygon","coordinates":[[[[-123.06728125036,49.10031136049],[-123.06874258907,49.09931924281],[-123.06933229984,49.09973266524],[-123.07208277466,49.09763507018],[-123.07462780004,49.09571744867],[-123.07602348626,49.09469100264],[-123.07597670035,49.09097588885],[-123.07601631616,49.08996842956],[-123.07837215502,49.09000279798],[-123.08105661684,49.08998297005],[-123.08233029117,49.08991908004],[-123.08275504956,49.09029765337],[-123.0844236803,49.0917012307],[-123.08498451038,49.09219917219],[-123.08618275845,49.09292090896],[-123.08620899541,49.09343331082],[-123.08601139704,49.09362902654],[-123.08466650238,49.09463115833],[-123.08411885086,49.09497920865],[-123.08357364278,49.09538882572],[-123.0832081679,49.09561061817],[-123.08272256379,49.09632674704],[-123.08234783588,49.09704844375],[-123.08134846799,49.09811062013],[-123.08060498058,49.09863692157],[-123.08031761575,49.09887093124],[-123.07980921953,49.09952785671],[-123.07920997532,49.10010414857],[-123.07704756897,49.10142789344],[-123.0765136568,49.10169815418],[-123.07565132196,49.10222044998],[-123.07509029159,49.10263459342],[-123.0745017024,49.10300379354],[-123.07330113106,49.10382114501],[-123.07268169841,49.10443525015],[-123.0724081931,49.10475926662],[-123.07216136537,49.10462443667],[-123.07195527504,49.10418385599],[-123.07143341986,49.10340151384],[-123.07099444143,49.10297002597],[-123.06991095504,49.10218808438],[-123.06918409105,49.10161279393],[-123.06884128811,49.10140610274],[-123.06814186277,49.10083077223],[-123.06728125036,49.10031136049]]]]},"properties":{"a": "0.95812", "q": "00000", "t": "CT", "dw": "1059", "hh": "1023", "id": "9330161.06", "pop": "2802", "rgid": "59", "rpid": "59933", "ruid": "5915011", "rguid": "5915"}},{"type":"Feature","geometry":{"type":"MultiPolygon","coordinates":[[[[-122.90468274463,49.1341666552],[-122.90413060679,49.13418139596],[-122.89966259233,49.13420771304],[-122.89595008222,49.13425802391],[-122.89043911848,49.13425301686],[-122.89040599181,49.13029584207],[-122.89040062425,49.12684073458],[-122.89028638331,49.12512615911],[-122.89036525442,49.12419596868],[-122.89035367811,49.12325151816],[-122.89034819038,49.11955434965],[-122.8910830256,49.11958226899],[-122.89301811171,49.11956544528],[-122.89592576796,49.11965845632],[-122.89583632196,49.12312165521],[-122.89575845225,49.1236087414],[-122.89559137688,49.12389093896],[-122.89533842052,49.12411573565],[-122.89481952952,49.12431713938],[-122.89476509283,49.12480971331],[-122.89482970385,49.12601729453],[-122.89574839809,49.12582017683],[-122.8969957954,49.12574931701],[-122.89796980757,49.12598272583],[-122.90098112986,49.12739002841],[-122.90317165584,49.12827183068],[-122.90452888788,49.128589358],[-122.90550157819,49.12884203397],[-122.90619479478,49.12905076803],[-122.90696768361,49.12916705185],[-122.90917415204,49.12943871456],[-122.90991619742,49.12959613633],[-122.91090090466,49.12963795525],[-122.91179456363,49.12957118118],[-122.91283470896,49.12903670822],[-122.91333685638,49.12870095522],[-122.9150440214,49.12764406629],[-122.91641643483,49.12666456639],[-122.91729459196,49.12610750161],[-122.91832344139,49.12555047689],[-122.91969152872,49.12483334661],[-122.91997112261,49.12458992368],[-122.91997512825,49.12400990656],[-122.91993126646,49.12296992145],[-122.91992141258,49.12054113982],[-122.91990250595,49.11955122525],[-122.92100594044,49.11942644947],[-122.92185645864,49.11921679411],[-122.92292484376,49.1192568906],[-122.92367546121,49.11931445169],[-122.9240338461,49.11993228208],[-122.924415664,49.12115588587],[-122.92418097337,49.12230722786],[-122.92383720908,49.12310751529],[-122.92334299284,49.12405949642],[-122.92258668737,49.12521163954],[-122.92140486244,49.12716282834],[-122.92103353932,49.12791821251],[-122.92040064772,49.12938399748],[-122.9204002071,49.12964484495],[-122.91988960777,49.13181241859],[-122.91943652949,49.13411714545],[-122.91829568228,49.13409615588],[-122.91264768549,49.1341100154],[-122.91029689374,49.1341115776],[-122.90953241676,49.13414858975],[-122.90846635491,49.13414274151],[-122.90468274463,49.1341666552]]]]},"properties":{"a": "2.12612", "q": "00000", "t": "CT", "dw": "1871", "hh": "1803", "id": "9330162.01", "pop": "5804", "rgid": "59", "rpid": "59933", "ruid": "5915011", "rguid": "5915"}},{"type":"Feature","geometry":{"type":"MultiPolygon","coordinates":[[[[-122.91252591394,49.14878144424],[-122.91031812365,49.14878869445],[-122.9080691954,49.14876890657],[-122.90432560149,49.1487569297],[-122.90432856567,49.14723666799],[-122.90441492733,49.14508683935],[-122.9044611124,49.14248721705],[-122.90450922017,49.13879914136],[-122.90458572795,49.13718498737],[-122.90452696517,49.13695530379],[-122.90461264588,49.1349851683],[-122.90468274463,49.1341666552],[-122.90846635491,49.13414274151],[-122.90953241676,49.13414858975],[-122.91029689374,49.1341115776],[-122.91264768549,49.1341100154],[-122.91829568228,49.13409615588],[-122.91943652949,49.13411714545],[-122.91910197818,49.13568887968],[-122.91922407018,49.13643565172],[-122.91941477884,49.13715538566],[-122.9198517945,49.13819913608],[-122.9215204653,49.14070999333],[-122.92246483571,49.14179908762],[-122.92345062447,49.14269931585],[-122.92397380151,49.14312443475],[-122.92362791423,49.14359557849],[-122.92342018158,49.14467818364],[-122.92373478479,49.14519114629],[-122.9237158381,49.14859141653],[-122.91894379533,49.1485881319],[-122.9181895728,49.14859670398],[-122.91252591394,49.14878144424]]]]},"properties":{"a": "2.04732", "q": "00010", "t": "CT", "dw": "2009", "hh": "1939", "id": "9330162.02", "pop": "6363", "rgid": "59", "rpid": "59933", "ruid": "5915011", "rguid": "5915"}},{"type":"Feature","geometry":{"type":"MultiPolygon","coordinates":[[[[-122.89054442683,49.14867273108],[-122.89055728495,49.14735066859],[-122.89051847026,49.14254029182],[-122.8904592268,49.14138702712],[-122.89049932329,49.13947092776],[-122.89043447193,49.13724102631],[-122.89043911848,49.13425301686],[-122.89595008222,49.13425802391],[-122.89966259233,49.13420771304],[-122.90413060679,49.13418139596],[-122.90468274463,49.1341666552],[-122.90461264588,49.1349851683],[-122.90452696517,49.13695530379],[-122.90458572795,49.13718498737],[-122.90450922017,49.13879914136],[-122.9044611124,49.14248721705],[-122.90441492733,49.14508683935],[-122.90432856567,49.14723666799],[-122.90432560149,49.1487569297],[-122.90152826065,49.1487185957],[-122.89605507012,49.14871935677],[-122.89563131314,49.1486896349],[-122.89054442683,49.14867273108]]]]},"properties":{"a": "1.64224", "q": "01010", "t": "CT", "dw": "2286", "hh": "2135", "id": "9330162.03", "pop": "7005", "rgid": "59", "rpid": "59933", "ruid": "5915011", "rguid": "5915"}},{"type":"Feature","geometry":{"type":"MultiPolygon","coordinates":[[[[-122.89034819038,49.11955434965],[-122.89032880307,49.11587520655],[-122.8903427427,49.11367907267],[-122.89036705696,49.11215332323],[-122.89033124651,49.1085799291],[-122.8903346513,49.1070327094],[-122.89035780392,49.10668137445],[-122.89032515793,49.1051076374],[-122.89032784171,49.10388423389],[-122.89024480473,49.1030673631],[-122.89042814301,49.10196320758],[-122.89114262957,49.09338348062],[-122.89117547584,49.09298856427],[-122.89050304854,49.09235166702],[-122.89429362864,49.09258663805],[-122.89461355935,49.09313901623],[-122.89511674823,49.09385879023],[-122.89910436591,49.09985335526],[-122.90068823724,49.10245441959],[-122.90242236024,49.10540637826],[-122.905299854,49.11038967864],[-122.90647695228,49.11126322928],[-122.90740309701,49.11197274884],[-122.90838932639,49.11239426266],[-122.90930185194,49.11296530713],[-122.91015717691,49.11326152444],[-122.91246070207,49.11409678113],[-122.91345734612,49.11443309493],[-122.91775379889,49.11513087795],[-122.9201660372,49.11545938074],[-122.92241220156,49.11609852115],[-122.92355100588,49.11670004857],[-122.92564159106,49.11825383752],[-122.92658339786,49.11968204955],[-122.92422659764,49.11935671122],[-122.92367546121,49.11931445169],[-122.92292484376,49.1192568906],[-122.92185645864,49.11921679411],[-122.92100594044,49.11942644947],[-122.91990250595,49.11955122525],[-122.91992141258,49.12054113982],[-122.91993126646,49.12296992145],[-122.91997512825,49.12400990656],[-122.91997112261,49.12458992368],[-122.91969152872,49.12483334661],[-122.91832344139,49.12555047689],[-122.91729459196,49.12610750161],[-122.91641643483,49.12666456639],[-122.9150440214,49.12764406629],[-122.91333685638,49.12870095522],[-122.91283470896,49.12903670822],[-122.91179456363,49.12957118118],[-122.91090090466,49.12963795525],[-122.90991619742,49.12959613633],[-122.90917415204,49.12943871456],[-122.90696768361,49.12916705185],[-122.90619479478,49.12905076803],[-122.90550157819,49.12884203397],[-122.90452888788,49.128589358],[-122.90317165584,49.12827183068],[-122.90098112986,49.12739002841],[-122.89796980757,49.12598272583],[-122.8969957954,49.12574931701],[-122.89574839809,49.12582017683],[-122.89482970385,49.12601729453],[-122.89476509283,49.12480971331],[-122.89481952952,49.12431713938],[-122.89533842052,49.12411573565],[-122.89559137688,49.12389093896],[-122.89575845225,49.1236087414],[-122.89583632196,49.12312165521],[-122.89592576796,49.11965845632],[-122.89301811171,49.11956544528],[-122.8910830256,49.11958226899],[-122.89034819038,49.11955434965]]]]},"properties":{"a": "4.91875", "q": "00000", "t": "CT", "dw": "1885", "hh": "1844", "id": "9330162.04", "pop": "6015", "rgid": "59", "rpid": "59933", "ruid": "5915011", "rguid": "5915"}},{"type":"Feature","geometry":{"type":"MultiPolygon","coordinates":[[[[-122.9124580984,49.15612154483],[-122.91249198614,49.15246050723],[-122.9125225492,49.15069742343],[-122.91252591394,49.14878144424],[-122.9181895728,49.14859670398],[-122.91894379533,49.1485881319],[-122.9237158381,49.14859141653],[-122.92373478479,49.14519114629],[-122.92342018158,49.14467818364],[-122.92362791423,49.14359557849],[-122.92397380151,49.14312443475],[-122.92443661351,49.14350052458],[-122.92565569092,49.14438284758],[-122.93302595401,49.14925386978],[-122.93828592416,49.15284581004],[-122.93880785945,49.15325991342],[-122.9397527506,49.15432192957],[-122.94038211724,49.15561763493],[-122.94040831414,49.15659813625],[-122.94021532226,49.15744360733],[-122.93992815771,49.15808715395],[-122.93963891022,49.15779418121],[-122.93613076802,49.15544443093],[-122.9348325391,49.15459010737],[-122.932715036,49.15601819924],[-122.92661171776,49.15617642214],[-122.92427049949,49.15625841766],[-122.9180811801,49.15617966671],[-122.9124580984,49.15612154483]]]]},"properties":{"a": "1.69249", "q": "01010", "t": "CT", "dw": "1200", "hh": "1155", "id": "9330163.01", "pop": "3645", "rgid": "59", "rpid": "59933", "ruid": "5915011", "rguid": "5915"}},{"type":"Feature","geometry":{"type":"MultiPolygon","coordinates":[[[[-122.91368326439,49.17718954504],[-122.91454283534,49.17625242484],[-122.91469396825,49.17600519655],[-122.91597873821,49.17415567097],[-122.91611204602,49.17354873593],[-122.91596852382,49.17270258389],[-122.9149533737,49.17262086877],[-122.91108572503,49.1719433543],[-122.91205080462,49.16923650094],[-122.91243678838,49.16819331131],[-122.91245213,49.16729376405],[-122.9124724386,49.16350674897],[-122.91247544284,49.16185161725],[-122.91246510828,49.15995358334],[-122.9124580984,49.15612154483],[-122.9180811801,49.15617966671],[-122.92427049949,49.15625841766],[-122.92661171776,49.15617642214],[-122.932715036,49.15601819924],[-122.9348325391,49.15459010737],[-122.93613076802,49.15544443093],[-122.93963891022,49.15779418121],[-122.93992815771,49.15808715395],[-122.94032219282,49.15848635634],[-122.94080439213,49.15874836545],[-122.94158577292,49.15935606156],[-122.93557995204,49.16494161038],[-122.92999973073,49.16963422124],[-122.92337740131,49.17722807932],[-122.9200277624,49.17722695774],[-122.91752776045,49.17717300173],[-122.91590635624,49.17725407595],[-122.91416113761,49.17694844538],[-122.91368326439,49.17718954504]]]]},"properties":{"a": "3.47303", "q": "01010", "t": "CT", "dw": "1864", "hh": "1785", "id": "9330163.04", "pop": "5396", "rgid": "59", "rpid": "59933", "ruid": "5915011", "rguid": "5915"}},{"type":"Feature","geometry":{"type":"MultiPolygon","coordinates":[[[[-122.89045682342,49.16355093121],[-122.89049756081,49.16265787309],[-122.89050725447,49.16090067759],[-122.89045514105,49.1592862432],[-122.89048290016,49.15793790369],[-122.89048670552,49.15619272511],[-122.89393155856,49.15615018518],[-122.89674095639,49.15609955385],[-122.90159591596,49.15611281253],[-122.90154628605,49.15247516789],[-122.90717101005,49.15245630131],[-122.91249198614,49.15246050723],[-122.9124580984,49.15612154483],[-122.91246510828,49.15995358334],[-122.91247544284,49.16185161725],[-122.9124724386,49.16350674897],[-122.9091667416,49.16352225081],[-122.90350160066,49.1635265769],[-122.90087934647,49.16353667112],[-122.89743477382,49.16351504065],[-122.89453076271,49.16353675124],[-122.89306357576,49.16355902261],[-122.89045682342,49.16355093121]]]]},"properties":{"a": "1.64391", "q": "01010", "t": "CT", "dw": "1803", "hh": "1693", "id": "9330163.05", "pop": "5207", "rgid": "59", "rpid": "59933", "ruid": "5915011", "rguid": "5915"}},{"type":"Feature","geometry":{"type":"MultiPolygon","coordinates":[[[[-122.89048670552,49.15619272511],[-122.89051053909,49.15247528805],[-122.89054442683,49.14867273108],[-122.89563131314,49.1486896349],[-122.89605507012,49.14871935677],[-122.90152826065,49.1487185957],[-122.90432560149,49.1487569297],[-122.9080691954,49.14876890657],[-122.91031812365,49.14878869445],[-122.91252591394,49.14878144424],[-122.9125225492,49.15069742343],[-122.91249198614,49.15246050723],[-122.90717101005,49.15245630131],[-122.90154628605,49.15247516789],[-122.90159591596,49.15611281253],[-122.89674095639,49.15609955385],[-122.89393155856,49.15615018518],[-122.89048670552,49.15619272511]]]]},"properties":{"a": "0.99489", "q": "02020", "t": "CT", "dw": "1350", "hh": "1230", "id": "9330163.06", "pop": "3921", "rgid": "59", "rpid": "59933", "ruid": "5915011", "rguid": "5915"}},{"type":"Feature","geometry":{"type":"MultiPolygon","coordinates":[[[[-122.89032575878,49.17073817647],[-122.89038912805,49.16833855593],[-122.89038031564,49.16715805286],[-122.89045682342,49.16355093121],[-122.89306357576,49.16355902261],[-122.89453076271,49.16353675124],[-122.89743477382,49.16351504065],[-122.90087934647,49.16353667112],[-122.90350160066,49.1635265769],[-122.9091667416,49.16352225081],[-122.9124724386,49.16350674897],[-122.91245213,49.16729376405],[-122.91243678838,49.16819331131],[-122.91205080462,49.16923650094],[-122.91108572503,49.1719433543],[-122.907588358,49.17135592675],[-122.90774005171,49.17095123663],[-122.90136106511,49.17079301372],[-122.89582106046,49.17075972683],[-122.89248155582,49.17076317168],[-122.89032575878,49.17073817647]]]]},"properties":{"a": "1.3168", "q": "01010", "t": "CT", "dw": "1487", "hh": "1413", "id": "9330163.07", "pop": "4455", "rgid": "59", "rpid": "59933", "ruid": "5915011", "rguid": "5915"}},{"type":"Feature","geometry":{"type":"MultiPolygon","coordinates":[[[[-122.89034370406,49.17748464076],[-122.89035868516,49.17643656425],[-122.8902882259,49.17550336959],[-122.89032523804,49.17326565714],[-122.89031322111,49.17172885212],[-122.89032575878,49.17073817647],[-122.89248155582,49.17076317168],[-122.89582106046,49.17075972683],[-122.90136106511,49.17079301372],[-122.90774005171,49.17095123663],[-122.907588358,49.17135592675],[-122.91108572503,49.1719433543],[-122.9149533737,49.17262086877],[-122.91596852382,49.17270258389],[-122.91611204602,49.17354873593],[-122.91597873821,49.17415567097],[-122.91469396825,49.17600519655],[-122.91454283534,49.17625242484],[-122.91368326439,49.17718954504],[-122.90964890086,49.1774204303],[-122.90794698323,49.17745227517],[-122.9068773163,49.17744522523],[-122.90441805174,49.17745467855],[-122.89652156732,49.17746601452],[-122.8957444325,49.17744258151],[-122.89334497219,49.17745636092],[-122.89034370406,49.17748464076]]]]},"properties":{"a": "1.26301", "q": "01010", "t": "CT", "dw": "1285", "hh": "1204", "id": "9330163.08", "pop": "3812", "rgid": "59", "rpid": "59933", "ruid": "5915011", "rguid": "5915"}},{"type":"Feature","geometry":{"type":"MultiPolygon","coordinates":[[[[-122.80144077928,49.0313516914],[-122.80142039056,49.02959754018],[-122.80141398153,49.02777140756],[-122.80138393921,49.02501872964],[-122.80138662299,49.02433504648],[-122.80178294131,49.0241703745],[-122.80565491608,49.0241894013],[-122.8088953211,49.02423282247],[-122.80974467766,49.02423222162],[-122.80976819078,49.02881099211],[-122.80968743702,49.03081469489],[-122.80977219643,49.03135677857],[-122.80404004107,49.03134716502],[-122.80144077928,49.0313516914]]]]},"properties":{"a": "0.4846", "q": "01010", "t": "CT", "dw": "2493", "hh": "2331", "id": "9330170.03", "pop": "3450", "rgid": "59", "rpid": "59933", "ruid": "5915007", "rguid": "5915"}},{"type":"Feature","geometry":{"type":"MultiPolygon","coordinates":[[[[-122.83462961509,49.03137700706],[-122.82843244463,49.03136799437],[-122.82639393282,49.03137392272],[-122.82356214345,49.03136963668],[-122.82057978195,49.03137404289],[-122.81782998809,49.03136979691],[-122.81514865067,49.03135641806],[-122.81377375375,49.03137428323],[-122.8124672732,49.03136118477],[-122.80977219643,49.03135677857],[-122.80968743702,49.03081469489],[-122.80976819078,49.02881099211],[-122.80974467766,49.02423222162],[-122.8088953211,49.02423282247],[-122.80565491608,49.0241894013],[-122.80178294131,49.0241703745],[-122.80138662299,49.02433504648],[-122.80129557472,49.02406378433],[-122.801361788,49.02370531933],[-122.80133727346,49.02297661275],[-122.80123809374,49.0228258804],[-122.80130066189,49.0218881193],[-122.80040455947,49.02188243128],[-122.80086665046,49.02120223303],[-122.80112962093,49.02054506723],[-122.80119367116,49.02025145359],[-122.80116811516,49.01993981456],[-122.80124790757,49.01962989796],[-122.80247038978,49.02008197483],[-122.80390469039,49.02053421194],[-122.8054351665,49.02091466792],[-122.80558537811,49.02096886427],[-122.80598157627,49.0210955227],[-122.80778487673,49.02165623262],[-122.80943768517,49.02222555467],[-122.81165204472,49.02273359038],[-122.81282641916,49.02310363169],[-122.81491708445,49.02364655655],[-122.81685769835,49.02409042186],[-122.8208905798,49.02488902692],[-122.82236718,49.02512539992],[-122.82403561046,49.02525386089],[-122.82601812338,49.02535520366],[-122.8285347087,49.02558448667],[-122.83003930835,49.02557751685],[-122.83194106752,49.02552656507],[-122.83445769289,49.02540339155],[-122.83559373332,49.02528846965],[-122.83597691314,49.02527112521],[-122.83939725165,49.0250057113],[-122.84095764991,49.02482866188],[-122.84249012884,49.02469583475],[-122.84335166255,49.02466058509],[-122.84573990706,49.02463847394],[-122.84577127125,49.02646893266],[-122.84568234597,49.0273443259],[-122.84565030083,49.02885553486],[-122.84570485769,49.02902160882],[-122.84566111607,49.02977310752],[-122.84572031947,49.03044080816],[-122.84565618912,49.0314012412],[-122.84401447631,49.03139006546],[-122.83462961509,49.03137700706]]]]},"properties":{"a": "2.17458", "q": "01010", "t": "CT", "dw": "2459", "hh": "2248", "id": "9330170.04", "pop": "5253", "rgid": "59", "rpid": "59933", "ruid": "5915007", "rguid": "5915"}},{"type":"Feature","geometry":{"type":"MultiPolygon","coordinates":[[[[-122.79588647448,49.03134195769],[-122.79585671255,49.02861631786],[-122.79587389676,49.02775278132],[-122.79586376248,49.02688019204],[-122.79588110692,49.02598064477],[-122.79579778954,49.02506259143],[-122.79592008183,49.02483110532],[-122.79590698337,49.02444900703],[-122.79566944874,49.02421712035],[-122.79889747632,49.02423174095],[-122.80087085639,49.02426995478],[-122.80138662299,49.02433504648],[-122.80138393921,49.02501872964],[-122.80141398153,49.02777140756],[-122.80142039056,49.02959754018],[-122.80144077928,49.0313516914],[-122.79730939907,49.03133546855],[-122.79588647448,49.03134195769]]]]},"properties":{"a": "0.32022", "q": "01010", "t": "CT", "dw": "1674", "hh": "1607", "id": "9330170.05", "pop": "2365", "rgid": "59", "rpid": "59933", "ruid": "5915007", "rguid": "5915"}},{"type":"Feature","geometry":{"type":"MultiPolygon","coordinates":[[[[-122.77940145069,49.0313566584],[-122.77940958214,49.02951258049],[-122.779390315,49.02767739512],[-122.77939824617,49.02590529862],[-122.77937016662,49.01676570293],[-122.78894365357,49.01678360816],[-122.78898334949,49.01664409161],[-122.78881819682,49.01643431608],[-122.78882889189,49.01581876891],[-122.78964444082,49.01611078029],[-122.79143364141,49.01668074324],[-122.79241622566,49.01702350612],[-122.79393244168,49.01747602362],[-122.79490280871,49.01782038875],[-122.79628255247,49.01821862979],[-122.79725215843,49.01857116644],[-122.79782540601,49.01873347509],[-122.79852286858,49.0188792805],[-122.79999830715,49.01930459968],[-122.80107774785,49.01956732981],[-122.80124790757,49.01962989796],[-122.80116811516,49.01993981456],[-122.80119367116,49.02025145359],[-122.80112962093,49.02054506723],[-122.80086665046,49.02120223303],[-122.80040455947,49.02188243128],[-122.80130066189,49.0218881193],[-122.80123809374,49.0228258804],[-122.80133727346,49.02297661275],[-122.801361788,49.02370531933],[-122.80129557472,49.02406378433],[-122.80138662299,49.02433504648],[-122.80087085639,49.02426995478],[-122.79889747632,49.02423174095],[-122.79566944874,49.02421712035],[-122.79590698337,49.02444900703],[-122.79592008183,49.02483110532],[-122.79579778954,49.02506259143],[-122.79588110692,49.02598064477],[-122.79586376248,49.02688019204],[-122.79587389676,49.02775278132],[-122.79585671255,49.02861631786],[-122.79588647448,49.03134195769],[-122.79450689095,49.03135068999],[-122.79209313049,49.03133150296],[-122.79097940149,49.03139383077],[-122.79037330763,49.03134115656],[-122.78743196393,49.03134476164],[-122.78358774827,49.03133759154],[-122.77940145069,49.0313566584]]],[[[-122.80598157627,49.0210955227],[-122.80558537811,49.02096886427],[-122.80568115304,49.01754219684],[-122.80565659845,49.01682246289],[-122.80608071594,49.01679626599],[-122.80607322539,49.01873928328],[-122.80598157627,49.0210955227]]]]},"properties":{"a": "2.18477", "q": "01010", "t": "CT", "dw": "3566", "hh": "3340", "id": "9330170.06", "pop": "7687", "rgid": "59", "rpid": "59933", "ruid": "5915007", "rguid": "5915"}},{"type":"Feature","geometry":{"type":"MultiPolygon","coordinates":[[[[-122.77943734125,49.06036732809],[-122.78971225636,49.06041086943],[-122.79757573428,49.06040426011],[-122.80091455795,49.06038851794],[-122.80199676254,49.06039785109],[-122.80364348241,49.06045260823],[-122.81239937755,49.06685130259],[-122.81552718394,49.06912470531],[-122.81579031464,49.06930916518],[-122.81423728676,49.06931028676],[-122.81254770651,49.06934657788],[-122.8112479955,49.06939881147],[-122.80931278922,49.06928617279],[-122.80858464342,49.06908468894],[-122.8080105146,49.06902252136],[-122.80718707456,49.0689738528],[-122.80643433411,49.06913331745],[-122.80522863554,49.06982457127],[-122.80441877463,49.07010592764],[-122.80402205574,49.07019264981],[-122.80151123854,49.07058428154],[-122.80035152476,49.07071867086],[-122.79905770205,49.07123615989],[-122.79798551157,49.07202266791],[-122.79682563756,49.07274937168],[-122.79627950818,49.07302524032],[-122.79494839293,49.07381611448],[-122.79419104599,49.07431597868],[-122.79247663076,49.07492828128],[-122.79170129848,49.07494862995],[-122.79042273727,49.07492455604],[-122.77934553191,49.07492191231],[-122.77936391781,49.06768055082],[-122.77944122672,49.06625466205],[-122.77937220949,49.06579156966],[-122.77944619372,49.06146487429],[-122.77943734125,49.06036732809]]]]},"properties":{"a": "3.06041", "q": "00001", "t": "CT", "dw": "2060", "hh": "1968", "id": "9330180.01", "pop": "5881", "rgid": "59", "rpid": "59933", "ruid": "5915004", "rguid": "5915"}},{"type":"Feature","geometry":{"type":"MultiPolygon","coordinates":[[[[-122.77943734125,49.06036732809],[-122.76819862836,49.06045332924],[-122.75716588564,49.06041259185],[-122.74557183216,49.0603876367],[-122.7351823156,49.06037325644],[-122.72445560401,49.06035475037],[-122.71326724205,49.06034790072],[-122.71334815604,49.0748218914],[-122.70173667801,49.07487348409],[-122.69592761431,49.07481532215],[-122.69132404889,49.07483531031],[-122.67987123438,49.07490436759],[-122.67983530377,49.07196118129],[-122.6798757207,49.06755545458],[-122.67994906403,49.06695132349],[-122.67987832437,49.06280856726],[-122.67988116838,49.06030512045],[-122.67987632155,49.0572488949],[-122.679856053,49.05569025912],[-122.67995507249,49.05306383907],[-122.679881609,49.04928968211],[-122.67990576303,49.0458223574],[-122.67991449533,49.04224896327],[-122.68045345461,49.03953161512],[-122.68000662512,49.03853809547],[-122.68008173093,49.03117071645],[-122.68062653844,49.01660663885],[-122.68148590911,49.0159959385],[-122.68172196165,49.00225526089],[-122.68453304185,49.00224244284],[-122.69072668734,49.00223214833],[-122.69664850989,49.00231734836],[-122.70180136915,49.00224336413],[-122.71324517096,49.00227236499],[-122.72376623284,49.00228398135],[-122.72463413552,49.00234090154],[-122.72808375528,49.00231178052],[-122.73085890486,49.00236721862],[-122.73095255679,49.0023880079],[-122.73512146988,49.00225269728],[-122.73566307288,49.00230260759],[-122.74792470684,49.00227300589],[-122.75143697486,49.00228906852],[-122.75510025562,49.00228061661],[-122.75702504723,49.00223795652],[-122.75775876087,49.0031532059],[-122.75786182607,49.0040595227],[-122.75781948642,49.0049679625],[-122.75827332578,49.00553363941],[-122.7582376355,49.00617550366],[-122.75796841623,49.00676012726],[-122.75790120154,49.0076551081],[-122.75775896116,49.00857376228],[-122.75769711403,49.01326849613],[-122.75794962976,49.01396748085],[-122.75829431535,49.01462136203],[-122.75903575988,49.01594046035],[-122.75950169629,49.01674070772],[-122.75998613876,49.01767378222],[-122.76049818011,49.01859728323],[-122.76312684333,49.02316732141],[-122.76385699195,49.0245588017],[-122.76439627167,49.02567148924],[-122.76488387861,49.02649965594],[-122.76561078265,49.02748812848],[-122.76669262674,49.0289037628],[-122.76939851875,49.0313638285],[-122.77015582562,49.03201642787],[-122.77208983021,49.03378980617],[-122.77744237077,49.03864284304],[-122.77935550596,49.04036871441],[-122.78198160556,49.04269935778],[-122.78545750234,49.04584615092],[-122.79012720092,49.05001926993],[-122.79206100523,49.05171638079],[-122.79294737393,49.05254434722],[-122.79350431855,49.05301777417],[-122.80146136829,49.05887879106],[-122.80364348241,49.06045260823],[-122.80199676254,49.06039785109],[-122.80091455795,49.06038851794],[-122.79757573428,49.06040426011],[-122.78971225636,49.06041086943],[-122.77943734125,49.06036732809]]]]},"properties":{"a": "47.80708", "q": "00011", "t": "CT", "dw": "2689", "hh": "2477", "id": "9330180.02", "pop": "6876", "rgid": "59", "rpid": "59933", "ruid": "5915004", "rguid": "5915"}},{"type":"Feature","geometry":{"type":"MultiPolygon","coordinates":[[[[-122.80146533387,49.04581662933],[-122.80146537393,49.04236232297],[-122.80145299649,49.03857514767],[-122.80145980609,49.03691100325],[-122.80144077928,49.0313516914],[-122.80404004107,49.03134716502],[-122.80977219643,49.03135677857],[-122.8124672732,49.03136118477],[-122.81377375375,49.03137428323],[-122.81514865067,49.03135641806],[-122.81782998809,49.03136979691],[-122.82057978195,49.03137404289],[-122.82356214345,49.03136963668],[-122.82639393282,49.03137392272],[-122.82843244463,49.03136799437],[-122.83462961509,49.03137700706],[-122.8345835502,49.03203104847],[-122.83463133752,49.03498432899],[-122.83464936291,49.0378269336],[-122.83464647885,49.03867244474],[-122.834699113,49.03940463624],[-122.83463886813,49.04447618093],[-122.83469110171,49.04587803584],[-122.82887530853,49.04585147843],[-122.81246767376,49.04579904456],[-122.80685801098,49.04579391734],[-122.80484537561,49.04581330465],[-122.80421985439,49.04579023215],[-122.80146533387,49.04581662933]]]]},"properties":{"a": "3.90198", "q": "00000", "t": "CT", "dw": "3541", "hh": "3457", "id": "9330181.01", "pop": "7683", "rgid": "59", "rpid": "59933", "ruid": "5915004", "rguid": "5915"}},{"type":"Feature","geometry":{"type":"MultiPolygon","coordinates":[[[[-122.87060850147,49.06194218672],[-122.87041214485,49.05774170916],[-122.86487177969,49.05738184219],[-122.85453437655,49.06028308941],[-122.8527056002,49.06135600091],[-122.84924873023,49.06678789326],[-122.84846414492,49.06732681248],[-122.84186853315,49.06703504144],[-122.8392038592,49.06735176763],[-122.83689861161,49.06922376487],[-122.83638604953,49.07036997963],[-122.83694567792,49.07381282986],[-122.83661405073,49.0746474857],[-122.83446738655,49.07456144449],[-122.83443125565,49.07319275631],[-122.83441891827,49.06913019305],[-122.83505974105,49.06832706161],[-122.83460045401,49.06784586371],[-122.8346741979,49.0674851956],[-122.83468537364,49.06411188334],[-122.83471121004,49.06045080569],[-122.83471469495,49.05525136081],[-122.83472162471,49.05317339341],[-122.83469550792,49.04916650858],[-122.83465513104,49.04850685928],[-122.83469110171,49.04587803584],[-122.83989114744,49.04588528606],[-122.84178533594,49.04590495376],[-122.84580291583,49.0458933374],[-122.85135870272,49.04589165503],[-122.85265004193,49.0458733893],[-122.85892027532,49.04591336561],[-122.86093951999,49.04588560651],[-122.86315476078,49.04590619551],[-122.86355516487,49.04593924207],[-122.86480869081,49.04588576673],[-122.86779385626,49.04591160313],[-122.87820768707,49.04593207197],[-122.88106759605,49.04599808496],[-122.88203003191,49.04605853012],[-122.8825320191,49.04595458368],[-122.88347402618,49.04605115974],[-122.88439420251,49.04601655098],[-122.88452622851,49.04604715409],[-122.88452879212,49.046622765],[-122.88422472375,49.0479358148],[-122.88422232037,49.04894327409],[-122.88435658952,49.04975217365],[-122.88462821218,49.05079628458],[-122.88494177392,49.05148974151],[-122.88581360214,49.05324461374],[-122.88701329224,49.05535090104],[-122.88735341139,49.05625978145],[-122.88747470226,49.05711450557],[-122.88769196834,49.05772596699],[-122.88762299117,49.05791459272],[-122.88718437325,49.05810293806],[-122.88655588785,49.05786019609],[-122.88639153632,49.05785991569],[-122.8856097149,49.05841633957],[-122.8837999253,49.05986337813],[-122.88311391887,49.06025765358],[-122.88236057758,49.06049090217],[-122.88196429931,49.0604823301],[-122.8818826643,49.06026630577],[-122.88175897005,49.06022953396],[-122.88123867707,49.06053552504],[-122.8806627457,49.06065998037],[-122.88030716477,49.06083142189],[-122.88007359572,49.06116397038],[-122.88019568772,49.0616319096],[-122.880139809,49.0619100214],[-122.87978362722,49.06219814731],[-122.87859074671,49.06271779939],[-122.87807065402,49.06297900737],[-122.87716557896,49.06333695164],[-122.87679137179,49.06337360327],[-122.87060850147,49.06194218672]]]]},"properties":{"a": "6.95709", "q": "00000", "t": "CT", "dw": "2164", "hh": "2045", "id": "9330181.03", "pop": "5555", "rgid": "59", "rpid": "59933", "ruid": "5915004", "rguid": "5915"}},{"type":"Feature","geometry":{"type":"MultiPolygon","coordinates":[[[[-122.81579031464,49.06930916518],[-122.81552718394,49.06912470531],[-122.81239937755,49.06685130259],[-122.80364348241,49.06045260823],[-122.80146136829,49.05887879106],[-122.79350431855,49.05301777417],[-122.79294737393,49.05254434722],[-122.79206100523,49.05171638079],[-122.79012720092,49.05001926993],[-122.78545750234,49.04584615092],[-122.78771227883,49.04584611087],[-122.79042185603,49.04583305247],[-122.79578629335,49.04581574809],[-122.80001477035,49.04582311848],[-122.80146533387,49.04581662933],[-122.80421985439,49.04579023215],[-122.80484537561,49.04581330465],[-122.80685801098,49.04579391734],[-122.81246767376,49.04579904456],[-122.82887530853,49.04585147843],[-122.83469110171,49.04587803584],[-122.83465513104,49.04850685928],[-122.83469550792,49.04916650858],[-122.83472162471,49.05317339341],[-122.83471469495,49.05525136081],[-122.83471121004,49.06045080569],[-122.83468537364,49.06411188334],[-122.8346741979,49.0674851956],[-122.83460045401,49.06784586371],[-122.83505974105,49.06832706161],[-122.83441891827,49.06913019305],[-122.83443125565,49.07319275631],[-122.83446738655,49.07456144449],[-122.83178164292,49.07444407915],[-122.82988208686,49.07207442082],[-122.82766928952,49.07051870916],[-122.82670925704,49.06952803352],[-122.82529202046,49.06973252159],[-122.82446209128,49.06932254403],[-122.8237839359,49.06928805544],[-122.8232279927,49.06955579262],[-122.82271999705,49.06984536056],[-122.82165910248,49.07121476976],[-122.82121395536,49.07162731094],[-122.82045592747,49.07166059783],[-122.82007406951,49.0715171157],[-122.81952894155,49.070979278],[-122.81827433408,49.06980406238],[-122.81792211788,49.06949642899],[-122.81714049675,49.06940806451],[-122.81579031464,49.06930916518]]]]},"properties":{"a": "6.91133", "q": "00000", "t": "CT", "dw": "3322", "hh": "3236", "id": "9330181.04", "pop": "8176", "rgid": "59", "rpid": "59933", "ruid": "5915004", "rguid": "5915"}},{"type":"Feature","geometry":{"type":"MultiPolygon","coordinates":[[[[-122.78545750234,49.04584615092],[-122.78198160556,49.04269935778],[-122.77935550596,49.04036871441],[-122.77945809048,49.03959125915],[-122.77941018299,49.03864312343],[-122.77940994265,49.03562058534],[-122.77939428059,49.03298479208],[-122.77940145069,49.0313566584],[-122.78358774827,49.03133759154],[-122.78743196393,49.03134476164],[-122.79037330763,49.03134115656],[-122.79097940149,49.03139383077],[-122.79209313049,49.03133150296],[-122.79450689095,49.03135068999],[-122.79588647448,49.03134195769],[-122.79730939907,49.03133546855],[-122.80144077928,49.0313516914],[-122.80145980609,49.03691100325],[-122.80145299649,49.03857514767],[-122.80146537393,49.04236232297],[-122.80146533387,49.04581662933],[-122.80001477035,49.04582311848],[-122.79578629335,49.04581574809],[-122.79042185603,49.04583305247],[-122.78771227883,49.04584611087],[-122.78545750234,49.04584615092]]]]},"properties":{"a": "2.46343", "q": "01010", "t": "CT", "dw": "3700", "hh": "3558", "id": "9330181.05", "pop": "7472", "rgid": "59", "rpid": "59933", "ruid": "5915004", "rguid": "5915"}},{"type":"Feature","geometry":{"type":"MultiPolygon","coordinates":[[[[-122.75702504723,49.00223795652],[-122.75778127259,49.00221929022],[-122.75863491518,49.00303343717],[-122.76020080117,49.00435886441],[-122.76244856779,49.00598199104],[-122.76379903029,49.00681328215],[-122.76439923585,49.00712035475],[-122.76519091115,49.00741881521],[-122.76691037349,49.00815989924],[-122.76846468318,49.00898081573],[-122.77078491187,49.01010167477],[-122.77194490605,49.01062581317],[-122.77295452839,49.01113156567],[-122.77538455176,49.01205378487],[-122.77729620486,49.01265094614],[-122.77755597081,49.01270570328],[-122.77803320313,49.01299430986],[-122.77796426601,49.01310206166],[-122.77752612877,49.01310959227],[-122.77708959379,49.01302867828],[-122.77599725492,49.01256726826],[-122.77586034204,49.01267546068],[-122.77643334928,49.01297328024],[-122.77777183492,49.01337180167],[-122.7778243489,49.01388468421],[-122.77820468471,49.01445216366],[-122.77855950457,49.01461479277],[-122.77901049992,49.01468761536],[-122.77951649276,49.01467956402],[-122.77985817411,49.0145713716],[-122.78021543742,49.01436596222],[-122.78046114356,49.01438406773],[-122.78185470679,49.01478290961],[-122.78248203055,49.01502613226],[-122.78268671891,49.01527924884],[-122.78256306471,49.01542297132],[-122.78222030183,49.01558407828],[-122.78170024919,49.01570020187],[-122.78022128566,49.01596637686],[-122.77904422744,49.01634286725],[-122.77870194524,49.01642310028],[-122.77812805675,49.01630509404],[-122.77725418566,49.01585289699],[-122.77640807368,49.01558211552],[-122.7759158202,49.01550893242],[-122.77525965581,49.01548093297],[-122.77413899704,49.01531678172],[-122.77336054037,49.01508141013],[-122.77282638786,49.0151064454],[-122.77139008443,49.01532042685],[-122.77152611607,49.01541932618],[-122.77226475665,49.01544804664],[-122.77278416839,49.01534029484],[-122.77334583966,49.01531529963],[-122.77405571972,49.01542373239],[-122.77469762403,49.01562289296],[-122.77547708211,49.01564240045],[-122.77622906149,49.01571594405],[-122.77684368736,49.01586988092],[-122.77774467666,49.01639429971],[-122.77808579722,49.01651146477],[-122.77901542687,49.01649480129],[-122.77974124939,49.01636169377],[-122.7804672722,49.01613841923],[-122.78238357185,49.01580947582],[-122.78272569382,49.01565658042],[-122.78294600419,49.01542365228],[-122.78294692549,49.01519877547],[-122.78251075101,49.0147837508],[-122.78186904699,49.01444923954],[-122.77968428915,49.01381602748],[-122.77856515253,49.01333739319],[-122.77855181374,49.01322014802],[-122.77873046542,49.01308583881],[-122.77894925364,49.01306821398],[-122.77959175879,49.01314143713],[-122.78303408828,49.01402051556],[-122.78342948531,49.01415530545],[-122.78490500399,49.01450924408],[-122.78586123111,49.01484407578],[-122.7869132732,49.01513420451],[-122.78882889189,49.01581876891],[-122.78881819682,49.01643431608],[-122.78898334949,49.01664409161],[-122.78894365357,49.01678360816],[-122.77937016662,49.01676570293],[-122.77939824617,49.02590529862],[-122.779390315,49.02767739512],[-122.77940958214,49.02951258049],[-122.77940145069,49.0313566584],[-122.77939428059,49.03298479208],[-122.77940994265,49.03562058534],[-122.77941018299,49.03864312343],[-122.77945809048,49.03959125915],[-122.77935550596,49.04036871441],[-122.77744237077,49.03864284304],[-122.77208983021,49.03378980617],[-122.77015582562,49.03201642787],[-122.76939851875,49.0313638285],[-122.76669262674,49.0289037628],[-122.76561078265,49.02748812848],[-122.76488387861,49.02649965594],[-122.76439627167,49.02567148924],[-122.76385699195,49.0245588017],[-122.76312684333,49.02316732141],[-122.76049818011,49.01859728323],[-122.75998613876,49.01767378222],[-122.75950169629,49.01674070772],[-122.75903575988,49.01594046035],[-122.75829431535,49.01462136203],[-122.75794962976,49.01396748085],[-122.75769711403,49.01326849613],[-122.75775896116,49.00857376228],[-122.75790120154,49.0076551081],[-122.75796841623,49.00676012726],[-122.7582376355,49.00617550366],[-122.75827332578,49.00553363941],[-122.75781948642,49.0049679625],[-122.75786182607,49.0040595227],[-122.75775876087,49.0031532059],[-122.75702504723,49.00223795652]]]]},"properties":{"a": "3.74216", "q": "00000", "t": "CT", "dw": "2155", "hh": "2063", "id": "9330181.06", "pop": "4900", "rgid": "59", "rpid": "59933", "ruid": "5915004", "rguid": "5915"}},{"type":"Feature","geometry":{"type":"MultiPolygon","coordinates":[[[[-122.86779385626,49.04591160313],[-122.86779818235,49.04428346945],[-122.86781552678,49.04288914515],[-122.86780719505,49.03569268691],[-122.8678184509,49.03147382346],[-122.86781140097,49.02897302037],[-122.86792688366,49.02859773167],[-122.86780166726,49.02745275866],[-122.86776417444,49.02613554299],[-122.86779373609,49.02555840993],[-122.86788101905,49.02492023088],[-122.86820515569,49.02503391103],[-122.86962595728,49.02561989655],[-122.87069201913,49.02609817034],[-122.87250841804,49.02723369004],[-122.87346400425,49.02798134332],[-122.87368239191,49.02818847512],[-122.87447346636,49.02883618761],[-122.87516960707,49.02972836449],[-122.87537385481,49.03012440242],[-122.87549574653,49.03060127423],[-122.87565781485,49.03144698565],[-122.87614778511,49.03246401843],[-122.87636509125,49.03309398591],[-122.87673228855,49.03373216497],[-122.87716930421,49.03432720325],[-122.87781052755,49.03503852534],[-122.87812372879,49.03543404254],[-122.87880701138,49.03595709941],[-122.87995294575,49.03709986933],[-122.88045841785,49.0376680698],[-122.88074418043,49.03807223918],[-122.88086727384,49.03837013886],[-122.88092054889,49.03867516858],[-122.88171246453,49.03970225552],[-122.88239410481,49.04076451201],[-122.88243480214,49.04088147678],[-122.88326729495,49.04185384664],[-122.8836765515,49.04238495485],[-122.8840854876,49.04305105324],[-122.88426249697,49.04343807848],[-122.88452038027,49.0443289335],[-122.88452622851,49.04604715409],[-122.88439420251,49.04601655098],[-122.88347402618,49.04605115974],[-122.8825320191,49.04595458368],[-122.88203003191,49.04605853012],[-122.88106759605,49.04599808496],[-122.87820768707,49.04593207197],[-122.86779385626,49.04591160313]]]]},"properties":{"a": "1.80078", "q": "00000", "t": "CT", "dw": "1304", "hh": "1267", "id": "9330181.07", "pop": "3555", "rgid": "59", "rpid": "59933", "ruid": "5915004", "rguid": "5915"}},{"type":"Feature","geometry":{"type":"MultiPolygon","coordinates":[[[[-122.84565618912,49.0314012412],[-122.84572031947,49.03044080816],[-122.84566111607,49.02977310752],[-122.84570485769,49.02902160882],[-122.84565030083,49.02885553486],[-122.84568234597,49.0273443259],[-122.84577127125,49.02646893266],[-122.84573990706,49.02463847394],[-122.84987589377,49.02472295296],[-122.85287211479,49.02474554478],[-122.85486880769,49.02479281137],[-122.85690663855,49.02474069796],[-122.85832920263,49.02479653662],[-122.85988879976,49.02467240174],[-122.86064190071,49.02453889366],[-122.8622015379,49.02441463861],[-122.86533423118,49.02440971167],[-122.86615494739,49.02447380196],[-122.86727592661,49.02470901332],[-122.86788101905,49.02492023088],[-122.86779373609,49.02555840993],[-122.86776417444,49.02613554299],[-122.86780166726,49.02745275866],[-122.86792688366,49.02859773167],[-122.86781140097,49.02897302037],[-122.8678184509,49.03147382346],[-122.86235992103,49.03146741443],[-122.85687403261,49.03144277972],[-122.84941075849,49.03144193854],[-122.84565618912,49.0314012412]]]]},"properties":{"a": "1.22303", "q": "00000", "t": "CT", "dw": "961", "hh": "925", "id": "9330181.08", "pop": "2465", "rgid": "59", "rpid": "59933", "ruid": "5915004", "rguid": "5915"}},{"type":"Feature","geometry":{"type":"MultiPolygon","coordinates":[[[[-122.83469110171,49.04587803584],[-122.83463886813,49.04447618093],[-122.834699113,49.03940463624],[-122.83464647885,49.03867244474],[-122.83464936291,49.0378269336],[-122.83463133752,49.03498432899],[-122.8345835502,49.03203104847],[-122.83462961509,49.03137700706],[-122.84401447631,49.03139006546],[-122.84565618912,49.0314012412],[-122.84941075849,49.03144193854],[-122.85687403261,49.03144277972],[-122.86235992103,49.03146741443],[-122.8678184509,49.03147382346],[-122.86780719505,49.03569268691],[-122.86781552678,49.04288914515],[-122.86779818235,49.04428346945],[-122.86779385626,49.04591160313],[-122.86480869081,49.04588576673],[-122.86355516487,49.04593924207],[-122.86315476078,49.04590619551],[-122.86093951999,49.04588560651],[-122.85892027532,49.04591336561],[-122.85265004193,49.0458733893],[-122.85135870272,49.04589165503],[-122.84580291583,49.0458933374],[-122.84178533594,49.04590495376],[-122.83989114744,49.04588528606],[-122.83469110171,49.04587803584]]]]},"properties":{"a": "3.90092", "q": "00000", "t": "CT", "dw": "2261", "hh": "2211", "id": "9330181.09", "pop": "6298", "rgid": "59", "rpid": "59933", "ruid": "5915004", "rguid": "5915"}},{"type":"Feature","geometry":{"type":"MultiPolygon","coordinates":[[[[-122.84577119114,49.09572249578],[-122.84383430248,49.09599568064],[-122.8333602268,49.09661471272],[-122.81908123082,49.09750676944],[-122.81847217279,49.09751486083],[-122.817899486,49.0975956146],[-122.80139235106,49.09846716242],[-122.80137372482,49.09895296681],[-122.80136471212,49.10196637204],[-122.80132685879,49.10459303243],[-122.79013352984,49.10456423186],[-122.78830779778,49.10454272155],[-122.77924166559,49.10454392325],[-122.76993375277,49.10451203833],[-122.76812119928,49.10453515089],[-122.7675252397,49.10452790067],[-122.75693716342,49.10450807274],[-122.75640641571,49.10405475411],[-122.74110257595,49.10386200257],[-122.7383899144,49.10385583388],[-122.73804655068,49.10400800826],[-122.73771576468,49.10439407214],[-122.73702463102,49.10383876984],[-122.73525405667,49.10380135713],[-122.73467419978,49.10438714238],[-122.73389702491,49.10370165668],[-122.73312005032,49.10309127678],[-122.730944185,49.10248041622],[-122.72613424885,49.10022023211],[-122.72354219722,49.09928383293],[-122.72356579046,49.10014216213],[-122.72355137014,49.10153640631],[-122.72349489057,49.10432489468],[-122.71228810266,49.10427947069],[-122.70669738656,49.10435033052],[-122.70275074661,49.10433194461],[-122.70127242398,49.1043325054],[-122.69791881948,49.10443236609],[-122.69332831246,49.10460837404],[-122.69084337172,49.10468307929],[-122.69046664099,49.10471071822],[-122.68802159646,49.10471131907],[-122.68459661141,49.10468400058],[-122.68292810084,49.10468956843],[-122.67992282707,49.10467086207],[-122.67992442932,49.10055806805],[-122.67982689191,49.0988603964],[-122.67991970267,49.09696845106],[-122.67944531436,49.09536415095],[-122.6794446334,49.09521470041],[-122.67942468529,49.09337550939],[-122.67924791626,49.09275367336],[-122.67914605276,49.09156247522],[-122.67916612103,49.09058205403],[-122.679126345,49.08983163685],[-122.6790388217,49.08927148772],[-122.678785625,49.08798127009],[-122.67929177806,49.08599635378],[-122.67937870051,49.08477639512],[-122.67944507402,49.08425634248],[-122.67975218667,49.08185095382],[-122.67982925524,49.08116558829],[-122.67984263409,49.0806788626],[-122.67986418445,49.0778733903],[-122.67987123438,49.07490436759],[-122.69132404889,49.07483531031],[-122.69592761431,49.07481532215],[-122.70173667801,49.07487348409],[-122.71334815604,49.0748218914],[-122.71326724205,49.06034790072],[-122.72445560401,49.06035475037],[-122.7351823156,49.06037325644],[-122.74557183216,49.0603876367],[-122.75716588564,49.06041259185],[-122.76819862836,49.06045332924],[-122.77943734125,49.06036732809],[-122.77944619372,49.06146487429],[-122.77937220949,49.06579156966],[-122.77944122672,49.06625466205],[-122.77936391781,49.06768055082],[-122.77934553191,49.07492191231],[-122.79042273727,49.07492455604],[-122.79170129848,49.07494862995],[-122.79247663076,49.07492828128],[-122.79419104599,49.07431597868],[-122.79494839293,49.07381611448],[-122.79627950818,49.07302524032],[-122.79682563756,49.07274937168],[-122.79798551157,49.07202266791],[-122.79905770205,49.07123615989],[-122.80035152476,49.07071867086],[-122.80151123854,49.07058428154],[-122.80402205574,49.07019264981],[-122.80441877463,49.07010592764],[-122.80522863554,49.06982457127],[-122.80643433411,49.06913331745],[-122.80718707456,49.0689738528],[-122.8080105146,49.06902252136],[-122.80858464342,49.06908468894],[-122.80931278922,49.06928617279],[-122.8112479955,49.06939881147],[-122.81254770651,49.06934657788],[-122.81423728676,49.06931028676],[-122.81579031464,49.06930916518],[-122.81714049675,49.06940806451],[-122.81792211788,49.06949642899],[-122.81827433408,49.06980406238],[-122.81952894155,49.070979278],[-122.82007406951,49.0715171157],[-122.82045592747,49.07166059783],[-122.82121395536,49.07162731094],[-122.82165910248,49.07121476976],[-122.82271999705,49.06984536056],[-122.8232279927,49.06955579262],[-122.8237839359,49.06928805544],[-122.82446209128,49.06932254403],[-122.82529202046,49.06973252159],[-122.82670925704,49.06952803352],[-122.82766928952,49.07051870916],[-122.82988208686,49.07207442082],[-122.83178164292,49.07444407915],[-122.83446738655,49.07456144449],[-122.83661405073,49.0746474857],[-122.83694567792,49.07381282986],[-122.83638604953,49.07036997963],[-122.83689861161,49.06922376487],[-122.8392038592,49.06735176763],[-122.84186853315,49.06703504144],[-122.84846414492,49.06732681248],[-122.84924873023,49.06678789326],[-122.8527056002,49.06135600091],[-122.85453437655,49.06028308941],[-122.86487177969,49.05738184219],[-122.87041214485,49.05774170916],[-122.87060850147,49.06194218672],[-122.86733997684,49.06118524035],[-122.8669457815,49.06124836928],[-122.86641158894,49.06124736787],[-122.86624763797,49.06132868242],[-122.86624703713,49.06153561394],[-122.86608240519,49.06165229833],[-122.86553451334,49.0617866476],[-122.86501337917,49.06212784827],[-122.86410926547,49.06236069631],[-122.8635341753,49.06241397136],[-122.8630549001,49.06251239001],[-122.86253396622,49.0627365458],[-122.86227351931,49.06289821355],[-122.8617256675,49.06301457748],[-122.86149261919,49.06310422377],[-122.861204293,49.06342771951],[-122.86072201357,49.06456956812],[-122.86060965529,49.06558591994],[-122.86034676493,49.06630441214],[-122.86016855387,49.06664685456],[-122.85998898089,49.06722234531],[-122.85995989992,49.06782503436],[-122.86008199193,49.06806753599],[-122.86008127091,49.06840969803],[-122.85999859444,49.06858041853],[-122.85953169668,49.06897521472],[-122.85939466363,49.069209665],[-122.85915909176,49.07022577648],[-122.85915696877,49.07097250847],[-122.85937443513,49.07126868571],[-122.85933293667,49.07166536455],[-122.85905750865,49.07222270973],[-122.85906820372,49.07329321784],[-122.8589977044,49.07399476617],[-122.85906487904,49.07422785454],[-122.85909091572,49.07496641501],[-122.85960996695,49.07540775676],[-122.8597859749,49.07593814396],[-122.85986544686,49.0769459237],[-122.86034416126,49.07719859967],[-122.86038441798,49.07737817264],[-122.86069922147,49.07751372361],[-122.86069858056,49.0778288876],[-122.86113551611,49.07802648598],[-122.86113539594,49.07831517267],[-122.86147667673,49.07853988925],[-122.86151773457,49.07869334544],[-122.86137277035,49.07875026562],[-122.86599360009,49.08740902392],[-122.86617737899,49.08748749447],[-122.86617613724,49.08785605369],[-122.86609358094,49.08808113077],[-122.86618859479,49.08825177117],[-122.8661465756,49.08874690871],[-122.86648837712,49.08896317338],[-122.8663777012,49.08939482147],[-122.86637645945,49.08985354772],[-122.86659360536,49.09045615666],[-122.86681267398,49.09062771836],[-122.86741452186,49.09065451611],[-122.86759305337,49.0905921883],[-122.86764857158,49.09044870617],[-122.86763543307,49.08997107329],[-122.86803439512,49.08962162099],[-122.86833521892,49.08958536992],[-122.86895212801,49.08958669178],[-122.86937536425,49.0900007551],[-122.86975866424,49.0901723168],[-122.87012846521,49.09010954837],[-122.870129026,49.08967705909],[-122.87025356144,49.08947120909],[-122.87059660471,49.08921973482],[-122.87093872669,49.08924681296],[-122.87192423506,49.0895989891],[-122.87249948546,49.08959967006],[-122.87271827368,49.08952732815],[-122.87306039566,49.08985214574],[-122.87345655376,49.09016714952],[-122.87445431939,49.09084250094],[-122.87537241278,49.09093406994],[-122.87646803628,49.09095329703],[-122.87906974151,49.09124386637],[-122.88148009718,49.09139936544],[-122.88779335117,49.0917108843],[-122.88975195041,49.09190227393],[-122.89041368264,49.09189818817],[-122.89050304854,49.09235166702],[-122.89117547584,49.09298856427],[-122.89114262957,49.09338348062],[-122.89039189194,49.09344953368],[-122.88883029199,49.09350204766],[-122.8848164774,49.09369604095],[-122.88378911007,49.09369499949],[-122.88296759273,49.09356830099],[-122.8818991275,49.09358520481],[-122.87722762637,49.09382309995],[-122.87536456172,49.09388414595],[-122.87359731205,49.09399914796],[-122.87219934262,49.09431242931],[-122.87111713803,49.09436522368],[-122.86887013249,49.09456061895],[-122.86836349876,49.09448807676],[-122.86767873407,49.09443331962],[-122.86222609249,49.09475973947],[-122.86007526244,49.09485611524],[-122.85899261723,49.09502567411],[-122.85871835085,49.09515129108],[-122.85807196023,49.09520032015],[-122.85746466468,49.09490602556],[-122.85093666816,49.0952900065],[-122.84577119114,49.09572249578]]],[[[-122.8903944155,49.08826394832],[-122.8903956973,49.0893336553],[-122.89012775984,49.08922197798],[-122.88977177834,49.0891586087],[-122.88955286995,49.0890414837],[-122.88955323045,49.08877130307],[-122.88971818283,49.0886188483],[-122.8903944155,49.08826394832]]]]},"properties":{"a": "52.02043", "q": "01010", "t": "CT", "dw": "1053", "hh": "960", "id": "9330182.01", "pop": "3141", "rgid": "59", "rpid": "59933", "ruid": "5915004", "rguid": "5915"}},{"type":"Feature","geometry":{"type":"MultiPolygon","coordinates":[[[[-122.7568249253,49.11906245668],[-122.75685068159,49.11658881186],[-122.75684363166,49.11431456795],[-122.75686578286,49.11350342522],[-122.75687467539,49.1116772926],[-122.75693716342,49.10450807274],[-122.7675252397,49.10452790067],[-122.76812119928,49.10453515089],[-122.76993375277,49.10451203833],[-122.77924166559,49.10454392325],[-122.77928849155,49.10975230071],[-122.77928120128,49.11022460609],[-122.77982116197,49.11061263273],[-122.77989626778,49.11139970154],[-122.77963485951,49.11166002828],[-122.77949474212,49.11191622921],[-122.77916315498,49.11233610072],[-122.77909457837,49.11915222315],[-122.77334948479,49.11912903047],[-122.76778728887,49.11912322229],[-122.76471211663,49.11908384682],[-122.7568249253,49.11906245668]]]]},"properties":{"a": "2.65043", "q": "00000", "t": "CT", "dw": "924", "hh": "881", "id": "9330182.02", "pop": "3059", "rgid": "59", "rpid": "59933", "ruid": "5915004", "rguid": "5915"}},{"type":"Feature","geometry":{"type":"MultiPolygon","coordinates":[[[[-122.79024765061,49.15223118417],[-122.79024332452,49.1504084964],[-122.79026303228,49.14858805179],[-122.77908732816,49.14854927716],[-122.77903974112,49.14537140023],[-122.77914649151,49.14417920068],[-122.77910150813,49.14345053415],[-122.77911969376,49.14125403977],[-122.77910787711,49.14001837899],[-122.77924086446,49.13418792516],[-122.77933872232,49.12989651951],[-122.77912494115,49.1260918796],[-122.77901017947,49.11972631191],[-122.77909457837,49.11915222315],[-122.77916315498,49.11233610072],[-122.77949474212,49.11191622921],[-122.77963485951,49.11166002828],[-122.77989626778,49.11139970154],[-122.77982116197,49.11061263273],[-122.77928120128,49.11022460609],[-122.77928849155,49.10975230071],[-122.77924166559,49.10454392325],[-122.78830779778,49.10454272155],[-122.79013352984,49.10456423186],[-122.80132685879,49.10459303243],[-122.8012686568,49.1064913868],[-122.80119599443,49.11676361812],[-122.80120176256,49.11874256603],[-122.8011393947,49.11898042111],[-122.80119987991,49.11923734306],[-122.80119935917,49.12278157611],[-122.80118718202,49.12373279617],[-122.80121125593,49.12666765074],[-122.80129144891,49.13403498971],[-122.80139888026,49.14145640486],[-122.80141009606,49.14309471288],[-122.80148556237,49.14527486423],[-122.80150743318,49.14846551917],[-122.80149177112,49.14884461323],[-122.80149990257,49.15049549897],[-122.80147915334,49.15225109221],[-122.79989404027,49.15227116048],[-122.79869935722,49.15225181323],[-122.79545598802,49.15223975624],[-122.79361014763,49.15218832378],[-122.79214199934,49.15222862055],[-122.79024765061,49.15223118417]]]]},"properties":{"a": "8.22916", "q": "00000", "t": "CT", "dw": "1105", "hh": "1060", "id": "9330182.03", "pop": "3597", "rgid": "59", "rpid": "59933", "ruid": "5915004", "rguid": "5915"}},{"type":"Feature","geometry":{"type":"MultiPolygon","coordinates":[[[[-122.75683570048,49.14487934704],[-122.75687643787,49.14111800813],[-122.7568570105,49.13382962039],[-122.76777270833,49.13419954153],[-122.77924086446,49.13418792516],[-122.77910787711,49.14001837899],[-122.77911969376,49.14125403977],[-122.77910150813,49.14345053415],[-122.77914649151,49.14417920068],[-122.77903974112,49.14537140023],[-122.77908732816,49.14854927716],[-122.77539921241,49.14855580636],[-122.77010110854,49.14850745825],[-122.76787040597,49.14850922073],[-122.76781316533,49.14584735074],[-122.76781857295,49.14494692223],[-122.76435477321,49.14488094929],[-122.76206546808,49.1448763428],[-122.76069481713,49.14486016001],[-122.75812467637,49.1448461002],[-122.75683570048,49.14487934704]]]]},"properties":{"a": "2.28118", "q": "00000", "t": "CT", "dw": "457", "hh": "451", "id": "9330182.04", "pop": "1496", "rgid": "59", "rpid": "59933", "ruid": "5915004", "rguid": "5915"}},{"type":"Feature","geometry":{"type":"MultiPolygon","coordinates":[[[[-122.73445933708,49.17031397887],[-122.73212713151,49.170317624],[-122.71237170043,49.17036905646],[-122.71235511707,49.16613216761],[-122.71233196445,49.16301077025],[-122.71232423356,49.15539412005],[-122.71224287895,49.15428451686],[-122.7123378928,49.15365302723],[-122.71220558641,49.15365346785],[-122.71208882192,49.148185725],[-122.71213765071,49.14076823538],[-122.71217758697,49.13521457148],[-122.71217294042,49.13364932639],[-122.71771170333,49.133573099],[-122.7233424358,49.13344976525],[-122.72460269122,49.13372118763],[-122.72838169501,49.13571431551],[-122.73350823719,49.13791044938],[-122.73471177271,49.13844392093],[-122.73469506918,49.13076326056],[-122.73467239724,49.1253911324],[-122.73470388159,49.1233287069],[-122.73469106353,49.12177535857],[-122.73469250556,49.11895077935],[-122.7378021664,49.11900205159],[-122.74166789236,49.11898458698],[-122.74569704856,49.11899351957],[-122.7568249253,49.11906245668],[-122.76471211663,49.11908384682],[-122.76778728887,49.11912322229],[-122.77334948479,49.11912903047],[-122.77909457837,49.11915222315],[-122.77901017947,49.11972631191],[-122.77912494115,49.1260918796],[-122.77933872232,49.12989651951],[-122.77924086446,49.13418792516],[-122.76777270833,49.13419954153],[-122.7568570105,49.13382962039],[-122.75687643787,49.14111800813],[-122.75683570048,49.14487934704],[-122.75683602093,49.14761391945],[-122.75678855406,49.14798644426],[-122.75642796607,49.14831670953],[-122.75687054958,49.14896338055],[-122.75684527397,49.15237050043],[-122.7568828469,49.15349035807],[-122.75686882715,49.15487238504],[-122.75687860092,49.15573692299],[-122.75688324747,49.15758096083],[-122.75688364803,49.16310414179],[-122.75686161699,49.1703727016],[-122.75687864098,49.17531979096],[-122.7569345197,49.17585742838],[-122.7568669445,49.1773176455],[-122.7456319168,49.1772746249],[-122.74540259374,49.17725996424],[-122.74128258955,49.17725587849],[-122.74128291,49.17571026105],[-122.74111759711,49.17033088268],[-122.73642995325,49.17034538311],[-122.73445933708,49.17031397887]]]]},"properties":{"a": "19.3187", "q": "00010", "t": "CT", "dw": "1526", "hh": "1475", "id": "9330182.05", "pop": "4723", "rgid": "59", "rpid": "59933", "ruid": "5915004", "rguid": "5915"}},{"type":"Feature","geometry":{"type":"MultiPolygon","coordinates":[[[[-122.67882932656,49.18748689175],[-122.67854492591,49.18595365175],[-122.67855858515,49.18263465601],[-122.67851644578,49.18225884657],[-122.67815012972,49.17724738652],[-122.67807758753,49.17613337713],[-122.67801153447,49.17429699006],[-122.67790882978,49.17090673393],[-122.67797544363,49.16683551848],[-122.67810029952,49.16562713613],[-122.67843481078,49.16304610002],[-122.67868023653,49.15945876625],[-122.67869830198,49.15760619638],[-122.67873106814,49.15584275208],[-122.67870130621,49.1540885608],[-122.67882191612,49.15298412489],[-122.67850615128,49.14854386955],[-122.69025173824,49.14840992084],[-122.70130979663,49.14830224916],[-122.71208882192,49.148185725],[-122.71220558641,49.15365346785],[-122.7123378928,49.15365302723],[-122.71224287895,49.15428451686],[-122.71232423356,49.15539412005],[-122.71233196445,49.16301077025],[-122.71235511707,49.16613216761],[-122.71237170043,49.17036905646],[-122.71238580029,49.17503771358],[-122.71235952328,49.1758921573],[-122.71645809727,49.17694083466],[-122.71676236592,49.17745928504],[-122.71676296677,49.18122126485],[-122.71672739666,49.18359404758],[-122.7167784686,49.18409571432],[-122.71828667334,49.18582963704],[-122.71180057584,49.18406987792],[-122.70358888737,49.18334770053],[-122.69489271637,49.18376929447],[-122.68393147437,49.18586108134],[-122.67882932656,49.18748689175]]]]},"properties":{"a": "10.26058", "q": "01010", "t": "CT", "dw": "438", "hh": "414", "id": "9330182.06", "pop": "1212", "rgid": "59", "rpid": "59933", "ruid": "5915004", "rguid": "5915"}},{"type":"Feature","geometry":{"type":"MultiPolygon","coordinates":[[[[-122.73469250556,49.11895077935],[-122.7346815301,49.11585629991],[-122.73467700372,49.11066354445],[-122.73468673744,49.1097304299],[-122.73463947085,49.109096617],[-122.73467744435,49.10892076926],[-122.73468233123,49.10800331677],[-122.73467419978,49.10438714238],[-122.73525405667,49.10380135713],[-122.73702463102,49.10383876984],[-122.73771576468,49.10439407214],[-122.73804655068,49.10400800826],[-122.7383899144,49.10385583388],[-122.74110257595,49.10386200257],[-122.75640641571,49.10405475411],[-122.75693716342,49.10450807274],[-122.75687467539,49.1116772926],[-122.75686578286,49.11350342522],[-122.75684363166,49.11431456795],[-122.75685068159,49.11658881186],[-122.7568249253,49.11906245668],[-122.74569704856,49.11899351957],[-122.74166789236,49.11898458698],[-122.7378021664,49.11900205159],[-122.73469250556,49.11895077935]]]]},"properties":{"a": "2.71338", "q": "00000", "t": "CT", "dw": "2015", "hh": "1939", "id": "9330183.01", "pop": "5948", "rgid": "59", "rpid": "59933", "ruid": "5915004", "rguid": "5915"}},{"type":"Feature","geometry":{"type":"MultiPolygon","coordinates":[[[[-122.71220362365,49.11885192008],[-122.71219889699,49.11738076755],[-122.71224195765,49.11698997701],[-122.71224315934,49.11441727264],[-122.71229755598,49.11253722406],[-122.71225958248,49.11157474814],[-122.71229351028,49.10570079302],[-122.71228810266,49.10427947069],[-122.72349489057,49.10432489468],[-122.72355137014,49.10153640631],[-122.72356579046,49.10014216213],[-122.72354219722,49.09928383293],[-122.72613424885,49.10022023211],[-122.730944185,49.10248041622],[-122.73312005032,49.10309127678],[-122.73389702491,49.10370165668],[-122.73467419978,49.10438714238],[-122.73468233123,49.10800331677],[-122.73467744435,49.10892076926],[-122.73463947085,49.109096617],[-122.73468673744,49.1097304299],[-122.73467700372,49.11066354445],[-122.7346815301,49.11585629991],[-122.73469250556,49.11895077935],[-122.72610865279,49.11892033647],[-122.72331792126,49.11888809104],[-122.71945335694,49.11886982531],[-122.71904205751,49.11888028004],[-122.7184293944,49.11883293334],[-122.71220362365,49.11885192008]]]]},"properties":{"a": "2.90113", "q": "01010", "t": "CT", "dw": "2303", "hh": "2218", "id": "9330183.03", "pop": "5755", "rgid": "59", "rpid": "59933", "ruid": "5915004", "rguid": "5915"}},{"type":"Feature","geometry":{"type":"MultiPolygon","coordinates":[[[[-122.67850615128,49.14854386955],[-122.67848548216,49.14486797101],[-122.67863785682,49.14115958671],[-122.67883849949,49.13396304836],[-122.67956035643,49.12652268652],[-122.67973536297,49.11919820793],[-122.6856832222,49.11922356365],[-122.69058484752,49.11926970866],[-122.6909300939,49.11924643587],[-122.69285865081,49.12017955042],[-122.7012367337,49.12396047692],[-122.70617144563,49.12620399755],[-122.71049986342,49.12818807268],[-122.71218708034,49.12883686669],[-122.71953967855,49.13176615341],[-122.72183218819,49.13216183084],[-122.72339006289,49.13302913268],[-122.72460269122,49.13372118763],[-122.7233424358,49.13344976525],[-122.71771170333,49.133573099],[-122.71217294042,49.13364932639],[-122.71217758697,49.13521457148],[-122.71213765071,49.14076823538],[-122.71208882192,49.148185725],[-122.70130979663,49.14830224916],[-122.69025173824,49.14840992084],[-122.67850615128,49.14854386955]]]]},"properties":{"a": "7.22939", "q": "00010", "t": "CT", "dw": "1499", "hh": "1415", "id": "9330183.04", "pop": "4132", "rgid": "59", "rpid": "59933", "ruid": "5915004", "rguid": "5915"}},{"type":"Feature","geometry":{"type":"MultiPolygon","coordinates":[[[[-122.72460269122,49.13372118763],[-122.72339006289,49.13302913268],[-122.72183218819,49.13216183084],[-122.71953967855,49.13176615341],[-122.71218708034,49.12883686669],[-122.71049986342,49.12818807268],[-122.70617144563,49.12620399755],[-122.7012367337,49.12396047692],[-122.69285865081,49.12017955042],[-122.6909300939,49.11924643587],[-122.69302584635,49.119264982],[-122.69548202657,49.11918687196],[-122.6992633937,49.11911893625],[-122.70118401944,49.11905781014],[-122.70652121838,49.11894348908],[-122.71220362365,49.11885192008],[-122.7184293944,49.11883293334],[-122.71904205751,49.11888028004],[-122.71945335694,49.11886982531],[-122.72331792126,49.11888809104],[-122.72610865279,49.11892033647],[-122.73469250556,49.11895077935],[-122.73469106353,49.12177535857],[-122.73470388159,49.1233287069],[-122.73467239724,49.1253911324],[-122.73469506918,49.13076326056],[-122.73471177271,49.13844392093],[-122.73350823719,49.13791044938],[-122.72838169501,49.13571431551],[-122.72460269122,49.13372118763]]]]},"properties":{"a": "3.52827", "q": "00000", "t": "CT", "dw": "2361", "hh": "2316", "id": "9330183.05", "pop": "7038", "rgid": "59", "rpid": "59933", "ruid": "5915004", "rguid": "5915"}},{"type":"Feature","geometry":{"type":"MultiPolygon","coordinates":[[[[-122.67973536297,49.11919820793],[-122.67972755197,49.11827162257],[-122.67952174203,49.11405219833],[-122.67974417538,49.11144416418],[-122.67979084113,49.10794207049],[-122.67992282707,49.10467086207],[-122.68292810084,49.10468956843],[-122.68459661141,49.10468400058],[-122.68802159646,49.10471131907],[-122.69046664099,49.10471071822],[-122.69084337172,49.10468307929],[-122.69078500951,49.10595959762],[-122.6907637796,49.10830297893],[-122.69068915447,49.11054589872],[-122.6906784594,49.11148281863],[-122.69068150369,49.11321009198],[-122.69066792456,49.11539597141],[-122.69067453387,49.11792781823],[-122.69054815583,49.11908228462],[-122.69058484752,49.11926970866],[-122.6856832222,49.11922356365],[-122.67973536297,49.11919820793]]]]},"properties":{"a": "1.29643", "q": "00000", "t": "CT", "dw": "962", "hh": "922", "id": "9330183.06", "pop": "2237", "rgid": "59", "rpid": "59933", "ruid": "5915004", "rguid": "5915"}},{"type":"Feature","geometry":{"type":"MultiPolygon","coordinates":[[[[-122.6909300939,49.11924643587],[-122.69058484752,49.11926970866],[-122.69054815583,49.11908228462],[-122.69067453387,49.11792781823],[-122.69066792456,49.11539597141],[-122.69068150369,49.11321009198],[-122.6906784594,49.11148281863],[-122.69068915447,49.11054589872],[-122.6907637796,49.10830297893],[-122.69078500951,49.10595959762],[-122.69084337172,49.10468307929],[-122.69332831246,49.10460837404],[-122.69791881948,49.10443236609],[-122.70127242398,49.1043325054],[-122.70275074661,49.10433194461],[-122.70669738656,49.10435033052],[-122.71228810266,49.10427947069],[-122.71229351028,49.10570079302],[-122.71225958248,49.11157474814],[-122.71229755598,49.11253722406],[-122.71224315934,49.11441727264],[-122.71224195765,49.11698997701],[-122.71219889699,49.11738076755],[-122.71220362365,49.11885192008],[-122.70652121838,49.11894348908],[-122.70118401944,49.11905781014],[-122.6992633937,49.11911893625],[-122.69548202657,49.11918687196],[-122.69302584635,49.119264982],[-122.6909300939,49.11924643587]]]]},"properties":{"a": "2.56325", "q": "00000", "t": "CT", "dw": "2193", "hh": "2143", "id": "9330183.07", "pop": "6555", "rgid": "59", "rpid": "59933", "ruid": "5915004", "rguid": "5915"}},{"type":"Feature","geometry":{"type":"MultiPolygon","coordinates":[[[[-122.82351095133,49.11924667621],[-122.81796065217,49.11925608947],[-122.81242393214,49.11925616958],[-122.81080076546,49.11924891937],[-122.80119987991,49.11923734306],[-122.8011393947,49.11898042111],[-122.80120176256,49.11874256603],[-122.80119599443,49.11676361812],[-122.8012686568,49.1064913868],[-122.80132685879,49.10459303243],[-122.80136471212,49.10196637204],[-122.80137372482,49.09895296681],[-122.80139235106,49.09846716242],[-122.817899486,49.0975956146],[-122.81847217279,49.09751486083],[-122.81908123082,49.09750676944],[-122.8333602268,49.09661471272],[-122.84383430248,49.09599568064],[-122.84577119114,49.09572249578],[-122.84583207691,49.09617252978],[-122.84571363004,49.10317595608],[-122.84570117249,49.10526353702],[-122.84570461735,49.10684660722],[-122.84567789971,49.10834896372],[-122.84563087346,49.10978278365],[-122.84564477304,49.11023165602],[-122.84567305288,49.11277972569],[-122.8456308334,49.11469971053],[-122.84564192903,49.11553620897],[-122.84562254172,49.11736234159],[-122.84561693382,49.11917040876],[-122.84477907346,49.11916860623],[-122.83999797794,49.11918971596],[-122.82351095133,49.11924667621]]]]},"properties":{"a": "7.94315", "q": "00000", "t": "CT", "dw": "2834", "hh": "2692", "id": "9330184.01", "pop": "8072", "rgid": "59", "rpid": "59933", "ruid": "5915004", "rguid": "5915"}},{"type":"Feature","geometry":{"type":"MultiPolygon","coordinates":[[[[-122.83475403037,49.16306196236],[-122.8347664078,49.16042837221],[-122.83468517336,49.15848615605],[-122.83473227973,49.15542820807],[-122.83473360159,49.15463360866],[-122.83482220641,49.15353229715],[-122.83473824813,49.1513138919],[-122.83476953221,49.15016351127],[-122.83473047719,49.14954179541],[-122.83472354742,49.14749090615],[-122.83472919538,49.14579071095],[-122.83471894093,49.14475625362],[-122.83472450878,49.14306515123],[-122.83470271808,49.14138298142],[-122.83467275587,49.13389875779],[-122.83557434601,49.13386979699],[-122.83694047058,49.13390809094],[-122.83874441194,49.13385950248],[-122.84308312424,49.13384720516],[-122.84558520913,49.13383286496],[-122.8455800819,49.1354610387],[-122.84560247345,49.13636675465],[-122.84557547542,49.13691825159],[-122.84559834764,49.13746474148],[-122.84557603621,49.14116415314],[-122.84559217895,49.1448252308],[-122.84558645088,49.1466693087],[-122.84559446216,49.14849540126],[-122.84558236512,49.15043709669],[-122.84557163,49.15584459467],[-122.84562342296,49.15664676475],[-122.84559025624,49.16306793077],[-122.84477478742,49.16307518099],[-122.84166724958,49.16306256321],[-122.83760720987,49.16305695531],[-122.83475403037,49.16306196236]]]]},"properties":{"a": "2.57424", "q": "01010", "t": "CT", "dw": "2897", "hh": "2742", "id": "9330184.02", "pop": "6967", "rgid": "59", "rpid": "59933", "ruid": "5915004", "rguid": "5915"}},{"type":"Feature","geometry":{"type":"MultiPolygon","coordinates":[[[[-122.82349232509,49.16310818748],[-122.82346240293,49.16035174426],[-122.82349701169,49.15811731644],[-122.82350029632,49.1555423689],[-122.82351740041,49.15337892108],[-122.82355761707,49.1525154246],[-122.82351523737,49.15111284868],[-122.82353534569,49.15025856518],[-122.82351840182,49.14835348133],[-122.82350093722,49.1466964269],[-122.82350714597,49.14347232485],[-122.82352252764,49.14276913421],[-122.82348751832,49.14133038733],[-122.82354183483,49.1387580034],[-122.82350982975,49.13503363658],[-122.82351367517,49.13394518319],[-122.8289971602,49.13394442212],[-122.83035435218,49.1339374523],[-122.83467275587,49.13389875779],[-122.83470271808,49.14138298142],[-122.83472450878,49.14306515123],[-122.83471894093,49.14475625362],[-122.83472919538,49.14579071095],[-122.83472354742,49.14749090615],[-122.83473047719,49.14954179541],[-122.83476953221,49.15016351127],[-122.83473824813,49.1513138919],[-122.83482220641,49.15353229715],[-122.83473360159,49.15463360866],[-122.83473227973,49.15542820807],[-122.83468517336,49.15848615605],[-122.8347664078,49.16042837221],[-122.83475403037,49.16306196236],[-122.83350583193,49.16306007971],[-122.82768198741,49.16310910878],[-122.82349232509,49.16310818748]]]]},"properties":{"a": "2.65327", "q": "01010", "t": "CT", "dw": "2421", "hh": "2250", "id": "9330184.05", "pop": "7883", "rgid": "59", "rpid": "59933", "ruid": "5915004", "rguid": "5915"}},{"type":"Feature","geometry":{"type":"MultiPolygon","coordinates":[[[[-122.80129144891,49.13403498971],[-122.80121125593,49.12666765074],[-122.80118718202,49.12373279617],[-122.80119935917,49.12278157611],[-122.80119987991,49.11923734306],[-122.81080076546,49.11924891937],[-122.81242393214,49.11925616958],[-122.81796065217,49.11925608947],[-122.82351095133,49.11924667621],[-122.82356366559,49.12136698326],[-122.8235254117,49.12291684668],[-122.82353518547,49.12403225805],[-122.82350598433,49.12436048044],[-122.82357239789,49.12466803372],[-122.82356102187,49.12564076408],[-122.82351323454,49.12652372798],[-122.82354728251,49.127594877],[-122.82356430649,49.12884756176],[-122.82355397193,49.13140985146],[-122.82351367517,49.13394518319],[-122.81929769577,49.13392579588],[-122.81236897472,49.13392952113],[-122.80806378965,49.13399252989],[-122.80129144891,49.13403498971]]]]},"properties":{"a": "2.66529", "q": "00000", "t": "CT", "dw": "1046", "hh": "997", "id": "9330184.06", "pop": "3682", "rgid": "59", "rpid": "59933", "ruid": "5915004", "rguid": "5915"}},{"type":"Feature","geometry":{"type":"MultiPolygon","coordinates":[[[[-122.83467275587,49.13389875779],[-122.83035435218,49.1339374523],[-122.8289971602,49.13394442212],[-122.82351367517,49.13394518319],[-122.82355397193,49.13140985146],[-122.82356430649,49.12884756176],[-122.82354728251,49.127594877],[-122.82351323454,49.12652372798],[-122.82896779883,49.12652320725],[-122.83394841543,49.12648567437],[-122.83851108323,49.12649608905],[-122.83920409954,49.12659302561],[-122.83964632254,49.12660376073],[-122.84279780228,49.12656983293],[-122.8430781973,49.12650414039],[-122.84560852197,49.1265468806],[-122.84558520913,49.13383286496],[-122.84308312424,49.13384720516],[-122.83874441194,49.13385950248],[-122.83694047058,49.13390809094],[-122.83557434601,49.13386979699],[-122.83467275587,49.13389875779]]]]},"properties":{"a": "1.3197", "q": "00010", "t": "CT", "dw": "1849", "hh": "1773", "id": "9330184.07", "pop": "5044", "rgid": "59", "rpid": "59933", "ruid": "5915004", "rguid": "5915"}},{"type":"Feature","geometry":{"type":"MultiPolygon","coordinates":[[[[-122.82351323454,49.12652372798],[-122.82356102187,49.12564076408],[-122.82357239789,49.12466803372],[-122.82350598433,49.12436048044],[-122.82353518547,49.12403225805],[-122.8235254117,49.12291684668],[-122.82356366559,49.12136698326],[-122.82351095133,49.11924667621],[-122.83999797794,49.11918971596],[-122.84477907346,49.11916860623],[-122.84561693382,49.11917040876],[-122.84559590419,49.12133177366],[-122.84562758883,49.12338246263],[-122.84561853608,49.12439865422],[-122.84558320631,49.12506058674],[-122.84560852197,49.1265468806],[-122.8430781973,49.12650414039],[-122.84279780228,49.12656983293],[-122.83964632254,49.12660376073],[-122.83920409954,49.12659302561],[-122.83851108323,49.12649608905],[-122.83394841543,49.12648567437],[-122.82896779883,49.12652320725],[-122.82351323454,49.12652372798]]]]},"properties":{"a": "1.31048", "q": "00010", "t": "CT", "dw": "1223", "hh": "1156", "id": "9330184.08", "pop": "3807", "rgid": "59", "rpid": "59933", "ruid": "5915004", "rguid": "5915"}},{"type":"Feature","geometry":{"type":"MultiPolygon","coordinates":[[[[-122.80151808819,49.16311748058],[-122.80151840864,49.15958234034],[-122.80150575081,49.15590315717],[-122.8042211362,49.15590780372],[-122.81261476098,49.15587680004],[-122.81514756915,49.15584683783],[-122.81781284394,49.15583642316],[-122.82350029632,49.1555423689],[-122.82349701169,49.15811731644],[-122.82346240293,49.16035174426],[-122.82349232509,49.16310818748],[-122.8202194343,49.16309324644],[-122.81806051285,49.16310870822],[-122.81557497127,49.16310121767],[-122.81257382331,49.16310898861],[-122.80700477774,49.16310878833],[-122.80151808819,49.16311748058]]]]},"properties":{"a": "1.29655", "q": "01010", "t": "CT", "dw": "1378", "hh": "1285", "id": "9330184.09", "pop": "4425", "rgid": "59", "rpid": "59933", "ruid": "5915004", "rguid": "5915"}},{"type":"Feature","geometry":{"type":"MultiPolygon","coordinates":[[[[-122.80150575081,49.15590315717],[-122.80149677817,49.15326215658],[-122.80147915334,49.15225109221],[-122.80149990257,49.15049549897],[-122.80149177112,49.14884461323],[-122.80150743318,49.14846551917],[-122.80804127794,49.14825710556],[-122.81250476602,49.1482716861],[-122.81560741698,49.1484180523],[-122.81771482585,49.14828802912],[-122.8221205125,49.14831911291],[-122.82351840182,49.14835348133],[-122.82353534569,49.15025856518],[-122.82351523737,49.15111284868],[-122.82355761707,49.1525154246],[-122.82351740041,49.15337892108],[-122.82350029632,49.1555423689],[-122.81781284394,49.15583642316],[-122.81514756915,49.15584683783],[-122.81261476098,49.15587680004],[-122.8042211362,49.15590780372],[-122.80150575081,49.15590315717]]]]},"properties":{"a": "1.3414", "q": "00010", "t": "CT", "dw": "1390", "hh": "1254", "id": "9330184.10", "pop": "4678", "rgid": "59", "rpid": "59933", "ruid": "5915004", "rguid": "5915"}},{"type":"Feature","geometry":{"type":"MultiPolygon","coordinates":[[[[-122.80150743318,49.14846551917],[-122.80148556237,49.14527486423],[-122.80141009606,49.14309471288],[-122.80139888026,49.14145640486],[-122.80129144891,49.13403498971],[-122.80806378965,49.13399252989],[-122.81236897472,49.13392952113],[-122.81929769577,49.13392579588],[-122.82351367517,49.13394518319],[-122.82350982975,49.13503363658],[-122.82354183483,49.1387580034],[-122.82348751832,49.14133038733],[-122.82352252764,49.14276913421],[-122.82350714597,49.14347232485],[-122.82350093722,49.1466964269],[-122.82351840182,49.14835348133],[-122.8221205125,49.14831911291],[-122.81771482585,49.14828802912],[-122.81560741698,49.1484180523],[-122.81250476602,49.1482716861],[-122.80804127794,49.14825710556],[-122.80150743318,49.14846551917]]]]},"properties":{"a": "2.57746", "q": "01010", "t": "CT", "dw": "2167", "hh": "1954", "id": "9330184.11", "pop": "7217", "rgid": "59", "rpid": "59933", "ruid": "5915004", "rguid": "5915"}},{"type":"Feature","geometry":{"type":"MultiPolygon","coordinates":[[[[-122.84558520913,49.13383286496],[-122.84560852197,49.1265468806],[-122.84710499017,49.12657099457],[-122.84849959486,49.12655981883],[-122.84995256177,49.12657027356],[-122.85438700894,49.12664485863],[-122.85690195194,49.12666909277],[-122.8596274716,49.12671407614],[-122.8637727514,49.12674768349],[-122.86593748103,49.12679242652],[-122.86679805339,49.12677912779],[-122.86811350657,49.1267904237],[-122.86810489444,49.12999449754],[-122.86812079684,49.13247014518],[-122.86812163803,49.13417578806],[-122.85939069804,49.13404360184],[-122.85692165971,49.13400943371],[-122.85357702785,49.13395119165],[-122.84877902852,49.13388209431],[-122.84766634099,49.13388233465],[-122.84558520913,49.13383286496]]]]},"properties":{"a": "1.34059", "q": "01010", "t": "CT", "dw": "1803", "hh": "1688", "id": "9330185.05", "pop": "5419", "rgid": "59", "rpid": "59933", "ruid": "5915004", "rguid": "5915"}},{"type":"Feature","geometry":{"type":"MultiPolygon","coordinates":[[[[-122.86809223661,49.1193241854],[-122.86808462589,49.11851861052],[-122.86810417342,49.11656041185],[-122.86808110092,49.11561147501],[-122.86803872122,49.10846664951],[-122.86799025294,49.10739986665],[-122.86803511614,49.10467054162],[-122.86923352443,49.10474184207],[-122.87477597253,49.10463308886],[-122.87510900169,49.10466092808],[-122.87669599742,49.10461141833],[-122.87741761402,49.10455569984],[-122.87925688516,49.1042870013],[-122.88232697023,49.10380440142],[-122.88197487421,49.10484594873],[-122.88401358631,49.10481073913],[-122.88435626907,49.10512245827],[-122.88530472524,49.10513687859],[-122.89032515793,49.1051076374],[-122.89035780392,49.10668137445],[-122.8903346513,49.1070327094],[-122.89033124651,49.1085799291],[-122.89036705696,49.11215332323],[-122.8903427427,49.11367907267],[-122.89032880307,49.11587520655],[-122.89034819038,49.11955434965],[-122.88769933873,49.11954185205],[-122.88593529357,49.11951409294],[-122.87912421826,49.11950728335],[-122.87606034192,49.11944347345],[-122.87361489683,49.11942036089],[-122.86809223661,49.1193241854]]]]},"properties":{"a": "2.67045", "q": "00010", "t": "CT", "dw": "2535", "hh": "2425", "id": "9330185.06", "pop": "7694", "rgid": "59", "rpid": "59933", "ruid": "5915004", "rguid": "5915"}},{"type":"Feature","geometry":{"type":"MultiPolygon","coordinates":[[[[-122.84561693382,49.11917040876],[-122.84562254172,49.11736234159],[-122.84564192903,49.11553620897],[-122.8456308334,49.11469971053],[-122.84567305288,49.11277972569],[-122.84564477304,49.11023165602],[-122.84563087346,49.10978278365],[-122.84567789971,49.10834896372],[-122.84570461735,49.10684660722],[-122.84570117249,49.10526353702],[-122.84985350222,49.10467034134],[-122.8554989354,49.10468247844],[-122.85691012346,49.10471123896],[-122.86017708589,49.10474893206],[-122.86155118169,49.10489966441],[-122.8632669989,49.10479992389],[-122.86403179633,49.10464126037],[-122.86529509605,49.10465836447],[-122.86590807961,49.1047224147],[-122.86803511614,49.10467054162],[-122.86799025294,49.10739986665],[-122.86803872122,49.10846664951],[-122.86808110092,49.11561147501],[-122.86810417342,49.11656041185],[-122.86808462589,49.11851861052],[-122.86809223661,49.1193241854],[-122.86590006832,49.11927776],[-122.86344484946,49.11925088213],[-122.86245986182,49.1192276494],[-122.86078285929,49.11914689564],[-122.85689594348,49.11913099324],[-122.85422706361,49.11914521327],[-122.84990657699,49.11915803133],[-122.84808384917,49.11920930356],[-122.84561693382,49.11917040876]]]]},"properties":{"a": "2.6229", "q": "00000", "t": "CT", "dw": "1860", "hh": "1760", "id": "9330185.07", "pop": "6197", "rgid": "59", "rpid": "59933", "ruid": "5915004", "rguid": "5915"}},{"type":"Feature","geometry":{"type":"MultiPolygon","coordinates":[[[[-122.86803511614,49.10467054162],[-122.86590807961,49.1047224147],[-122.86529509605,49.10465836447],[-122.86403179633,49.10464126037],[-122.8632669989,49.10479992389],[-122.86155118169,49.10489966441],[-122.86017708589,49.10474893206],[-122.85691012346,49.10471123896],[-122.8554989354,49.10468247844],[-122.84985350222,49.10467034134],[-122.84570117249,49.10526353702],[-122.84571363004,49.10317595608],[-122.84583207691,49.09617252978],[-122.84577119114,49.09572249578],[-122.85093666816,49.0952900065],[-122.85746466468,49.09490602556],[-122.85807196023,49.09520032015],[-122.85871835085,49.09515129108],[-122.85899261723,49.09502567411],[-122.86007526244,49.09485611524],[-122.86222609249,49.09475973947],[-122.86767873407,49.09443331962],[-122.86836349876,49.09448807676],[-122.86887013249,49.09456061895],[-122.87111713803,49.09436522368],[-122.87219934262,49.09431242931],[-122.87359731205,49.09399914796],[-122.87536456172,49.09388414595],[-122.87722762637,49.09382309995],[-122.8818991275,49.09358520481],[-122.88296759273,49.09356830099],[-122.88378911007,49.09369499949],[-122.8848164774,49.09369604095],[-122.88883029199,49.09350204766],[-122.89039189194,49.09344953368],[-122.89114262957,49.09338348062],[-122.89042814301,49.10196320758],[-122.89024480473,49.1030673631],[-122.89032784171,49.10388423389],[-122.89032515793,49.1051076374],[-122.88530472524,49.10513687859],[-122.88435626907,49.10512245827],[-122.88401358631,49.10481073913],[-122.88197487421,49.10484594873],[-122.88232697023,49.10380440142],[-122.87925688516,49.1042870013],[-122.87741761402,49.10455569984],[-122.87669599742,49.10461141833],[-122.87510900169,49.10466092808],[-122.87477597253,49.10463308886],[-122.86923352443,49.10474184207],[-122.86803511614,49.10467054162]]]]},"properties":{"a": "3.75816", "q": "01000", "t": "CT", "dw": "440", "hh": "411", "id": "9330185.08", "pop": "1326", "rgid": "59", "rpid": "59933", "ruid": "5915004", "rguid": "5915"}},{"type":"Feature","geometry":{"type":"MultiPolygon","coordinates":[[[[-122.86814058472,49.1630958501],[-122.86813754043,49.15918369874],[-122.86820531591,49.15602412759],[-122.86817511336,49.15082948948],[-122.86813289389,49.15048436328],[-122.86812436187,49.14853233329],[-122.87349905363,49.14857507351],[-122.87560117506,49.14856357731],[-122.87922439939,49.14860491555],[-122.88067624472,49.14860315306],[-122.88345503944,49.14862081795],[-122.88694119066,49.14865939229],[-122.89054442683,49.14867273108],[-122.89051053909,49.15247528805],[-122.89048670552,49.15619272511],[-122.89048290016,49.15793790369],[-122.89045514105,49.1592862432],[-122.89050725447,49.16090067759],[-122.89049756081,49.16265787309],[-122.89045682342,49.16355093121],[-122.88810254676,49.16353406746],[-122.88744794457,49.16359591459],[-122.87890538998,49.16352625645],[-122.87806953244,49.16349729565],[-122.8737227688,49.16331800307],[-122.87148725945,49.16320756749],[-122.86814058472,49.1630958501]]]]},"properties":{"a": "2.68793", "q": "01010", "t": "CT", "dw": "1563", "hh": "1492", "id": "9330185.09", "pop": "4151", "rgid": "59", "rpid": "59933", "ruid": "5915004", "rguid": "5915"}},{"type":"Feature","geometry":{"type":"MultiPolygon","coordinates":[[[[-122.86812436187,49.14853233329],[-122.86813357484,49.14504213637],[-122.86812163803,49.13417578806],[-122.86927654504,49.13420426818],[-122.87357736395,49.13420871445],[-122.87608830131,49.13419261176],[-122.87915682419,49.13422369555],[-122.87918462335,49.1350720507],[-122.87915462109,49.13586516803],[-122.87919788203,49.13656443314],[-122.87917324733,49.13734589405],[-122.87919872322,49.13954006516],[-122.87920809642,49.1413121216],[-122.87922439939,49.14860491555],[-122.87560117506,49.14856357731],[-122.87349905363,49.14857507351],[-122.86812436187,49.14853233329]]]]},"properties":{"a": "1.29053", "q": "00010", "t": "CT", "dw": "1646", "hh": "1516", "id": "9330185.10", "pop": "5679", "rgid": "59", "rpid": "59933", "ruid": "5915004", "rguid": "5915"}},{"type":"Feature","geometry":{"type":"MultiPolygon","coordinates":[[[[-122.87922439939,49.14860491555],[-122.87920809642,49.1413121216],[-122.87919872322,49.13954006516],[-122.87917324733,49.13734589405],[-122.87919788203,49.13656443314],[-122.87915462109,49.13586516803],[-122.87918462335,49.1350720507],[-122.87915682419,49.13422369555],[-122.88441134666,49.13426098809],[-122.88759302896,49.13424949189],[-122.89043911848,49.13425301686],[-122.89043447193,49.13724102631],[-122.89049932329,49.13947092776],[-122.8904592268,49.14138702712],[-122.89051847026,49.14254029182],[-122.89055728495,49.14735066859],[-122.89054442683,49.14867273108],[-122.88694119066,49.14865939229],[-122.88345503944,49.14862081795],[-122.88067624472,49.14860315306],[-122.87922439939,49.14860491555]]]]},"properties":{"a": "1.31858", "q": "01000", "t": "CT", "dw": "2307", "hh": "2213", "id": "9330185.11", "pop": "7307", "rgid": "59", "rpid": "59933", "ruid": "5915004", "rguid": "5915"}},{"type":"Feature","geometry":{"type":"MultiPolygon","coordinates":[[[[-122.84560852197,49.1265468806],[-122.84558320631,49.12506058674],[-122.84561853608,49.12439865422],[-122.84562758883,49.12338246263],[-122.84559590419,49.12133177366],[-122.84561693382,49.11917040876],[-122.84808384917,49.11920930356],[-122.84990657699,49.11915803133],[-122.85422706361,49.11914521327],[-122.85689594348,49.11913099324],[-122.86078285929,49.11914689564],[-122.86245986182,49.1192276494],[-122.86344484946,49.11925088213],[-122.86590006832,49.11927776],[-122.86809223661,49.1193241854],[-122.86807641432,49.1198536513],[-122.86808787046,49.1209523992],[-122.86811590996,49.12156610377],[-122.86808162165,49.12499293143],[-122.86811034211,49.12536469516],[-122.86811350657,49.1267904237],[-122.86679805339,49.12677912779],[-122.86593748103,49.12679242652],[-122.8637727514,49.12674768349],[-122.8596274716,49.12671407614],[-122.85690195194,49.12666909277],[-122.85438700894,49.12664485863],[-122.84995256177,49.12657027356],[-122.84849959486,49.12655981883],[-122.84710499017,49.12657099457],[-122.84560852197,49.1265468806]]]]},"properties":{"a": "1.3662", "q": "00010", "t": "CT", "dw": "1755", "hh": "1637", "id": "9330185.12", "pop": "6289", "rgid": "59", "rpid": "59933", "ruid": "5915004", "rguid": "5915"}},{"type":"Feature","geometry":{"type":"MultiPolygon","coordinates":[[[[-122.86811350657,49.1267904237],[-122.86811034211,49.12536469516],[-122.86808162165,49.12499293143],[-122.86811590996,49.12156610377],[-122.86808787046,49.1209523992],[-122.86807641432,49.1198536513],[-122.86809223661,49.1193241854],[-122.87361489683,49.11942036089],[-122.87606034192,49.11944347345],[-122.87912421826,49.11950728335],[-122.88593529357,49.11951409294],[-122.88769933873,49.11954185205],[-122.89034819038,49.11955434965],[-122.89035367811,49.12325151816],[-122.89036525442,49.12419596868],[-122.89028638331,49.12512615911],[-122.89040062425,49.12684073458],[-122.88647593522,49.12686601018],[-122.88532387221,49.12683076052],[-122.88423181374,49.12675905951],[-122.8831470856,49.12671399603],[-122.88022805332,49.12685251117],[-122.87911993222,49.12686540934],[-122.8775298922,49.12684574163],[-122.87619629345,49.12685279156],[-122.87367313888,49.12688531738],[-122.86811350657,49.1267904237]]]]},"properties":{"a": "1.33009", "q": "00000", "t": "CT", "dw": "2540", "hh": "2391", "id": "9330185.13", "pop": "8471", "rgid": "59", "rpid": "59933", "ruid": "5915004", "rguid": "5915"}},{"type":"Feature","geometry":{"type":"MultiPolygon","coordinates":[[[[-122.87915682419,49.13422369555],[-122.87608830131,49.13419261176],[-122.87357736395,49.13420871445],[-122.86927654504,49.13420426818],[-122.86812163803,49.13417578806],[-122.86812079684,49.13247014518],[-122.86810489444,49.12999449754],[-122.86811350657,49.1267904237],[-122.87367313888,49.12688531738],[-122.87619629345,49.12685279156],[-122.8775298922,49.12684574163],[-122.87911993222,49.12686540934],[-122.88022805332,49.12685251117],[-122.8831470856,49.12671399603],[-122.88423181374,49.12675905951],[-122.88532387221,49.12683076052],[-122.88647593522,49.12686601018],[-122.89040062425,49.12684073458],[-122.89040599181,49.13029584207],[-122.89043911848,49.13425301686],[-122.88759302896,49.13424949189],[-122.88441134666,49.13426098809],[-122.87915682419,49.13422369555]]]]},"properties":{"a": "1.3382", "q": "01000", "t": "CT", "dw": "2260", "hh": "2133", "id": "9330185.14", "pop": "7584", "rgid": "59", "rpid": "59933", "ruid": "5915004", "rguid": "5915"}},{"type":"Feature","geometry":{"type":"MultiPolygon","coordinates":[[[[-122.84559025624,49.16306793077],[-122.84562342296,49.15664676475],[-122.84557163,49.15584459467],[-122.84558236512,49.15043709669],[-122.84559446216,49.14849540126],[-122.85142235239,49.1484940794],[-122.8556322432,49.14847240887],[-122.85694865774,49.14847405119],[-122.86202228537,49.14849816516],[-122.86560401124,49.14852640494],[-122.86812436187,49.14853233329],[-122.86813289389,49.15048436328],[-122.86817511336,49.15082948948],[-122.86820531591,49.15602412759],[-122.86813754043,49.15918369874],[-122.86814058472,49.1630958501],[-122.86228357347,49.16307105517],[-122.85698895451,49.16306460609],[-122.8527915613,49.16306829128],[-122.8492557401,49.16305811695],[-122.84559025624,49.16306793077]]]]},"properties":{"a": "2.66853", "q": "01010", "t": "CT", "dw": "1745", "hh": "1613", "id": "9330185.15", "pop": "5707", "rgid": "59", "rpid": "59933", "ruid": "5915004", "rguid": "5915"}},{"type":"Feature","geometry":{"type":"MultiPolygon","coordinates":[[[[-122.84559446216,49.14849540126],[-122.84558645088,49.1466693087],[-122.84559217895,49.1448252308],[-122.84557603621,49.14116415314],[-122.84559834764,49.13746474148],[-122.84557547542,49.13691825159],[-122.84560247345,49.13636675465],[-122.8455800819,49.1354610387],[-122.84558520913,49.13383286496],[-122.84766634099,49.13388233465],[-122.84877902852,49.13388209431],[-122.85357702785,49.13395119165],[-122.85692165971,49.13400943371],[-122.85939069804,49.13404360184],[-122.86812163803,49.13417578806],[-122.86813357484,49.14504213637],[-122.86812436187,49.14853233329],[-122.86560401124,49.14852640494],[-122.86202228537,49.14849816516],[-122.85694865774,49.14847405119],[-122.8556322432,49.14847240887],[-122.85142235239,49.1484940794],[-122.84559446216,49.14849540126]]]]},"properties":{"a": "2.65032", "q": "01010", "t": "CT", "dw": "1334", "hh": "1237", "id": "9330185.16", "pop": "4935", "rgid": "59", "rpid": "59933", "ruid": "5915004", "rguid": "5915"}},{"type":"Feature","geometry":{"type":"MultiPolygon","coordinates":[[[[-122.8810012626,49.18759540462],[-122.88090913281,49.18691588733],[-122.88088698161,49.18600744753],[-122.88088654098,49.18469852355],[-122.88061207432,49.18469828321],[-122.88056576909,49.18109104139],[-122.88051369573,49.17916496798],[-122.88064319817,49.17748403992],[-122.88197399297,49.17749433442],[-122.88759959821,49.17748203709],[-122.89034370406,49.17748464076],[-122.89334497219,49.17745636092],[-122.8957444325,49.17744258151],[-122.89652156732,49.17746601452],[-122.90441805174,49.17745467855],[-122.9068773163,49.17744522523],[-122.90794698323,49.17745227517],[-122.90964890086,49.1774204303],[-122.91368326439,49.17718954504],[-122.91295343622,49.17794540989],[-122.91141570991,49.17919384866],[-122.90892932714,49.18131071086],[-122.90791233442,49.18208620336],[-122.90637288567,49.18295891281],[-122.90369246955,49.18395223218],[-122.90256111572,49.18430128392],[-122.9007430745,49.18483427479],[-122.89781454884,49.18558240875],[-122.89662615466,49.18595164893],[-122.89540899995,49.18645583922],[-122.89394077154,49.18685948787],[-122.8929875086,49.18699235505],[-122.89189312686,49.18699135364],[-122.89077587289,49.18709517991],[-122.8902679974,49.18733099212],[-122.89027957371,49.18748565],[-122.88996469011,49.18740705928],[-122.88719294533,49.1874308528],[-122.887216138,49.18721502875],[-122.88596173082,49.18719896612],[-122.882835046,49.18722844766],[-122.88172263886,49.18728176276],[-122.8810012626,49.18759540462]]]]},"properties":{"a": "1.97991", "q": "01010", "t": "CT", "dw": "2230", "hh": "2060", "id": "9330186.01", "pop": "6518", "rgid": "59", "rpid": "59933", "ruid": "5915004", "rguid": "5915"}},{"type":"Feature","geometry":{"type":"MultiPolygon","coordinates":[[[[-122.86771510531,49.19925663274],[-122.86775396005,49.19468302953],[-122.86774779136,49.19389748287],[-122.86777563058,49.1919704481],[-122.86780791606,49.1901444757],[-122.867825621,49.18847328135],[-122.86787144556,49.18839248753],[-122.86786351439,49.18476533767],[-122.86788294176,49.18258847094],[-122.86793850003,49.18126280337],[-122.86791670933,49.18019574011],[-122.86796313473,49.17822584496],[-122.86807485212,49.17750631129],[-122.87092879269,49.17749157053],[-122.87643086391,49.17749757899],[-122.87939455911,49.17748271805],[-122.88064319817,49.17748403992],[-122.88051369573,49.17916496798],[-122.88056576909,49.18109104139],[-122.88061207432,49.18469828321],[-122.88088654098,49.18469852355],[-122.88088698161,49.18600744753],[-122.88090913281,49.18691588733],[-122.8810012626,49.18759540462],[-122.88059088447,49.18777465715],[-122.88008236808,49.18810700535],[-122.87953179244,49.18875403688],[-122.87867594674,49.1909470864],[-122.87827534238,49.19184707429],[-122.87795833578,49.19241343216],[-122.87736638185,49.19311449982],[-122.8763342478,49.19424677494],[-122.87566005801,49.19486672832],[-122.87530231403,49.19525315271],[-122.87483361373,49.19602620177],[-122.87459888305,49.19661066515],[-122.87436299073,49.19759092612],[-122.87438962826,49.19777754903],[-122.87388171271,49.19793220691],[-122.87157970969,49.19881000353],[-122.87004522794,49.1995161183],[-122.86922655461,49.19976867409],[-122.86870986671,49.19981085351],[-122.86820896105,49.19963560663],[-122.86771510531,49.19925663274]]]]},"properties":{"a": "1.89879", "q": "01010", "t": "CT", "dw": "1935", "hh": "1793", "id": "9330186.02", "pop": "5132", "rgid": "59", "rpid": "59933", "ruid": "5915004", "rguid": "5915"}},{"type":"Feature","geometry":{"type":"MultiPolygon","coordinates":[[[[-122.88064319817,49.17748403992],[-122.87939455911,49.17748271805],[-122.87643086391,49.17749757899],[-122.87092879269,49.17749157053],[-122.86807485212,49.17750631129],[-122.86814923691,49.17018415598],[-122.87226431415,49.17040474674],[-122.87377315979,49.17046038512],[-122.88057746556,49.17058452],[-122.88278201129,49.17064352312],[-122.88474065058,49.17071145883],[-122.88742158743,49.17068842638],[-122.88993388671,49.17072251441],[-122.89032575878,49.17073817647],[-122.89031322111,49.17172885212],[-122.89032523804,49.17326565714],[-122.8902882259,49.17550336959],[-122.89035868516,49.17643656425],[-122.89034370406,49.17748464076],[-122.88759959821,49.17748203709],[-122.88197399297,49.17749433442],[-122.88064319817,49.17748403992]]]]},"properties":{"a": "1.2515", "q": "01020", "t": "CT", "dw": "2095", "hh": "1950", "id": "9330186.05", "pop": "6352", "rgid": "59", "rpid": "59933", "ruid": "5915004", "rguid": "5915"}},{"type":"Feature","geometry":{"type":"MultiPolygon","coordinates":[[[[-122.86814923691,49.17018415598],[-122.86814382929,49.16702682799],[-122.86816217513,49.16592952213],[-122.86813814128,49.16401338271],[-122.86814058472,49.1630958501],[-122.87148725945,49.16320756749],[-122.8737227688,49.16331800307],[-122.87806953244,49.16349729565],[-122.87890538998,49.16352625645],[-122.88744794457,49.16359591459],[-122.88810254676,49.16353406746],[-122.89045682342,49.16355093121],[-122.89038031564,49.16715805286],[-122.89038912805,49.16833855593],[-122.89032575878,49.17073817647],[-122.88993388671,49.17072251441],[-122.88742158743,49.17068842638],[-122.88474065058,49.17071145883],[-122.88278201129,49.17064352312],[-122.88057746556,49.17058452],[-122.87377315979,49.17046038512],[-122.87226431415,49.17040474674],[-122.86814923691,49.17018415598]]]]},"properties":{"a": "1.28227", "q": "01010", "t": "CT", "dw": "1101", "hh": "1047", "id": "9330186.06", "pop": "3947", "rgid": "59", "rpid": "59933", "ruid": "5915004", "rguid": "5915"}},{"type":"Feature","geometry":{"type":"MultiPolygon","coordinates":[[[[-122.84559474256,49.17046210755],[-122.84558677133,49.16861802965],[-122.84562105963,49.16474785742],[-122.84559025624,49.16306793077],[-122.8492557401,49.16305811695],[-122.8527915613,49.16306829128],[-122.85698895451,49.16306460609],[-122.86228357347,49.16307105517],[-122.86814058472,49.1630958501],[-122.86813814128,49.16401338271],[-122.86816217513,49.16592952213],[-122.86814382929,49.16702682799],[-122.86814923691,49.17018415598],[-122.86052169136,49.17013929277],[-122.86001053125,49.17033180398],[-122.85699532348,49.17036877607],[-122.85545871874,49.17041183673],[-122.85246786529,49.17045309485],[-122.85141726522,49.17051093634],[-122.85135569849,49.17046046524],[-122.84885253207,49.17051590334],[-122.84559474256,49.17046210755]]]]},"properties":{"a": "1.32933", "q": "01010", "t": "CT", "dw": "1430", "hh": "1333", "id": "9330186.07", "pop": "5137", "rgid": "59", "rpid": "59933", "ruid": "5915004", "rguid": "5915"}},{"type":"Feature","geometry":{"type":"MultiPolygon","coordinates":[[[[-122.85700217313,49.17752013076],[-122.85354193842,49.17751989042],[-122.85133542993,49.17750398802],[-122.84557295186,49.17743344864],[-122.84558040236,49.17506767579],[-122.84560744045,49.17118236223],[-122.84559474256,49.17046210755],[-122.84885253207,49.17051590334],[-122.85135569849,49.17046046524],[-122.85141726522,49.17051093634],[-122.85246786529,49.17045309485],[-122.85545871874,49.17041183673],[-122.85699532348,49.17036877607],[-122.86001053125,49.17033180398],[-122.86052169136,49.17013929277],[-122.86814923691,49.17018415598],[-122.86807485212,49.17750631129],[-122.86397235259,49.17751055727],[-122.86157673769,49.17752457702],[-122.85949636691,49.17751207942],[-122.85700217313,49.17752013076]]]]},"properties":{"a": "1.30827", "q": "01010", "t": "CT", "dw": "1850", "hh": "1700", "id": "9330186.08", "pop": "5281", "rgid": "59", "rpid": "59933", "ruid": "5915004", "rguid": "5915"}},{"type":"Feature","geometry":{"type":"MultiPolygon","coordinates":[[[[-122.81224576114,49.17731215777],[-122.8067849881,49.17730318513],[-122.80130827261,49.17727350332],[-122.80132613778,49.17568478516],[-122.80137905232,49.17386670388],[-122.80142003005,49.17047552645],[-122.80149121033,49.16640975868],[-122.80151808819,49.16311748058],[-122.80700477774,49.16310878833],[-122.81257382331,49.16310898861],[-122.81557497127,49.16310121767],[-122.81806051285,49.16310870822],[-122.8202194343,49.16309324644],[-122.82349232509,49.16310818748],[-122.8235359866,49.16349132724],[-122.82348651691,49.16496332096],[-122.82347702353,49.16741701768],[-122.82344333607,49.16919800671],[-122.82343868953,49.17049331151],[-122.82346228276,49.17085674351],[-122.82342306752,49.17490104104],[-122.8254772414,49.17570281055],[-122.82860232396,49.17688779994],[-122.82803676721,49.17723524942],[-122.82740383555,49.17736791632],[-122.81282681972,49.17729505368],[-122.81224576114,49.17731215777]]]]},"properties":{"a": "2.59724", "q": "01010", "t": "CT", "dw": "2210", "hh": "2040", "id": "9330187.03", "pop": "6715", "rgid": "59", "rpid": "59933", "ruid": "5915004", "rguid": "5915"}},{"type":"Feature","geometry":{"type":"MultiPolygon","coordinates":[[[[-122.83451557443,49.17913592706],[-122.83362387823,49.17883037661],[-122.82860232396,49.17688779994],[-122.8254772414,49.17570281055],[-122.82342306752,49.17490104104],[-122.82346228276,49.17085674351],[-122.82343868953,49.17049331151],[-122.8249910765,49.17050304522],[-122.8275405882,49.17049952026],[-122.83475683432,49.17047408442],[-122.83758289562,49.17046911742],[-122.84145162581,49.17047444493],[-122.84326169581,49.17050833267],[-122.84419701346,49.17047488555],[-122.84559474256,49.17046210755],[-122.84560744045,49.17118236223],[-122.84558040236,49.17506767579],[-122.84557295186,49.17743344864],[-122.84426955566,49.17742275358],[-122.84210186185,49.17738381873],[-122.83768383782,49.17734167936],[-122.83458230845,49.17732834057],[-122.83450548021,49.17796784149],[-122.83451557443,49.17913592706]]]]},"properties":{"a": "1.20705", "q": "02010", "t": "CT", "dw": "485", "hh": "432", "id": "9330187.04", "pop": "1792", "rgid": "59", "rpid": "59933", "ruid": "5915004", "rguid": "5915"}},{"type":"Feature","geometry":{"type":"MultiPolygon","coordinates":[[[[-122.82343868953,49.17049331151],[-122.82344333607,49.16919800671],[-122.82347702353,49.16741701768],[-122.82348651691,49.16496332096],[-122.8235359866,49.16349132724],[-122.82349232509,49.16310818748],[-122.82768198741,49.16310910878],[-122.83350583193,49.16306007971],[-122.83475403037,49.16306196236],[-122.83760720987,49.16305695531],[-122.84166724958,49.16306256321],[-122.84477478742,49.16307518099],[-122.84559025624,49.16306793077],[-122.84562105963,49.16474785742],[-122.84558677133,49.16861802965],[-122.84559474256,49.17046210755],[-122.84419701346,49.17047488555],[-122.84326169581,49.17050833267],[-122.84145162581,49.17047444493],[-122.83758289562,49.17046911742],[-122.83475683432,49.17047408442],[-122.8275405882,49.17049952026],[-122.8249910765,49.17050304522],[-122.82343868953,49.17049331151]]]]},"properties":{"a": "1.329", "q": "01010", "t": "CT", "dw": "1937", "hh": "1773", "id": "9330187.05", "pop": "6732", "rgid": "59", "rpid": "59933", "ruid": "5915004", "rguid": "5915"}},{"type":"Feature","geometry":{"type":"MultiPolygon","coordinates":[[[[-122.77894568862,49.17728916538],[-122.77895121641,49.17589219736],[-122.77898674646,49.17321995275],[-122.77898971064,49.17049771772],[-122.77766448368,49.17048441898],[-122.77359455004,49.17050148302],[-122.7705250658,49.17049923986],[-122.76766491648,49.17047776961],[-122.75686161699,49.1703727016],[-122.75688364803,49.16310414179],[-122.76498890657,49.16309304615],[-122.76791198454,49.16310882839],[-122.77337119538,49.16311067098],[-122.77757840241,49.16310438212],[-122.77904991545,49.1631126738],[-122.7821911007,49.16310966957],[-122.78531850653,49.16311555787],[-122.78751319837,49.16311059087],[-122.78881623406,49.16312192684],[-122.79017430729,49.1631154377],[-122.79012507793,49.16530279921],[-122.79013160713,49.16644472794],[-122.79017046187,49.16702955183],[-122.79009531601,49.16881835186],[-122.79011145875,49.16958547256],[-122.79000218481,49.17262607611],[-122.79001848777,49.17399957106],[-122.79000186435,49.17484023537],[-122.79001340061,49.17570793778],[-122.789990969,49.17726477101],[-122.78732905895,49.17727786947],[-122.78480446235,49.17728219556],[-122.78251355496,49.17727282236],[-122.77894568862,49.17728916538]]]]},"properties":{"a": "2.59387", "q": "01010", "t": "CT", "dw": "1931", "hh": "1800", "id": "9330187.06", "pop": "5866", "rgid": "59", "rpid": "59933", "ruid": "5915004", "rguid": "5915"}},{"type":"Feature","geometry":{"type":"MultiPolygon","coordinates":[[[[-122.75688364803,49.16310414179],[-122.75688324747,49.15758096083],[-122.75687860092,49.15573692299],[-122.75975325067,49.15578418957],[-122.76584110713,49.15582220313],[-122.76797319077,49.15587667987],[-122.76796762293,49.15773269459],[-122.76791198454,49.16310882839],[-122.76498890657,49.16309304615],[-122.75688364803,49.16310414179]]]]},"properties":{"a": "0.65508", "q": "00000", "t": "CT", "dw": "509", "hh": "498", "id": "9330187.07", "pop": "1784", "rgid": "59", "rpid": "59933", "ruid": "5915004", "rguid": "5915"}},{"type":"Feature","geometry":{"type":"MultiPolygon","coordinates":[[[[-122.789990969,49.17726477101],[-122.79001340061,49.17570793778],[-122.79000186435,49.17484023537],[-122.79001848777,49.17399957106],[-122.79000218481,49.17262607611],[-122.79011145875,49.16958547256],[-122.79009531601,49.16881835186],[-122.79017046187,49.16702955183],[-122.79013160713,49.16644472794],[-122.79012507793,49.16530279921],[-122.79017430729,49.1631154377],[-122.79019245285,49.16206299504],[-122.79020651266,49.15873474626],[-122.79023218883,49.15589226182],[-122.79025926698,49.15439286951],[-122.79024765061,49.15223118417],[-122.79214199934,49.15222862055],[-122.79361014763,49.15218832378],[-122.79545598802,49.15223975624],[-122.79869935722,49.15225181323],[-122.79989404027,49.15227116048],[-122.80147915334,49.15225109221],[-122.80149677817,49.15326215658],[-122.80150575081,49.15590315717],[-122.80151840864,49.15958234034],[-122.80151808819,49.16311748058],[-122.80149121033,49.16640975868],[-122.80142003005,49.17047552645],[-122.80137905232,49.17386670388],[-122.80132613778,49.17568478516],[-122.80130827261,49.17727350332],[-122.79693391009,49.17725904294],[-122.79563091445,49.17724750669],[-122.789990969,49.17726477101]]]]},"properties":{"a": "2.29793", "q": "01010", "t": "CT", "dw": "2522", "hh": "2361", "id": "9330187.09", "pop": "7631", "rgid": "59", "rpid": "59933", "ruid": "5915004", "rguid": "5915"}},{"type":"Feature","geometry":{"type":"MultiPolygon","coordinates":[[[[-122.75687054958,49.14896338055],[-122.75642796607,49.14831670953],[-122.75678855406,49.14798644426],[-122.75683602093,49.14761391945],[-122.75683570048,49.14487934704],[-122.75812467637,49.1448461002],[-122.76069481713,49.14486016001],[-122.76206546808,49.1448763428],[-122.76435477321,49.14488094929],[-122.76781857295,49.14494692223],[-122.76781316533,49.14584735074],[-122.76787040597,49.14850922073],[-122.77010110854,49.14850745825],[-122.77539921241,49.14855580636],[-122.77908732816,49.14854927716],[-122.79026303228,49.14858805179],[-122.79024332452,49.1504084964],[-122.79024765061,49.15223118417],[-122.79025926698,49.15439286951],[-122.79023218883,49.15589226182],[-122.79020651266,49.15873474626],[-122.79019245285,49.16206299504],[-122.78518495839,49.1601355597],[-122.78231892077,49.15899899854],[-122.7790601699,49.1577424283],[-122.77339214489,49.1555096428],[-122.76175839548,49.1509875121],[-122.76104915632,49.15066197349],[-122.75701739645,49.14906957014],[-122.75687054958,49.14896338055]]]]},"properties":{"a": "2.23028", "q": "00011", "t": "CT", "dw": "3070", "hh": "2943", "id": "9330187.10", "pop": "8729", "rgid": "59", "rpid": "59933", "ruid": "5915004", "rguid": "5915"}},{"type":"Feature","geometry":{"type":"MultiPolygon","coordinates":[[[[-122.76791198454,49.16310882839],[-122.76796762293,49.15773269459],[-122.76797319077,49.15587667987],[-122.76584110713,49.15582220313],[-122.75975325067,49.15578418957],[-122.75687860092,49.15573692299],[-122.75686882715,49.15487238504],[-122.7568828469,49.15349035807],[-122.75684527397,49.15237050043],[-122.75687054958,49.14896338055],[-122.75701739645,49.14906957014],[-122.76104915632,49.15066197349],[-122.76175839548,49.1509875121],[-122.77339214489,49.1555096428],[-122.7790601699,49.1577424283],[-122.78231892077,49.15899899854],[-122.78518495839,49.1601355597],[-122.79019245285,49.16206299504],[-122.79017430729,49.1631154377],[-122.78881623406,49.16312192684],[-122.78751319837,49.16311059087],[-122.78531850653,49.16311555787],[-122.7821911007,49.16310966957],[-122.77904991545,49.1631126738],[-122.77757840241,49.16310438212],[-122.77337119538,49.16311067098],[-122.76791198454,49.16310882839]]]]},"properties":{"a": "1.3824", "q": "00001", "t": "CT", "dw": "1254", "hh": "1212", "id": "9330187.11", "pop": "3442", "rgid": "59", "rpid": "59933", "ruid": "5915004", "rguid": "5915"}},{"type":"Feature","geometry":{"type":"MultiPolygon","coordinates":[[[[-122.80474046782,49.22062141104],[-122.80384616795,49.22063030356],[-122.80226726362,49.22018087041],[-122.79563427919,49.21710249365],[-122.78546811729,49.21518603378],[-122.77957068911,49.2140911313],[-122.77923934231,49.21406689716],[-122.77892610102,49.2071620898],[-122.77871616527,49.20639516937],[-122.77865479882,49.20438846236],[-122.77865403775,49.2027003642],[-122.78161953549,49.20267933458],[-122.7851809928,49.20276509539],[-122.78624929781,49.20228906477],[-122.78716462731,49.20285137695],[-122.7897181046,49.20280206748],[-122.79119290226,49.20275728439],[-122.79263609541,49.20273160822],[-122.79534691436,49.20270424968],[-122.79640404362,49.20267909424],[-122.79692313491,49.20240222419],[-122.79704278347,49.20218127292],[-122.79761935573,49.20130976515],[-122.79957218684,49.20318268368],[-122.80186601835,49.20534416874],[-122.80325044871,49.2066855785],[-122.80551127372,49.20880376256],[-122.80711461247,49.21023045245],[-122.80817246275,49.21120017858],[-122.80892432196,49.21222017553],[-122.80943339914,49.21310181757],[-122.81018770178,49.21467992078],[-122.81080889691,49.21639874222],[-122.81101630911,49.21690096975],[-122.81237326076,49.22054346122],[-122.80474046782,49.22062141104]]]]},"properties":{"a": "3.3221", "q": "00001", "t": "CT", "dw": "825", "hh": "762", "id": "9330188.01", "pop": "2709", "rgid": "59", "rpid": "59933", "ruid": "5915004", "rguid": "5915"}},{"type":"Feature","geometry":{"type":"MultiPolygon","coordinates":[[[[-122.77865403775,49.2027003642],[-122.7786640118,49.1999546561],[-122.77868856639,49.19915004258],[-122.77867699008,49.19829227417],[-122.77870250603,49.19651505045],[-122.7786864434,49.19543220496],[-122.77847013867,49.19513823081],[-122.77794856389,49.19471936071],[-122.77723652078,49.19424064631],[-122.77697118698,49.19387565211],[-122.77695187978,49.19353092647],[-122.77703864201,49.19314854778],[-122.77744918037,49.1923710124],[-122.78207181265,49.1935058912],[-122.78297853001,49.19372191553],[-122.78709709216,49.19483071759],[-122.79025257755,49.1958276821],[-122.79162807533,49.19643922362],[-122.79325857234,49.1973543929],[-122.79486267217,49.19864961759],[-122.79568054437,49.19942098427],[-122.79761935573,49.20130976515],[-122.79704278347,49.20218127292],[-122.79692313491,49.20240222419],[-122.79640404362,49.20267909424],[-122.79534691436,49.20270424968],[-122.79263609541,49.20273160822],[-122.79119290226,49.20275728439],[-122.7897181046,49.20280206748],[-122.78716462731,49.20285137695],[-122.78624929781,49.20228906477],[-122.7851809928,49.20276509539],[-122.78161953549,49.20267933458],[-122.77865403775,49.2027003642]]]]},"properties":{"a": "1.09796", "q": "00001", "t": "CT", "dw": "730", "hh": "684", "id": "9330188.02", "pop": "2423", "rgid": "59", "rpid": "59933", "ruid": "5915004", "rguid": "5915"}},{"type":"Feature","geometry":{"type":"MultiPolygon","coordinates":[[[[-122.75570610914,49.21489562466],[-122.7560319682,49.21289027956],[-122.75602567934,49.21231378741],[-122.7565050747,49.20644720268],[-122.75730055536,49.20464009686],[-122.75650319205,49.2036817067],[-122.75650423352,49.20254085949],[-122.75652866794,49.19913870661],[-122.75658638926,49.19576555457],[-122.75661322707,49.19477580022],[-122.75660858052,49.19401156358],[-122.75663333539,49.1917807809],[-122.75905050065,49.19177521305],[-122.76183502343,49.19180060883],[-122.76746195054,49.19182107767],[-122.77252828791,49.19184667373],[-122.77371656192,49.19198438773],[-122.77744918037,49.1923710124],[-122.77703864201,49.19314854778],[-122.77695187978,49.19353092647],[-122.77697118698,49.19387565211],[-122.77723652078,49.19424064631],[-122.77794856389,49.19471936071],[-122.77847013867,49.19513823081],[-122.7786864434,49.19543220496],[-122.77870250603,49.19651505045],[-122.77867699008,49.19829227417],[-122.77868856639,49.19915004258],[-122.7786640118,49.1999546561],[-122.77865403775,49.2027003642],[-122.77865479882,49.20438846236],[-122.77871616527,49.20639516937],[-122.77892610102,49.2071620898],[-122.77923934231,49.21406689716],[-122.77077950425,49.21344758468],[-122.75570610914,49.21489562466]]]]},"properties":{"a": "3.97152", "q": "00000", "t": "CT", "dw": "2226", "hh": "2158", "id": "9330188.03", "pop": "7694", "rgid": "59", "rpid": "59933", "ruid": "5915004", "rguid": "5915"}},{"type":"Feature","geometry":{"type":"MultiPolygon","coordinates":[[[[-122.75663333539,49.1917807809],[-122.75669914811,49.18849399053],[-122.75664951819,49.18793876834],[-122.75677525533,49.18701514716],[-122.7569111668,49.18678882833],[-122.75672173994,49.18657356507],[-122.75673712161,49.1846116812],[-122.7568669445,49.1773176455],[-122.7569345197,49.17585742838],[-122.75687864098,49.17531979096],[-122.75686161699,49.1703727016],[-122.76766491648,49.17047776961],[-122.7705250658,49.17049923986],[-122.77359455004,49.17050148302],[-122.77766448368,49.17048441898],[-122.77898971064,49.17049771772],[-122.77898674646,49.17321995275],[-122.77895121641,49.17589219736],[-122.77894568862,49.17728916538],[-122.77884022004,49.18287587583],[-122.77880096473,49.18308845531],[-122.77880324795,49.18461108036],[-122.77869846033,49.18965726933],[-122.77865227526,49.19010738345],[-122.77815709767,49.19104153947],[-122.77744918037,49.1923710124],[-122.77371656192,49.19198438773],[-122.77252828791,49.19184667373],[-122.76746195054,49.19182107767],[-122.76183502343,49.19180060883],[-122.75905050065,49.19177521305],[-122.75663333539,49.1917807809]]]]},"properties":{"a": "3.82552", "q": "00010", "t": "CT", "dw": "1047", "hh": "967", "id": "9330188.04", "pop": "3343", "rgid": "59", "rpid": "59933", "ruid": "5915004", "rguid": "5915"}},{"type":"Feature","geometry":{"type":"MultiPolygon","coordinates":[[[[-122.75154793117,49.21529666964],[-122.74702055309,49.21511084786],[-122.73398270561,49.21193665612],[-122.73419524503,49.20606786828],[-122.73434822054,49.19929817126],[-122.73434994297,49.19161442654],[-122.73429831023,49.18756676427],[-122.73433251842,49.18374369841],[-122.73437217429,49.1831170556],[-122.73435166539,49.18271837395],[-122.73439744989,49.17928525744],[-122.73441944088,49.17869883129],[-122.73440858558,49.17722235125],[-122.73445933708,49.17031397887],[-122.73642995325,49.17034538311],[-122.74111759711,49.17033088268],[-122.74128291,49.17571026105],[-122.74128258955,49.17725587849],[-122.74540259374,49.17725996424],[-122.7456319168,49.1772746249],[-122.7568669445,49.1773176455],[-122.75673712161,49.1846116812],[-122.75672173994,49.18657356507],[-122.7569111668,49.18678882833],[-122.75677525533,49.18701514716],[-122.75664951819,49.18793876834],[-122.75669914811,49.18849399053],[-122.75663333539,49.1917807809],[-122.75660858052,49.19401156358],[-122.75661322707,49.19477580022],[-122.75658638926,49.19576555457],[-122.75652866794,49.19913870661],[-122.75650423352,49.20254085949],[-122.75650319205,49.2036817067],[-122.75730055536,49.20464009686],[-122.7565050747,49.20644720268],[-122.75602567934,49.21231378741],[-122.7560319682,49.21289027956],[-122.75570610914,49.21489562466],[-122.75154793117,49.21529666964]]]]},"properties":{"a": "7.05442", "q": "00000", "t": "CT", "dw": "677", "hh": "668", "id": "9330188.05", "pop": "2380", "rgid": "59", "rpid": "59933", "ruid": "5915004", "rguid": "5915"}},{"type":"Feature","geometry":{"type":"MultiPolygon","coordinates":[[[[-122.71828667334,49.18582963704],[-122.7167784686,49.18409571432],[-122.71672739666,49.18359404758],[-122.71676296677,49.18122126485],[-122.71676236592,49.17745928504],[-122.71645809727,49.17694083466],[-122.71235952328,49.1758921573],[-122.71238580029,49.17503771358],[-122.71237170043,49.17036905646],[-122.73212713151,49.170317624],[-122.73445933708,49.17031397887],[-122.73440858558,49.17722235125],[-122.73441944088,49.17869883129],[-122.73439744989,49.17928525744],[-122.73435166539,49.18271837395],[-122.73437217429,49.1831170556],[-122.73433251842,49.18374369841],[-122.73429831023,49.18756676427],[-122.73434994297,49.19161442654],[-122.73434822054,49.19929817126],[-122.73419524503,49.20606786828],[-122.73398270561,49.21193665612],[-122.72915230063,49.20807349377],[-122.72567163713,49.20247588796],[-122.7241980011,49.19500039663],[-122.72406962024,49.19220690121],[-122.72216730029,49.18838223309],[-122.71828667334,49.18582963704]]]]},"properties":{"a": "4.24861", "q": "00000", "t": "CT", "dw": "327", "hh": "317", "id": "9330188.06", "pop": "1008", "rgid": "59", "rpid": "59933", "ruid": "5915004", "rguid": "5915"}},{"type":"Feature","geometry":{"type":"MultiPolygon","coordinates":[[[[-122.81237326076,49.22054346122],[-122.81101630911,49.21690096975],[-122.81080889691,49.21639874222],[-122.81018770178,49.21467992078],[-122.80943339914,49.21310181757],[-122.80892432196,49.21222017553],[-122.80817246275,49.21120017858],[-122.80711461247,49.21023045245],[-122.80551127372,49.20880376256],[-122.80325044871,49.2066855785],[-122.80186601835,49.20534416874],[-122.79957218684,49.20318268368],[-122.79761935573,49.20130976515],[-122.79840474217,49.20017292359],[-122.79915063297,49.19913994835],[-122.80051687771,49.19720814687],[-122.80117360289,49.19750804937],[-122.80092084681,49.19905586991],[-122.80438060085,49.19899578526],[-122.80859461748,49.19903884592],[-122.81264392206,49.19905446793],[-122.81270220417,49.20178014782],[-122.81275676102,49.20554028503],[-122.81293941835,49.20568144389],[-122.81462463245,49.20673176356],[-122.81498822467,49.2072259798],[-122.81545163752,49.20813530084],[-122.8150513536,49.20845655341],[-122.81455962086,49.20891556005],[-122.8142312783,49.20938377967],[-122.81403123648,49.20979708192],[-122.81396894873,49.21066474427],[-122.81402142266,49.21113548745],[-122.81431455562,49.21197775401],[-122.81490871265,49.21272777062],[-122.81521510429,49.21299342487],[-122.81621963946,49.21366260761],[-122.81662493043,49.21385812304],[-122.81697959007,49.21416231158],[-122.81715391565,49.21442055539],[-122.81714342087,49.21472254082],[-122.81713096332,49.21551930328],[-122.8172276996,49.21632692104],[-122.81721043528,49.21694391024],[-122.81714294019,49.21758881878],[-122.81722633768,49.21782635341],[-122.81717274218,49.2184351711],[-122.816465626,49.22084160124],[-122.81237326076,49.22054346122]]]]},"properties":{"a": "1.60173", "q": "01000", "t": "CT", "dw": "1115", "hh": "1058", "id": "9330189.03", "pop": "3145", "rgid": "59", "rpid": "59933", "ruid": "5915004", "rguid": "5915"}},{"type":"Feature","geometry":{"type":"MultiPolygon","coordinates":[[[[-122.8010051656,49.19183874255],[-122.80107438311,49.18637428433],[-122.80119996002,49.18090970593],[-122.80130827261,49.17727350332],[-122.8067849881,49.17730318513],[-122.81224576114,49.17731215777],[-122.81226586947,49.17911910336],[-122.81213628691,49.18084709773],[-122.81213079918,49.18149360852],[-122.81205369055,49.18456205129],[-122.81201123074,49.18854694513],[-122.81197021295,49.19050838837],[-122.81238836203,49.1907554965],[-122.8126033449,49.19122443713],[-122.81264704646,49.19181935524],[-122.80814810844,49.19182179868],[-122.8064458303,49.19186313692],[-122.80510538191,49.19182760686],[-122.8010051656,49.19183874255]]]]},"properties":{"a": "1.29664", "q": "01000", "t": "CT", "dw": "3440", "hh": "3282", "id": "9330189.05", "pop": "7150", "rgid": "59", "rpid": "59933", "ruid": "5915004", "rguid": "5915"}},{"type":"Feature","geometry":{"type":"MultiPolygon","coordinates":[[[[-122.81264704646,49.19181935524],[-122.8126033449,49.19122443713],[-122.81238836203,49.1907554965],[-122.81197021295,49.19050838837],[-122.81201123074,49.18854694513],[-122.81205369055,49.18456205129],[-122.81213079918,49.18149360852],[-122.81213628691,49.18084709773],[-122.81226586947,49.17911910336],[-122.81224576114,49.17731215777],[-122.81282681972,49.17729505368],[-122.82740383555,49.17736791632],[-122.82803676721,49.17723524942],[-122.82860232396,49.17688779994],[-122.83362387823,49.17883037661],[-122.83451557443,49.17913592706],[-122.83433952642,49.18452423802],[-122.83152624312,49.18454711024],[-122.83147461038,49.18764146951],[-122.83147144592,49.1885769474],[-122.83140543292,49.19185111999],[-122.82900925724,49.19181322661],[-122.82859178912,49.19184699418],[-122.82579204489,49.19183377556],[-122.82440933696,49.19181951547],[-122.82310205528,49.19182976991],[-122.81897087535,49.19183225341],[-122.81744740912,49.1918209575],[-122.81264704646,49.19181935524]]]]},"properties":{"a": "2.4147", "q": "01010", "t": "CT", "dw": "1005", "hh": "935", "id": "9330189.06", "pop": "2776", "rgid": "59", "rpid": "59933", "ruid": "5915004", "rguid": "5915"}},{"type":"Feature","geometry":{"type":"MultiPolygon","coordinates":[[[[-122.77744918037,49.1923710124],[-122.77815709767,49.19104153947],[-122.78132395908,49.19182119784],[-122.78973709135,49.19183677979],[-122.79397806595,49.19184443057],[-122.79825096553,49.19182952957],[-122.8010051656,49.19183874255],[-122.80099847617,49.19349387427],[-122.80097756672,49.19529292875],[-122.80092913849,49.196609143],[-122.80051687771,49.19720814687],[-122.79915063297,49.19913994835],[-122.79840474217,49.20017292359],[-122.79761935573,49.20130976515],[-122.79568054437,49.19942098427],[-122.79486267217,49.19864961759],[-122.79325857234,49.1973543929],[-122.79162807533,49.19643922362],[-122.79025257755,49.1958276821],[-122.78709709216,49.19483071759],[-122.78297853001,49.19372191553],[-122.78207181265,49.1935058912],[-122.77744918037,49.1923710124]]]]},"properties":{"a": "0.80672", "q": "00000", "t": "CT", "dw": "950", "hh": "912", "id": "9330189.07", "pop": "2376", "rgid": "59", "rpid": "59933", "ruid": "5915004", "rguid": "5915"}},{"type":"Feature","geometry":{"type":"MultiPolygon","coordinates":[[[[-122.80051687771,49.19720814687],[-122.80092913849,49.196609143],[-122.80097756672,49.19529292875],[-122.80099847617,49.19349387427],[-122.8010051656,49.19183874255],[-122.80510538191,49.19182760686],[-122.8064458303,49.19186313692],[-122.80814810844,49.19182179868],[-122.81264704646,49.19181935524],[-122.81249835699,49.19191833468],[-122.81256937704,49.19334230074],[-122.81261664363,49.19538433752],[-122.81263627128,49.19573915738],[-122.81264392206,49.19905446793],[-122.80859461748,49.19903884592],[-122.80438060085,49.19899578526],[-122.80092084681,49.19905586991],[-122.80117360289,49.19750804937],[-122.80051687771,49.19720814687]]]]},"properties":{"a": "0.67899", "q": "01010", "t": "CT", "dw": "2816", "hh": "2633", "id": "9330189.08", "pop": "6271", "rgid": "59", "rpid": "59933", "ruid": "5915004", "rguid": "5915"}},{"type":"Feature","geometry":{"type":"MultiPolygon","coordinates":[[[[-122.77815709767,49.19104153947],[-122.77865227526,49.19010738345],[-122.77869846033,49.18965726933],[-122.77880324795,49.18461108036],[-122.77880096473,49.18308845531],[-122.77884022004,49.18287587583],[-122.77894568862,49.17728916538],[-122.78251355496,49.17727282236],[-122.78480446235,49.17728219556],[-122.78732905895,49.17727786947],[-122.789990969,49.17726477101],[-122.78994242061,49.17930632712],[-122.78987756925,49.18460483155],[-122.78986338927,49.18723914272],[-122.78982076923,49.18828373432],[-122.78980162226,49.1895611339],[-122.78973709135,49.19183677979],[-122.78132395908,49.19182119784],[-122.77815709767,49.19104153947]]]]},"properties":{"a": "1.30166", "q": "00010", "t": "CT", "dw": "1278", "hh": "1217", "id": "9330189.09", "pop": "3992", "rgid": "59", "rpid": "59933", "ruid": "5915004", "rguid": "5915"}},{"type":"Feature","geometry":{"type":"MultiPolygon","coordinates":[[[[-122.78973709135,49.19183677979],[-122.78980162226,49.1895611339],[-122.78982076923,49.18828373432],[-122.78986338927,49.18723914272],[-122.78987756925,49.18460483155],[-122.78994242061,49.17930632712],[-122.789990969,49.17726477101],[-122.79563091445,49.17724750669],[-122.79693391009,49.17725904294],[-122.80130827261,49.17727350332],[-122.80119996002,49.18090970593],[-122.80107438311,49.18637428433],[-122.8010051656,49.19183874255],[-122.79825096553,49.19182952957],[-122.79397806595,49.19184443057],[-122.78973709135,49.19183677979]]]]},"properties":{"a": "1.3304", "q": "00010", "t": "CT", "dw": "1897", "hh": "1742", "id": "9330189.10", "pop": "5167", "rgid": "59", "rpid": "59933", "ruid": "5915004", "rguid": "5915"}},{"type":"Feature","geometry":{"type":"MultiPolygon","coordinates":[[[[-122.83140543292,49.19185111999],[-122.83147144592,49.1885769474],[-122.83147461038,49.18764146951],[-122.83152624312,49.18454711024],[-122.83433952642,49.18452423802],[-122.83451557443,49.17913592706],[-122.83450548021,49.17796784149],[-122.83458230845,49.17732834057],[-122.83768383782,49.17734167936],[-122.84210186185,49.17738381873],[-122.84426955566,49.17742275358],[-122.84557295186,49.17743344864],[-122.8455545259,49.18337029236],[-122.84552296143,49.18439794009],[-122.84553694113,49.1846206939],[-122.8454576294,49.18808381268],[-122.84534142569,49.19191545062],[-122.84420698752,49.19186277641],[-122.84329089694,49.19187687627],[-122.83959272703,49.19187996062],[-122.83854220708,49.19187030702],[-122.83424639522,49.1918642585],[-122.83140543292,49.19185111999]]]]},"properties":{"a": "1.47662", "q": "02010", "t": "CT", "dw": "2659", "hh": "2457", "id": "9330190.01", "pop": "5886", "rgid": "59", "rpid": "59933", "ruid": "5915004", "rguid": "5915"}},{"type":"Feature","geometry":{"type":"MultiPolygon","coordinates":[[[[-122.83419480254,49.19908739432],[-122.8329818137,49.19905631053],[-122.83116112875,49.19908302817],[-122.82974962025,49.19906015594],[-122.82847939077,49.19908451025],[-122.82704324756,49.19907693959],[-122.81264392206,49.19905446793],[-122.81263627128,49.19573915738],[-122.81261664363,49.19538433752],[-122.81256937704,49.19334230074],[-122.81249835699,49.19191833468],[-122.81264704646,49.19181935524],[-122.81744740912,49.1918209575],[-122.81897087535,49.19183225341],[-122.82310205528,49.19182976991],[-122.82440933696,49.19181951547],[-122.82579204489,49.19183377556],[-122.82859178912,49.19184699418],[-122.82900925724,49.19181322661],[-122.83140543292,49.19185111999],[-122.83424639522,49.1918642585],[-122.83854220708,49.19187030702],[-122.83959272703,49.19187996062],[-122.84329089694,49.19187687627],[-122.84420698752,49.19186277641],[-122.84534142569,49.19191545062],[-122.84537487281,49.1933081326],[-122.84535168014,49.19562171193],[-122.84539798537,49.19666253823],[-122.84570177334,49.19776296849],[-122.84617796419,49.19915797375],[-122.84245820386,49.19913498136],[-122.8370224661,49.19909148007],[-122.83419480254,49.19908739432]]]]},"properties":{"a": "1.9301", "q": "01010", "t": "CT", "dw": "1778", "hh": "1608", "id": "9330190.03", "pop": "4638", "rgid": "59", "rpid": "59933", "ruid": "5915004", "rguid": "5915"}},{"type":"Feature","geometry":{"type":"MultiPolygon","coordinates":[[[[-122.81714342087,49.21472254082],[-122.81715391565,49.21442055539],[-122.81697959007,49.21416231158],[-122.81662493043,49.21385812304],[-122.81621963946,49.21366260761],[-122.81521510429,49.21299342487],[-122.81490871265,49.21272777062],[-122.81431455562,49.21197775401],[-122.81402142266,49.21113548745],[-122.81396894873,49.21066474427],[-122.81403123648,49.20979708192],[-122.8142312783,49.20938377967],[-122.81455962086,49.20891556005],[-122.8150513536,49.20845655341],[-122.81545163752,49.20813530084],[-122.81498822467,49.2072259798],[-122.81462463245,49.20673176356],[-122.81293941835,49.20568144389],[-122.81275676102,49.20554028503],[-122.81270220417,49.20178014782],[-122.81264392206,49.19905446793],[-122.82704324756,49.19907693959],[-122.82847939077,49.19908451025],[-122.82974962025,49.19906015594],[-122.83116112875,49.19908302817],[-122.8329818137,49.19905631053],[-122.83419480254,49.19908739432],[-122.83418835345,49.20099444093],[-122.83419756643,49.20251362112],[-122.83426494135,49.2027396195],[-122.8344378249,49.20294054256],[-122.83620920038,49.20426260506],[-122.83732649441,49.20515502228],[-122.83831600842,49.20597641945],[-122.83883642156,49.20630824692],[-122.83988169412,49.20632767429],[-122.84516718022,49.20637986782],[-122.84519193509,49.20725241705],[-122.84518937148,49.20804401223],[-122.84516097147,49.20833185774],[-122.84521064144,49.21002300019],[-122.84519057317,49.21203791877],[-122.84332037848,49.21182774268],[-122.83685715321,49.2117745878],[-122.83555291582,49.21175475986],[-122.83427595687,49.21175295733],[-122.83422516531,49.21280331705],[-122.83425608888,49.21360592776],[-122.83254251482,49.21371460085],[-122.82921518735,49.21410230705],[-122.82796774998,49.21398654396],[-122.82756814703,49.21391099753],[-122.82643286767,49.21433551559],[-122.82504270924,49.21483333691],[-122.82457012347,49.2146704274],[-122.82312604908,49.2145966034],[-122.82104363542,49.21457569394],[-122.81714342087,49.21472254082]]]]},"properties":{"a": "3.06923", "q": "01000", "t": "CT", "dw": "2217", "hh": "2057", "id": "9330190.04", "pop": "5928", "rgid": "59", "rpid": "59933", "ruid": "5915004", "rguid": "5915"}},{"type":"Feature","geometry":{"type":"MultiPolygon","coordinates":[[[[-122.83419480254,49.19908739432],[-122.8370224661,49.19909148007],[-122.84245820386,49.19913498136],[-122.84617796419,49.19915797375],[-122.84644093466,49.19969396885],[-122.84725856652,49.20037376653],[-122.84573165544,49.20143317901],[-122.84518091957,49.20179941496],[-122.84516217316,49.20283206975],[-122.84515908882,49.20452677722],[-122.84514222506,49.20555222185],[-122.84516718022,49.20637986782],[-122.83988169412,49.20632767429],[-122.83883642156,49.20630824692],[-122.83831600842,49.20597641945],[-122.83732649441,49.20515502228],[-122.83620920038,49.20426260506],[-122.8344378249,49.20294054256],[-122.83426494135,49.2027396195],[-122.83419756643,49.20251362112],[-122.83418835345,49.20099444093],[-122.83419480254,49.19908739432]]]]},"properties":{"a": "0.6011", "q": "01010", "t": "CT", "dw": "610", "hh": "558", "id": "9330190.05", "pop": "1618", "rgid": "59", "rpid": "59933", "ruid": "5915004", "rguid": "5915"}},{"type":"Feature","geometry":{"type":"MultiPolygon","coordinates":[[[[-122.84516718022,49.20637986782],[-122.84514222506,49.20555222185],[-122.84515908882,49.20452677722],[-122.84516217316,49.20283206975],[-122.84518091957,49.20179941496],[-122.84573165544,49.20143317901],[-122.84725856652,49.20037376653],[-122.84644093466,49.19969396885],[-122.84617796419,49.19915797375],[-122.84570177334,49.19776296849],[-122.84539798537,49.19666253823],[-122.84535168014,49.19562171193],[-122.84537487281,49.1933081326],[-122.84534142569,49.19191545062],[-122.84753515618,49.19189237811],[-122.85037283385,49.19190431493],[-122.85659007257,49.19191220605],[-122.85790764875,49.19192274089],[-122.8633974627,49.19194733554],[-122.86611497107,49.19196852539],[-122.86777563058,49.1919704481],[-122.86774779136,49.19389748287],[-122.86775396005,49.19468302953],[-122.86771510531,49.19925663274],[-122.86754602712,49.19933570413],[-122.86744856982,49.20116123591],[-122.86829996926,49.20305382215],[-122.86803856099,49.20336065441],[-122.86750372753,49.20435617688],[-122.86742057038,49.20501246144],[-122.86746695572,49.20514436727],[-122.86749615686,49.20654830511],[-122.86576271482,49.2067089314],[-122.86326667845,49.20714670813],[-122.86131384734,49.2075622936],[-122.85916289712,49.20754811362],[-122.85721114753,49.20689499352],[-122.85605183431,49.20626538654],[-122.85325901985,49.20444746549],[-122.85193871984,49.20541514874],[-122.85181166084,49.20559067602],[-122.85185311924,49.20643674795],[-122.84805004154,49.20641067121],[-122.84516718022,49.20637986782]]]]},"properties":{"a": "2.62251", "q": "01010", "t": "CT", "dw": "3586", "hh": "3221", "id": "9330191.02", "pop": "7846", "rgid": "59", "rpid": "59933", "ruid": "5915004", "rguid": "5915"}},{"type":"Feature","geometry":{"type":"MultiPolygon","coordinates":[[[[-122.85659007257,49.19191220605],[-122.85659515974,49.19014006949],[-122.85661502773,49.18806222226],[-122.85664691265,49.18649705729],[-122.85666573917,49.18476093146],[-122.85679692398,49.18208047529],[-122.85700217313,49.17752013076],[-122.85949636691,49.17751207942],[-122.86157673769,49.17752457702],[-122.86397235259,49.17751055727],[-122.86807485212,49.17750631129],[-122.86796313473,49.17822584496],[-122.86791670933,49.18019574011],[-122.86793850003,49.18126280337],[-122.86788294176,49.18258847094],[-122.86786351439,49.18476533767],[-122.86787144556,49.18839248753],[-122.867825621,49.18847328135],[-122.86780791606,49.1901444757],[-122.86777563058,49.1919704481],[-122.86611497107,49.19196852539],[-122.8633974627,49.19194733554],[-122.85790764875,49.19192274089],[-122.85659007257,49.19191220605]]]]},"properties":{"a": "1.30449", "q": "01020", "t": "CT", "dw": "1627", "hh": "1484", "id": "9330191.03", "pop": "4904", "rgid": "59", "rpid": "59933", "ruid": "5915004", "rguid": "5915"}},{"type":"Feature","geometry":{"type":"MultiPolygon","coordinates":[[[[-122.84534142569,49.19191545062],[-122.8454576294,49.18808381268],[-122.84553694113,49.1846206939],[-122.84552296143,49.18439794009],[-122.8455545259,49.18337029236],[-122.84557295186,49.17743344864],[-122.85133542993,49.17750398802],[-122.85354193842,49.17751989042],[-122.85700217313,49.17752013076],[-122.85679692398,49.18208047529],[-122.85666573917,49.18476093146],[-122.85664691265,49.18649705729],[-122.85661502773,49.18806222226],[-122.85659515974,49.19014006949],[-122.85659007257,49.19191220605],[-122.85037283385,49.19190431493],[-122.84753515618,49.19189237811],[-122.84534142569,49.19191545062]]]]},"properties":{"a": "1.31175", "q": "01010", "t": "CT", "dw": "2254", "hh": "2092", "id": "9330191.04", "pop": "4577", "rgid": "59", "rpid": "59933", "ruid": "5915004", "rguid": "5915"}},{"type":"Feature","geometry":{"type":"MultiPolygon","coordinates":[[[[-122.87621035326,49.22017642415],[-122.86673760823,49.22107605153],[-122.84921540328,49.22030372348],[-122.82681660827,49.22115828738],[-122.82614410086,49.22112079456],[-122.81706410914,49.22085890561],[-122.816465626,49.22084160124],[-122.81717274218,49.2184351711],[-122.81722633768,49.21782635341],[-122.81714294019,49.21758881878],[-122.81721043528,49.21694391024],[-122.8172276996,49.21632692104],[-122.81713096332,49.21551930328],[-122.81714342087,49.21472254082],[-122.82104363542,49.21457569394],[-122.82312604908,49.2145966034],[-122.82457012347,49.2146704274],[-122.82504270924,49.21483333691],[-122.82643286767,49.21433551559],[-122.82756814703,49.21391099753],[-122.82796774998,49.21398654396],[-122.82921518735,49.21410230705],[-122.83254251482,49.21371460085],[-122.83425608888,49.21360592776],[-122.83422516531,49.21280331705],[-122.83427595687,49.21175295733],[-122.83555291582,49.21175475986],[-122.83685715321,49.2117745878],[-122.84332037848,49.21182774268],[-122.84519057317,49.21203791877],[-122.84521064144,49.21002300019],[-122.84516097147,49.20833185774],[-122.84518937148,49.20804401223],[-122.84519193509,49.20725241705],[-122.84516718022,49.20637986782],[-122.84805004154,49.20641067121],[-122.85185311924,49.20643674795],[-122.85181166084,49.20559067602],[-122.85193871984,49.20541514874],[-122.85325901985,49.20444746549],[-122.85605183431,49.20626538654],[-122.85721114753,49.20689499352],[-122.85916289712,49.20754811362],[-122.86131384734,49.2075622936],[-122.86326667845,49.20714670813],[-122.86576271482,49.2067089314],[-122.86749615686,49.20654830511],[-122.86746695572,49.20514436727],[-122.86742057038,49.20501246144],[-122.86750372753,49.20435617688],[-122.86803856099,49.20336065441],[-122.86829996926,49.20305382215],[-122.86744856982,49.20116123591],[-122.86754602712,49.19933570413],[-122.86771510531,49.19925663274],[-122.86820896105,49.19963560663],[-122.86870986671,49.19981085351],[-122.86922655461,49.19976867409],[-122.87004522794,49.1995161183],[-122.87157970969,49.19881000353],[-122.87388171271,49.19793220691],[-122.87438962826,49.19777754903],[-122.87436299073,49.19759092612],[-122.87459888305,49.19661066515],[-122.87483361373,49.19602620177],[-122.87530231403,49.19525315271],[-122.87566005801,49.19486672832],[-122.8763342478,49.19424677494],[-122.87736638185,49.19311449982],[-122.87795833578,49.19241343216],[-122.87827534238,49.19184707429],[-122.87867594674,49.1909470864],[-122.87953179244,49.18875403688],[-122.88008236808,49.18810700535],[-122.88059088447,49.18777465715],[-122.8810012626,49.18759540462],[-122.88172263886,49.18728176276],[-122.882835046,49.18722844766],[-122.88596173082,49.18719896612],[-122.887216138,49.18721502875],[-122.88719294533,49.1874308528],[-122.88996469011,49.18740705928],[-122.89027957371,49.18748565],[-122.8902679974,49.18733099212],[-122.89077587289,49.18709517991],[-122.89189312686,49.18699135364],[-122.8929875086,49.18699235505],[-122.89394077154,49.18685948787],[-122.89540899995,49.18645583922],[-122.89662615466,49.18595164893],[-122.89781454884,49.18558240875],[-122.9007430745,49.18483427479],[-122.90256111572,49.18430128392],[-122.90369246955,49.18395223218],[-122.90637288567,49.18295891281],[-122.90791233442,49.18208620336],[-122.90892932714,49.18131071086],[-122.91141570991,49.17919384866],[-122.91295343622,49.17794540989],[-122.91368326439,49.17718954504],[-122.91416113761,49.17694844538],[-122.91590635624,49.17725407595],[-122.91752776045,49.17717300173],[-122.9200277624,49.17722695774],[-122.92337740131,49.17722807932],[-122.91762233368,49.18747499499],[-122.91392792907,49.19224980164],[-122.91208196852,49.19620693638],[-122.90904729332,49.19715306928],[-122.90709554374,49.19857459189],[-122.90453045008,49.20068276184],[-122.90221134297,49.20238287693],[-122.89482866238,49.20785029933],[-122.8942572574,49.20850714469],[-122.88547368326,49.21759010058],[-122.88122093207,49.21973171765],[-122.87621035326,49.22017642415]]]]},"properties":{"a": "13.42764", "q": "01020", "t": "CT", "dw": "1651", "hh": "1430", "id": "9330192.00", "pop": "3908", "rgid": "59", "rpid": "59933", "ruid": "5915004", "rguid": "5915"}},{"type":"Feature","geometry":{"type":"MultiPolygon","coordinates":[[[[-122.91923116016,49.19525791942],[-122.92382547255,49.19096975834],[-122.92703086825,49.18878712349],[-122.93206235651,49.18659034871],[-122.93243624324,49.18623608964],[-122.93323412728,49.18560656277],[-122.93449173898,49.18474070297],[-122.93601504499,49.18318847622],[-122.93888168345,49.18180280411],[-122.94517583053,49.17943186397],[-122.94736916045,49.17887159468],[-122.95007673483,49.17757164333],[-122.95232962867,49.17682298864],[-122.955027229,49.17602474409],[-122.95696267562,49.17554534872],[-122.95713579951,49.17544244375],[-122.95738414938,49.17656638714],[-122.95731833667,49.17872394667],[-122.95731477164,49.18205764312],[-122.9573419299,49.18231011881],[-122.95726522184,49.18475560396],[-122.95723738262,49.18746714393],[-122.95741551357,49.18790944703],[-122.95752999485,49.18983035317],[-122.95743462049,49.19055765778],[-122.95108098961,49.19451270959],[-122.94970240749,49.19513398483],[-122.94691239697,49.19635410371],[-122.94619710929,49.19681082713],[-122.94362260237,49.19813561347],[-122.93599209265,49.19746322622],[-122.92363332185,49.19728401375],[-122.92085825238,49.19724712178],[-122.91923116016,49.19525791942]]]]},"properties":{"a": "4.01952", "q": "01010", "t": "CT", "dw": "1871", "hh": "1765", "id": "9330200.00", "pop": "5502", "rgid": "59", "rpid": "59933", "ruid": "5915029", "rguid": "5915"}},{"type":"Feature","geometry":{"type":"MultiPolygon","coordinates":[[[[-122.95210074622,49.20605092441],[-122.9508249489,49.20497993562],[-122.94934746745,49.2038072035],[-122.94839712864,49.20303595698],[-122.94642182587,49.20157778273],[-122.94592035941,49.20119239981],[-122.9449267997,49.20047062298],[-122.9442191628,49.19986697257],[-122.94389554689,49.19973939284],[-122.94372038012,49.19954964553],[-122.94324611198,49.19922707109],[-122.94362260237,49.19813561347],[-122.94619710929,49.19681082713],[-122.94691239697,49.19635410371],[-122.94970240749,49.19513398483],[-122.95108098961,49.19451270959],[-122.9517907495,49.19511539864],[-122.95268156447,49.19576823835],[-122.95285789288,49.19593250978],[-122.95344584117,49.19631596999],[-122.95397530707,49.19688709458],[-122.95534051034,49.19797014035],[-122.95578581768,49.19835648463],[-122.95796488752,49.19988275481],[-122.96019354721,49.20162532971],[-122.95861376164,49.20253633312],[-122.95586420812,49.20397451921],[-122.95385894314,49.20507114411],[-122.95271092583,49.20572935138],[-122.95240060866,49.2059502626],[-122.95245019852,49.20609210242],[-122.95223713837,49.20617389765],[-122.95210074622,49.20605092441]]]]},"properties":{"a": "0.8048", "q": "01020", "t": "CT", "dw": "651", "hh": "614", "id": "9330201.00", "pop": "1738", "rgid": "59", "rpid": "59933", "ruid": "5915029", "rguid": "5915"}},{"type":"Feature","geometry":{"type":"MultiPolygon","coordinates":[[[[-122.92696513565,49.20496731784],[-122.92496311524,49.2034098437],[-122.92301625253,49.20184339692],[-122.91937524315,49.20381084863],[-122.91752443576,49.20233436859],[-122.91679608968,49.20273865815],[-122.91469388814,49.2038704526],[-122.91314017931,49.20267817294],[-122.91274710555,49.20234878891],[-122.911109839,49.20103573911],[-122.91060236408,49.2009460127],[-122.90940812165,49.20002407389],[-122.90709554374,49.19857459189],[-122.90904729332,49.19715306928],[-122.91208196852,49.19620693638],[-122.91392792907,49.19224980164],[-122.91923116016,49.19525791942],[-122.92085825238,49.19724712178],[-122.92363332185,49.19728401375],[-122.93599209265,49.19746322622],[-122.94362260237,49.19813561347],[-122.94324611198,49.19922707109],[-122.94372038012,49.19954964553],[-122.94389554689,49.19973939284],[-122.9442191628,49.19986697257],[-122.9449267997,49.20047062298],[-122.94417506067,49.20070767694],[-122.94310988006,49.20136604444],[-122.9421415559,49.20177181608],[-122.94143347838,49.20204415975],[-122.94044921176,49.20256433256],[-122.93708375056,49.20437059719],[-122.93485805504,49.2055927189],[-122.93362167325,49.20625765565],[-122.9331582604,49.20648785995],[-122.93135792412,49.20748182023],[-122.93064035322,49.20785710893],[-122.92893979751,49.20649771384],[-122.92696513565,49.20496731784]]]]},"properties":{"a": "2.01541", "q": "01010", "t": "CT", "dw": "3839", "hh": "3539", "id": "9330202.00", "pop": "6833", "rgid": "59", "rpid": "59933", "ruid": "5915029", "rguid": "5915"}},{"type":"Feature","geometry":{"type":"MultiPolygon","coordinates":[[[[-122.93064035322,49.20785710893],[-122.93135792412,49.20748182023],[-122.9331582604,49.20648785995],[-122.93362167325,49.20625765565],[-122.93485805504,49.2055927189],[-122.93708375056,49.20437059719],[-122.94044921176,49.20256433256],[-122.94143347838,49.20204415975],[-122.9421415559,49.20177181608],[-122.94310988006,49.20136604444],[-122.94417506067,49.20070767694],[-122.9449267997,49.20047062298],[-122.94592035941,49.20119239981],[-122.94642182587,49.20157778273],[-122.94839712864,49.20303595698],[-122.94934746745,49.2038072035],[-122.9508249489,49.20497993562],[-122.95210074622,49.20605092441],[-122.94781498853,49.20833390062],[-122.94258085478,49.21116484881],[-122.9402588636,49.212432034],[-122.93955819651,49.21283644372],[-122.93797813055,49.21367218109],[-122.93519372793,49.21146679418],[-122.93423349517,49.21071966164],[-122.93374873225,49.21036744544],[-122.93328720205,49.20996355645],[-122.93151057918,49.20853646599],[-122.93064035322,49.20785710893]]]]},"properties":{"a": "1.11368", "q": "01010", "t": "CT", "dw": "1675", "hh": "1564", "id": "9330203.00", "pop": "4398", "rgid": "59", "rpid": "59933", "ruid": "5915029", "rguid": "5915"}},{"type":"Feature","geometry":{"type":"MultiPolygon","coordinates":[[[[-122.92119913261,49.20906120524],[-122.92049349852,49.20843524339],[-122.91956106493,49.20773297405],[-122.91739990032,49.20605340791],[-122.91706566946,49.20576115619],[-122.91469388814,49.2038704526],[-122.91679608968,49.20273865815],[-122.91752443576,49.20233436859],[-122.91937524315,49.20381084863],[-122.92301625253,49.20184339692],[-122.92496311524,49.2034098437],[-122.92696513565,49.20496731784],[-122.92616905414,49.20536079216],[-122.92563241814,49.20569510313],[-122.92600318046,49.20602272468],[-122.92656493185,49.2064242904],[-122.92688750628,49.20670744931],[-122.9245577041,49.20794991968],[-122.92326376122,49.20860159775],[-122.92300611826,49.20833798638],[-122.92119913261,49.20906120524]]]]},"properties":{"a": "0.39476", "q": "02020", "t": "CT", "dw": "2435", "hh": "2312", "id": "9330204.01", "pop": "4326", "rgid": "59", "rpid": "59933", "ruid": "5915029", "rguid": "5915"}},{"type":"Feature","geometry":{"type":"MultiPolygon","coordinates":[[[[-122.92237206501,49.20994777422],[-122.92119913261,49.20906120524],[-122.92300611826,49.20833798638],[-122.92326376122,49.20860159775],[-122.9245577041,49.20794991968],[-122.92688750628,49.20670744931],[-122.92656493185,49.2064242904],[-122.92600318046,49.20602272468],[-122.92563241814,49.20569510313],[-122.92616905414,49.20536079216],[-122.92696513565,49.20496731784],[-122.92893979751,49.20649771384],[-122.93064035322,49.20785710893],[-122.93151057918,49.20853646599],[-122.93328720205,49.20996355645],[-122.93374873225,49.21036744544],[-122.93423349517,49.21071966164],[-122.93519372793,49.21146679418],[-122.93797813055,49.21367218109],[-122.93613693671,49.21465164094],[-122.9315611304,49.21712280226],[-122.93057341893,49.21639357494],[-122.9296956223,49.21570039841],[-122.92780279573,49.21424202388],[-122.92725522432,49.21383921641],[-122.92680166535,49.21344978779],[-122.92415473641,49.21136120543],[-122.92324589605,49.21066494455],[-122.92237206501,49.20994777422]]]]},"properties":{"a": "0.7059", "q": "01010", "t": "CT", "dw": "2722", "hh": "2580", "id": "9330204.02", "pop": "5236", "rgid": "59", "rpid": "59933", "ruid": "5915029", "rguid": "5915"}},{"type":"Feature","geometry":{"type":"MultiPolygon","coordinates":[[[[-122.90848257776,49.20722097275],[-122.91098374136,49.20588264734],[-122.91469388814,49.2038704526],[-122.91706566946,49.20576115619],[-122.91739990032,49.20605340791],[-122.91956106493,49.20773297405],[-122.92049349852,49.20843524339],[-122.92119913261,49.20906120524],[-122.92237206501,49.20994777422],[-122.92011841011,49.21116056277],[-122.91621547172,49.21331664021],[-122.91425462932,49.21176797849],[-122.91232138581,49.21026434019],[-122.91172758928,49.20983064921],[-122.91133419507,49.20949004938],[-122.91037436288,49.20873370386],[-122.90848257776,49.20722097275]]]]},"properties":{"a": "0.51389", "q": "02021", "t": "CT", "dw": "2360", "hh": "2211", "id": "9330205.01", "pop": "3944", "rgid": "59", "rpid": "59933", "ruid": "5915029", "rguid": "5915"}},{"type":"Feature","geometry":{"type":"MultiPolygon","coordinates":[[[[-122.91621547172,49.21331664021],[-122.92011841011,49.21116056277],[-122.92237206501,49.20994777422],[-122.92324589605,49.21066494455],[-122.92415473641,49.21136120543],[-122.92680166535,49.21344978779],[-122.92725522432,49.21383921641],[-122.92780279573,49.21424202388],[-122.9296956223,49.21570039841],[-122.93057341893,49.21639357494],[-122.9315611304,49.21712280226],[-122.92784497515,49.21908745002],[-122.92525316385,49.22048309618],[-122.92315468756,49.21882656249],[-122.92161860355,49.21758421229],[-122.92064483172,49.21682790682],[-122.91883464156,49.21536043948],[-122.91621547172,49.21331664021]]]]},"properties":{"a": "0.60734", "q": "01011", "t": "CT", "dw": "2971", "hh": "2844", "id": "9330205.02", "pop": "5039", "rgid": "59", "rpid": "59933", "ruid": "5915029", "rguid": "5915"}},{"type":"Feature","geometry":{"type":"MultiPolygon","coordinates":[[[[-122.90221134297,49.20238287693],[-122.90453045008,49.20068276184],[-122.90709554374,49.19857459189],[-122.90940812165,49.20002407389],[-122.91060236408,49.2009460127],[-122.911109839,49.20103573911],[-122.91274710555,49.20234878891],[-122.91314017931,49.20267817294],[-122.91469388814,49.2038704526],[-122.91098374136,49.20588264734],[-122.90848257776,49.20722097275],[-122.9080303006,49.20684279999],[-122.90694697443,49.20601371198],[-122.90585820059,49.20520477237],[-122.90539819254,49.20482571836],[-122.90507261387,49.20501326257],[-122.90487577657,49.20483445066],[-122.90450088843,49.20500865608],[-122.9040795749,49.20468732339],[-122.90411093908,49.20420175934],[-122.90375824221,49.20387690169],[-122.9022971839,49.20280667397],[-122.90221134297,49.20238287693]]]]},"properties":{"a": "0.44545", "q": "02020", "t": "CT", "dw": "1109", "hh": "1035", "id": "9330206.00", "pop": "1893", "rgid": "59", "rpid": "59933", "ruid": "5915029", "rguid": "5915"}},{"type":"Feature","geometry":{"type":"MultiPolygon","coordinates":[[[[-122.89482866238,49.20785029933],[-122.90221134297,49.20238287693],[-122.9022971839,49.20280667397],[-122.90375824221,49.20387690169],[-122.90411093908,49.20420175934],[-122.9040795749,49.20468732339],[-122.90450088843,49.20500865608],[-122.90487577657,49.20483445066],[-122.90507261387,49.20501326257],[-122.90539819254,49.20482571836],[-122.90585820059,49.20520477237],[-122.90694697443,49.20601371198],[-122.9080303006,49.20684279999],[-122.90848257776,49.20722097275],[-122.90540412089,49.20888267372],[-122.9021604713,49.21066097897],[-122.9012532332,49.21113696953],[-122.89912279187,49.21230449432],[-122.89776568,49.21125089002],[-122.89840754425,49.21005136015],[-122.89889519123,49.20942579887],[-122.89826886888,49.20911432006],[-122.89482866238,49.20785029933]]]]},"properties":{"a": "0.49863", "q": "02020", "t": "CT", "dw": "1483", "hh": "1366", "id": "9330207.00", "pop": "2394", "rgid": "59", "rpid": "59933", "ruid": "5915029", "rguid": "5915"}},{"type":"Feature","geometry":{"type":"MultiPolygon","coordinates":[[[[-122.89912279187,49.21230449432],[-122.9012532332,49.21113696953],[-122.9021604713,49.21066097897],[-122.90540412089,49.20888267372],[-122.90848257776,49.20722097275],[-122.91037436288,49.20873370386],[-122.91133419507,49.20949004938],[-122.91172758928,49.20983064921],[-122.91232138581,49.21026434019],[-122.91425462932,49.21176797849],[-122.91621547172,49.21331664021],[-122.91883464156,49.21536043948],[-122.92064483172,49.21682790682],[-122.92161860355,49.21758421229],[-122.92315468756,49.21882656249],[-122.92525316385,49.22048309618],[-122.92154209577,49.22248659868],[-122.91755596017,49.22461563803],[-122.91604923753,49.22430063426],[-122.91380808023,49.22378542845],[-122.91342397912,49.22355121849],[-122.91217590085,49.2226237519],[-122.9102010387,49.2210929954],[-122.90851438257,49.21975142542],[-122.90561986483,49.21747698122],[-122.90544433755,49.21736746694],[-122.90435616455,49.2164528184],[-122.90340001755,49.21570836964],[-122.89912279187,49.21230449432]]]]},"properties":{"a": "1.67725", "q": "01010", "t": "CT", "dw": "2648", "hh": "2541", "id": "9330208.00", "pop": "5853", "rgid": "59", "rpid": "59933", "ruid": "5915029", "rguid": "5915"}},{"type":"Feature","geometry":{"type":"MultiPolygon","coordinates":[[[[-122.88122093207,49.21973171765],[-122.88547368326,49.21759010058],[-122.8942572574,49.20850714469],[-122.89482866238,49.20785029933],[-122.89826886888,49.20911432006],[-122.89889519123,49.20942579887],[-122.89840754425,49.21005136015],[-122.89776568,49.21125089002],[-122.89912279187,49.21230449432],[-122.90340001755,49.21570836964],[-122.90435616455,49.2164528184],[-122.90544433755,49.21736746694],[-122.90561986483,49.21747698122],[-122.90851438257,49.21975142542],[-122.9102010387,49.2210929954],[-122.91217590085,49.2226237519],[-122.91342397912,49.22355121849],[-122.91380808023,49.22378542845],[-122.91604923753,49.22430063426],[-122.91755596017,49.22461563803],[-122.91695307084,49.22493528835],[-122.91224972485,49.22744530441],[-122.9119746974,49.22763208755],[-122.90940391573,49.22895427021],[-122.90607658825,49.23077763894],[-122.90522410729,49.2312267917],[-122.90149777771,49.23325653116],[-122.8999439487,49.23404676442],[-122.89841747824,49.23486407584],[-122.89847644131,49.23292109861],[-122.89847864441,49.23185972336],[-122.89863426364,49.2296739641],[-122.89873520585,49.22729028602],[-122.89873825014,49.22580607509],[-122.89876657003,49.22538331952],[-122.89874213561,49.2238991086],[-122.89876232405,49.2206788119],[-122.89604345376,49.22064933037],[-122.89464272043,49.22064812868],[-122.89331068388,49.22062890159],[-122.89188423433,49.22072559781],[-122.89203584792,49.21995611378],[-122.89202479234,49.21959304229],[-122.8917912233,49.219276957],[-122.89160484072,49.21913251351],[-122.89135512893,49.21911749234],[-122.88918391016,49.22066675492],[-122.88371540624,49.22019941654],[-122.88122093207,49.21973171765]]]]},"properties":{"a": "2.59918", "q": "01000", "t": "CT", "dw": "2772", "hh": "2673", "id": "9330209.00", "pop": "6718", "rgid": "59", "rpid": "59933", "ruid": "5915029", "rguid": "5915"}},{"type":"Feature","geometry":{"type":"MultiPolygon","coordinates":[[[[-122.89268800667,49.23833011873],[-122.8923247349,49.23828573621],[-122.8921188849,49.2381686112],[-122.89141982007,49.23750227248],[-122.89099506168,49.2369891496],[-122.89050148634,49.23656591335],[-122.89014466365,49.23643064279],[-122.88877088831,49.23643825351],[-122.88754872655,49.23620328249],[-122.88639534168,49.23602222742],[-122.88575007264,49.23586865106],[-122.88465176536,49.2355437133],[-122.88337524703,49.23511070328],[-122.88296342686,49.23503832131],[-122.88256498555,49.23503792075],[-122.88231763708,49.2351185944],[-122.88197427336,49.23509131597],[-122.88163106986,49.23498292327],[-122.88108169591,49.23494643186],[-122.88057410082,49.23467609101],[-122.88039629033,49.23434302179],[-122.88017698137,49.23417194077],[-122.87994225069,49.23412114922],[-122.87941290495,49.23380141879],[-122.87833362448,49.23335563077],[-122.87765478815,49.23319961097],[-122.87714354793,49.23295202217],[-122.87633532932,49.23234184256],[-122.87543017416,49.23176523024],[-122.87516980736,49.23151295484],[-122.87507435288,49.23124305461],[-122.87521138593,49.2308649219],[-122.87576388428,49.23047172798],[-122.87612851797,49.23025117727],[-122.87635071099,49.23005838567],[-122.87640462695,49.22895611281],[-122.87619969825,49.22863998746],[-122.87619869684,49.22655769396],[-122.87622745735,49.22530304644],[-122.87621035326,49.22017642415],[-122.88122093207,49.21973171765],[-122.88371540624,49.22019941654],[-122.88918391016,49.22066675492],[-122.89135512893,49.21911749234],[-122.89160484072,49.21913251351],[-122.8917912233,49.219276957],[-122.89202479234,49.21959304229],[-122.89203584792,49.21995611378],[-122.89188423433,49.22072559781],[-122.89331068388,49.22062890159],[-122.89464272043,49.22064812868],[-122.89604345376,49.22064933037],[-122.89876232405,49.2206788119],[-122.89874213561,49.2238991086],[-122.89876657003,49.22538331952],[-122.89873825014,49.22580607509],[-122.89873520585,49.22729028602],[-122.89863426364,49.2296739641],[-122.89847864441,49.23185972336],[-122.89847644131,49.23292109861],[-122.89841747824,49.23486407584],[-122.89777365123,49.23521280712],[-122.89720753369,49.23543872539],[-122.89557198957,49.23586893146],[-122.89552956981,49.23641758439],[-122.89485666183,49.23635249269],[-122.8945917286,49.23817085436],[-122.89403073828,49.23814950429],[-122.89405337017,49.23748224426],[-122.8935888758,49.23745672832],[-122.89356768594,49.23763634135],[-122.89336724356,49.23763449876],[-122.89337068842,49.23813740724],[-122.89268996943,49.23811886112],[-122.89268800667,49.23833011873]]]]},"properties":{"a": "2.80604", "q": "01020", "t": "CT", "dw": "2134", "hh": "2005", "id": "9330210.00", "pop": "4675", "rgid": "59", "rpid": "59933", "ruid": "5915029", "rguid": "5915"}},{"type":"Feature","geometry":{"type":"MultiPolygon","coordinates":[[[[-123.01219172126,49.2091186061],[-123.00480539555,49.20908315616],[-123.00370488517,49.20885038824],[-123.00054543419,49.2083240868],[-122.99996345431,49.20819530537],[-122.99869955375,49.20800043084],[-122.99802296058,49.20794987962],[-122.99765432125,49.20789091655],[-122.99694251847,49.2078609944],[-122.99428385299,49.20758620729],[-122.99276431229,49.20730553188],[-122.99142907123,49.20711918936],[-122.98842652129,49.20704973151],[-122.98678605023,49.20683530944],[-122.98539909632,49.20668457709],[-122.98210954205,49.20650993105],[-122.98082096673,49.20628413295],[-122.97813033622,49.20569001597],[-122.97699357477,49.20549414002],[-122.9759064833,49.20537469174],[-122.97430486697,49.20521955319],[-122.97284080443,49.20514576924],[-122.97155479272,49.20503184875],[-122.96974400171,49.20470302551],[-122.96850753981,49.20446444941],[-122.96621595146,49.20395593302],[-122.96470546351,49.20348286658],[-122.9619089238,49.20242433534],[-122.96078109494,49.20125973467],[-122.96019354721,49.20162532971],[-122.95796488752,49.19988275481],[-122.95578581768,49.19835648463],[-122.95534051034,49.19797014035],[-122.95397530707,49.19688709458],[-122.95344584117,49.19631596999],[-122.95285789288,49.19593250978],[-122.95268156447,49.19576823835],[-122.9517907495,49.19511539864],[-122.95108098961,49.19451270959],[-122.95743462049,49.19055765778],[-122.96084210088,49.18866951781],[-122.96518666142,49.18680148616],[-122.96795780535,49.18415708077],[-122.96974127787,49.18212209392],[-122.97294014438,49.18091787744],[-122.97818405189,49.18032468176],[-122.98022512732,49.18083992763],[-122.98258997888,49.1814368085],[-122.9864220975,49.18283746172],[-122.98763676871,49.18358972149],[-122.98978723825,49.18476473683],[-122.99381535298,49.18732033711],[-123.00474675293,49.19325690043],[-123.00877887331,49.19490530266],[-123.01158054024,49.19577284484],[-123.01442454683,49.19683285817],[-123.01931611798,49.19859441982],[-123.02300443401,49.19953049855],[-123.02313225408,49.20104050582],[-123.02313902362,49.20246819713],[-123.02309075562,49.2042684533],[-123.02329472296,49.20530042712],[-123.02320319402,49.2067899255],[-123.02325306428,49.20806468135],[-123.02009958171,49.20811002523],[-123.01769703705,49.2081733945],[-123.01521570139,49.20843648514],[-123.01294622419,49.20905659875],[-123.01219172126,49.2091186061]]]]},"properties":{"a": "9.82305", "q": "01010", "t": "CT", "dw": "412", "hh": "376", "id": "9330220.00", "pop": "1071", "rgid": "59", "rpid": "59933", "ruid": "5915025", "rguid": "5915"}},{"type":"Feature","geometry":{"type":"MultiPolygon","coordinates":[[[[-123.01233223922,49.22194595703],[-123.01233191877,49.22015583514],[-123.01227644061,49.21837468589],[-123.01224856134,49.21658464412],[-123.01226206036,49.21569410955],[-123.01223438136,49.21474965902],[-123.01223406091,49.21338241287],[-123.01217886315,49.21234795555],[-123.01221980082,49.21127744744],[-123.01219172126,49.2091186061],[-123.01294622419,49.20905659875],[-123.01521570139,49.20843648514],[-123.01769703705,49.2081733945],[-123.02009958171,49.20811002523],[-123.02325306428,49.20806468135],[-123.02326419996,49.20862551144],[-123.02342402512,49.20914868848],[-123.02323531928,49.21185137598],[-123.02318036185,49.21192740308],[-123.02324240927,49.21267297343],[-123.02319922843,49.2136622471],[-123.02325298416,49.21567516286],[-123.02326419996,49.21655568332],[-123.02330690012,49.21771772037],[-123.02328478897,49.21831163707],[-123.02332496557,49.22008405402],[-123.02330497741,49.22185426786],[-123.01786671609,49.22190914517],[-123.01233223922,49.22194595703]]]]},"properties":{"a": "1.21156", "q": "00010", "t": "CT", "dw": "608", "hh": "577", "id": "9330221.01", "pop": "1650", "rgid": "59", "rpid": "59933", "ruid": "5915025", "rguid": "5915"}},{"type":"Feature","geometry":{"type":"MultiPolygon","coordinates":[[[[-122.98863072898,49.21495667066],[-122.98856303361,49.21058487175],[-122.98853579524,49.20965840656],[-122.98842652129,49.20704973151],[-122.99142907123,49.20711918936],[-122.99276431229,49.20730553188],[-122.99428385299,49.20758620729],[-122.99694251847,49.2078609944],[-122.99765432125,49.20789091655],[-122.99802296058,49.20794987962],[-122.99869955375,49.20800043084],[-122.99996345431,49.20819530537],[-123.00054543419,49.2083240868],[-123.00370488517,49.20885038824],[-123.00480539555,49.20908315616],[-123.01219172126,49.2091186061],[-123.01221980082,49.21127744744],[-123.01217886315,49.21234795555],[-123.01223406091,49.21338241287],[-123.01223438136,49.21474965902],[-123.00854081794,49.21476796481],[-123.00260894122,49.21482228133],[-123.00007320893,49.21502925291],[-122.99755586254,49.21503810538],[-122.99582963066,49.21501507293],[-122.99398571298,49.21502003993],[-122.9901684553,49.2149837488],[-122.98863072898,49.21495667066]]]]},"properties":{"a": "1.27648", "q": "01010", "t": "CT", "dw": "1177", "hh": "1077", "id": "9330221.03", "pop": "3273", "rgid": "59", "rpid": "59933", "ruid": "5915025", "rguid": "5915"}},{"type":"Feature","geometry":{"type":"MultiPolygon","coordinates":[[[[-123.0087342905,49.22195521007],[-123.00501108532,49.22202022166],[-123.00469676251,49.22199142108],[-123.00229349683,49.2219824885],[-122.99956052667,49.22209949333],[-122.99767911618,49.22211739856],[-122.99582294123,49.22211755878],[-122.99563832114,49.22211759884],[-122.99432831563,49.22152360203],[-122.99409598833,49.22146523981],[-122.99268039407,49.22110965887],[-122.99101877321,49.22077674988],[-122.98874384834,49.22035731899],[-122.98870455298,49.21979873206],[-122.98871220376,49.21871660759],[-122.98863072898,49.21495667066],[-122.9901684553,49.2149837488],[-122.99398571298,49.21502003993],[-122.99582963066,49.21501507293],[-122.99755586254,49.21503810538],[-123.00007320893,49.21502925291],[-123.00260894122,49.21482228133],[-123.00854081794,49.21476796481],[-123.01223438136,49.21474965902],[-123.01226206036,49.21569410955],[-123.01224856134,49.21658464412],[-123.01227644061,49.21837468589],[-123.01233191877,49.22015583514],[-123.01233223922,49.22194595703],[-123.01058822228,49.22196402248],[-123.00991078793,49.22192380583],[-123.0087342905,49.22195521007]]]]},"properties":{"a": "1.3061", "q": "00000", "t": "CT", "dw": "1640", "hh": "1529", "id": "9330221.04", "pop": "5065", "rgid": "59", "rpid": "59933", "ruid": "5915025", "rguid": "5915"}},{"type":"Feature","geometry":{"type":"MultiPolygon","coordinates":[[[[-122.97199517312,49.21536312326],[-122.97193548904,49.21166263007],[-122.97278784983,49.20952982542],[-122.97340636117,49.20852252635],[-122.97354776037,49.20819330255],[-122.97371475563,49.20796506101],[-122.97440412681,49.20734947378],[-122.97515622635,49.20684388151],[-122.97614149438,49.20639737248],[-122.97813033622,49.20569001597],[-122.98082096673,49.20628413295],[-122.98210954205,49.20650993105],[-122.98539909632,49.20668457709],[-122.98678605023,49.20683530944],[-122.98842652129,49.20704973151],[-122.98853579524,49.20965840656],[-122.98856303361,49.21058487175],[-122.98863072898,49.21495667066],[-122.98871220376,49.21871660759],[-122.98870455298,49.21979873206],[-122.98874384834,49.22035731899],[-122.98604781021,49.21982276592],[-122.98272476877,49.21912970956],[-122.97948424358,49.21850851443],[-122.97870158098,49.21822050869],[-122.97636765299,49.21723055406],[-122.97355340833,49.21585369437],[-122.97199517312,49.21536312326]]]]},"properties":{"a": "1.53999", "q": "01011", "t": "CT", "dw": "2197", "hh": "1919", "id": "9330222.01", "pop": "5682", "rgid": "59", "rpid": "59933", "ruid": "5915025", "rguid": "5915"}},{"type":"Feature","geometry":{"type":"MultiPolygon","coordinates":[[[[-122.96161679225,49.21483353719],[-122.96101782844,49.21426693898],[-122.96011243294,49.21325923935],[-122.95944052637,49.21225145961],[-122.95869980285,49.21129771599],[-122.95798683844,49.21021803496],[-122.95654692992,49.20817555755],[-122.95642359617,49.2078697267],[-122.95693219267,49.2071412204],[-122.95756444338,49.20639492904],[-122.95836160641,49.20538771008],[-122.95863647363,49.20486605519],[-122.95876048834,49.20440732894],[-122.95880254759,49.20337295173],[-122.95861376164,49.20253633312],[-122.96019354721,49.20162532971],[-122.96078109494,49.20125973467],[-122.9619089238,49.20242433534],[-122.96470546351,49.20348286658],[-122.96621595146,49.20395593302],[-122.96850753981,49.20446444941],[-122.96974400171,49.20470302551],[-122.97155479272,49.20503184875],[-122.97284080443,49.20514576924],[-122.97430486697,49.20521955319],[-122.9759064833,49.20537469174],[-122.97699357477,49.20549414002],[-122.97813033622,49.20569001597],[-122.97614149438,49.20639737248],[-122.97515622635,49.20684388151],[-122.97440412681,49.20734947378],[-122.97371475563,49.20796506101],[-122.97354776037,49.20819330255],[-122.97340636117,49.20852252635],[-122.97278784983,49.20952982542],[-122.97193548904,49.21166263007],[-122.97199517312,49.21536312326],[-122.97127431759,49.21520546115],[-122.97051921381,49.21507940356],[-122.96973659127,49.21498923653],[-122.96878909646,49.21498891608],[-122.96712755571,49.21511445294],[-122.9636259427,49.21524828147],[-122.96295319495,49.21524812125],[-122.96212943445,49.21516692686],[-122.96161679225,49.21483353719]]]]},"properties":{"a": "1.37337", "q": "01011", "t": "CT", "dw": "1936", "hh": "1874", "id": "9330222.02", "pop": "4258", "rgid": "59", "rpid": "59933", "ruid": "5915025", "rguid": "5915"}},{"type":"Feature","geometry":{"type":"MultiPolygon","coordinates":[[[[-122.93797813055,49.21367218109],[-122.93955819651,49.21283644372],[-122.9402588636,49.212432034],[-122.94258085478,49.21116484881],[-122.94781498853,49.20833390062],[-122.95210074622,49.20605092441],[-122.95223713837,49.20617389765],[-122.95245019852,49.20609210242],[-122.95240060866,49.2059502626],[-122.95271092583,49.20572935138],[-122.95385894314,49.20507114411],[-122.95586420812,49.20397451921],[-122.95861376164,49.20253633312],[-122.95880254759,49.20337295173],[-122.95876048834,49.20440732894],[-122.95863647363,49.20486605519],[-122.95836160641,49.20538771008],[-122.95756444338,49.20639492904],[-122.95693219267,49.2071412204],[-122.95642359617,49.2078697267],[-122.95654692992,49.20817555755],[-122.95798683844,49.21021803496],[-122.95869980285,49.21129771599],[-122.95944052637,49.21225145961],[-122.96011243294,49.21325923935],[-122.96101782844,49.21426693898],[-122.96161679225,49.21483353719],[-122.96114280451,49.21484971999],[-122.96081093698,49.21492570704],[-122.96022591281,49.21520906623],[-122.95906804162,49.21432021403],[-122.95347676473,49.21731355099],[-122.95115481361,49.21856291106],[-122.94965806502,49.21850831415],[-122.94829891027,49.21829188925],[-122.94717308422,49.21805751907],[-122.94578653087,49.21767906592],[-122.94478451926,49.21736370164],[-122.94397445806,49.21708126374],[-122.94302760415,49.21672420072],[-122.94190221873,49.21619293228],[-122.94140812266,49.21591377901],[-122.94006350839,49.21510351753],[-122.93897954132,49.21441935369],[-122.93797813055,49.21367218109]]]]},"properties":{"a": "1.44182", "q": "01010", "t": "CT", "dw": "2179", "hh": "2042", "id": "9330223.01", "pop": "6048", "rgid": "59", "rpid": "59933", "ruid": "5915025", "rguid": "5915"}},{"type":"Feature","geometry":{"type":"MultiPolygon","coordinates":[[[[-122.9315611304,49.21712280226],[-122.93613693671,49.21465164094],[-122.93797813055,49.21367218109],[-122.93897954132,49.21441935369],[-122.94006350839,49.21510351753],[-122.94140812266,49.21591377901],[-122.94190221873,49.21619293228],[-122.94302760415,49.21672420072],[-122.94397445806,49.21708126374],[-122.94478451926,49.21736370164],[-122.94578653087,49.21767906592],[-122.94717308422,49.21805751907],[-122.94829891027,49.21829188925],[-122.94965806502,49.21850831415],[-122.95115481361,49.21856291106],[-122.95184138083,49.21858125691],[-122.94887355982,49.22019909609],[-122.94704618545,49.22116978357],[-122.94503999917,49.22224830297],[-122.94386910965,49.22289881941],[-122.94108226359,49.22436023823],[-122.9400669933,49.22356808225],[-122.93628021856,49.22066058623],[-122.9345653627,49.21936432007],[-122.9315611304,49.21712280226]]]]},"properties":{"a": "0.76151", "q": "01010", "t": "CT", "dw": "1622", "hh": "1506", "id": "9330223.02", "pop": "4729", "rgid": "59", "rpid": "59933", "ruid": "5915025", "rguid": "5915"}},{"type":"Feature","geometry":{"type":"MultiPolygon","coordinates":[[[[-122.95184138083,49.21858125691],[-122.95115481361,49.21856291106],[-122.95347676473,49.21731355099],[-122.95906804162,49.21432021403],[-122.96022591281,49.21520906623],[-122.9606510317,49.2155863978],[-122.96085339679,49.21587284134],[-122.96097240445,49.21616853791],[-122.96095878526,49.21953816498],[-122.9609718036,49.22046475034],[-122.96100805467,49.22183343852],[-122.96098414098,49.22229076279],[-122.96037183838,49.22255421393],[-122.95911490764,49.22321622656],[-122.95799492984,49.22378803211],[-122.95706838454,49.22429530675],[-122.95696852386,49.22407575746],[-122.95601173595,49.2232694215],[-122.95501004479,49.22245054789],[-122.9530147138,49.2208824588],[-122.95282841134,49.22041672268],[-122.95281639441,49.21859063011],[-122.95184138083,49.21858125691]]]]},"properties":{"a": "0.47105", "q": "01010", "t": "CT", "dw": "2726", "hh": "2570", "id": "9330224.01", "pop": "5098", "rgid": "59", "rpid": "59933", "ruid": "5915025", "rguid": "5915"}},{"type":"Feature","geometry":{"type":"MultiPolygon","coordinates":[[[[-122.94108226359,49.22436023823],[-122.94386910965,49.22289881941],[-122.94503999917,49.22224830297],[-122.94704618545,49.22116978357],[-122.94887355982,49.22019909609],[-122.95184138083,49.21858125691],[-122.95281639441,49.21859063011],[-122.95282841134,49.22041672268],[-122.9530147138,49.2208824588],[-122.95501004479,49.22245054789],[-122.95601173595,49.2232694215],[-122.95696852386,49.22407575746],[-122.95706838454,49.22429530675],[-122.95313860834,49.22639866993],[-122.94879609069,49.22869959143],[-122.94729826057,49.22949947829],[-122.94587109,49.22829345927],[-122.94418315206,49.22694339733],[-122.94282479844,49.2258363177],[-122.94211988537,49.22520338604],[-122.94108226359,49.22436023823]]]]},"properties":{"a": "0.69395", "q": "01010", "t": "CT", "dw": "1657", "hh": "1585", "id": "9330224.02", "pop": "4058", "rgid": "59", "rpid": "59933", "ruid": "5915025", "rguid": "5915"}},{"type":"Feature","geometry":{"type":"MultiPolygon","coordinates":[[[[-122.96762782047,49.23154592128],[-122.96671741792,49.23158705924],[-122.9664298528,49.23166552978],[-122.96449416584,49.23014478739],[-122.96107627077,49.22742711879],[-122.96101286144,49.22583018907],[-122.96098378048,49.22320068467],[-122.96098414098,49.22229076279],[-122.96100805467,49.22183343852],[-122.9609718036,49.22046475034],[-122.96298095406,49.22049611452],[-122.96473458454,49.22048389731],[-122.96472012417,49.22135640648],[-122.97076271686,49.22136714161],[-122.97076215607,49.22217672213],[-122.97327537665,49.22216835034],[-122.97935914735,49.22213358135],[-122.97937404834,49.22271123514],[-122.97937164495,49.22514702664],[-122.98084107506,49.22514726698],[-122.9808269752,49.226325607],[-122.98585369675,49.22638032409],[-122.98747682338,49.22645286628],[-122.98910579825,49.22631555284],[-122.98913576046,49.228125743],[-122.98914917936,49.23007893462],[-122.9884745089,49.23004680936],[-122.98731607692,49.22979048826],[-122.98586635458,49.22974454354],[-122.98258373008,49.22977106089],[-122.98228258583,49.22968574069],[-122.98105285341,49.22917145618],[-122.98034069013,49.22893952945],[-122.97908063498,49.22871008621],[-122.97830710525,49.22875683207],[-122.97783784416,49.22892042253],[-122.97642581492,49.22956693332],[-122.97600554285,49.22966198723],[-122.97545889274,49.22969815819],[-122.9720804132,49.22971333958],[-122.96761239875,49.22956096491],[-122.96762782047,49.23154592128]]]]},"properties":{"a": "1.47339", "q": "01001", "t": "CT", "dw": "1872", "hh": "1756", "id": "9330225.01", "pop": "5567", "rgid": "59", "rpid": "59933", "ruid": "5915025", "rguid": "5915"}},{"type":"Feature","geometry":{"type":"MultiPolygon","coordinates":[[[[-122.9609718036,49.22046475034],[-122.96095878526,49.21953816498],[-122.96097240445,49.21616853791],[-122.96085339679,49.21587284134],[-122.9606510317,49.2155863978],[-122.96022591281,49.21520906623],[-122.96081093698,49.21492570704],[-122.96114280451,49.21484971999],[-122.96161679225,49.21483353719],[-122.96212943445,49.21516692686],[-122.96295319495,49.21524812125],[-122.9636259427,49.21524828147],[-122.96712755571,49.21511445294],[-122.96878909646,49.21498891608],[-122.96973659127,49.21498923653],[-122.97051921381,49.21507940356],[-122.97127431759,49.21520546115],[-122.97199517312,49.21536312326],[-122.97355340833,49.21585369437],[-122.97636765299,49.21723055406],[-122.97870158098,49.21822050869],[-122.97948424358,49.21850851443],[-122.98272476877,49.21912970956],[-122.98604781021,49.21982276592],[-122.98874384834,49.22035731899],[-122.98879375865,49.22212585046],[-122.98902828905,49.2226926089],[-122.98906806509,49.22361911415],[-122.98910579825,49.22631555284],[-122.98747682338,49.22645286628],[-122.98585369675,49.22638032409],[-122.9808269752,49.226325607],[-122.98084107506,49.22514726698],[-122.97937164495,49.22514702664],[-122.97937404834,49.22271123514],[-122.97935914735,49.22213358135],[-122.97327537665,49.22216835034],[-122.97076215607,49.22217672213],[-122.97076271686,49.22136714161],[-122.96472012417,49.22135640648],[-122.96473458454,49.22048389731],[-122.96298095406,49.22049611452],[-122.9609718036,49.22046475034]]]]},"properties":{"a": "1.38275", "q": "01001", "t": "CT", "dw": "2123", "hh": "2037", "id": "9330225.02", "pop": "4597", "rgid": "59", "rpid": "59933", "ruid": "5915025", "rguid": "5915"}},{"type":"Feature","geometry":{"type":"MultiPolygon","coordinates":[[[[-122.98914917936,49.23007893462],[-122.99171755765,49.23006892051],[-122.99427239685,49.23009607877],[-122.99758073758,49.23019762182],[-122.99780236981,49.23016818035],[-122.99817918066,49.2302223767],[-123.00002277788,49.23067361239],[-123.00068671322,49.23076193682],[-123.00339268535,49.23155341184],[-123.00328289067,49.23212910286],[-123.00331048955,49.23373027856],[-123.00332434908,49.23627590479],[-123.00335186784,49.23691460458],[-123.00333836883,49.239316268],[-123.00329719082,49.24020688268],[-123.00329715076,49.24110638989],[-123.00325072536,49.24188985362],[-123.0016741443,49.24190831964],[-123.00166521171,49.24175073764],[-123.00029676387,49.24175562452],[-122.99853748543,49.24173483523],[-122.99509503577,49.24179748349],[-122.99024552387,49.24189754446],[-122.98925637037,49.24190579608],[-122.98924763807,49.23996550263],[-122.98914893902,49.23064445131],[-122.98914917936,49.23007893462]]]]},"properties":{"a": "1.30774", "q": "01010", "t": "CT", "dw": "1649", "hh": "1390", "id": "9330226.02", "pop": "3897", "rgid": "59", "rpid": "59933", "ruid": "5915025", "rguid": "5915"}},{"type":"Feature","geometry":{"type":"MultiPolygon","coordinates":[[[[-122.99427239685,49.23009607877],[-122.99423145918,49.22812610351],[-122.99169051955,49.22812594328],[-122.99166324112,49.22661477438],[-122.99163596269,49.22426542466],[-122.99289970303,49.22424912169],[-122.9928313267,49.22211723833],[-122.99412226535,49.22211727839],[-122.99409598833,49.22146523981],[-122.99432831563,49.22152360203],[-122.99563832114,49.22211759884],[-122.99582294123,49.22211755878],[-122.99576321709,49.22217419857],[-122.99714408243,49.22277897057],[-122.99999994572,49.2241233445],[-123.00569040233,49.22666620683],[-123.0076333395,49.22753434986],[-123.00565887792,49.22934045426],[-123.00468370411,49.23018612563],[-123.00339268535,49.23155341184],[-123.00068671322,49.23076193682],[-123.00002277788,49.23067361239],[-122.99817918066,49.2302223767],[-122.99780236981,49.23016818035],[-122.99758073758,49.23019762182],[-122.99427239685,49.23009607877]]]]},"properties":{"a": "0.72256", "q": "01011", "t": "CT", "dw": "2987", "hh": "2797", "id": "9330226.03", "pop": "5837", "rgid": "59", "rpid": "59933", "ruid": "5915025", "rguid": "5915"}},{"type":"Feature","geometry":{"type":"MultiPolygon","coordinates":[[[[-122.98914917936,49.23007893462],[-122.98913576046,49.228125743],[-122.98910579825,49.22631555284],[-122.98906806509,49.22361911415],[-122.98902828905,49.2226926089],[-122.98879375865,49.22212585046],[-122.98874384834,49.22035731899],[-122.99101877321,49.22077674988],[-122.99268039407,49.22110965887],[-122.99409598833,49.22146523981],[-122.99412226535,49.22211727839],[-122.9928313267,49.22211723833],[-122.99289970303,49.22424912169],[-122.99163596269,49.22426542466],[-122.99166324112,49.22661477438],[-122.99169051955,49.22812594328],[-122.99423145918,49.22812610351],[-122.99427239685,49.23009607877],[-122.99171755765,49.23006892051],[-122.98914917936,49.23007893462]]]]},"properties":{"a": "0.2811", "q": "01011", "t": "CT", "dw": "1242", "hh": "1204", "id": "9330226.04", "pop": "2495", "rgid": "59", "rpid": "59933", "ruid": "5915025", "rguid": "5915"}},{"type":"Feature","geometry":{"type":"MultiPolygon","coordinates":[[[[-122.99582294123,49.22211755878],[-122.99767911618,49.22211739856],[-122.99956052667,49.22209949333],[-123.00229349683,49.2219824885],[-123.00469676251,49.22199142108],[-123.00501108532,49.22202022166],[-123.0087342905,49.22195521007],[-123.00876096808,49.22354044332],[-123.00880318756,49.22369129583],[-123.00596062301,49.22643500111],[-123.00569040233,49.22666620683],[-122.99999994572,49.2241233445],[-122.99714408243,49.22277897057],[-122.99576321709,49.22217419857],[-122.99582294123,49.22211755878]]]]},"properties":{"a": "0.27141", "q": "01010", "t": "CT", "dw": "1933", "hh": "1821", "id": "9330227.01", "pop": "4076", "rgid": "59", "rpid": "59933", "ruid": "5915025", "rguid": "5915"}},{"type":"Feature","geometry":{"type":"MultiPolygon","coordinates":[[[[-123.01874259,49.23265079781],[-123.00877650998,49.22804498924],[-123.0076333395,49.22753434986],[-123.00569040233,49.22666620683],[-123.00596062301,49.22643500111],[-123.00880318756,49.22369129583],[-123.00876096808,49.22354044332],[-123.0087342905,49.22195521007],[-123.00991078793,49.22192380583],[-123.01058822228,49.22196402248],[-123.01233223922,49.22194595703],[-123.01786671609,49.22190914517],[-123.02330497741,49.22185426786],[-123.02332352354,49.22268447745],[-123.02332027897,49.22515547855],[-123.02333538024,49.22797100501],[-123.02336329957,49.22923037919],[-123.02346099721,49.23234264369],[-123.02041122074,49.23253431371],[-123.01874259,49.23265079781]]]]},"properties":{"a": "1.1301", "q": "01010", "t": "CT", "dw": "2840", "hh": "2718", "id": "9330227.02", "pop": "5034", "rgid": "59", "rpid": "59933", "ruid": "5915025", "rguid": "5915"}},{"type":"Feature","geometry":{"type":"MultiPolygon","coordinates":[[[[-123.00321483479,49.24300434369],[-123.00325072536,49.24188985362],[-123.00329715076,49.24110638989],[-123.00329719082,49.24020688268],[-123.00333836883,49.239316268],[-123.00335186784,49.23691460458],[-123.00611391897,49.23689093123],[-123.00740429683,49.23692337694],[-123.00886050831,49.23690531149],[-123.01101726671,49.23693210924],[-123.01214373366,49.23691400374],[-123.01572910466,49.23692261587],[-123.01865510676,49.23694913323],[-123.01983657118,49.23693090755],[-123.0210316548,49.2369577053],[-123.02304461061,49.23698374198],[-123.02350437832,49.23696623732],[-123.02353213743,49.2374429489],[-123.02351935943,49.23961981563],[-123.02347830159,49.24040227795],[-123.02352620908,49.24102183077],[-123.02350345703,49.24156235224],[-123.02353462093,49.2426421935],[-123.02350726239,49.24301099306],[-123.01983905468,49.24300270138],[-123.01702248675,49.24296717133],[-123.0156898093,49.24294037357],[-123.01339537695,49.24294069403],[-123.01237874474,49.24297674481],[-123.01099110986,49.2429589197],[-123.00827079754,49.24299509066],[-123.00686950342,49.24298619813],[-123.0048910362,49.24300430364],[-123.00321483479,49.24300434369]]]]},"properties":{"a": "0.99108", "q": "00010", "t": "CT", "dw": "1303", "hh": "1207", "id": "9330228.02", "pop": "3556", "rgid": "59", "rpid": "59933", "ruid": "5915025", "rguid": "5915"}},{"type":"Feature","geometry":{"type":"MultiPolygon","coordinates":[[[[-123.00339268535,49.23155341184],[-123.00468370411,49.23018612563],[-123.00565887792,49.22934045426],[-123.0076333395,49.22753434986],[-123.00877650998,49.22804498924],[-123.01874259,49.23265079781],[-123.01571404345,49.23282071719],[-123.01469612943,49.23284923737],[-123.01337895381,49.23277605427],[-123.01240365984,49.23251528691],[-123.01239332528,49.23291032343],[-123.01108500214,49.23297413332],[-123.00915127794,49.23303053278],[-123.00870865438,49.23301034433],[-123.00796977346,49.23282616487],[-123.00752739024,49.23264162489],[-123.00339268535,49.23155341184]]]]},"properties":{"a": "0.33841", "q": "01010", "t": "CT", "dw": "2336", "hh": "2194", "id": "9330228.03", "pop": "4693", "rgid": "59", "rpid": "59933", "ruid": "5915025", "rguid": "5915"}},{"type":"Feature","geometry":{"type":"MultiPolygon","coordinates":[[[[-123.00335186784,49.23691460458],[-123.00332434908,49.23627590479],[-123.00331048955,49.23373027856],[-123.00328289067,49.23212910286],[-123.00339268535,49.23155341184],[-123.00752739024,49.23264162489],[-123.00796977346,49.23282616487],[-123.00870865438,49.23301034433],[-123.00915127794,49.23303053278],[-123.01108500214,49.23297413332],[-123.01239332528,49.23291032343],[-123.01240365984,49.23251528691],[-123.01337895381,49.23277605427],[-123.01469612943,49.23284923737],[-123.01571404345,49.23282071719],[-123.01874259,49.23265079781],[-123.02041122074,49.23253431371],[-123.02346099721,49.23234264369],[-123.02351703615,49.23449247233],[-123.02354463504,49.23481628851],[-123.02354527594,49.23621065287],[-123.02350437832,49.23696623732],[-123.02304461061,49.23698374198],[-123.0210316548,49.2369577053],[-123.01983657118,49.23693090755],[-123.01865510676,49.23694913323],[-123.01572910466,49.23692261587],[-123.01214373366,49.23691400374],[-123.01101726671,49.23693210924],[-123.00886050831,49.23690531149],[-123.00740429683,49.23692337694],[-123.00611391897,49.23689093123],[-123.00335186784,49.23691460458]]]]},"properties":{"a": "0.70761", "q": "01000", "t": "CT", "dw": "2466", "hh": "2314", "id": "9330228.04", "pop": "4987", "rgid": "59", "rpid": "59933", "ruid": "5915025", "rguid": "5915"}},{"type":"Feature","geometry":{"type":"MultiPolygon","coordinates":[[[[-123.00338114909,49.26225414245],[-123.00338130932,49.26187741172],[-123.00347768509,49.26133592889],[-123.00399909965,49.26056448209],[-123.0042055505,49.26011328645],[-123.00426034769,49.25811631315],[-123.00428494234,49.25774827467],[-123.00432876408,49.25486905848],[-123.00436994209,49.25318692873],[-123.00446359402,49.24996903542],[-123.00437070316,49.2491532061],[-123.00420090395,49.24844092264],[-123.00416329096,49.24787973205],[-123.00357582335,49.24722008275],[-123.0033646859,49.24686998954],[-123.00320081504,49.24593699516],[-123.00321483479,49.24300434369],[-123.0048910362,49.24300430364],[-123.00686950342,49.24298619813],[-123.00827079754,49.24299509066],[-123.01099110986,49.2429589197],[-123.01237874474,49.24297674481],[-123.01339537695,49.24294069403],[-123.0156898093,49.24294037357],[-123.01702248675,49.24296717133],[-123.01983905468,49.24300270138],[-123.02350726239,49.24301099306],[-123.02405755763,49.24463904663],[-123.02367746216,49.24489156237],[-123.02365142548,49.24536026267],[-123.0236864348,49.24712739217],[-123.02365174593,49.24801035607],[-123.02364101081,49.24898877445],[-123.02371948136,49.24978749968],[-123.02374607883,49.2506980224],[-123.02372444835,49.2533293694],[-123.02374023059,49.25423011835],[-123.02370550166,49.25534909475],[-123.0237250492,49.25557068692],[-123.02369088106,49.25733044604],[-123.02370333861,49.25834275216],[-123.02368042634,49.26013175247],[-123.02369628868,49.26108417422],[-123.02367297584,49.26141616192],[-123.023670252,49.26247273039],[-123.01799129159,49.26238773065],[-123.00338114909,49.26225414245]]]]},"properties":{"a": "3.09107", "q": "01010", "t": "CT", "dw": "2665", "hh": "2524", "id": "9330229.00", "pop": "6678", "rgid": "59", "rpid": "59933", "ruid": "5915025", "rguid": "5915"}},{"type":"Feature","geometry":{"type":"MultiPolygon","coordinates":[[[[-122.96620245244,49.24050794682],[-122.96846303711,49.23875015047],[-122.9687055788,49.23863751178],[-122.96874679687,49.2385295597],[-122.97030515225,49.23793099646],[-122.97015986758,49.23481929275],[-122.97108785491,49.23423522993],[-122.97098651214,49.23156286515],[-122.97077192984,49.23156983497],[-122.96762782047,49.23154592128],[-122.96761239875,49.22956096491],[-122.9720804132,49.22971333958],[-122.97545889274,49.22969815819],[-122.97600554285,49.22966198723],[-122.97642581492,49.22956693332],[-122.97783784416,49.22892042253],[-122.97830710525,49.22875683207],[-122.97908063498,49.22871008621],[-122.98034069013,49.22893952945],[-122.98105285341,49.22917145618],[-122.98228258583,49.22968574069],[-122.98258373008,49.22977106089],[-122.98586635458,49.22974454354],[-122.98731607692,49.22979048826],[-122.9884745089,49.23004680936],[-122.98914917936,49.23007893462],[-122.98914893902,49.23064445131],[-122.98924763807,49.23996550263],[-122.98925637037,49.24190579608],[-122.99024552387,49.24189754446],[-122.99509503577,49.24179748349],[-122.99853748543,49.24173483523],[-123.00029676387,49.24175562452],[-123.00166521171,49.24175073764],[-123.0016741443,49.24190831964],[-123.00325072536,49.24188985362],[-123.00321483479,49.24300434369],[-123.00320081504,49.24593699516],[-123.0033646859,49.24686998954],[-123.00357582335,49.24722008275],[-123.00416329096,49.24787973205],[-123.00420090395,49.24844092264],[-123.00437070316,49.2491532061],[-123.00446359402,49.24996903542],[-123.00436994209,49.25318692873],[-123.00432876408,49.25486905848],[-123.00131916421,49.25486909854],[-122.99808981476,49.25488704382],[-122.99472627627,49.25489185059],[-122.99442020508,49.25477676846],[-122.99401611581,49.254503864],[-122.99360990355,49.25445511533],[-122.99057494796,49.25440973139],[-122.99011946628,49.25434692291],[-122.98945817467,49.25386127874],[-122.98921270886,49.25351927693],[-122.98917165102,49.2527457472],[-122.98924046797,49.251900196],[-122.98926822707,49.25105464481],[-122.98854268494,49.25045303727],[-122.98814180019,49.25027362452],[-122.9876669312,49.25013771305],[-122.98632700353,49.25007398327],[-122.98246448209,49.25007911049],[-122.98084568155,49.24911062611],[-122.97982031704,49.24852055483],[-122.97650684908,49.2464094207],[-122.97459543632,49.24557428418],[-122.97336922886,49.24494788171],[-122.97273757901,49.24449384207],[-122.97179344893,49.24402646364],[-122.97021398381,49.24315347379],[-122.96842862864,49.24208256511],[-122.96824296708,49.24198418652],[-122.96620245244,49.24050794682]]]]},"properties":{"a": "4.45366", "q": "00000", "t": "CT", "dw": "1979", "hh": "1902", "id": "9330230.01", "pop": "5404", "rgid": "59", "rpid": "59933", "ruid": "5915025", "rguid": "5915"}},{"type":"Feature","geometry":{"type":"MultiPolygon","coordinates":[[[[-122.98561472008,49.26176625512],[-122.9785179623,49.26167652872],[-122.97381750038,49.2615945332],[-122.97350145514,49.26154950978],[-122.97182481312,49.26141419915],[-122.97105516886,49.26132403213],[-122.97057425135,49.26120698724],[-122.96935124841,49.26081984183],[-122.96810080681,49.2603428098],[-122.96726274616,49.25991084125],[-122.96676816941,49.25968576417],[-122.96565544182,49.25897484263],[-122.96462038365,49.25818348779],[-122.964671736,49.25668858179],[-122.96411787573,49.25667155781],[-122.96391178539,49.25658155101],[-122.96366459716,49.25625765471],[-122.96341776943,49.2556369002],[-122.96362522169,49.25378392977],[-122.96348818864,49.25335212145],[-122.96328217841,49.25308226127],[-122.9629662934,49.25280330829],[-122.96208733514,49.25214638283],[-122.96163429691,49.25157049152],[-122.96145584551,49.25146249938],[-122.9608649731,49.25134537438],[-122.96048043137,49.25113832269],[-122.95957387423,49.2507512574],[-122.95869383444,49.25007129949],[-122.95918456578,49.25008007185],[-122.9646997755,49.250087282],[-122.96475761698,49.24588656411],[-122.96476262404,49.24339545468],[-122.96455336924,49.24312947998],[-122.96465727563,49.24244086988],[-122.96481621954,49.24168584622],[-122.96477556227,49.24003059433],[-122.96620245244,49.24050794682],[-122.96824296708,49.24198418652],[-122.96842862864,49.24208256511],[-122.97021398381,49.24315347379],[-122.97179344893,49.24402646364],[-122.97273757901,49.24449384207],[-122.97336922886,49.24494788171],[-122.97459543632,49.24557428418],[-122.97650684908,49.2464094207],[-122.97982031704,49.24852055483],[-122.98084568155,49.24911062611],[-122.98246448209,49.25007911049],[-122.98632700353,49.25007398327],[-122.9876669312,49.25013771305],[-122.98814180019,49.25027362452],[-122.98854268494,49.25045303727],[-122.98926822707,49.25105464481],[-122.98924046797,49.251900196],[-122.98917165102,49.2527457472],[-122.98921270886,49.25351927693],[-122.98945817467,49.25386127874],[-122.99011946628,49.25434692291],[-122.99057494796,49.25440973139],[-122.99360990355,49.25445511533],[-122.99401611581,49.254503864],[-122.99442020508,49.25477676846],[-122.99472627627,49.25489185059],[-122.99808981476,49.25488704382],[-123.00131916421,49.25486909854],[-123.00432876408,49.25486905848],[-123.00428494234,49.25774827467],[-123.00426034769,49.25811631315],[-123.0042055505,49.26011328645],[-123.00399909965,49.26056448209],[-123.00347768509,49.26133592889],[-123.00338130932,49.26187741172],[-123.00338114909,49.26225414245],[-123.00338106898,49.26238909256],[-123.00304111005,49.26225113822],[-123.00131940455,49.26223619717],[-123.00000006589,49.26211029981],[-122.99076385409,49.26186699705],[-122.99040663084,49.26184003907],[-122.98681941724,49.26180366783],[-122.98561472008,49.26176625512]]]]},"properties":{"a": "3.95409", "q": "01010", "t": "CT", "dw": "1835", "hh": "1741", "id": "9330230.02", "pop": "4515", "rgid": "59", "rpid": "59933", "ruid": "5915025", "rguid": "5915"}},{"type":"Feature","geometry":{"type":"MultiPolygon","coordinates":[[[[-122.94729826057,49.22949947829],[-122.94879609069,49.22869959143],[-122.95313860834,49.22639866993],[-122.95706838454,49.22429530675],[-122.95799492984,49.22378803211],[-122.95911490764,49.22321622656],[-122.96037183838,49.22255421393],[-122.96098414098,49.22229076279],[-122.96098378048,49.22320068467],[-122.96101286144,49.22583018907],[-122.96107627077,49.22742711879],[-122.96449416584,49.23014478739],[-122.9664298528,49.23166552978],[-122.96671741792,49.23158705924],[-122.96762782047,49.23154592128],[-122.97077192984,49.23156983497],[-122.97098651214,49.23156286515],[-122.97108785491,49.23423522993],[-122.97015986758,49.23481929275],[-122.97030515225,49.23793099646],[-122.96874679687,49.2385295597],[-122.9687055788,49.23863751178],[-122.96846303711,49.23875015047],[-122.96620245244,49.24050794682],[-122.96477556227,49.24003059433],[-122.96481621954,49.24168584622],[-122.96465727563,49.24244086988],[-122.96420223457,49.24228000326],[-122.96339681992,49.24206994733],[-122.95908218154,49.24118846552],[-122.95578886197,49.24041557669],[-122.9547257643,49.24007385528],[-122.95096438534,49.23890212456],[-122.94823157541,49.23814169328],[-122.94838531199,49.23786157866],[-122.9487133341,49.23765524799],[-122.9499965018,49.23696675806],[-122.9537624472,49.2349264437],[-122.95255690886,49.23389358863],[-122.95075669275,49.2323885083],[-122.9490272964,49.23100247569],[-122.94729826057,49.22949947829]]]]},"properties":{"a": "2.0923", "q": "00000", "t": "CT", "dw": "1324", "hh": "1265", "id": "9330231.00", "pop": "3937", "rgid": "59", "rpid": "59933", "ruid": "5915025", "rguid": "5915"}},{"type":"Feature","geometry":{"type":"MultiPolygon","coordinates":[[[[-122.95869383444,49.25007129949],[-122.95825890172,49.24968343307],[-122.95848321773,49.24936366258],[-122.9561864621,49.2466286896],[-122.95390304527,49.24530995179],[-122.95276840681,49.2449929452],[-122.95036177639,49.24475116458],[-122.94809157818,49.24372684153],[-122.94284991382,49.24254237288],[-122.93625221911,49.2417607918],[-122.9353305607,49.24084129643],[-122.93595299758,49.2400811856],[-122.93603575416,49.23987433419],[-122.9358852221,49.23942454053],[-122.9353632868,49.23930729536],[-122.93264726052,49.23625635726],[-122.93045196783,49.2344200503],[-122.92768062361,49.2321514944],[-122.92911212028,49.2313772036],[-122.92931624785,49.23134295535],[-122.93141019777,49.23026487657],[-122.93368980924,49.22907423922],[-122.93402027479,49.22933732986],[-122.93407851684,49.22918912107],[-122.93471088772,49.22876223968],[-122.93475863498,49.22865256518],[-122.93403465505,49.22804330686],[-122.93708310966,49.2264719732],[-122.94108226359,49.22436023823],[-122.94211988537,49.22520338604],[-122.94282479844,49.2258363177],[-122.94418315206,49.22694339733],[-122.94587109,49.22829345927],[-122.94729826057,49.22949947829],[-122.9490272964,49.23100247569],[-122.95075669275,49.2323885083],[-122.95255690886,49.23389358863],[-122.9537624472,49.2349264437],[-122.9499965018,49.23696675806],[-122.9487133341,49.23765524799],[-122.94838531199,49.23786157866],[-122.94823157541,49.23814169328],[-122.95096438534,49.23890212456],[-122.9547257643,49.24007385528],[-122.95578886197,49.24041557669],[-122.95908218154,49.24118846552],[-122.96339681992,49.24206994733],[-122.96420223457,49.24228000326],[-122.96465727563,49.24244086988],[-122.96455336924,49.24312947998],[-122.96476262404,49.24339545468],[-122.96475761698,49.24588656411],[-122.9646997755,49.250087282],[-122.95918456578,49.25008007185],[-122.95869383444,49.25007129949]]]]},"properties":{"a": "3.07835", "q": "01010", "t": "CT", "dw": "1028", "hh": "976", "id": "9330232.00", "pop": "3142", "rgid": "59", "rpid": "59933", "ruid": "5915025", "rguid": "5915"}},{"type":"Feature","geometry":{"type":"MultiPolygon","coordinates":[[[[-122.91695307084,49.22493528835],[-122.91755596017,49.22461563803],[-122.92154209577,49.22248659868],[-122.92525316385,49.22048309618],[-122.92784497515,49.21908745002],[-122.9315611304,49.21712280226],[-122.9345653627,49.21936432007],[-122.93628021856,49.22066058623],[-122.9400669933,49.22356808225],[-122.94108226359,49.22436023823],[-122.93708310966,49.2264719732],[-122.93403465505,49.22804330686],[-122.93475863498,49.22865256518],[-122.93471088772,49.22876223968],[-122.93407851684,49.22918912107],[-122.93402027479,49.22933732986],[-122.93368980924,49.22907423922],[-122.93141019777,49.23026487657],[-122.92931624785,49.23134295535],[-122.92911212028,49.2313772036],[-122.92768062361,49.2321514944],[-122.92700475146,49.2325106003],[-122.92664816911,49.23251881187],[-122.92596765041,49.23212469665],[-122.92468768722,49.23109716909],[-122.92179308936,49.22881042757],[-122.91988640326,49.22728888405],[-122.91883019529,49.22646964993],[-122.91695307084,49.22493528835]]]]},"properties":{"a": "1.52029", "q": "01010", "t": "CT", "dw": "2227", "hh": "2084", "id": "9330233.00", "pop": "6785", "rgid": "59", "rpid": "59933", "ruid": "5915025", "rguid": "5915"}},{"type":"Feature","geometry":{"type":"MultiPolygon","coordinates":[[[[-122.9147219677,49.24955280905],[-122.91438160821,49.24950325924],[-122.91420327698,49.24940415963],[-122.91395684982,49.24885518625],[-122.91369628273,49.2485132245],[-122.91338071817,49.24831506534],[-122.91225461173,49.2479454246],[-122.91092209451,49.24778251509],[-122.91031764297,49.24775507644],[-122.90964449465,49.24766466907],[-122.90908166174,49.2474122735],[-122.90876613724,49.24713320035],[-122.9085880864,49.24680021124],[-122.90871254173,49.24637753578],[-122.90867188446,49.24608059746],[-122.90853481135,49.24590967667],[-122.90740918559,49.24529709368],[-122.9068878912,49.24489184277],[-122.90658602594,49.24472076175],[-122.90588555913,49.24454924011],[-122.90515741333,49.24454867932],[-122.90471791418,49.24444937943],[-122.90375647973,49.24433161353],[-122.90312486992,49.24405221992],[-122.90261695438,49.24387188587],[-122.90149064766,49.24373593434],[-122.89997935859,49.24370777467],[-122.89951238072,49.24362633995],[-122.89882605383,49.24334690629],[-122.8973302666,49.24246410261],[-122.89646620933,49.24178867108],[-122.896123126,49.24161742984],[-122.89498332026,49.24139147151],[-122.89466771564,49.24118433971],[-122.89422929801,49.2406171807],[-122.89390075517,49.24007717996],[-122.89381904005,49.23975328366],[-122.89380594159,49.23939345674],[-122.89388901863,49.23915071477],[-122.89390351906,49.23875487712],[-122.89360213447,49.23842184796],[-122.89334132705,49.23833164088],[-122.89268800667,49.23833011873],[-122.89268996943,49.23811886112],[-122.89337068842,49.23813740724],[-122.89336724356,49.23763449876],[-122.89356768594,49.23763634135],[-122.8935888758,49.23745672832],[-122.89405337017,49.23748224426],[-122.89403073828,49.23814950429],[-122.8945917286,49.23817085436],[-122.89485666183,49.23635249269],[-122.89552956981,49.23641758439],[-122.89557198957,49.23586893146],[-122.89720753369,49.23543872539],[-122.89777365123,49.23521280712],[-122.89841747824,49.23486407584],[-122.8999439487,49.23404676442],[-122.90149777771,49.23325653116],[-122.90522410729,49.2312267917],[-122.90607658825,49.23077763894],[-122.90940391573,49.22895427021],[-122.9119746974,49.22763208755],[-122.91224972485,49.22744530441],[-122.91695307084,49.22493528835],[-122.91883019529,49.22646964993],[-122.91988640326,49.22728888405],[-122.92179308936,49.22881042757],[-122.92468768722,49.23109716909],[-122.92596765041,49.23212469665],[-122.92664816911,49.23251881187],[-122.92700475146,49.2325106003],[-122.92768062361,49.2321514944],[-122.93045196783,49.2344200503],[-122.93264726052,49.23625635726],[-122.9353632868,49.23930729536],[-122.9358852221,49.23942454053],[-122.93603575416,49.23987433419],[-122.93595299758,49.2400811856],[-122.9353305607,49.24084129643],[-122.93625221911,49.2417607918],[-122.93385708489,49.24218070336],[-122.93149259384,49.24268168914],[-122.92986425988,49.24322521485],[-122.92707869563,49.24450417663],[-122.92584391609,49.24497656212],[-122.92521326765,49.24538253404],[-122.92422547606,49.2458294837],[-122.92272632409,49.24594893197],[-122.92181243662,49.2463355967],[-122.92078042274,49.24690111339],[-122.91871218905,49.24731053017],[-122.9176704014,49.2476719994],[-122.91710176031,49.24803086496],[-122.91638639251,49.24872724601],[-122.91538277864,49.24940343862],[-122.9147219677,49.24955280905]]]]},"properties":{"a": "4.59461", "q": "00000", "t": "CT", "dw": "2142", "hh": "2067", "id": "9330234.00", "pop": "6621", "rgid": "59", "rpid": "59933", "ruid": "5915025", "rguid": "5915"}},{"type":"Feature","geometry":{"type":"MultiPolygon","coordinates":[[[[-122.8933154506,49.26307746233],[-122.89327947992,49.26063069537],[-122.89321142405,49.26030687918],[-122.89321442828,49.25968776699],[-122.89314432953,49.25946353109],[-122.89332442324,49.25889472977],[-122.89327895919,49.25874780278],[-122.89321859415,49.25701456103],[-122.89322035663,49.25616900983],[-122.89313375463,49.25578522917],[-122.89310952049,49.25523877934],[-122.89314032388,49.25502660042],[-122.89311596957,49.25432020527],[-122.89303429451,49.25378685389],[-122.89303397406,49.25338032118],[-122.89879172547,49.2534215793],[-122.90255610866,49.25341833473],[-122.90283177702,49.25344300949],[-122.90477679713,49.25343740159],[-122.90430381079,49.25252667858],[-122.90436962351,49.25198944173],[-122.90444268644,49.25179829244],[-122.90444384808,49.25119548322],[-122.90523239897,49.25133924575],[-122.90646793958,49.25149610673],[-122.90958168617,49.25193732831],[-122.91265906152,49.25236240716],[-122.91241595904,49.25697863041],[-122.91220978859,49.25772319934],[-122.91192418624,49.2581546071],[-122.9114680236,49.25861373391],[-122.91028263365,49.25940981541],[-122.90936009399,49.25981654841],[-122.90900395227,49.26002167739],[-122.90556442673,49.26169387315],[-122.90025402553,49.26426205115],[-122.89953164786,49.26379242956],[-122.8986152769,49.26338333323],[-122.89822476675,49.26327750414],[-122.89716010688,49.26311106967],[-122.89583071405,49.26305278757],[-122.8933154506,49.26307746233]]]]},"properties":{"a": "1.4445", "q": "00000", "t": "CT", "dw": "1789", "hh": "1707", "id": "9330235.02", "pop": "4675", "rgid": "59", "rpid": "59933", "ruid": "5915025", "rguid": "5915"}},{"type":"Feature","geometry":{"type":"MultiPolygon","coordinates":[[[[-122.89303397406,49.25338032118],[-122.89289950462,49.25203098025],[-122.89292914638,49.25105051899],[-122.89274064082,49.24919730823],[-122.89274272375,49.24824380495],[-122.89269245293,49.24607591086],[-122.8967550162,49.24823847744],[-122.89746862151,49.24863491594],[-122.90012051745,49.25003268509],[-122.90076802965,49.25017192124],[-122.90186501506,49.25060040488],[-122.90261354959,49.25083641737],[-122.90444384808,49.25119548322],[-122.90444268644,49.25179829244],[-122.90436962351,49.25198944173],[-122.90430381079,49.25252667858],[-122.90477679713,49.25343740159],[-122.90283177702,49.25344300949],[-122.90255610866,49.25341833473],[-122.89879172547,49.2534215793],[-122.89303397406,49.25338032118]]]]},"properties":{"a": "0.41052", "q": "01010", "t": "CT", "dw": "1800", "hh": "1712", "id": "9330235.03", "pop": "2849", "rgid": "59", "rpid": "59933", "ruid": "5915025", "rguid": "5915"}},{"type":"Feature","geometry":{"type":"MultiPolygon","coordinates":[[[[-122.91265906152,49.25236240716],[-122.90958168617,49.25193732831],[-122.90646793958,49.25149610673],[-122.90523239897,49.25133924575],[-122.90444384808,49.25119548322],[-122.90261354959,49.25083641737],[-122.90186501506,49.25060040488],[-122.90076802965,49.25017192124],[-122.90012051745,49.25003268509],[-122.89746862151,49.24863491594],[-122.8967550162,49.24823847744],[-122.89269245293,49.24607591086],[-122.89262888338,49.24260686373],[-122.89266144925,49.24139836122],[-122.89268800667,49.23833011873],[-122.89334132705,49.23833164088],[-122.89360213447,49.23842184796],[-122.89390351906,49.23875487712],[-122.89388901863,49.23915071477],[-122.89380594159,49.23939345674],[-122.89381904005,49.23975328366],[-122.89390075517,49.24007717996],[-122.89422929801,49.2406171807],[-122.89466771564,49.24118433971],[-122.89498332026,49.24139147151],[-122.896123126,49.24161742984],[-122.89646620933,49.24178867108],[-122.8973302666,49.24246410261],[-122.89882605383,49.24334690629],[-122.89951238072,49.24362633995],[-122.89997935859,49.24370777467],[-122.90149064766,49.24373593434],[-122.90261695438,49.24387188587],[-122.90312486992,49.24405221992],[-122.90375647973,49.24433161353],[-122.90471791418,49.24444937943],[-122.90515741333,49.24454867932],[-122.90588555913,49.24454924011],[-122.90658602594,49.24472076175],[-122.9068878912,49.24489184277],[-122.90740918559,49.24529709368],[-122.90853481135,49.24590967667],[-122.90867188446,49.24608059746],[-122.90871254173,49.24637753578],[-122.9085880864,49.24680021124],[-122.90876613724,49.24713320035],[-122.90908166174,49.2474122735],[-122.90964449465,49.24766466907],[-122.91031764297,49.24775507644],[-122.91092209451,49.24778251509],[-122.91225461173,49.2479454246],[-122.91338071817,49.24831506534],[-122.91369628273,49.2485132245],[-122.91395684982,49.24885518625],[-122.91420327698,49.24940415963],[-122.91438160821,49.24950325924],[-122.9147219677,49.24955280905],[-122.91476578943,49.24989032453],[-122.91436594614,49.25064995469],[-122.91400840244,49.25090403263],[-122.91381212593,49.25251702498],[-122.91265906152,49.25236240716]]]]},"properties":{"a": "1.03842", "q": "00000", "t": "CT", "dw": "2663", "hh": "2566", "id": "9330235.04", "pop": "5399", "rgid": "59", "rpid": "59933", "ruid": "5915025", "rguid": "5915"}},{"type":"Feature","geometry":{"type":"MultiPolygon","coordinates":[[[[-122.94301594773,49.25520156691],[-122.94207626392,49.25489950137],[-122.94076689931,49.25463236503],[-122.93945565205,49.2544132163],[-122.93758337442,49.25432028538],[-122.92793109647,49.25425226956],[-122.92721793178,49.25421677956],[-122.92606094183,49.25419402751],[-122.92274579151,49.25383544234],[-122.91972048952,49.25339301906],[-122.91594304793,49.25285834583],[-122.91381212593,49.25251702498],[-122.91400840244,49.25090403263],[-122.91436594614,49.25064995469],[-122.91476578943,49.24989032453],[-122.9147219677,49.24955280905],[-122.91538277864,49.24940343862],[-122.91638639251,49.24872724601],[-122.91710176031,49.24803086496],[-122.9176704014,49.2476719994],[-122.91871218905,49.24731053017],[-122.92078042274,49.24690111339],[-122.92181243662,49.2463355967],[-122.92272632409,49.24594893197],[-122.92422547606,49.2458294837],[-122.92521326765,49.24538253404],[-122.92584391609,49.24497656212],[-122.92707869563,49.24450417663],[-122.92986425988,49.24322521485],[-122.93149259384,49.24268168914],[-122.93385708489,49.24218070336],[-122.93625221911,49.2417607918],[-122.94284991382,49.24254237288],[-122.94809157818,49.24372684153],[-122.95036177639,49.24475116458],[-122.95276840681,49.2449929452],[-122.95390304527,49.24530995179],[-122.9561864621,49.2466286896],[-122.95848321773,49.24936366258],[-122.95825890172,49.24968343307],[-122.95869383444,49.25007129949],[-122.95957387423,49.2507512574],[-122.96048043137,49.25113832269],[-122.9608649731,49.25134537438],[-122.96145584551,49.25146249938],[-122.96163429691,49.25157049152],[-122.96208733514,49.25214638283],[-122.9629662934,49.25280330829],[-122.96328217841,49.25308226127],[-122.96348818864,49.25335212145],[-122.96362522169,49.25378392977],[-122.96341776943,49.2556369002],[-122.96366459716,49.25625765471],[-122.96391178539,49.25658155101],[-122.96411787573,49.25667155781],[-122.964671736,49.25668858179],[-122.96462038365,49.25818348779],[-122.96456907137,49.25977509001],[-122.96269362928,49.25939567549],[-122.95872171372,49.258902701],[-122.95617252246,49.2588547134],[-122.95544405622,49.25880688602],[-122.95318307098,49.25838749519],[-122.95225336122,49.25818500993],[-122.94990877822,49.25741977188],[-122.94878050873,49.2570166039],[-122.94567585496,49.25607071135],[-122.94522005283,49.25589041735],[-122.94436224437,49.25563449682],[-122.94301594773,49.25520156691]]]]},"properties":{"a": "4.13651", "q": "00000", "t": "CT", "dw": "1177", "hh": "1126", "id": "9330236.00", "pop": "3718", "rgid": "59", "rpid": "59933", "ruid": "5915025", "rguid": "5915"}},{"type":"Feature","geometry":{"type":"MultiPolygon","coordinates":[[[[-122.94552231866,49.27061588231],[-122.94454914767,49.27051077424],[-122.94194732227,49.27038695981],[-122.94074146348,49.27004423699],[-122.93949691017,49.26945344469],[-122.93847679305,49.26884286452],[-122.93741746068,49.2679230487],[-122.93708607383,49.2675390277],[-122.93672985199,49.266464554],[-122.93679782776,49.26562777516],[-122.93689664697,49.26509738796],[-122.93685550902,49.26357191891],[-122.93658232416,49.2629439943],[-122.93637731535,49.26266844611],[-122.93630909925,49.26229764373],[-122.93638084031,49.26163939641],[-122.9366099631,49.26130416414],[-122.93710810487,49.2608878176],[-122.93953191949,49.26088369178],[-122.93974738304,49.26053840535],[-122.93972070545,49.25987274758],[-122.9398860584,49.25946805747],[-122.94040907522,49.25882062537],[-122.94058812746,49.258505902],[-122.94076742005,49.25800227249],[-122.94097435157,49.25729175153],[-122.94129087748,49.25696801545],[-122.94233615004,49.25630295853],[-122.94247398422,49.25589826841],[-122.94261177834,49.25564647369],[-122.94301594773,49.25520156691],[-122.94436224437,49.25563449682],[-122.94522005283,49.25589041735],[-122.94567585496,49.25607071135],[-122.94878050873,49.2570166039],[-122.94990877822,49.25741977188],[-122.95225336122,49.25818500993],[-122.95318307098,49.25838749519],[-122.95544405622,49.25880688602],[-122.95617252246,49.2588547134],[-122.95872171372,49.258902701],[-122.96269362928,49.25939567549],[-122.96456907137,49.25977509001],[-122.96478777948,49.2607137724],[-122.96477299865,49.26295945608],[-122.96479647172,49.26450126816],[-122.96479687229,49.26803272321],[-122.96211637605,49.26801389668],[-122.96075557899,49.26799543067],[-122.95785517295,49.26803937257],[-122.95646689717,49.26799386847],[-122.95349783441,49.26797476155],[-122.95346687079,49.27163579915],[-122.95343843073,49.27273322519],[-122.95305813497,49.27276202576],[-122.95191256111,49.27263636874],[-122.95104842373,49.27240235907],[-122.94932964234,49.27183371798],[-122.94859757102,49.271575354],[-122.94747478926,49.2710761307],[-122.94612312506,49.27065605891],[-122.94552231866,49.27061588231]]]]},"properties":{"a": "2.58555", "q": "00010", "t": "CT", "dw": "3006", "hh": "2826", "id": "9330237.00", "pop": "7492", "rgid": "59", "rpid": "59933", "ruid": "5915025", "rguid": "5915"}},{"type":"Feature","geometry":{"type":"MultiPolygon","coordinates":[[[[-122.96479687229,49.26803272321],[-122.96479647172,49.26450126816],[-122.96477299865,49.26295945608],[-122.96478777948,49.2607137724],[-122.96456907137,49.25977509001],[-122.96462038365,49.25818348779],[-122.96565544182,49.25897484263],[-122.96676816941,49.25968576417],[-122.96726274616,49.25991084125],[-122.96810080681,49.2603428098],[-122.96935124841,49.26081984183],[-122.97057425135,49.26120698724],[-122.97105516886,49.26132403213],[-122.97182481312,49.26141419915],[-122.97350145514,49.26154950978],[-122.97381750038,49.2615945332],[-122.9785179623,49.26167652872],[-122.98561472008,49.26176625512],[-122.98633793894,49.26246788356],[-122.98681913684,49.26276614375],[-122.98790134143,49.26315160678],[-122.98835834525,49.26336002039],[-122.98826693647,49.26350907037],[-122.98780051939,49.26399159013],[-122.98713430084,49.26508793464],[-122.98695945452,49.26557446005],[-122.986722,49.26603142381],[-122.98686147649,49.26617174149],[-122.98756018081,49.26724585468],[-122.98815109328,49.26804642251],[-122.98589671735,49.26809116554],[-122.98390358947,49.26811792323],[-122.98261152924,49.26807269952],[-122.9813193889,49.26809949728],[-122.9785976746,49.26805411334],[-122.97577986492,49.26808051053],[-122.97019900271,49.26804325805],[-122.96643265675,49.26800624591],[-122.96479687229,49.26803272321]]]]},"properties":{"a": "1.24658", "q": "00010", "t": "CT", "dw": "978", "hh": "913", "id": "9330238.01", "pop": "2827", "rgid": "59", "rpid": "59933", "ruid": "5915025", "rguid": "5915"}},{"type":"Feature","geometry":{"type":"MultiPolygon","coordinates":[[[[-122.96481557864,49.28040110755],[-122.96477520176,49.27916877146],[-122.96477612306,49.2778824393],[-122.96480544436,49.2753728238],[-122.96480736707,49.272539312],[-122.96483544663,49.27169376081],[-122.96479551037,49.26985877571],[-122.96479687229,49.26803272321],[-122.96643265675,49.26800624591],[-122.97019900271,49.26804325805],[-122.97577986492,49.26808051053],[-122.9785976746,49.26805411334],[-122.9813193889,49.26809949728],[-122.98261152924,49.26807269952],[-122.98390358947,49.26811792323],[-122.98589671735,49.26809116554],[-122.98815109328,49.26804642251],[-122.98816443207,49.26962064023],[-122.98805395643,49.27151859404],[-122.98813623234,49.27268796142],[-122.98806701483,49.27473889073],[-122.98806601342,49.27830996159],[-122.98803837448,49.27918247076],[-122.98803805403,49.28057679506],[-122.98372081198,49.28051330562],[-122.98235965441,49.28054002326],[-122.98095711854,49.28053982297],[-122.97933218937,49.2805655392],[-122.97820728463,49.2805213169],[-122.97695620212,49.28050313128],[-122.97562252326,49.28050289094],[-122.97008147714,49.28046559841],[-122.96481557864,49.28040110755]]]]},"properties":{"a": "2.34424", "q": "00000", "t": "CT", "dw": "2423", "hh": "2323", "id": "9330238.02", "pop": "6958", "rgid": "59", "rpid": "59933", "ruid": "5915025", "rguid": "5915"}},{"type":"Feature","geometry":{"type":"MultiPolygon","coordinates":[[[[-122.98803805403,49.28057679506],[-122.98803837448,49.27918247076],[-122.98806601342,49.27830996159],[-122.98806701483,49.27473889073],[-122.98813623234,49.27268796142],[-122.98805395643,49.27151859404],[-122.98816443207,49.26962064023],[-122.98815109328,49.26804642251],[-122.98756018081,49.26724585468],[-122.98686147649,49.26617174149],[-122.986722,49.26603142381],[-122.98695945452,49.26557446005],[-122.98713430084,49.26508793464],[-122.98780051939,49.26399159013],[-122.98826693647,49.26350907037],[-122.98835834525,49.26336002039],[-122.98790134143,49.26315160678],[-122.98681913684,49.26276614375],[-122.98633793894,49.26246788356],[-122.98561472008,49.26176625512],[-122.98681941724,49.26180366783],[-122.99040663084,49.26184003907],[-122.99076385409,49.26186699705],[-123.00000006589,49.26211029981],[-123.00131940455,49.26223619717],[-123.00304111005,49.26225113822],[-123.00338106898,49.26238909256],[-123.00336752991,49.26454789384],[-123.00329887319,49.2666797772],[-123.00332659223,49.27025986076],[-123.00324455666,49.27564797143],[-123.00317589994,49.27838254384],[-123.00314858146,49.28017258562],[-123.00312110275,49.28117103221],[-123.00049500315,49.28118004491],[-122.99777256783,49.28119803024],[-122.99491273896,49.28117996479],[-122.99448802062,49.28113029482],[-122.99385765257,49.28095104229],[-122.99304486753,49.28054066416],[-122.99245379484,49.28033277128],[-122.99194760173,49.28024681018],[-122.99080178753,49.28031614786],[-122.98970484217,49.28056690112],[-122.98803805403,49.28057679506]]]]},"properties":{"a": "2.36499", "q": "01000", "t": "CT", "dw": "3071", "hh": "2929", "id": "9330239.00", "pop": "7553", "rgid": "59", "rpid": "59933", "ruid": "5915025", "rguid": "5915"}},{"type":"Feature","geometry":{"type":"MultiPolygon","coordinates":[[[[-123.00324455666,49.27564797143],[-123.00332659223,49.27025986076],[-123.00329887319,49.2666797772],[-123.00336752991,49.26454789384],[-123.00338106898,49.26238909256],[-123.00338114909,49.26225414245],[-123.01799129159,49.26238773065],[-123.023670252,49.26247273039],[-123.02361433322,49.26575691709],[-123.02359774986,49.26609767715],[-123.02360171545,49.26835393572],[-123.02358445113,49.26963141541],[-123.02354375379,49.27219831161],[-123.02355785366,49.27313310853],[-123.02352400597,49.27397465409],[-123.02354135041,49.27418402905],[-123.02355925563,49.27581520702],[-123.02099324068,49.27579902423],[-123.01861476993,49.27577246681],[-123.01146589874,49.27571939204],[-123.00874374382,49.2756926744],[-123.00599411019,49.27567488935],[-123.00324455666,49.27564797143]]]]},"properties":{"a": "2.19574", "q": "01010", "t": "CT", "dw": "2810", "hh": "2602", "id": "9330240.01", "pop": "5761", "rgid": "59", "rpid": "59933", "ruid": "5915025", "rguid": "5915"}},{"type":"Feature","geometry":{"type":"MultiPolygon","coordinates":[[[[-123.00312110275,49.28117103221],[-123.00314858146,49.28017258562],[-123.00317589994,49.27838254384],[-123.00324455666,49.27564797143],[-123.00599411019,49.27567488935],[-123.00874374382,49.2756926744],[-123.01146589874,49.27571939204],[-123.01861476993,49.27577246681],[-123.02099324068,49.27579902423],[-123.02355925563,49.27581520702],[-123.02353674392,49.27673265951],[-123.02354175097,49.27747306258],[-123.02352176281,49.27759891988],[-123.02349764884,49.28122895381],[-123.02089922824,49.28118721501],[-123.01860307346,49.28117852276],[-123.01614188618,49.28117892333],[-123.01409324009,49.28117015097],[-123.00312110275,49.28117103221]]]]},"properties":{"a": "0.89645", "q": "01000", "t": "CT", "dw": "2162", "hh": "2018", "id": "9330240.02", "pop": "5266", "rgid": "59", "rpid": "59933", "ruid": "5915025", "rguid": "5915"}},{"type":"Feature","geometry":{"type":"MultiPolygon","coordinates":[[[[-123.00265576719,49.29078421508],[-123.00286446119,49.2899122667],[-123.00308036536,49.28834017196],[-123.00309386437,49.28553369825],[-123.00310760373,49.28468818711],[-123.00310752362,49.28290715803],[-123.00312110275,49.28117103221],[-123.01409324009,49.28117015097],[-123.01614188618,49.28117892333],[-123.01860307346,49.28117852276],[-123.02089922824,49.28118721501],[-123.02349764884,49.28122895381],[-123.02345939495,49.2856436131],[-123.02345859382,49.28669529469],[-123.02342939268,49.28771224735],[-123.02345675123,49.28839424814],[-123.0234204601,49.29025086371],[-123.02345394728,49.29072897726],[-123.02331010463,49.29114440251],[-123.02332376388,49.2920297698],[-123.02321392914,49.29268905859],[-123.0231102631,49.29308113093],[-123.02312860895,49.29341732456],[-123.02203262494,49.29352884166],[-123.02036791974,49.29360931503],[-123.01889700754,49.29364628712],[-123.01801672742,49.29356545324],[-123.01600877866,49.29329591352],[-123.01457836352,49.29317918908],[-123.0136149663,49.29302553261],[-123.0110576436,49.2927838321],[-123.0101083863,49.29262168367],[-123.0092145671,49.29236111659],[-123.00645023276,49.29108403747],[-123.00580316118,49.29086733218],[-123.00513001286,49.29094019482],[-123.00380979296,49.2909042642],[-123.00265576719,49.29078421508]]]]},"properties":{"a": "1.88959", "q": "01010", "t": "CT", "dw": "3110", "hh": "2994", "id": "9330241.00", "pop": "7449", "rgid": "59", "rpid": "59933", "ruid": "5915025", "rguid": "5915"}},{"type":"Feature","geometry":{"type":"MultiPolygon","coordinates":[[[[-122.94773407454,49.29033886768],[-122.94772414054,49.29019218104],[-122.94781719163,49.28879777662],[-122.94787090731,49.28556694509],[-122.94796792398,49.28449799918],[-122.94786413777,49.28437867107],[-122.94755802652,49.28255345975],[-122.94931794587,49.28252722279],[-122.95341539828,49.28251993252],[-122.95693539719,49.28251236185],[-122.95728060351,49.28203528976],[-122.95813684977,49.28119450528],[-122.95912319932,49.28058817109],[-122.95968999782,49.28040907878],[-122.96239564949,49.28042730446],[-122.96358812943,49.28042738457],[-122.96481557864,49.28040110755],[-122.97008147714,49.28046559841],[-122.97562252326,49.28050289094],[-122.97695620212,49.28050313128],[-122.97820728463,49.2805213169],[-122.97933218937,49.2805655392],[-122.98095711854,49.28053982297],[-122.98235965441,49.28054002326],[-122.98372081198,49.28051330562],[-122.98803805403,49.28057679506],[-122.98970484217,49.28056690112],[-122.99080178753,49.28031614786],[-122.99194760173,49.28024681018],[-122.99245379484,49.28033277128],[-122.99304486753,49.28054066416],[-122.99385765257,49.28095104229],[-122.99448802062,49.28113029482],[-122.99491273896,49.28117996479],[-122.99777256783,49.28119803024],[-123.00049500315,49.28118004491],[-123.00312110275,49.28117103221],[-123.00310752362,49.28290715803],[-123.00310760373,49.28468818711],[-123.00309386437,49.28553369825],[-123.00308036536,49.28834017196],[-123.00286446119,49.2899122667],[-123.00265576719,49.29078421508],[-123.00242031549,49.29075978066],[-123.00022041631,49.29072445089],[-122.99999974544,49.29075966049],[-122.99894085369,49.29120941409],[-122.99800621699,49.29165091607],[-122.99612208266,49.29240646047],[-122.99518692522,49.2927302366],[-122.99332982898,49.29345826223],[-122.99312397898,49.29355768229],[-122.99040006158,49.29458220562],[-122.98897020723,49.29505058546],[-122.98837873397,49.29514047209],[-122.98775962178,49.2951850549],[-122.98716842892,49.29530226002],[-122.98678324628,49.29530205974],[-122.98610949711,49.29521217311],[-122.98562809893,49.29507718293],[-122.98478859625,49.29475240539],[-122.98415606516,49.29445558724],[-122.98331736361,49.29402369881],[-122.98238288714,49.29343066335],[-122.98150288741,49.29298070946],[-122.97937108416,49.29197224876],[-122.97814792099,49.2914959778],[-122.97739169564,49.29110903268],[-122.97655279381,49.2907397925],[-122.97528721088,49.2903791244],[-122.97469673903,49.29012797058],[-122.9736516267,49.28997483484],[-122.97319746689,49.28987525455],[-122.97294987809,49.28992917051],[-122.97256517613,49.29018144591],[-122.97201508116,49.290091359],[-122.97054356812,49.28974887652],[-122.97033695705,49.28955936954],[-122.97036543718,49.28908345909],[-122.97054392863,49.28857902846],[-122.97020060497,49.28841744081],[-122.97002159278,49.28844415845],[-122.96904533745,49.288308968],[-122.96831707148,49.28812947513],[-122.96632334275,49.28780509816],[-122.96545712243,49.28762488428],[-122.96489336823,49.28756183545],[-122.96394431122,49.28739912623],[-122.96305089258,49.2873543832],[-122.96203297857,49.28739864555],[-122.96157937954,49.28747074713],[-122.96073963653,49.28774853848],[-122.95944709562,49.28807223449],[-122.95764487669,49.28863791141],[-122.95703974419,49.28875463585],[-122.95644879167,49.28894410277],[-122.95576094264,49.28935768541],[-122.95512765047,49.28962662429],[-122.95408237791,49.28997727828],[-122.9525833461,49.29034587756],[-122.95217072481,49.29040876616],[-122.95104301611,49.29043524346],[-122.95003924201,49.29034483609],[-122.94860894704,49.29032620985],[-122.94773407454,49.29033886768]]]]},"properties":{"a": "4.45482", "q": "01010", "t": "CT", "dw": "2883", "hh": "2699", "id": "9330242.00", "pop": "6808", "rgid": "59", "rpid": "59933", "ruid": "5915025", "rguid": "5915"}},{"type":"Feature","geometry":{"type":"MultiPolygon","coordinates":[[[[-122.95341539828,49.28251993252],[-122.95344491987,49.28039710191],[-122.94650149811,49.28037623251],[-122.94661337572,49.27533056427],[-122.94656270433,49.27434016902],[-122.94635785575,49.27344971456],[-122.94617952452,49.27331472439],[-122.9455471937,49.27255849903],[-122.94527344805,49.27192015975],[-122.94527308755,49.27129664135],[-122.94552231866,49.27061588231],[-122.94612312506,49.27065605891],[-122.94747478926,49.2710761307],[-122.94859757102,49.271575354],[-122.94932964234,49.27183371798],[-122.95104842373,49.27240235907],[-122.95191256111,49.27263636874],[-122.95305813497,49.27276202576],[-122.95343843073,49.27273322519],[-122.95346687079,49.27163579915],[-122.95349783441,49.26797476155],[-122.95646689717,49.26799386847],[-122.95785517295,49.26803937257],[-122.96075557899,49.26799543067],[-122.96211637605,49.26801389668],[-122.96479687229,49.26803272321],[-122.96479551037,49.26985877571],[-122.96483544663,49.27169376081],[-122.96480736707,49.272539312],[-122.96480544436,49.2753728238],[-122.96477612306,49.2778824393],[-122.96477520176,49.27916877146],[-122.96481557864,49.28040110755],[-122.96358812943,49.28042738457],[-122.96239564949,49.28042730446],[-122.95968999782,49.28040907878],[-122.95912319932,49.28058817109],[-122.95813684977,49.28119450528],[-122.95728060351,49.28203528976],[-122.95693539719,49.28251236185],[-122.95341539828,49.28251993252]]]]},"properties":{"a": "1.7089", "q": "00010", "t": "CT", "dw": "2241", "hh": "2106", "id": "9330243.01", "pop": "6001", "rgid": "59", "rpid": "59933", "ruid": "5915025", "rguid": "5915"}},{"type":"Feature","geometry":{"type":"MultiPolygon","coordinates":[[[[-122.89172537052,49.29182864646],[-122.89166945175,49.29179700188],[-122.89164754088,49.29139864067],[-122.89181249326,49.29109933902],[-122.89224922853,49.29073987261],[-122.89258281848,49.29055549286],[-122.89313912219,49.29037784259],[-122.89328444692,49.29017091107],[-122.89418828022,49.2874605728],[-122.89392707224,49.28230342751],[-122.89369935143,49.27629175838],[-122.89353756351,49.27033240295],[-122.8935041965,49.26909934584],[-122.89338831325,49.26753013517],[-122.89339219872,49.26570416277],[-122.8933154506,49.26307746233],[-122.89583071405,49.26305278757],[-122.89716010688,49.26311106967],[-122.89822476675,49.26327750414],[-122.8986152769,49.26338333323],[-122.89953164786,49.26379242956],[-122.90025402553,49.26426205115],[-122.90556442673,49.26169387315],[-122.90900395227,49.26002167739],[-122.90936009399,49.25981654841],[-122.91028263365,49.25940981541],[-122.9114680236,49.25861373391],[-122.91192418624,49.2581546071],[-122.91220978859,49.25772319934],[-122.91241595904,49.25697863041],[-122.91265906152,49.25236240716],[-122.91381212593,49.25251702498],[-122.91594304793,49.25285834583],[-122.91972048952,49.25339301906],[-122.92274579151,49.25383544234],[-122.92606094183,49.25419402751],[-122.92721793178,49.25421677956],[-122.92793109647,49.25425226956],[-122.93758337442,49.25432028538],[-122.93945565205,49.2544132163],[-122.94076689931,49.25463236503],[-122.94207626392,49.25489950137],[-122.94301594773,49.25520156691],[-122.94261177834,49.25564647369],[-122.94247398422,49.25589826841],[-122.94233615004,49.25630295853],[-122.94129087748,49.25696801545],[-122.94097435157,49.25729175153],[-122.94076742005,49.25800227249],[-122.94058812746,49.258505902],[-122.94040907522,49.25882062537],[-122.9398860584,49.25946805747],[-122.93972070545,49.25987274758],[-122.93974738304,49.26053840535],[-122.93953191949,49.26088369178],[-122.93710810487,49.2608878176],[-122.9366099631,49.26130416414],[-122.93638084031,49.26163939641],[-122.93630909925,49.26229764373],[-122.93637731535,49.26266844611],[-122.93658232416,49.2629439943],[-122.93685550902,49.26357191891],[-122.93689664697,49.26509738796],[-122.93679782776,49.26562777516],[-122.93672985199,49.266464554],[-122.93708607383,49.2675390277],[-122.93741746068,49.2679230487],[-122.93847679305,49.26884286452],[-122.93949691017,49.26945344469],[-122.94074146348,49.27004423699],[-122.94194732227,49.27038695981],[-122.94454914767,49.27051077424],[-122.94552231866,49.27061588231],[-122.94527308755,49.27129664135],[-122.94527344805,49.27192015975],[-122.9455471937,49.27255849903],[-122.94617952452,49.27331472439],[-122.94635785575,49.27344971456],[-122.94656270433,49.27434016902],[-122.94661337572,49.27533056427],[-122.94650149811,49.28037623251],[-122.95344491987,49.28039710191],[-122.95341539828,49.28251993252],[-122.94931794587,49.28252722279],[-122.94755802652,49.28255345975],[-122.94786413777,49.28437867107],[-122.94796792398,49.28449799918],[-122.94787090731,49.28556694509],[-122.94781719163,49.28879777662],[-122.94772414054,49.29019218104],[-122.94773407454,49.29033886768],[-122.94720625095,49.29039755036],[-122.94599598595,49.29045995827],[-122.94518456283,49.29053153912],[-122.94389166142,49.29069284636],[-122.94197980803,49.29097075788],[-122.93968289218,49.29120344569],[-122.93915991542,49.29129281158],[-122.93848596598,49.29157160434],[-122.93789449272,49.29166125063],[-122.93730309958,49.29168792822],[-122.93682130083,49.29165996883],[-122.93653301469,49.29159752085],[-122.93605101566,49.29161434455],[-122.93462124142,49.29180333079],[-122.9333279795,49.29189209584],[-122.93239278201,49.29190054775],[-122.93162241674,49.29180973982],[-122.93085325315,49.29166621763],[-122.9304405918,49.29169297533],[-122.92953219207,49.29192566313],[-122.9289686782,49.29198891224],[-122.92799238281,49.29189834465],[-122.92771679457,49.29189746341],[-122.92694686991,49.29217657661],[-122.92635495604,49.29215754981],[-122.92537946178,49.29192370037],[-122.92485692564,49.29183341317],[-122.92408720126,49.29156295215],[-122.92363344202,49.29135558001],[-122.92306964775,49.2911929509],[-122.92261624901,49.29094992854],[-122.92206691512,49.29074311718],[-122.92175086989,49.29058100881],[-122.92028111933,49.2895095794],[-122.92000557114,49.28941853113],[-122.9195521724,49.28939169332],[-122.91941517941,49.28925710372],[-122.91951191569,49.28893332759],[-122.91937468236,49.28882533545],[-122.91881092815,49.28875291342],[-122.91842582562,49.28875263303],[-122.91787508976,49.28894073803],[-122.91755892435,49.28912083174],[-122.91700846888,49.28935432067],[-122.91644447433,49.28944388685],[-122.91594945696,49.28944352634],[-122.91533074533,49.28932612095],[-122.9149452823,49.28932539993],[-122.91469773356,49.28942429926],[-122.91410577963,49.28981072365],[-122.91365202038,49.28994559365],[-122.91306002639,49.29029596725],[-122.91274362064,49.29034071028],[-122.91226238268,49.29029532634],[-122.91176696475,49.29013213645],[-122.91131396657,49.29006972853],[-122.91103877889,49.28995220296],[-122.91076395172,49.28962774587],[-122.91051744445,49.28942141519],[-122.91006376531,49.28915071384],[-122.90956938884,49.28898896597],[-122.90895015648,49.28885273405],[-122.90811181544,49.28871750354],[-122.90713600073,49.28860927106],[-122.90552761487,49.28837409976],[-122.90444068362,49.28826438519],[-122.90412527928,49.28819300463],[-122.90307988655,49.28820077558],[-122.90171844859,49.28836188254],[-122.90078337127,49.28836112147],[-122.9003983088,49.28833376293],[-122.89994446944,49.28837834574],[-122.8992833781,49.28852086652],[-122.89862324813,49.28872743753],[-122.89819624657,49.28893376821],[-122.8979214194,49.28914122046],[-122.89737068354,49.28945554327],[-122.89635160788,49.29014727778],[-122.89621393393,49.29021909896],[-122.89548338474,49.29103697116],[-122.89495912618,49.29144939217],[-122.89436801343,49.29170158746],[-122.89348757308,49.29181771105],[-122.89255237559,49.2918438679],[-122.89198866144,49.2917983638],[-122.89172537052,49.29182864646]]]]},"properties":{"a": "13.53214", "q": "01020", "t": "CT", "dw": "2732", "hh": "2454", "id": "9330243.02", "pop": "7290", "rgid": "59", "rpid": "59933", "ruid": "5915025", "rguid": "5915"}},{"type":"Feature","geometry":{"type":"MultiPolygon","coordinates":[[[[-123.33907623004,49.41531224784],[-123.33779358307,49.41523517927],[-123.3370478525,49.41510203169],[-123.33656537279,49.41513924412],[-123.33589198413,49.41533996689],[-123.33516155512,49.41539600584],[-123.33404402076,49.41537141119],[-123.33272027589,49.41525016037],[-123.33143382356,49.41470439151],[-123.3309102059,49.41469738163],[-123.33041458768,49.41477100535],[-123.32983557197,49.41477272778],[-123.32789027147,49.4145623514],[-123.32755888462,49.41455377933],[-123.32649690853,49.41443136687],[-123.32552982612,49.41411920711],[-123.32504622483,49.41405671908],[-123.32402686878,49.41408752247],[-123.32310372828,49.41422455552],[-123.32222316776,49.41444330369],[-123.3216176347,49.41466954241],[-123.32102588105,49.4147794172],[-123.32070967558,49.41490631597],[-123.32044906844,49.41514092649],[-123.32035465543,49.41550944565],[-123.3204665731,49.41568949931],[-123.32065956499,49.41577826436],[-123.32121242384,49.41589434789],[-123.32144847639,49.41615455447],[-123.32163229535,49.41685562212],[-123.32156560139,49.41730473482],[-123.32132157762,49.41784597731],[-123.32099287455,49.41827778564],[-123.32040328394,49.41868503937],[-123.31974319402,49.41895674214],[-123.31930225283,49.41899387445],[-123.31909423979,49.41880560922],[-123.31900887953,49.41840103927],[-123.31924052587,49.4179686301],[-123.31916974616,49.41772568785],[-123.31886563774,49.4175559287],[-123.31823062314,49.4174497391],[-123.3178438783,49.41744993938],[-123.31745913628,49.41755084153],[-123.31679920659,49.41792080273],[-123.31645548235,49.41798533364],[-123.31611167801,49.41816582791],[-123.31593430813,49.41841846382],[-123.31593619078,49.41869733669],[-123.31604967065,49.41925432136],[-123.31601153693,49.4197045957],[-123.31586016368,49.419865943],[-123.31544638075,49.41984915936],[-123.31476910662,49.419474111],[-123.31436501734,49.41891660559],[-123.31433673751,49.4187998411],[-123.31438680804,49.41798136805],[-123.31405506068,49.41776698603],[-123.31348878292,49.41761561278],[-123.31288373054,49.41786011723],[-123.31258062352,49.41791487437],[-123.31253764297,49.41767201223],[-123.31216411676,49.41753746268],[-123.31115829978,49.41757675804],[-123.31084037189,49.417424824],[-123.31103176152,49.41716345579],[-123.31162295438,49.41691005881],[-123.31208917118,49.41661103755],[-123.31294469642,49.4166275408],[-123.31339837556,49.41641940759],[-123.31390573031,49.41603995302],[-123.31393008462,49.41558066598],[-123.31419169317,49.41540990542],[-123.31448001936,49.41530948395],[-123.31478228518,49.4150665417],[-123.31495929455,49.41471516669],[-123.31492821076,49.41414856847],[-123.31473173397,49.41368098976],[-123.31438392398,49.41322294447],[-123.31367600668,49.4124603902],[-123.3133581589,49.41226395346],[-123.31302673199,49.41216589532],[-123.31142551623,49.41190000073],[-123.31073426241,49.41154245703],[-123.30921548278,49.41115975789],[-123.30892491343,49.41099857082],[-123.30874429898,49.41077421475],[-123.30874257656,49.41049530182],[-123.30902857947,49.40999051068],[-123.30952183436,49.40944982898],[-123.30958800758,49.40915200941],[-123.30988971262,49.40881886008],[-123.31037079035,49.40854811866],[-123.31042470631,49.40843940551],[-123.31040912436,49.4080802195],[-123.31059883161,49.40755796375],[-123.31003019052,49.40700182027],[-123.31006956599,49.40668693667],[-123.31028819399,49.40638947761],[-123.31097271834,49.40564991573],[-123.31106733163,49.40534396471],[-123.31080127681,49.40468804066],[-123.31085411125,49.40431912093],[-123.31114079512,49.40387757889],[-123.31170238628,49.40331843118],[-123.31296532548,49.4025234312],[-123.31345733862,49.40184747893],[-123.31384123946,49.40154060661],[-123.31439069352,49.40135834985],[-123.31516173975,49.40123926208],[-123.31643012663,49.40126297549],[-123.31682948925,49.40111865217],[-123.31754245366,49.40064810928],[-123.31790055815,49.40050410641],[-123.31882269724,49.40033034161],[-123.31935865228,49.40005927975],[-123.32009921558,49.39950830354],[-123.32088127733,49.3989932179],[-123.32087975519,49.39882189654],[-123.32055974436,49.39825694065],[-123.32065507866,49.39813909463],[-123.32210752484,49.39676848373],[-123.32301243967,49.39617144263],[-123.32314827103,49.3957492078],[-123.32318720588,49.39538926071],[-123.32307480753,49.39506576498],[-123.32307132262,49.39452604463],[-123.32295772259,49.39403146788],[-123.32280478713,49.39381616456],[-123.32201419336,49.39302681254],[-123.32126654008,49.39251609305],[-123.32061754579,49.3922930989],[-123.31999699157,49.39223189267],[-123.31978929897,49.39215101874],[-123.31967754153,49.39185500171],[-123.31952452596,49.39169301351],[-123.31915212133,49.39168464171],[-123.31899986683,49.39158602278],[-123.31901044173,49.39097528238],[-123.31872127436,49.39100308154],[-123.31841900853,49.39115685818],[-123.3180874214,49.39103168184],[-123.31816889618,49.3908336829],[-123.31842950332,49.39063508311],[-123.31873200948,49.39053530255],[-123.31881356438,49.39037319417],[-123.31868818775,49.39014863782],[-123.31881076042,49.38992344057],[-123.31890485298,49.38957234595],[-123.31902758588,49.38936513403],[-123.31910497491,49.38855539329],[-123.31904344823,49.38756607956],[-123.31935765087,49.38718706561],[-123.32066284961,49.38660772945],[-123.32168048324,49.38625451185],[-123.32223117905,49.38618104835],[-123.32344456845,49.3863482439],[-123.32396834633,49.38634708226],[-123.32453210054,49.38626364471],[-123.32549778097,49.38635164869],[-123.3260772373,49.38652048655],[-123.32678058817,49.38666204597],[-123.32839678504,49.38716211046],[-123.32958233522,49.38723969976],[-123.3308756372,49.38705519984],[-123.33159172601,49.38698125567],[-123.33265009702,49.38654700391],[-123.33308859477,49.38623039788],[-123.33333374013,49.38580692129],[-123.33333093618,49.38530397275],[-123.33316313979,49.38492668123],[-123.33263631761,49.38449615471],[-123.33248246086,49.38419048408],[-123.33252207667,49.38386710852],[-123.33298605031,49.38320902142],[-123.33404145715,49.38239643666],[-123.33414840781,49.38190153946],[-123.33404910792,49.38148807698],[-123.33388303396,49.38138060558],[-123.33337347611,49.38140900559],[-123.33242353785,49.38161777971],[-123.33206439189,49.38136782758],[-123.33187107956,49.38136786764],[-123.33050960153,49.38167806463],[-123.32964101789,49.38167986717],[-123.32907578159,49.38153822764],[-123.32867517723,49.38147557938],[-123.32828987442,49.38150401944],[-123.32735575846,49.38184898543],[-123.32701071236,49.38177800543],[-123.32687243756,49.38168847931],[-123.32685745646,49.38150858588],[-123.32715908138,49.38128286789],[-123.32960436625,49.38022349547],[-123.33047331041,49.38037394742],[-123.33088617204,49.38030977702],[-123.33136612819,49.38000238397],[-123.3317772674,49.37965958103],[-123.33210729233,49.37955968029],[-123.33340227668,49.37955595505],[-123.33391071296,49.37940121705],[-123.33423965636,49.37911281075],[-123.33445608126,49.37862552427],[-123.33441217941,49.3781498141],[-123.33420264422,49.37781674488],[-123.33387149771,49.37764762663],[-123.33312624782,49.37750530613],[-123.33263066965,49.37753394648],[-123.33126859078,49.37786128763],[-123.32996142928,49.37807202451],[-123.32915056695,49.37830883813],[-123.32850517774,49.37871456972],[-123.32766627591,49.37883477907],[-123.32718451722,49.37895266514],[-123.32614056652,49.37935178742],[-123.32479410966,49.38001155689],[-123.32347396987,49.38033048619],[-123.32271670304,49.38036886025],[-123.32226178216,49.38033413133],[-123.32197157332,49.38019104976],[-123.32183233717,49.37995756082],[-123.3218157538,49.37953484531],[-123.32204331439,49.37850879983],[-123.32214746111,49.37759098684],[-123.32207588026,49.37717740419],[-123.32197810252,49.37705114632],[-123.32146698246,49.37675633099],[-123.32105055581,49.37627172829],[-123.32107651237,49.37612688424],[-123.32137873814,49.37589303479],[-123.32152943044,49.37587376765],[-123.32175106267,49.37599966501],[-123.32197449744,49.37641308743],[-123.32212619114,49.3764932003],[-123.3234502164,49.37667870163],[-123.32462074542,49.37667497638],[-123.32547434796,49.37652917097],[-123.32596928522,49.37638392635],[-123.32640966562,49.3763107032],[-123.32697117667,49.37591246216],[-123.3273936919,49.37521872484],[-123.32766687676,49.37487616224],[-123.32802117588,49.37419231886],[-123.32812608368,49.37349866165],[-123.32805466306,49.37311203698],[-123.32813573728,49.37277079624],[-123.32839446176,49.37241853999],[-123.32893017647,49.37210289532],[-123.32940925138,49.37174991805],[-123.33023289171,49.37133365162],[-123.33068336633,49.37072078823],[-123.33094429392,49.37053168182],[-123.33124647963,49.37043170097],[-123.33186583216,49.37041151253],[-123.33216921957,49.37034858387],[-123.33251206256,49.37013175841],[-123.33281240568,49.36977954222],[-123.33314867942,49.36853775281],[-123.33328086564,49.3677008538],[-123.33331463321,49.3666033076],[-123.3331968673,49.36547031146],[-123.33263812015,49.3643294242],[-123.33247869555,49.36313361957],[-123.33228285967,49.36279153765],[-123.33226759817,49.36249532034],[-123.33238776746,49.36191061662],[-123.33282274024,49.36112619154],[-123.33297066864,49.3606039358],[-123.33323191668,49.36045993293],[-123.3337412342,49.36043145281],[-123.33398758124,49.36020589504],[-123.3342592039,49.35975449913],[-123.33447679043,49.35923304451],[-123.33451212021,49.35841385045],[-123.3348394213,49.35798080037],[-123.33518246457,49.35778212048],[-123.33552711011,49.35776373457],[-123.33590812687,49.35707900995],[-123.33651878716,49.35576391727],[-123.33688642508,49.35524935236],[-123.33736694203,49.35493398808],[-123.33758272602,49.35426772947],[-123.33786900933,49.35386207799],[-123.33833394432,49.353455345],[-123.3385119551,49.35324853364],[-123.33874500341,49.35311270229],[-123.33919984418,49.35316553672],[-123.33939107358,49.35301139957],[-123.33949846488,49.35263310664],[-123.33973143308,49.35237241939],[-123.3397113648,49.35151741488],[-123.34001238888,49.35121995582],[-123.34028841775,49.35129125627],[-123.34130180539,49.3504698591],[-123.3414918331,49.35015373375],[-123.34158672678,49.34986636891],[-123.3422845098,49.3492256663],[-123.34283156048,49.34877366954],[-123.34335293498,49.34843090666],[-123.34399792363,49.3481321658],[-123.34417585429,49.34797866956],[-123.34417285006,49.34760041668],[-123.34435021994,49.34740177684],[-123.34481639668,49.34703229633],[-123.3455160223,49.34671512951],[-123.3457907293,49.34668664938],[-123.34623315258,49.3469551877],[-123.34631963441,49.34739660956],[-123.34644408974,49.34758423388],[-123.34669336091,49.34768337355],[-123.3477793308,49.34743722678],[-123.34810671201,49.34707579761],[-123.34831107992,49.34670699805],[-123.34872221913,49.34643589613],[-123.34928601339,49.34633523432],[-123.35001500037,49.3463055525],[-123.35085258034,49.34592573743],[-123.35148222738,49.3455091906],[-123.35178457332,49.3453472024],[-123.35265051324,49.34522679277],[-123.35306221323,49.34494751933],[-123.35346049432,49.34491843836],[-123.35384459544,49.34463031246],[-123.3542847355,49.34457495447],[-123.35455872148,49.3443851671],[-123.35477674864,49.34406079012],[-123.35524340605,49.34393288994],[-123.35583199525,49.34340082037],[-123.35631042926,49.34292266676],[-123.35651571846,49.34282256574],[-123.35680496595,49.34279508702],[-123.35706493218,49.34256047651],[-123.35720068343,49.34228124313],[-123.35719844027,49.34198442498],[-123.35705928423,49.34178698683],[-123.35668607846,49.34157220425],[-123.35612100239,49.34152866291],[-123.35551631052,49.34162075264],[-123.35521168136,49.34147695006],[-123.35503106691,49.34122579624],[-123.35498772586,49.34086685056],[-123.35520459137,49.34038941796],[-123.35572175995,49.33961384535],[-123.35578861413,49.33934386501],[-123.35595272533,49.33914582601],[-123.35629500753,49.3388928296],[-123.35680392448,49.3388283788],[-123.35747839466,49.33881728317],[-123.35790355362,49.3386981954],[-123.35835659185,49.33842773438],[-123.3585627623,49.3384001355],[-123.35893568767,49.33859665235],[-123.35918371709,49.33859609156],[-123.35933428921,49.33849671155],[-123.35959325404,49.33812707081],[-123.35950949604,49.33797445581],[-123.35924792755,49.33795719149],[-123.35842288524,49.33808573257],[-123.35843590358,49.33798679319],[-123.35953344979,49.33746161333],[-123.36017968018,49.33744106438],[-123.36048234657,49.33735974982],[-123.36075553143,49.33708876807],[-123.36108455495,49.33688111553],[-123.36106981419,49.33674620547],[-123.36071102874,49.33672850053],[-123.3603675849,49.33677492593],[-123.35999618168,49.33675854285],[-123.36004729368,49.33621870234],[-123.36016938568,49.33597547969],[-123.36059378356,49.33574835973],[-123.36173455066,49.33542185976],[-123.36233968316,49.3353479957],[-123.36275238456,49.33534647356],[-123.36290467911,49.33551643299],[-123.36335939971,49.33556021467],[-123.36373200463,49.33572060062],[-123.36455812846,49.33569163982],[-123.36460110901,49.33589857134],[-123.36421668744,49.33602575051],[-123.36347404122,49.33617155592],[-123.36314509781,49.33638814104],[-123.36310560217,49.33655093037],[-123.36328609644,49.33676627374],[-123.36358864267,49.33681850733],[-123.36437350837,49.33677172142],[-123.36448382378,49.33680737164],[-123.36448542604,49.33701430316],[-123.36487084902,49.33700416889],[-123.36550117701,49.33661534111],[-123.36591267672,49.33641614048],[-123.36655950797,49.33641409761],[-123.3669025913,49.33626012069],[-123.36716151606,49.33595304809],[-123.36740874435,49.33584477556],[-123.36783530528,49.33589680886],[-123.36783698765,49.33606809016],[-123.36824820697,49.33591319194],[-123.36842846091,49.33599438632],[-123.36903191104,49.33570465816],[-123.36929432072,49.33581168894],[-123.36929584286,49.33610766591],[-123.36942097915,49.33618910063],[-123.36981986109,49.33615188821],[-123.37008199037,49.33623200107],[-123.37064354148,49.33588799644],[-123.37170243322,49.33571411148],[-123.37333929921,49.33557387391],[-123.37390261279,49.3354638389],[-123.37394190815,49.335265159],[-123.37379005422,49.33511362552],[-123.37325085461,49.3348540198],[-123.37313937756,49.33465666176],[-123.37319293301,49.33442293249],[-123.37346707922,49.33427812849],[-123.37379718427,49.33423210365],[-123.3743772815,49.33450012123],[-123.37495537591,49.33449819852],[-123.37529737771,49.33431626221],[-123.37560088529,49.33431614205],[-123.37607106767,49.33469163103],[-123.37611392805,49.33480931682],[-123.37596499824,49.33513357363],[-123.37603365497,49.3352043934],[-123.3767912823,49.33527405153],[-123.37731498007,49.33527313023],[-123.37801596761,49.33512692426],[-123.37811090135,49.33497342802],[-123.37747288252,49.33441720442],[-123.37749947999,49.33429114683],[-123.37795255828,49.33409214648],[-123.37837879876,49.33399232586],[-123.37895501052,49.33374762112],[-123.37946412775,49.33371890066],[-123.37998730479,49.33382432919],[-123.38062079725,49.33378711676],[-123.38077293157,49.33386755008],[-123.38073311548,49.33406554901],[-123.38036319434,49.33430064021],[-123.37947133791,49.33466339124],[-123.37958333569,49.33492367793],[-123.37980412674,49.33499485821],[-123.38003801624,49.33496733944],[-123.38032534101,49.33483058679],[-123.38171517899,49.33469195148],[-123.38196240728,49.33462818164],[-123.38262301794,49.33459902056],[-123.38287196865,49.33476910016],[-123.38287345074,49.33495796624],[-123.38262710369,49.33520106871],[-123.38218844572,49.33546311788],[-123.382246848,49.33580564042],[-123.38239914255,49.3359755598],[-123.38274350768,49.33594788081],[-123.38325118289,49.33574827961],[-123.38521478918,49.33513008872],[-123.38569622742,49.33509255584],[-123.38593027714,49.33516297505],[-123.38611193306,49.33545098078],[-123.38636068349,49.33558492949],[-123.38739141557,49.3353657407],[-123.38780395675,49.33536381799],[-123.38886545216,49.3356117673],[-123.38929189292,49.33557435459],[-123.39008785426,49.3351857271],[-123.39034886196,49.33511290451],[-123.39103751212,49.33517350989],[-123.39117482556,49.33514587095],[-123.39159858255,49.33481127959],[-123.39222951139,49.33456593395],[-123.39255905564,49.33437678748],[-123.39287586195,49.33441167663],[-123.39338758285,49.33470677236],[-123.3940633749,49.33491995268],[-123.39497341695,49.33508814964],[-123.39531678067,49.33504140378],[-123.39583667309,49.33467953399],[-123.39653858192,49.33457911251],[-123.39747478082,49.33462089137],[-123.39966730962,49.33512572257],[-123.40012199016,49.3351514388],[-123.40122185964,49.33499469798],[-123.40281794818,49.33498848924],[-123.40391881906,49.33488638539],[-123.40461972649,49.33476681695],[-123.40585863184,49.33476265108],[-123.40642322723,49.33478764629],[-123.40683552807,49.33475880566],[-123.40777208748,49.33478287958],[-123.4081157316,49.33472772187],[-123.40878912025,49.33469743921],[-123.40994747212,49.33486515549],[-123.41080147522,49.33492507991],[-123.41192053173,49.33542482394],[-123.41255466508,49.33557511566],[-123.41309134114,49.33559959014],[-123.41391702435,49.33549864794],[-123.41481376766,49.33573830556],[-123.41661290225,49.33526411754],[-123.41697052606,49.33526251528],[-123.41754958183,49.33543079234],[-123.41815667709,49.33553722228],[-123.41972452585,49.33537855876],[-123.42030105806,49.33518760975],[-123.42071275805,49.3351134653],[-123.42096170877,49.33522970906],[-123.42100561062,49.33547305188],[-123.42092465657,49.33574239132],[-123.42109109104,49.3358945657],[-123.42168376599,49.33591134934],[-123.42269046421,49.33612352826],[-123.42339249321,49.33612993729],[-123.42390237152,49.3362000761],[-123.4241645008,49.3363421162],[-123.42467830464,49.33678189575],[-123.42529857847,49.33688756462],[-123.42638579011,49.33685656094],[-123.42660666127,49.33692770116],[-123.42727127757,49.33738398396],[-123.42779545602,49.33758807148],[-123.4292603197,49.33825729427],[-123.42982571622,49.3382830105],[-123.43008844634,49.33841699926],[-123.430504873,49.33890036021],[-123.43061827275,49.33919757892],[-123.43103025314,49.33915920486],[-123.43116868817,49.33923975834],[-123.43107507629,49.33948374206],[-123.43161599833,49.33994947818],[-123.43201580157,49.34001989739],[-123.43194926783,49.34031655532],[-123.4321443026,49.34054115172],[-123.43145877684,49.34085851882],[-123.43153031763,49.34125315478],[-123.43131253081,49.34145275597],[-123.43131501431,49.34174064154],[-123.43120650144,49.3419388007],[-123.43138983972,49.34242396419],[-123.43121319086,49.34268553269],[-123.43084407085,49.3430014177],[-123.43046008991,49.34318267305],[-123.43023933892,49.3431829935],[-123.42993531061,49.34296909216],[-123.42956374716,49.34297942672],[-123.4287841689,49.3435760272],[-123.4286343178,49.34375652148],[-123.42869115787,49.34395419996],[-123.42910498086,49.34412275742],[-123.42953602811,49.34458028197],[-123.42949649241,49.34480507866],[-123.42893686402,49.34534696206],[-123.42869280019,49.3457707591],[-123.42864260948,49.34631083995],[-123.42875576889,49.34664350861],[-123.42899138082,49.3468225208],[-123.42921137074,49.34686574169],[-123.42987198139,49.34683638032],[-123.42998269737,49.34690784099],[-123.42987614726,49.34723297904],[-123.42948034967,49.34763025872],[-123.42776817759,49.34874210507],[-123.42726294583,49.34920295431],[-123.42670143479,49.3495735564],[-123.42627595538,49.34970129636],[-123.42580829655,49.34976610767],[-123.42546204876,49.34955116486],[-123.424870215,49.34952685061],[-123.42445827466,49.34969877281],[-123.4243367034,49.34988904085],[-123.42408995578,49.35000684682],[-123.42344140211,49.34991856244],[-123.42323607285,49.34998297318],[-123.42231749878,49.35045407687],[-123.42138378338,49.35083445273],[-123.41929720384,49.35149954971],[-123.41899629994,49.35177902343],[-123.41879381468,49.35220302075],[-123.41870148461,49.35276909822],[-123.41885898649,49.35339009307],[-123.41927945885,49.3542610801],[-123.41978160626,49.35502387471],[-123.42022527129,49.35536407398],[-123.42054355969,49.35555181847],[-123.42098446082,49.35559515953],[-123.42120441068,49.35554941508],[-123.42161767288,49.35556583822],[-123.42182516519,49.35566409664],[-123.4219224222,49.35586077372],[-123.4218840882,49.35612262261],[-123.42165248192,49.35645585205],[-123.42184759679,49.35673400391],[-123.42191925775,49.35707532476],[-123.42181254741,49.35745365774],[-123.42189838834,49.35778668691],[-123.42213315909,49.35791134252],[-123.42264223626,49.35781092105],[-123.42317879215,49.35776397491],[-123.42355163741,49.35790625536],[-123.42403331599,49.35793089006],[-123.42440616125,49.3580554255],[-123.42468154921,49.35804545145],[-123.42542319403,49.35777330806],[-123.42576807989,49.35779942485],[-123.42577088384,49.3581232811],[-123.42532289272,49.35888928022],[-123.42547554778,49.35900588449],[-123.42581979275,49.35900460269],[-123.42599964612,49.35910286111],[-123.42618102164,49.35945211313],[-123.42604599141,49.3596964173],[-123.42541317992,49.35976170928],[-123.42515189182,49.3598876467],[-123.42485435265,49.36042940993],[-123.42427910225,49.36084483517],[-123.42425382664,49.36106126007],[-123.4244899593,49.36131213349],[-123.42465703467,49.36158079197],[-123.42470249872,49.36199509564],[-123.42463508375,49.36220170671],[-123.42427008955,49.36295913376],[-123.42407890021,49.36315757331],[-123.42362450006,49.36323063624],[-123.42332343592,49.36338533418],[-123.42318800513,49.36364674245],[-123.4235490738,49.36398718205],[-123.42355055589,49.36422039059],[-123.42308522033,49.36451063949],[-123.42297730831,49.36477192759],[-123.42311606378,49.36494176685],[-123.42385037827,49.36539833005],[-123.42409860797,49.36543341948],[-123.42477163612,49.36521499177],[-123.42510154089,49.36514184872],[-123.42548732437,49.36516744478],[-123.42602600325,49.36533636275],[-123.42645288463,49.36533480055],[-123.42740218199,49.36524992097],[-123.42832576311,49.36538094556],[-123.42890393763,49.36535178448],[-123.42996206831,49.36507807889],[-123.4302927742,49.36503253472],[-123.43048632687,49.36517509556],[-123.43048925099,49.36543678422],[-123.43031244191,49.3657070049],[-123.42960003829,49.36618607982],[-123.42955998185,49.36633000257],[-123.43008612307,49.36666972116],[-123.43015838487,49.36705622566],[-123.42990262456,49.36765174462],[-123.42983693202,49.36806532727],[-123.42957920894,49.36848051217],[-123.42878448935,49.36903124804],[-123.42873165492,49.36924783316],[-123.42891254976,49.36949862647],[-123.42869456267,49.36969814755],[-123.4274038243,49.37017069327],[-123.42703398327,49.37040590463],[-123.42681583595,49.37066755323],[-123.42707912687,49.37083747261],[-123.42797290601,49.37075231264],[-123.42804320505,49.37083390759],[-123.42753589035,49.37115015311],[-123.42738720088,49.37142986717],[-123.42715427274,49.37161925397],[-123.42678266923,49.37169223679],[-123.42630087048,49.3716409245],[-123.42606814262,49.37182153895],[-123.42585444156,49.37267610284],[-123.42566389312,49.37284862589],[-123.42518245488,49.37302038786],[-123.42428895613,49.37315049115],[-123.42355976887,49.37334119982],[-123.42143193121,49.37410547651],[-123.42100609129,49.37433107433],[-123.42069276989,49.37470135598],[-123.42040985132,49.37540438639],[-123.42015052599,49.37569319326],[-123.41965374613,49.37558708378],[-123.41950225271,49.37564120001],[-123.41918941199,49.37607453048],[-123.41895620345,49.37627236919],[-123.418709576,49.37634607302],[-123.41767640049,49.37643892383],[-123.41719596366,49.37657619722],[-123.41690803803,49.37680147459],[-123.4166792357,49.37741417775],[-123.41648924805,49.37769437248],[-123.41592789723,49.37811015824],[-123.41503592063,49.3785982859],[-123.41476441814,49.37899584598],[-123.4145221969,49.37968029021],[-123.41437190518,49.37985161156],[-123.41405610028,49.38004103842],[-123.41291721584,49.3806027097],[-123.41260329359,49.38086560005],[-123.41223757838,49.38170257917],[-123.41178730404,49.38213683094],[-123.41111483668,49.38247190298],[-123.41062162185,49.38278858912],[-123.41003459485,49.3834471569],[-123.40920013929,49.38416981497],[-123.40848757544,49.38468466027],[-123.40778790977,49.38510048608],[-123.40707430445,49.38535572565],[-123.40624858119,49.38554675477],[-123.40514939267,49.38589272217],[-123.40335093904,49.38664606346],[-123.40192388864,49.38745980985],[-123.40059477621,49.38830171591],[-123.39941603563,49.38915952438],[-123.39853863957,49.38963114879],[-123.39823721493,49.38984801431],[-123.39770466468,49.39053257871],[-123.39680203307,49.3913011815],[-123.39554470176,49.39260077234],[-123.39368227802,49.39413549443],[-123.39353294764,49.3943526804],[-123.39271267205,49.39517399745],[-123.39208438694,49.39588664141],[-123.39027804219,49.39750299851],[-123.38963361433,49.39792791712],[-123.38868563885,49.39834458412],[-123.3883025792,49.39867000256],[-123.38822118453,49.39883219105],[-123.3882533899,49.39947020988],[-123.38814515743,49.39972248528],[-123.38781585351,49.39993923062],[-123.38716810097,49.39991475614],[-123.38694823122,49.3999695934],[-123.38591950196,49.40068295837],[-123.38568901726,49.40107138558],[-123.38501430674,49.40115458279],[-123.38428547998,49.40144411067],[-123.38329356259,49.40152822918],[-123.38267525152,49.40168404869],[-123.3822356322,49.40190115455],[-123.38197426399,49.40197389702],[-123.3812125509,49.401499709],[-123.38071553071,49.40136672165],[-123.38016427411,49.40136856424],[-123.37977937186,49.40150471605],[-123.37925767691,49.4017672459],[-123.37892737158,49.40183129613],[-123.37850197229,49.40207556024],[-123.37804813293,49.40220305986],[-123.37768994832,49.40223117948],[-123.3771099312,49.40208020679],[-123.37697189674,49.40208044713],[-123.37628637099,49.40253260412],[-123.37558550362,49.40280470745],[-123.37558694565,49.40299361358],[-123.37589073362,49.40316261166],[-123.37666334206,49.40316100941],[-123.3769395712,49.40328554485],[-123.37700999041,49.40343872064],[-123.37694241521,49.40368995457],[-123.3762294508,49.40417820241],[-123.37609514159,49.40456602877],[-123.37562764298,49.40481858457],[-123.37462535097,49.40523649331],[-123.37387946018,49.40505868281],[-123.37375560569,49.40505940383],[-123.37276761383,49.40573635751],[-123.37236965319,49.40588240325],[-123.37184599547,49.40597341146],[-123.37108868859,49.40601250654],[-123.3705377925,49.40617521576],[-123.36984954291,49.4062053382],[-123.36884733101,49.406748223],[-123.36846166769,49.40687448087],[-123.36808958351,49.40687592291],[-123.36742737059,49.40678823938],[-123.36595265304,49.40680197873],[-123.36527666071,49.4066964701],[-123.36426739889,49.40631264938],[-123.36406062759,49.40630439775],[-123.36399321262,49.40656500489],[-123.36409367414,49.40701515906],[-123.36404144056,49.40742012957],[-123.36357630529,49.40789828319],[-123.36333232157,49.4084477773],[-123.36322593169,49.40897880541],[-123.36323081857,49.40964442312],[-123.36312226564,49.40988760571],[-123.36265564828,49.41018566561],[-123.36214805319,49.41055586714],[-123.36204014117,49.41082652844],[-123.3624720296,49.41146342569],[-123.3624747935,49.41181456037],[-123.36229658244,49.41202145183],[-123.36173471088,49.41241056],[-123.36136587127,49.41287048794],[-123.36106420629,49.41308727334],[-123.36047265292,49.41335817498],[-123.35893184225,49.41380376272],[-123.35659158534,49.4142876444],[-123.35451205574,49.41451071866],[-123.35378190712,49.41460276834],[-123.35263809574,49.41464242421],[-123.3515356226,49.41471777035],[-123.34886333793,49.4150407053],[-123.34769316942,49.41528705235],[-123.34697684027,49.41537016944],[-123.34577743056,49.41539159963],[-123.34468689424,49.41528617111],[-123.34381766969,49.41511849489],[-123.34309933772,49.41488704883],[-123.34272709331,49.4148880903],[-123.34185943096,49.41508797189],[-123.34027531929,49.41530844248],[-123.33907623004,49.41531224784]]],[[[-123.38034096302,49.41183723231],[-123.38007755193,49.4115958122],[-123.37956823442,49.41165181109],[-123.37930518384,49.41155347255],[-123.37910794597,49.41105873557],[-123.37905987825,49.41008832848],[-123.37901529545,49.40966573314],[-123.37912252651,49.40927854768],[-123.37938165156,49.40891791963],[-123.37998301876,49.4082412864],[-123.38050451343,49.40798728858],[-123.38167340013,49.40758804613],[-123.38227765139,49.40728029257],[-123.38329063847,49.40646646607],[-123.38399194646,49.4061592733],[-123.38494060291,49.40586806305],[-123.38542316273,49.40583966304],[-123.38564331287,49.4058830041],[-123.38607343883,49.40615226343],[-123.38636589083,49.40655591208],[-123.38649282966,49.40690648596],[-123.38686631582,49.407076165],[-123.38708818839,49.40723731202],[-123.38715928855,49.40752499731],[-123.38711923212,49.4077759909],[-123.38694214264,49.40794839378],[-123.38637866883,49.40816614054],[-123.3862716781,49.40858929667],[-123.38586057895,49.4088965295],[-123.38567339525,49.40973270749],[-123.38544118812,49.4099143634],[-123.38496007033,49.41008680634],[-123.38450538979,49.41011532652],[-123.38404998823,49.41007170506],[-123.38373442367,49.41027054519],[-123.38341817815,49.41036179374],[-123.38303431737,49.41063293572],[-123.38248370167,49.41073363758],[-123.38207260252,49.41104984305],[-123.38153568613,49.4111594775],[-123.38080782072,49.41153941274],[-123.38054801471,49.41181916686],[-123.38034096302,49.41183723231]]]]},"properties":{"a": "50.31275", "q": "01010", "t": "CT", "dw": "1640", "hh": "1339", "id": "9330250.01", "pop": "3362", "rgid": "59", "rpid": "59933", "ruid": "5915062", "rguid": "5915"}},{"type":"Feature","geometry":{"type":"MultiPolygon","coordinates":[[[[-122.60159135516,49.35188280964],[-122.61139568731,49.35106225365],[-122.61811543397,49.35114360826],[-122.62749929377,49.35123209292],[-122.63698209296,49.35120561562],[-122.6418134593,49.35121651097],[-122.65439037743,49.35107270838],[-122.66108368684,49.35099159411],[-122.68021095297,49.35104122403],[-122.69770563916,49.35108336339],[-122.72043125458,49.35118662887],[-122.72981579535,49.35123197275],[-122.75794157842,49.35135698887],[-122.77367958984,49.35103617692],[-122.77571349517,49.35102159638],[-122.80013686235,49.35132181933],[-122.81890842738,49.35154845861],[-122.82263355527,49.35159115877],[-122.82261004214,49.34535569436],[-122.82271426898,49.33052720426],[-122.82284457254,49.32196341976],[-122.82773530251,49.31440212755],[-122.83158981268,49.3144052119],[-122.83359511771,49.31441410443],[-122.83370202833,49.31078915767],[-122.83352778285,49.30593343702],[-122.83563258806,49.30594397186],[-122.83532855975,49.30114593248],[-122.83543659195,49.30099852481],[-122.83541347939,49.2996941272],[-122.84194876618,49.29981730072],[-122.84201041302,49.3006175481],[-122.84194624262,49.30590655916],[-122.85109729445,49.30595606891],[-122.85161878912,49.30826628349],[-122.85237213042,49.30825466713],[-122.85588828391,49.30812720756],[-122.85687647605,49.30817487472],[-122.85970085499,49.30587871994],[-122.86454387775,49.30584431146],[-122.8736324816,49.30588961529],[-122.87370762746,49.30934680571],[-122.87427951313,49.31336214244],[-122.87633248532,49.31335128715],[-122.8780151358,49.31349645166],[-122.87803308108,49.31476612034],[-122.8780761818,49.31563738777],[-122.87692491993,49.31561820074],[-122.86789047237,49.31509506375],[-122.8676788943,49.31675323976],[-122.86769531743,49.32258533591],[-122.86392688854,49.32259919543],[-122.86390381604,49.32369185475],[-122.85875808683,49.32370066716],[-122.8586697624,49.32612279942],[-122.85598558098,49.3261429478],[-122.85582142972,49.32981007398],[-122.85864360555,49.32979521305],[-122.86465215028,49.32979040627],[-122.86545712431,49.32977991149],[-122.86811907442,49.3298621874],[-122.87027671406,49.32995039166],[-122.87198131547,49.32998263708],[-122.87636316854,49.33008181681],[-122.87850887137,49.3301113384],[-122.89611719765,49.33012087183],[-122.89484796958,49.33114567555],[-122.89402020344,49.3320173836],[-122.89320689767,49.33244799023],[-122.89254484498,49.3329327131],[-122.89202090687,49.33368865806],[-122.89192364986,49.33377778362],[-122.89117960165,49.33423598913],[-122.89051774925,49.33490152672],[-122.89024196072,49.33503587599],[-122.88982913915,49.33512588279],[-122.88930620244,49.33510733667],[-122.88849405831,49.33498941053],[-122.88803917748,49.33519550087],[-122.88758449694,49.33558244599],[-122.88710205729,49.33583363987],[-122.88699174188,49.33597764274],[-122.88721177185,49.33608583516],[-122.88759655392,49.33613053813],[-122.88805067368,49.33636542904],[-122.88839407746,49.33672557641],[-122.88880553712,49.33722936614],[-122.88916296065,49.33759884666],[-122.88968445532,49.3382830105],[-122.89017867156,49.33855238999],[-122.89079818432,49.33871537961],[-122.89115568797,49.33903999692],[-122.89122326316,49.33928201788],[-122.89122142057,49.34010954368],[-122.89108370656,49.34047914437],[-122.89058652614,49.34120725011],[-122.89035139489,49.34169277411],[-122.89010136265,49.34239332102],[-122.89000406558,49.34283406193],[-122.88964576081,49.34319396896],[-122.8896170804,49.34356240801],[-122.89002769888,49.34466031472],[-122.89031570461,49.34502903417],[-122.89045337856,49.3453718371],[-122.89045281777,49.34562367188],[-122.89027228344,49.34596447199],[-122.88972094673,49.34660349223],[-122.88905873382,49.34722348567],[-122.88878226433,49.34768201163],[-122.88880854135,49.34799613416],[-122.88898771376,49.3481589235],[-122.888945294,49.34866251294],[-122.88923382047,49.34895973166],[-122.88923261878,49.34946348133],[-122.88916320099,49.34964309437],[-122.8888456336,49.35014668382],[-122.88870615711,49.35063152685],[-122.88859596187,49.35076663719],[-122.88786545274,49.35129714456],[-122.8875198058,49.35189046042],[-122.88724373688,49.35218699817],[-122.88706308238,49.35259973964],[-122.8868563912,49.35285193492],[-122.88619457885,49.3533554042],[-122.88549030668,49.35401961994],[-122.88524207698,49.35437984742],[-122.88507544223,49.3549733235],[-122.88482685202,49.35517965417],[-122.88434477288,49.35536844013],[-122.88360068462,49.35557453046],[-122.88286997521,49.35587050743],[-122.88255292856,49.35607719861],[-122.88213858484,49.35655342952],[-122.88175115904,49.35714626469],[-122.88154338633,49.35763162847],[-122.88092122985,49.3585932632],[-122.88077009694,49.35877395776],[-122.8806038227,49.35914239681],[-122.88024435629,49.35976279081],[-122.87976123568,49.36021206373],[-122.87909734039,49.36136280488],[-122.87875197385,49.3618210905],[-122.87832373054,49.36222513972],[-122.8777027357,49.36287245164],[-122.87717799646,49.36330341878],[-122.87644704671,49.36378862232],[-122.87581247273,49.36410250451],[-122.87524719638,49.36447098362],[-122.87487431107,49.3648393025],[-122.87437656986,49.36561239162],[-122.87378129124,49.36682606141],[-122.87347610129,49.36765326676],[-122.87318425014,49.36866036554],[-122.87308659256,49.36916399505],[-122.87308531076,49.36964070663],[-122.87322146256,49.37009911242],[-122.87364726242,49.3704589794],[-122.87378377474,49.37112527807],[-122.87357600203,49.37162914791],[-122.87323055538,49.3720875537],[-122.87287088868,49.37241012814],[-122.87168505811,49.3731202886],[-122.87147796636,49.37331792703],[-122.87113227936,49.37382127614],[-122.87056644222,49.37414445142],[-122.87046958577,49.37437822075],[-122.87008240031,49.37476412441],[-122.86942026751,49.3751773866],[-122.86926825336,49.37523971441],[-122.86812316017,49.37590409037],[-122.8679156278,49.37618260273],[-122.86748806546,49.37647918054],[-122.86682533182,49.37716254325],[-122.86679701192,49.37726088179],[-122.86643818641,49.37762078882],[-122.8658170714,49.3781058722],[-122.86504282065,49.37885965411],[-122.86444890395,49.37963326396],[-122.86431058909,49.37986707334],[-122.86403319831,49.38053241066],[-122.86382422391,49.38135072348],[-122.86371338777,49.38160247815],[-122.86336786099,49.38198882242],[-122.86241475828,49.38265255748],[-122.86220678529,49.38309297794],[-122.86227568236,49.38329169789],[-122.86272892087,49.38384103178],[-122.8630866248,49.38403041859],[-122.86388603098,49.38393236044],[-122.86483640986,49.38406843214],[-122.86529020916,49.38425745844],[-122.86588108157,49.38477967412],[-122.86612879054,49.38507737352],[-122.86640313704,49.38555444561],[-122.86671782036,49.38624706135],[-122.86675847763,49.38647193815],[-122.86682200713,49.38857722404],[-122.86684852449,49.38871129292],[-122.86709651385,49.38896432939],[-122.86768746638,49.38935111428],[-122.86804661233,49.38923523103],[-122.8683217199,49.38923495063],[-122.8689829314,49.38951514537],[-122.87000228745,49.38962425908],[-122.87018121953,49.38971446617],[-122.87020805734,49.38990325213],[-122.87010999919,49.39060484051],[-122.86999824175,49.39109012417],[-122.87031488784,49.39127073861],[-122.87038230281,49.39172918446],[-122.8706986685,49.39204466891],[-122.87076692466,49.39220645684],[-122.87083301777,49.39307832511],[-122.87090135404,49.39330328202],[-122.87112162435,49.39369126861],[-122.87128573555,49.39417719317],[-122.87125725543,49.39451895464],[-122.87111757865,49.3952293955],[-122.87079776811,49.39629946299],[-122.87063029217,49.39712682856],[-122.87049161681,49.39742348649],[-122.87013187,49.3979897242],[-122.87006149086,49.39826767577],[-122.86996255147,49.39933842422],[-122.86968564137,49.3998961299],[-122.86929853602,49.40037244092],[-122.86842802967,49.40096431474],[-122.86790357082,49.40124254671],[-122.86702064697,49.40162865065],[-122.86611036458,49.40197894413],[-122.86590327284,49.40211361385],[-122.86572325924,49.40242825712],[-122.86562468036,49.40309339415],[-122.8654175085,49.40334542921],[-122.86460272064,49.40392011882],[-122.86359486079,49.4044945681],[-122.86254578287,49.40504201934],[-122.86079327397,49.40572345934],[-122.85985351004,49.40634229114],[-122.85939750764,49.40675539311],[-122.85921801477,49.40700774862],[-122.85925851182,49.40737678852],[-122.85898104093,49.4080151278],[-122.85873188993,49.40835656881],[-122.85834434396,49.40872436696],[-122.85824744745,49.40902162573],[-122.85827284323,49.40961466119],[-122.85834141984,49.40991232053],[-122.85856024812,49.41050619717],[-122.85862750287,49.41109995364],[-122.85862586055,49.41158539753],[-122.85834858994,49.41219701917],[-122.85789198669,49.41277210934],[-122.85771169269,49.41290593788],[-122.85702107977,49.41358958098],[-122.85673023002,49.41398473767],[-122.85652161613,49.41450583178],[-122.8566310503,49.41492013544],[-122.85694733588,49.41526253781],[-122.85729085983,49.4155414908],[-122.8579521915,49.41581251261],[-122.85819986041,49.41599268643],[-122.85826751573,49.41619873671],[-122.8582670751,49.41656845757],[-122.85810024007,49.4170719669],[-122.85798848263,49.41757555635],[-122.85784716354,49.41862735811],[-122.85770844812,49.41905936671],[-122.8573616796,49.41976952717],[-122.85715222452,49.4204791669],[-122.85715222452,49.42065974129],[-122.85742589006,49.42120819394],[-122.85771489721,49.42159598025],[-122.85809783668,49.42251327251],[-122.85805557715,49.42273782886],[-122.85773684813,49.42335834303],[-122.85736340203,49.42386205265],[-122.85718402933,49.42397897737],[-122.85659055325,49.42413115175],[-122.85613467101,49.42436420006],[-122.85574764578,49.42473275928],[-122.85540127782,49.42520874985],[-122.8551105883,49.42548678153],[-122.85476474108,49.42599065138],[-122.8544456115,49.42664677571],[-122.85430625518,49.42719554881],[-122.85438720922,49.42781634338],[-122.85445081883,49.42962445061],[-122.8544493768,49.43010112213],[-122.85437911782,49.43054182298],[-122.85426772089,49.43069379708],[-122.85364660587,49.43106259664],[-122.853604106,49.43126864692],[-122.85389299298,49.43156610597],[-122.85448502703,49.43202615408],[-122.8552139339,49.43275554163],[-122.85577728754,49.43343986569],[-122.85588696205,49.43367395547],[-122.85588588052,49.43406070031],[-122.85574552279,49.4347436224],[-122.8549685482,49.43622655152],[-122.85464901805,49.43700873345],[-122.85455188121,49.43742311722],[-122.85454923748,49.43824151016],[-122.85464457179,49.4384928242],[-122.85482398454,49.43870071708],[-122.85541537769,49.43911474035],[-122.85570506579,49.43926855704],[-122.85580031998,49.4394567021],[-122.85595041143,49.44000551526],[-122.85615037313,49.44249770621],[-122.85625996753,49.44265040132],[-122.85667359023,49.4428402688],[-122.85726722654,49.44281451252],[-122.85765280974,49.44293155741],[-122.85828518061,49.44354341939],[-122.85874002138,49.44393168637],[-122.85887729477,49.44418368138],[-122.85887609308,49.44459746431],[-122.85870889753,49.44517295505],[-122.85873457371,49.44564898567],[-122.85895468379,49.44597348282],[-122.85964321378,49.44649629935],[-122.86031744362,49.4468560061],[-122.86073130667,49.44710928291],[-122.8610202337,49.44740642151],[-122.86108840975,49.44765841652],[-122.86108588619,49.44829619501],[-122.86122364026,49.4486480507],[-122.86122255873,49.44891747025],[-122.86104246502,49.44924140661],[-122.86104094288,49.44960047245],[-122.8611513384,49.44979021976],[-122.8614260454,49.44998761785],[-122.86164671628,49.45001485623],[-122.86212979683,49.4499704737],[-122.86276485149,49.44985439017],[-122.86322049339,49.44994567877],[-122.86308101689,49.45022343006],[-122.86247432219,49.45031331669],[-122.86219785271,49.45053807333],[-122.86219717175,49.45069978114],[-122.86248593856,49.45113211019],[-122.86230400225,49.45203145718],[-122.86223354299,49.45257998994],[-122.86220390123,49.45319125107],[-122.86236825277,49.45374050485],[-122.86282113077,49.45445102582],[-122.86317851425,49.45483797094],[-122.86349532056,49.4550902864],[-122.86384040671,49.45527138152],[-122.86440544272,49.45550587187],[-122.86510771206,49.45602844806],[-122.86611312848,49.45664091089],[-122.8663608775,49.4568751609],[-122.86716080442,49.45710123939],[-122.86874695897,49.4570751226],[-122.86996070888,49.45730144143],[-122.870706119,49.45739281015],[-122.87118803791,49.45785229747],[-122.87200082295,49.45835696844],[-122.87238628598,49.45871719592],[-122.87252299858,49.45892328626],[-122.87270169032,49.45945507543],[-122.87256129253,49.46041739112],[-122.87255981044,49.46084863866],[-122.87272380147,49.46132514996],[-122.87297211128,49.4616231698],[-122.87356470612,49.46194762689],[-122.87408872435,49.4620831378],[-122.87479235561,49.46214686758],[-122.87619917751,49.46247216585],[-122.87703984183,49.46271526833],[-122.8773159508,49.46287821789],[-122.87738460753,49.46299522272],[-122.87735588706,49.46347181414],[-122.8774237026,49.46367794453],[-122.877947841,49.46376847206],[-122.87854155742,49.46394980753],[-122.87938314302,49.46404065551],[-122.88063911241,49.46399703406],[-122.88102465556,49.46415858164],[-122.88099561465,49.46493283239],[-122.88106363046,49.46507591396],[-122.88127108272,49.46516696223],[-122.88140915724,49.46504983723],[-122.8814095578,49.46470751497],[-122.88168590712,49.46457292536],[-122.88193401665,49.46468103767],[-122.88200311399,49.4649338338],[-122.88295253151,49.46612214788],[-122.88413579848,49.46735480442],[-122.88438378784,49.4676791814],[-122.88458943755,49.46845343215],[-122.88456115771,49.46875029036],[-122.88437986231,49.46932514019],[-122.88424170768,49.46950531402],[-122.88375794617,49.46989177846],[-122.88343901686,49.47024159127],[-122.88284369819,49.47099657488],[-122.88273326261,49.47126699584],[-122.88284113458,49.47202181922],[-122.88294143588,49.472400713],[-122.88343453054,49.47237748027],[-122.88343477088,49.47218492901],[-122.8837824607,49.47094354017],[-122.8845296333,49.47033312022],[-122.88487576092,49.46993796353],[-122.88529206741,49.4690028061],[-122.88533508801,49.46822915619],[-122.88490880748,49.46744597286],[-122.88424811671,49.4668520161],[-122.88399976684,49.46671654525],[-122.88329801823,49.46591549675],[-122.88320220325,49.46561871866],[-122.88273486487,49.46477256661],[-122.88273522538,49.46465580212],[-122.88252869442,49.46413302564],[-122.88284658225,49.46392641457],[-122.88309497218,49.46395361289],[-122.88350991675,49.4638829934],[-122.88448965699,49.46392893813],[-122.88512491192,49.46372268756],[-122.88558059388,49.4636332015],[-122.88649251858,49.46307617677],[-122.88652075836,49.46287849829],[-122.8863421868,49.46218488113],[-122.88631631034,49.46175395405],[-122.88645506582,49.46145725607],[-122.88666207745,49.46120490055],[-122.88698044596,49.46102604859],[-122.88743608786,49.46088244628],[-122.88764313955,49.46076556162],[-122.88773983578,49.4605673624],[-122.88771399938,49.46006433374],[-122.88760452515,49.4596504707],[-122.88739879533,49.45910149732],[-122.88719274505,49.45873257759],[-122.88690317711,49.45832676589],[-122.88624284685,49.45749851907],[-122.88603611561,49.45731830519],[-122.8857193093,49.45720142052],[-122.88512663435,49.45711149384],[-122.88442452523,49.45620161201],[-122.88421855506,49.45596816313],[-122.88354404483,49.4553288625],[-122.88253894887,49.45409464376],[-122.8819751546,49.45359129465],[-122.88169996692,49.45327617071],[-122.88145253835,49.45265433468],[-122.88123322939,49.45226811057],[-122.88141464497,49.4514678632],[-122.88144292481,49.45103577448],[-122.88187168884,49.45071279948],[-122.8816655985,49.45037079767],[-122.88141865061,49.44977688097],[-122.8812398387,49.44955180389],[-122.88071622104,49.44929936826],[-122.88026113993,49.44918200292],[-122.87991597367,49.44916325651],[-122.87959928752,49.4490464119],[-122.87837191843,49.44849551581],[-122.87771150806,49.4481089312],[-122.87739434124,49.44779292601],[-122.87678916868,49.44730740202],[-122.87665217569,49.44692041684],[-122.87665313704,49.44639836138],[-122.87683427222,49.44579623311],[-122.87693217014,49.4453196417],[-122.87707072533,49.44506792709],[-122.87725037843,49.4449512427],[-122.87777491739,49.44481681332],[-122.87791303196,49.44472708692],[-122.87791379303,49.44428586533],[-122.87830113872,49.44398984831],[-122.87864602459,49.4438097546],[-122.87871584294,49.44363054213],[-122.87939307702,49.44312751347],[-122.87946209425,49.44287503778],[-122.87924278529,49.44253371694],[-122.87924434749,49.44188604451],[-122.87899639819,49.44145319472],[-122.87892914344,49.44108515623],[-122.87876439134,49.4407252492],[-122.87840608657,49.44031018447],[-122.87806264273,49.44004084503],[-122.87736021316,49.43960835574],[-122.87693345195,49.43928409894],[-122.87647805039,49.43905786022],[-122.8761342861,49.43864367672],[-122.8756808473,49.43823037447],[-122.87550227573,49.43793327592],[-122.87543438008,49.43752846563],[-122.87525680992,49.43686264764],[-122.87525849229,49.43615204656],[-122.87536948866,49.43581004476],[-122.8758951492,49.43507260586],[-122.87599248633,49.43471273889],[-122.87585545328,49.43452427338],[-122.87540013183,49.43443330523],[-122.87515310382,49.43423598725],[-122.87515314388,49.43400149691],[-122.87462976656,49.43389358488],[-122.87435353741,49.43379348386],[-122.87389969805,49.43347876049],[-122.87361129175,49.43311000098],[-122.87354267508,49.43274937294],[-122.87358537524,49.43242631782],[-122.873587338,49.43167073337],[-122.87327065186,49.43146356151],[-122.87334039011,49.43119378145],[-122.87322995453,49.43105819043],[-122.8733409509,49.43098688998],[-122.87368539615,49.43107721724],[-122.87400208229,49.4310047151],[-122.87445876565,49.43069119341],[-122.87491352631,49.43050196683],[-122.87509402059,49.43027797127],[-122.87523261584,49.42998127329],[-122.87568793729,49.42998203436],[-122.87603406491,49.42922604935],[-122.87617374168,49.42856075209],[-122.87599504994,49.42848913119],[-122.87571942164,49.42819131163],[-122.87544507515,49.42775962347],[-122.87481114208,49.42769629426],[-122.87470082667,49.42759711453],[-122.87474304614,49.42737243801],[-122.87456439446,49.42689480513],[-122.8743864638,49.42657150968],[-122.87431816758,49.4262564258],[-122.87418101436,49.42593236927],[-122.87411343917,49.42551874657],[-122.87389501145,49.42465504981],[-122.87389617308,49.42416932553],[-122.87396531048,49.42387178636],[-122.87421538278,49.42339611624],[-122.87467126502,49.42286524837],[-122.87481078157,49.42238929786],[-122.87501791337,49.42231759685],[-122.87515550721,49.42243464174],[-122.87533403872,49.42240696274],[-122.87526638341,49.42218292713],[-122.87529426269,49.42190361364],[-122.87547403595,49.42175099863],[-122.87590191874,49.42167985841],[-122.8762473654,49.42140138611],[-122.87670284707,49.42122197335],[-122.87697831515,49.42105950447],[-122.87715892959,49.42080875121],[-122.87754511364,49.42055659598],[-122.8785947123,49.42005460879],[-122.8790089759,49.41980321463],[-122.87921658839,49.41950659676],[-122.87935518364,49.41911961159],[-122.87956407792,49.41836462798],[-122.88008817626,49.41801349331],[-122.88076541034,49.41761032533],[-122.8809725822,49.41744857746],[-122.88118019468,49.41712496156],[-122.88125001304,49.41678320009],[-122.88114178056,49.41591065086],[-122.88141841027,49.41538867551],[-122.88219218034,49.41485928972],[-122.88233013469,49.4146791159],[-122.88247149384,49.41384830547],[-122.89846538573,49.41395830043],[-122.92751767405,49.41190937394],[-122.94872218657,49.41047783722],[-122.97046698023,49.40898225026],[-122.98230025072,49.40884101129],[-122.98272729233,49.40884193258],[-122.98596797774,49.40878717544],[-123.00000006589,49.40847020891],[-123.03426910347,49.40768778664],[-123.0428813963,49.40755431862],[-123.07003312715,49.40718776222],[-123.07798392809,49.40708093172],[-123.08009794628,49.40705773905],[-123.10507781746,49.40656792901],[-123.12376558443,49.40619812804],[-123.12503825735,49.40620153284],[-123.12567895996,49.40622424483],[-123.14211259135,49.40646858906],[-123.14265343328,49.40646466353],[-123.15276311561,49.40662344722],[-123.18052037953,49.40702068685],[-123.18187104231,49.40702060673],[-123.1832771432,49.40701644087],[-123.19017361883,49.40709947785],[-123.19566872022,49.40716821468],[-123.2276180899,49.40758792596],[-123.23929133495,49.40773861825],[-123.24188611042,49.40775408004],[-123.24332125222,49.40774002023],[-123.24309729671,49.4080792982],[-123.24307170065,49.40846624332],[-123.24321125726,49.40895985872],[-123.24310286456,49.4093020608],[-123.24310386597,49.40954472266],[-123.24296867552,49.40994168189],[-123.24270858911,49.41032001488],[-123.24237884457,49.41053655994],[-123.24199266052,49.41051040309],[-123.24170397383,49.41066389934],[-123.24142946711,49.4109253076],[-123.24116962104,49.41133067868],[-123.24113016546,49.41178904442],[-123.24099345286,49.41204119965],[-123.24069230861,49.41240198792],[-123.23959436184,49.41341173043],[-123.23859126871,49.41419591517],[-123.23753361871,49.41490920004],[-123.23667981589,49.41511785398],[-123.23629451308,49.41536099652],[-123.2360345869,49.41569482681],[-123.23559560848,49.41616336688],[-123.23540317738,49.41627179964],[-123.2350741138,49.4166502528],[-123.23436203063,49.41766812676],[-123.23433995954,49.41881950881],[-123.2343954377,49.41890034268],[-123.23457805497,49.41961959595],[-123.23484310837,49.42026654737],[-123.23495430502,49.42043738804],[-123.23499768614,49.4208600635],[-123.23482071682,49.42134614829],[-123.23455942873,49.42164256588],[-123.23416110758,49.4219672633],[-123.23380552664,49.42242755175],[-123.23361521854,49.42301265603],[-123.23353518579,49.42357949458],[-123.23316594561,49.42434409174],[-123.2330596759,49.42507359945],[-123.2331032573,49.42555027098],[-123.23324213294,49.42574790941],[-123.23361533871,49.42607901586],[-123.23380969251,49.42635752823],[-123.23385331396,49.42669107813],[-123.23362254887,49.42752769674],[-123.23367998979,49.42794172001],[-123.23398546013,49.42848909113],[-123.23423557248,49.42881294738],[-123.23539817033,49.42963835019],[-123.23556456474,49.42985369356],[-123.23598231326,49.43066255307],[-123.23621728428,49.43093101126],[-123.23631602338,49.43122855043],[-123.23631710491,49.43149833049],[-123.23620847187,49.43179542904],[-123.23550880619,49.43258838614],[-123.23541339177,49.43282251598],[-123.23541487386,49.43311933413],[-123.23587400067,49.43396392397],[-123.23668410193,49.43609388462],[-123.23697543235,49.43643524553],[-123.23732091906,49.4367035435],[-123.23777808311,49.43697332356],[-123.23835994282,49.43765484367],[-123.23895554189,49.43810379615],[-123.23910923841,49.43841875986],[-123.23911076056,49.43888565762],[-123.23885363833,49.43979529911],[-123.23888632438,49.44080287857],[-123.23867150174,49.44216964404],[-123.23863408903,49.44286306091],[-123.23880168514,49.4433033612],[-123.23936988561,49.44379717688],[-123.23966145637,49.44418340098],[-123.23970439686,49.44462334076],[-123.23933563736,49.44526344252],[-123.23939468054,49.44604586479],[-123.23906561696,49.44646036873],[-123.23888848742,49.44708044228],[-123.23896323272,49.44811558056],[-123.23871932912,49.4490246212],[-123.2388164259,49.44922165879],[-123.23923237188,49.44955424733],[-123.23942664557,49.44985034447],[-123.23966257795,49.45007506104],[-123.24036721062,49.45027145772],[-123.24055948149,49.45009124384],[-123.24097242323,49.45004445793],[-123.24102882269,49.4502871999],[-123.24118127746,49.45028776069],[-123.24131999288,49.45044037569],[-123.24096765652,49.45176327937],[-123.24086170726,49.4526451217],[-123.24071037406,49.45285157254],[-123.23952782811,49.45372632487],[-123.23899291454,49.45421409203],[-123.23877272434,49.45448355164],[-123.23877436665,49.45468231165],[-123.23888464201,49.45480712749],[-123.23964567413,49.45509421193],[-123.23956463997,49.45546313166],[-123.24044003321,49.45685473212],[-123.24089887963,49.45741235769],[-123.24110789408,49.45783467264],[-123.2412497339,49.45859894934],[-123.24125257791,49.45928203165],[-123.24109074993,49.45996651594],[-123.2408713208,49.46039780353],[-123.24061087389,49.46068645017],[-123.24019885344,49.46098475041],[-123.23981371086,49.46138058806],[-123.23963934522,49.46229022954],[-123.23964142815,49.46270393236],[-123.2400316579,49.46363772787],[-123.24013091774,49.46415041013],[-123.24060682819,49.4654451942],[-123.24124705012,49.46649651528],[-123.24142990773,49.4671886904],[-123.2414172499,49.46743155254],[-123.2406480062,49.46818861908],[-123.24052547358,49.46851283583],[-123.24047135734,49.46886300915],[-123.24062573482,49.46926822001],[-123.2411382168,49.46977008703],[-123.24266044128,49.47058527545],[-123.24346229091,49.47079977764],[-123.24470528201,49.47084267807],[-123.24509062488,49.47078707975],[-123.24561512378,49.47062493132],[-123.24572583976,49.47069663233],[-123.2456164857,49.47091273677],[-123.24534161847,49.47112924178],[-123.24516428865,49.47159710089],[-123.24498627788,49.47191222483],[-123.24440810335,49.47215664917],[-123.24432594761,49.47230073215],[-123.24427315324,49.4727775639],[-123.24432859134,49.47282242711],[-123.24437497669,49.47382972617],[-123.24390823916,49.47447755882],[-123.24391020192,49.4748106681],[-123.24327967364,49.47563106386],[-123.24339091035,49.47590000274],[-123.24380801796,49.47639445932],[-123.24403105217,49.47682574691],[-123.24417128974,49.47727526017],[-123.2442156322,49.47785972356],[-123.24395594636,49.47838201936],[-123.24395782902,49.47875979155],[-123.24411292752,49.47942508881],[-123.24426542235,49.4796221264],[-123.24463922896,49.47976580881],[-123.24484656104,49.47991762268],[-123.24491682002,49.4801425796],[-123.24475338979,49.48050312753],[-123.24441066697,49.48098957283],[-123.24441226922,49.48131342907],[-123.24448877701,49.48140924405],[-123.24439616654,49.48141000513],[-123.24402592495,49.48141120682],[-123.24345019387,49.48141833686],[-123.23850931325,49.48146159781],[-123.23798321209,49.4814662043],[-123.23463609673,49.48149945114],[-123.22606229813,49.48162478771],[-123.22322930706,49.48166608589],[-123.21860791653,49.48173314035],[-123.21557151891,49.48177720243],[-123.20703941905,49.48190037595],[-123.19322828218,49.48201601887],[-123.1681649334,49.48211243469],[-123.16191460806,49.4821355072],[-123.1611103951,49.48213835121],[-123.16036121968,49.48214087476],[-123.15889587533,49.48214592187],[-123.14616514051,49.48218589819],[-123.13160546912,49.48224109595],[-123.12594169009,49.48226196535],[-123.12586946835,49.4822582401],[-123.12527739424,49.48222767705],[-123.12190596464,49.48228864293],[-123.12109670457,49.48227710668],[-123.10288568923,49.48225567649],[-123.10278038087,49.49338403391],[-123.10271717182,49.50007750355],[-123.10269269734,49.5026634666],[-123.10252349898,49.52053372188],[-123.10240801629,49.5327168853],[-123.10234360555,49.53951634425],[-123.10225680326,49.54866703557],[-123.09092331686,49.54877606917],[-123.07618499379,49.54891594623],[-123.06778616167,49.54899469717],[-123.06103032417,49.54905750566],[-123.0568785953,49.54906735954],[-123.04510897447,49.54909427746],[-123.02448660206,49.54913801908],[-123.01238423247,49.54916173249],[-123.00000002583,49.54918436437],[-122.97395417292,49.54922694436],[-122.97048528602,49.54923203153],[-122.95829811696,49.54924913562],[-122.92254042219,49.54941817376],[-122.92310826215,49.55196496163],[-122.92353193902,49.55386515859],[-122.92381401641,49.55512905915],[-122.92424538411,49.55551952924],[-122.92689740022,49.55769271077],[-122.92768402841,49.55833709857],[-122.93294167528,49.56173825005],[-122.9436545674,49.57149687782],[-122.9385013877,49.57210257111],[-122.92929922387,49.57266544408],[-122.87640354542,49.5734308023],[-122.81477748779,49.57276955074],[-122.80653095022,49.57267814197],[-122.80691128603,49.57308952151],[-122.80049196261,49.57289308477],[-122.79445810222,49.57347646663],[-122.77881498449,49.57455474569],[-122.77861033618,49.57455130084],[-122.74996109567,49.57405239799],[-122.74969011391,49.57394676919],[-122.74865393416,49.57371964922],[-122.74668916624,49.57399487696],[-122.69981284775,49.57315897936],[-122.69793892781,49.57084495941],[-122.69255610459,49.56833266013],[-122.6898048687,49.56227480594],[-122.68323064706,49.55269030348],[-122.67809725524,49.54991871892],[-122.65894615552,49.5396023454],[-122.655224833,49.53806497959],[-122.64748801351,49.53732109162],[-122.63836832586,49.5372072913],[-122.62925332482,49.53807190936],[-122.62402287626,49.53808300499],[-122.61293998289,49.53810555676],[-122.60829115371,49.53888453417],[-122.60296629214,49.53978472233],[-122.60228889784,49.53797989973],[-122.60230443974,49.53672429086],[-122.60139463802,49.52952635053],[-122.59761659559,49.51826969236],[-122.59477098675,49.51151381481],[-122.5940936325,49.50952873827],[-122.591370356,49.50556591552],[-122.59000967911,49.50223257958],[-122.58783657768,49.49862233353],[-122.58155100268,49.49113927153],[-122.57659934688,49.4880563684],[-122.56958847009,49.48506635612],[-122.54891863081,49.48040118392],[-122.54134856624,49.47785023018],[-122.5350256987,49.47467932307],[-122.53119510223,49.47169664112],[-122.528738201,49.46800039392],[-122.52795189326,49.46385411271],[-122.52867667432,49.4607109647],[-122.54618137461,49.43330002869],[-122.55625548683,49.41728702988],[-122.56737675427,49.39151924871],[-122.58811336762,49.36727569485],[-122.60159135516,49.35188280964]]],[[[-122.89906414926,49.32804739075],[-122.8998813405,49.32617539351],[-122.89365861404,49.32542890187],[-122.89401780006,49.32524528319],[-122.89432459226,49.3247872379],[-122.8944958335,49.32442745104],[-122.89468097432,49.32425388653],[-122.89487777157,49.32381366635],[-122.89544641266,49.32315798264],[-122.89580087201,49.32291552106],[-122.89550060901,49.32265835878],[-122.8953389012,49.32230470055],[-122.89510669407,49.32142373947],[-122.89480190469,49.32098484116],[-122.89290190801,49.31927070632],[-122.89132789056,49.31817564361],[-122.89060086634,49.31775060483],[-122.890025656,49.31724016573],[-122.88983642942,49.31695732727],[-122.88982897892,49.31639817956],[-122.88991918601,49.31588245301],[-122.89006411017,49.3155074447],[-122.89035223608,49.31445780599],[-122.89043979944,49.31432169424],[-122.89143347931,49.31414812973],[-122.89401411486,49.31357912813],[-122.89521188226,49.31345711624],[-122.89569712586,49.31325615313],[-122.89638169026,49.31311651641],[-122.89702992348,49.31305474939],[-122.89793295565,49.31349140454],[-122.89921884719,49.31415393791],[-122.89995508439,49.3148767562],[-122.90067249506,49.3150844488],[-122.90133410713,49.31485492545],[-122.90219976666,49.31481534969],[-122.90312274693,49.31472338013],[-122.9043652173,49.31435918706],[-122.90423855887,49.3148421875],[-122.90634048002,49.31418854667],[-122.90674100427,49.31410418782],[-122.90795126927,49.3139769686],[-122.90836825671,49.31333646627],[-122.90886980328,49.31278428837],[-122.90969913162,49.31222049411],[-122.91025495466,49.31192635974],[-122.91133856122,49.31147320134],[-122.91229018184,49.31127504218],[-122.91340635429,49.31107548104],[-122.91460388134,49.31092506914],[-122.91693300256,49.31070247555],[-122.91831310683,49.31063097483],[-122.92630740905,49.31053560046],[-122.92782362507,49.31050788141],[-122.9278960471,49.31081507418],[-122.92768855478,49.31106594761],[-122.92723471542,49.31147127863],[-122.92684841121,49.31188430049],[-122.92677959426,49.31218163937],[-122.92695760504,49.31241496808],[-122.92738408585,49.31280267427],[-122.92772712913,49.31320724423],[-122.92772656834,49.31327878501],[-122.92731354648,49.31351239411],[-122.92692908486,49.31348603698],[-122.92675007267,49.31355785816],[-122.9269558025,49.31401678469],[-122.92695500137,49.31424106065],[-122.9267894882,49.31462800577],[-122.92640398511,49.31499692549],[-122.92615563524,49.31542849348],[-122.9261553949,49.31559036152],[-122.92640230274,49.3159770663],[-122.92667600833,49.31661536552],[-122.92696433452,49.31707421194],[-122.92723884124,49.31801077134],[-122.9275553271,49.31803800972],[-122.92783063494,49.31794816314],[-122.92850478467,49.31787646213],[-122.92902744098,49.31771435376],[-122.92946870262,49.3174184569],[-122.92968921327,49.31721172566],[-122.92978598961,49.31688794953],[-122.9300615378,49.31666327301],[-122.93051573767,49.31652856324],[-122.93156169119,49.31613312615],[-122.93178180127,49.31620522773],[-122.93209772634,49.31670929785],[-122.93216618278,49.31697931825],[-122.93216546177,49.31752801124],[-122.93202730714,49.31791475608],[-122.93177935783,49.31803128024],[-122.93080234143,49.31823785125],[-122.93034766088,49.31830895141],[-122.93007203258,49.31844346091],[-122.92912157359,49.31913543575],[-122.92832296853,49.31963886497],[-122.92777243295,49.32011597712],[-122.92741356739,49.32034874504],[-122.92668466052,49.32060102044],[-122.92650508754,49.32073528959],[-122.92657406471,49.32085285522],[-122.92731723167,49.32085329584],[-122.9274130066,49.32115011399],[-122.92727477185,49.32135648472],[-122.92651730475,49.32205807311],[-122.9256355826,49.32272317008],[-122.92458830721,49.32338762616],[-122.92428487975,49.32368388352],[-122.92351319261,49.32434906061],[-122.92274122508,49.32517606568],[-122.92219036904,49.32558984861],[-122.9210751179,49.32618332468],[-122.91994604728,49.32656926839],[-122.91896742862,49.32708046856],[-122.91873389963,49.32723408498],[-122.91809904526,49.32789842088],[-122.9180023891,49.32813227032],[-122.9186218618,49.32840337225],[-122.91904738126,49.32865468629],[-122.91929537062,49.32892558793],[-122.91929505017,49.32906939052],[-122.91893586416,49.32952711535],[-122.91866075659,49.32968041131],[-122.91809656176,49.32982425396],[-122.91786195125,49.32984135805],[-122.91643125571,49.32977810895],[-122.91545459982,49.3295255131],[-122.91500031984,49.32952515259],[-122.91425675231,49.32975852135],[-122.9135677817,49.33018972883],[-122.91304448449,49.33037823439],[-122.91202556906,49.33053918113],[-122.91186073685,49.33044032186],[-122.91195799387,49.329945665],[-122.91136620016,49.32982805932],[-122.91118782887,49.32962124797],[-122.91094024007,49.32955803892],[-122.91063757368,49.32930560329],[-122.90989500757,49.32916148025],[-122.90941136622,49.32914013018],[-122.90937219103,49.329071153],[-122.90975813474,49.32875658985],[-122.90971775786,49.32813567512],[-122.90986965185,49.32791111877],[-122.9101038618,49.32779443439],[-122.91130110846,49.32788524231],[-122.91212743257,49.32754408169],[-122.91265105023,49.32717572276],[-122.91314686873,49.32698717714],[-122.91419270208,49.3270149763],[-122.91489445069,49.32707842569],[-122.91523825504,49.32680796467],[-122.91517112046,49.32627805814],[-122.91541939022,49.32593641685],[-122.91572181627,49.32568390111],[-122.91590190998,49.32543302768],[-122.91579223547,49.32518111279],[-122.9158615331,49.32488429464],[-122.91615126126,49.32447075204],[-122.91638559138,49.32426406086],[-122.91715711829,49.32371584855],[-122.9171988571,49.32344602843],[-122.91691029057,49.3231038664],[-122.91691073119,49.32296006381],[-122.91715819982,49.3226625647],[-122.91704896593,49.32257339909],[-122.91670480108,49.32264514016],[-122.91636107685,49.32248299172],[-122.91625168273,49.32202414531],[-122.9160038536,49.32181633255],[-122.91562039338,49.32071870623],[-122.91564875334,49.3205394537],[-122.91586834269,49.320448806],[-122.91596543948,49.32026947336],[-122.91593820111,49.32006254184],[-122.91571873192,49.31987387605],[-122.91571905237,49.31976600408],[-122.91596704174,49.31948729144],[-122.91624262998,49.31930763835],[-122.91666947131,49.31911901261],[-122.91721936599,49.31901061991],[-122.91739833812,49.3188937753],[-122.91781260173,49.3183459235],[-122.91785478115,49.31797752451],[-122.91810285062,49.31779775125],[-122.91840615792,49.31735721062],[-122.91908078832,49.31713285455],[-122.91924582082,49.3168986446],[-122.91921858245,49.31664644931],[-122.91904049155,49.31649415476],[-122.9186966071,49.31644893105],[-122.91861425107,49.31633192622],[-122.91899987433,49.31609827706],[-122.9192061249,49.31575599486],[-122.91981269943,49.31546025823],[-122.9198408591,49.31509149873],[-122.91995105434,49.31493852322],[-122.9204332136,49.3146151076],[-122.920680522,49.3143625518],[-122.92075050058,49.31406661489],[-122.92061334737,49.31383268534],[-122.92025596389,49.31360752814],[-122.91984318237,49.31349008268],[-122.91934788461,49.31351672021],[-122.91879734902,49.3137234915],[-122.91802614256,49.31395625942],[-122.91634601563,49.31496275736],[-122.91565756575,49.31542128332],[-122.91513414837,49.31571778102],[-122.91474836489,49.31587912833],[-122.91395024051,49.31610368468],[-122.9134958003,49.31635519901],[-122.91310905546,49.31676790041],[-122.91208945907,49.31756762705],[-122.91133171157,49.31848548011],[-122.91055982415,49.31922235821],[-122.91017291908,49.31972502635],[-122.90850496931,49.32132471997],[-122.90807780753,49.32162129779],[-122.90759584856,49.32200820285],[-122.90703125317,49.32237688224],[-122.90641141996,49.32270017769],[-122.90500672104,49.32327474713],[-122.90340858962,49.32383930247],[-122.90298226903,49.32404667461],[-122.90274781874,49.3243253472],[-122.90249886803,49.32490063766],[-122.90197460946,49.32560194565],[-122.90149188941,49.32615027813],[-122.9007197216,49.32684205269],[-122.90001629062,49.3273896241],[-122.89906414926,49.32804739075]]],[[[-123.2632486055,49.42841698956],[-123.26298375238,49.42787799023],[-123.26293985053,49.42741029134],[-123.26278699519,49.42705170617],[-123.26264527554,49.4263324529],[-123.26211625026,49.42539817671],[-123.26168660498,49.42499436783],[-123.26153330902,49.42468889749],[-123.26153134626,49.42432009793],[-123.26163993924,49.42399608146],[-123.26145628051,49.42330298504],[-123.26148243736,49.42294375897],[-123.26168628453,49.42234984227],[-123.26205456336,49.4215754313],[-123.26230038967,49.42121460297],[-123.26261675536,49.42098952589],[-123.26315339136,49.42078139267],[-123.26468274589,49.42057109641],[-123.2651643043,49.42041675898],[-123.26541085163,49.42019080066],[-123.26579375105,49.41956059283],[-123.26620629223,49.41927226664],[-123.26655005652,49.41913631512],[-123.26679832628,49.41912690186],[-123.26740962747,49.41997109113],[-123.26761772063,49.42019552732],[-123.26799300933,49.42075235176],[-123.26843543261,49.42097610698],[-123.26878015825,49.42099333125],[-123.26908230391,49.42086599185],[-123.26920603822,49.42070452438],[-123.26931374996,49.42020950701],[-123.26947814155,49.42002020032],[-123.26950333705,49.41967787806],[-123.26981950246,49.41947935839],[-123.27023352573,49.41947883766],[-123.27060697183,49.41968480782],[-123.27084262381,49.41992714923],[-123.27114681235,49.42009738906],[-123.27165677077,49.42010471939],[-123.27201627723,49.42032851467],[-123.27221379549,49.4211375344],[-123.2724361888,49.42135355873],[-123.27268457872,49.42138896861],[-123.2728803345,49.42187425227],[-123.2731715047,49.42225967525],[-123.27348999338,49.42240351789],[-123.27401196873,49.42205146192],[-123.27419106103,49.42205086107],[-123.27475777941,49.42239959236],[-123.27517396573,49.42279466894],[-123.27540877652,49.42291976517],[-123.27582259951,49.42281173298],[-123.27608593048,49.42306296691],[-123.27611529185,49.42337773034],[-123.27593631972,49.42354817046],[-123.27548240024,49.42364899249],[-123.27526273078,49.42379347604],[-123.27518133611,49.42410799913],[-123.27530719341,49.42435106155],[-123.27563962173,49.42461114796],[-123.27659308495,49.42495070632],[-123.27689751383,49.42514786407],[-123.27664031149,49.42613705763],[-123.27636969024,49.42701946074],[-123.27555049617,49.42838927051],[-123.27503168528,49.42932591003],[-123.2744961308,49.42976785263],[-123.27401537352,49.43008397798],[-123.27376862591,49.43036341164],[-123.27352448196,49.43121757497],[-123.27311398366,49.43174075201],[-123.27248209347,49.43225451579],[-123.27202837427,49.43250751221],[-123.2716298929,49.43265311733],[-123.27081718798,49.43284394617],[-123.26935500809,49.43285600316],[-123.26750287884,49.43206016199],[-123.26665872962,49.43152232429],[-123.26619896191,49.43079393816],[-123.26578325627,49.43044412535],[-123.26524265468,49.42978960327],[-123.26489688757,49.42961047091],[-123.26434414888,49.42940490131],[-123.26379012839,49.42903682277],[-123.2632486055,49.42841698956]]],[[[-122.86301256046,49.43046235102],[-122.86326119072,49.43023747422],[-122.86357819731,49.43014734725],[-122.86396422114,49.43021087675],[-122.8641019752,49.43037322547],[-122.86423928865,49.43076065126],[-122.86473306427,49.43144397392],[-122.86500881274,49.43174203382],[-122.86525668193,49.43190426236],[-122.8656697839,49.43197608354],[-122.86630499878,49.43183348265],[-122.86725637907,49.43169897315],[-122.86801480753,49.43171775962],[-122.86871871918,49.43176422508],[-122.86949156796,49.43155825491],[-122.86990535089,49.43154079031],[-122.87019459837,49.43160375902],[-122.87051088395,49.43203616819],[-122.87071637344,49.43258510152],[-122.87102981501,49.43379909176],[-122.87106642659,49.43578765321],[-122.87102284519,49.43667810767],[-122.87113211914,49.43706505279],[-122.87137838607,49.4375681215],[-122.87165373398,49.43793784236],[-122.87214915191,49.43846033844],[-122.87256053146,49.43939633706],[-122.87309600582,49.44026904651],[-122.87343804769,49.44138481839],[-122.87354740174,49.44157324384],[-122.87448303985,49.44264519399],[-122.87484086395,49.4431046813],[-122.87497777683,49.44353656974],[-122.87497497288,49.44447164706],[-122.87462792396,49.4454791464],[-122.87448892815,49.44575737837],[-122.87403224478,49.44644094136],[-122.8738504687,49.44710555766],[-122.87389168676,49.44744820037],[-122.87375309151,49.44769987493],[-122.87336610634,49.44790612549],[-122.87284164749,49.44793236245],[-122.87231738892,49.44778735817],[-122.87140790766,49.44738158653],[-122.87084371284,49.44699476157],[-122.87074813819,49.4467161691],[-122.87102516847,49.44628468123],[-122.87105288752,49.44605023094],[-122.87084703752,49.4458257547],[-122.87021366524,49.44539322536],[-122.87000709422,49.44516798805],[-122.86966429129,49.44443018865],[-122.86927854786,49.44424989466],[-122.86889300471,49.44397963392],[-122.86864541592,49.44365525694],[-122.86812263944,49.44315106665],[-122.8679037711,49.4425123268],[-122.8678782151,49.4417386769],[-122.86780931804,49.44144085734],[-122.86756208975,49.44104481941],[-122.8668196438,49.44040619973],[-122.86661395403,49.43995624585],[-122.86595458512,49.43894806554],[-122.86532145318,49.43839845125],[-122.86466376664,49.4368866815],[-122.86427862406,49.43648147065],[-122.86410061328,49.43599558614],[-122.8636740123,49.43565326389],[-122.8635092602,49.43533826011],[-122.86276653386,49.43462677779],[-122.86253272447,49.43414890457],[-122.86252146861,49.43343894439],[-122.8622482437,49.43254820954],[-122.86259513239,49.4318110911],[-122.86301256046,49.43046235102]]],[[[-122.93645258138,49.31144075563],[-122.93663155351,49.31132395108],[-122.9369753178,49.3112608622],[-122.93736038027,49.31157610631],[-122.93735997971,49.31191798795],[-122.93722166485,49.31246664088],[-122.93708326988,49.31269972925],[-122.93672556596,49.31306904954],[-122.93662935041,49.31302402611],[-122.93669848781,49.31274523335],[-122.93658857296,49.31267317183],[-122.93617571133,49.31277191094],[-122.93596877981,49.31265402486],[-122.9358871448,49.31242990913],[-122.93606655756,49.31207921508],[-122.93645149986,49.31169174922],[-122.93645258138,49.31144075563]]]]},"properties":{"a": "882.03092", "q": "01010", "t": "CT", "dw": "1710", "hh": "1357", "id": "9330250.02", "pop": "3912", "rgid": "59", "rpid": "59933", "ruid": "5915020", "rguid": "5915"}},{"type":"Feature","geometry":{"type":"MultiPolygon","coordinates":[[[[-122.68984079932,49.2014888174],[-122.68353663814,49.19960908927],[-122.67708214517,49.19769351064],[-122.66613456242,49.19596892107],[-122.66703963747,49.19342229343],[-122.66849004077,49.19232618926],[-122.6716672768,49.19058289334],[-122.67882932656,49.18748689175],[-122.68393147437,49.18586108134],[-122.69489271637,49.18376929447],[-122.70358888737,49.18334770053],[-122.71180057584,49.18406987792],[-122.71828667334,49.18582963704],[-122.72216730029,49.18838223309],[-122.72406962024,49.19220690121],[-122.7241980011,49.19500039663],[-122.72567163713,49.20247588796],[-122.72915230063,49.20807349377],[-122.73398270561,49.21193665612],[-122.7161502636,49.20973219051],[-122.70179143515,49.20524963557],[-122.68984079932,49.2014888174]]]]},"properties":{"a": "8.39124", "q": "01010", "t": "CT", "dw": "66", "hh": "61", "id": "9330251.00", "pop": "145", "rgid": "59", "rpid": "59933", "ruid": "5915020", "rguid": "5915"}},{"type":"Feature","geometry":{"type":"MultiPolygon","coordinates":[[[[-122.86454387775,49.30584431146],[-122.86470883013,49.30311314385],[-122.86467041601,49.3020632648],[-122.86488279521,49.3016010937],[-122.864896134,49.30111873416],[-122.86484574301,49.30008980462],[-122.86495770073,49.29935232568],[-122.86495597831,49.29863094941],[-122.86480885103,49.29846163088],[-122.86479735484,49.29782449329],[-122.86494836758,49.29789563351],[-122.86676128158,49.2988962031],[-122.86725605861,49.29903163389],[-122.86791634882,49.29898745165],[-122.86830048999,49.29910393575],[-122.86909761296,49.2996274733],[-122.87042868816,49.30081630811],[-122.87088104543,49.30139251986],[-122.87130656489,49.30173484212],[-122.87192539669,49.30179845173],[-122.87290237304,49.30145709083],[-122.87326063775,49.30141314892],[-122.87374083425,49.30163782544],[-122.87394752543,49.30161134814],[-122.87430591032,49.30143221579],[-122.87469089267,49.30140529786],[-122.87535010135,49.30193708704],[-122.87552827235,49.3019094481],[-122.87618980431,49.3016861335],[-122.87691811033,49.30168601333],[-122.87737255054,49.3014796426],[-122.87762142114,49.30124691474],[-122.87778761527,49.30078834872],[-122.87789785057,49.30069850214],[-122.87848948405,49.30053695456],[-122.87919131278,49.30049301265],[-122.88069018436,49.30067446829],[-122.88130825509,49.30076415463],[-122.88159826365,49.30055846486],[-122.88243676491,49.30063080678],[-122.88277980818,49.30082860543],[-122.88302827822,49.30076679836],[-122.88344069923,49.30076695858],[-122.88432041857,49.30096555837],[-122.88466418286,49.30087547145],[-122.88525605668,49.3007863459],[-122.88557310333,49.30069738056],[-122.88588958918,49.30050847444],[-122.8861656581,49.30025720045],[-122.88668943599,49.29954651925],[-122.8870756601,49.2992506224],[-122.88739198573,49.29916073577],[-122.88808019527,49.29908971572],[-122.88878170354,49.29907241134],[-122.88944215397,49.29895608746],[-122.89014442331,49.29861492684],[-122.89021392122,49.29826415268],[-122.89039289335,49.29808409902],[-122.89143948778,49.2976267347],[-122.8928570448,49.29718715542],[-122.89383422143,49.29691833672],[-122.89460430632,49.29663926356],[-122.89526471669,49.29656804323],[-122.8956226209,49.29664086582],[-122.89562254078,49.2967310729],[-122.89589740801,49.29684823796],[-122.89646104205,49.29700169415],[-122.89632228657,49.29723450213],[-122.89652905787,49.29735250837],[-122.89677648644,49.29737069399],[-122.89705227497,49.29707411618],[-122.89719022932,49.29684931949],[-122.89739676027,49.29675062044],[-122.89778194291,49.29673299561],[-122.89771368675,49.29649906606],[-122.89789281911,49.29629221465],[-122.89816756617,49.29613875846],[-122.89844299419,49.29613034661],[-122.8985530292,49.29599523627],[-122.89882869756,49.29590599054],[-122.89946102837,49.29586100717],[-122.89977771451,49.29574456313],[-122.90057543833,49.29565511712],[-122.90130506622,49.29565659921],[-122.90214340726,49.29597212371],[-122.90245997323,49.29590046276],[-122.90336737156,49.29601814855],[-122.90398656386,49.29587474653],[-122.90441216344,49.29592826192],[-122.90466003263,49.29615418019],[-122.90500283557,49.29633359294],[-122.90514058963,49.29624378642],[-122.90518280911,49.29603769609],[-122.9054166185,49.29590254569],[-122.90577472299,49.29581329996],[-122.90727571756,49.29479802967],[-122.90772983732,49.29466348012],[-122.90825249362,49.29459177911],[-122.90898152066,49.29457443467],[-122.90909171591,49.29450261349],[-122.90918857236,49.29417883736],[-122.90907901802,49.29392696253],[-122.90943708245,49.29365730263],[-122.91034532196,49.29337923089],[-122.91079912127,49.29333460803],[-122.91134897589,49.29354186],[-122.91159644452,49.29354206028],[-122.91232563179,49.29339873837],[-122.91264199748,49.29339893866],[-122.91382422297,49.29369667811],[-122.91438809735,49.29369707867],[-122.91561198153,49.29337330254],[-122.91707063646,49.29333028193],[-122.91784088157,49.29324083592],[-122.91938057065,49.29360174436],[-122.91999864138,49.29387156448],[-122.92021815062,49.29401520684],[-122.9204933383,49.29433113191],[-122.92063053157,49.2946100849],[-122.92112262483,49.29645440314],[-122.92130075577,49.29686830624],[-122.92209763841,49.29744455805],[-122.92259165437,49.29768681934],[-122.92307357328,49.29778696042],[-122.92350001405,49.29776032289],[-122.92391179416,49.29782269075],[-122.92450334752,49.29821969004],[-122.92475101643,49.29819289229],[-122.9254117072,49.29786951672],[-122.92600334069,49.29770796914],[-122.92631970638,49.29770820948],[-122.92667668929,49.29791494071],[-122.92660751183,49.29837402747],[-122.92608405439,49.29871514803],[-122.92576740831,49.2991020531],[-122.92569823085,49.29940784389],[-122.92576624667,49.29988459553],[-122.92608145073,49.3001538148],[-122.92663218659,49.30028996661],[-122.92726367622,49.30063132751],[-122.92762089947,49.30111753247],[-122.92757892033,49.30168445113],[-122.92771555282,49.30216997513],[-122.92816867116,49.30306143099],[-122.92866200616,49.30383443999],[-122.92900625113,49.30411439439],[-122.92929461738,49.30426700939],[-122.92915626246,49.30477055878],[-122.92897620881,49.30576023302],[-122.92858990459,49.30666879298],[-122.9282853956,49.3077026094],[-122.92814764154,49.30808967469],[-122.9281471208,49.30825134244],[-122.92835281058,49.30893538611],[-122.92835253018,49.3091153196],[-122.92782811139,49.31021238512],[-122.92782362507,49.31050788141],[-122.92630740905,49.31053560046],[-122.91831310683,49.31063097483],[-122.91693300256,49.31070247555],[-122.91460388134,49.31092506914],[-122.91340635429,49.31107548104],[-122.91229018184,49.31127504218],[-122.91133856122,49.31147320134],[-122.91025495466,49.31192635974],[-122.90969913162,49.31222049411],[-122.90886980328,49.31278428837],[-122.90836825671,49.31333646627],[-122.90795126927,49.3139769686],[-122.90674100427,49.31410418782],[-122.90634048002,49.31418854667],[-122.90423855887,49.3148421875],[-122.9043652173,49.31435918706],[-122.90312274693,49.31472338013],[-122.90219976666,49.31481534969],[-122.90133410713,49.31485492545],[-122.90067249506,49.3150844488],[-122.89995508439,49.3148767562],[-122.89921884719,49.31415393791],[-122.89793295565,49.31349140454],[-122.89702992348,49.31305474939],[-122.89638169026,49.31311651641],[-122.89569712586,49.31325615313],[-122.89521188226,49.31345711624],[-122.89401411486,49.31357912813],[-122.89143347931,49.31414812973],[-122.89043979944,49.31432169424],[-122.89035223608,49.31445780599],[-122.89006411017,49.3155074447],[-122.88991918601,49.31588245301],[-122.88982897892,49.31639817956],[-122.88983642942,49.31695732727],[-122.890025656,49.31724016573],[-122.89060086634,49.31775060483],[-122.89132789056,49.31817564361],[-122.89290190801,49.31927070632],[-122.89480190469,49.32098484116],[-122.89510669407,49.32142373947],[-122.8953389012,49.32230470055],[-122.89550060901,49.32265835878],[-122.89580087201,49.32291552106],[-122.89544641266,49.32315798264],[-122.89487777157,49.32381366635],[-122.89468097432,49.32425388653],[-122.8944958335,49.32442745104],[-122.89432459226,49.3247872379],[-122.89401780006,49.32524528319],[-122.89365861404,49.32542890187],[-122.8998813405,49.32617539351],[-122.89906414926,49.32804739075],[-122.89723252891,49.32931233277],[-122.89611719765,49.33012087183],[-122.87850887137,49.3301113384],[-122.87636316854,49.33008181681],[-122.87198131547,49.32998263708],[-122.87027671406,49.32995039166],[-122.86811907442,49.3298621874],[-122.86545712431,49.32977991149],[-122.86465215028,49.32979040627],[-122.85864360555,49.32979521305],[-122.85582142972,49.32981007398],[-122.85598558098,49.3261429478],[-122.8586697624,49.32612279942],[-122.85875808683,49.32370066716],[-122.86390381604,49.32369185475],[-122.86392688854,49.32259919543],[-122.86769531743,49.32258533591],[-122.8676788943,49.31675323976],[-122.86789047237,49.31509506375],[-122.87692491993,49.31561820074],[-122.8780761818,49.31563738777],[-122.87803308108,49.31476612034],[-122.8780151358,49.31349645166],[-122.87633248532,49.31335128715],[-122.87427951313,49.31336214244],[-122.87370762746,49.30934680571],[-122.8736324816,49.30588961529],[-122.86454387775,49.30584431146]]],[[[-122.83541023482,49.28099822877],[-122.8350644677,49.28060142976],[-122.83154258614,49.28051787205],[-122.82815429278,49.28047761534],[-122.82702962837,49.28048302296],[-122.82638724339,49.28052788616],[-122.82509482266,49.28052600351],[-122.82381610122,49.28055095866],[-122.8238091314,49.27862600683],[-122.82396198674,49.2778842819],[-122.82396543159,49.2767802065],[-122.82392950097,49.27585422199],[-122.82382263041,49.2748296586],[-122.82403320707,49.27471990398],[-122.82393286571,49.27379363908],[-122.82374776495,49.27339239381],[-122.8239312234,49.27317464705],[-122.82427342549,49.27298021314],[-122.82476447727,49.27287053863],[-122.82914592978,49.27298926589],[-122.83138957058,49.27318622336],[-122.83495002648,49.27320933592],[-122.83581608657,49.27322860306],[-122.83583911902,49.27270730867],[-122.84030661274,49.27270210134],[-122.84541096365,49.27277123874],[-122.84634780346,49.272745162],[-122.84627870611,49.27240348065],[-122.84625767649,49.2719559702],[-122.84615945812,49.27106851998],[-122.84765220107,49.27096926014],[-122.84980835862,49.27095195577],[-122.85220493487,49.27091526408],[-122.85655306043,49.27087869255],[-122.86018201283,49.27078095486],[-122.86302089219,49.27065345524],[-122.864235283,49.27063162449],[-122.8668075067,49.27065790151],[-122.86676436593,49.27162226008],[-122.86635422813,49.27210618182],[-122.8666012962,49.27476697029],[-122.86666939213,49.27517494503],[-122.86667203586,49.27571502589],[-122.86671557719,49.2762078001],[-122.86695563538,49.27690197805],[-122.86698239308,49.27788328049],[-122.86706366758,49.27836908488],[-122.86705657759,49.27863369766],[-122.86719737594,49.27978147463],[-122.8672232524,49.28075404477],[-122.86740655063,49.28378455409],[-122.86761929033,49.28546287848],[-122.86798985237,49.28675357679],[-122.868560296,49.28804583731],[-122.86986337175,49.28905213496],[-122.87065048061,49.28945522282],[-122.87277763731,49.29037956502],[-122.87466842101,49.29103276523],[-122.87659169048,49.29141286071],[-122.87788791658,49.29147114281],[-122.87971304779,49.29119499378],[-122.88105593963,49.29072220773],[-122.88273214103,49.29029632776],[-122.88388816962,49.29010914405],[-122.88559733747,49.28994399139],[-122.88720564322,49.289911065],[-122.89080639589,49.29039214274],[-122.89198609783,49.2903869354],[-122.89328444692,49.29017091107],[-122.89313912219,49.29037784259],[-122.89258281848,49.29055549286],[-122.89224922853,49.29073987261],[-122.89181249326,49.29109933902],[-122.89164754088,49.29139864067],[-122.89166945175,49.29179700188],[-122.89172537052,49.29182864646],[-122.89084689294,49.29193223239],[-122.89042057235,49.29193179177],[-122.88958207108,49.29175113726],[-122.88819395553,49.29134496506],[-122.88721782037,49.29115485724],[-122.88651675272,49.29110943324],[-122.88567592818,49.29163845852],[-122.88540146152,49.2916840828],[-122.88494714148,49.29166489577],[-122.88463149681,49.29159335498],[-122.88403922242,49.29179908481],[-122.88365387956,49.29203285414],[-122.88331015533,49.29209578279],[-122.88288371456,49.29207719661],[-122.88247077282,49.29200409362],[-122.88194887758,49.29198642874],[-122.88068289409,49.29219159778],[-122.88022881439,49.29219091682],[-122.87856499043,49.29228877468],[-122.87797387768,49.29221615237],[-122.87754771731,49.29212578506],[-122.87608966323,49.29224114758],[-122.87391624136,49.29222011795],[-122.87364117385,49.29214765587],[-122.87262510242,49.29171532681],[-122.87137490116,49.29130935489],[-122.87050944192,49.29096671218],[-122.86953438828,49.29046184093],[-122.86907990802,49.29071323509],[-122.86879130144,49.29053274081],[-122.86558029783,49.28806462377],[-122.86582776646,49.28790239523],[-122.86555398076,49.28765080079],[-122.86558206032,49.28744398943],[-122.86419534674,49.28638918344],[-122.86398893595,49.28641578091],[-122.86356413751,49.28611932327],[-122.86143746148,49.28447068069],[-122.85983163923,49.28326289919],[-122.85899526096,49.28259672069],[-122.85903675942,49.28248888878],[-122.85965587161,49.28230046333],[-122.85984846293,49.28220144383],[-122.85969873199,49.28179699405],[-122.85972669138,49.28163512602],[-122.86001561842,49.28154555984],[-122.86042771898,49.28154543967],[-122.8607035075,49.28142939619],[-122.86077284519,49.28120463955],[-122.86063613259,49.28095260449],[-122.86099423708,49.28072820837],[-122.86095374003,49.28044921533],[-122.8606100158,49.280223257],[-122.8601848969,49.2800345111],[-122.85952524759,49.2798084326],[-122.85921004354,49.2795835558],[-122.85893589733,49.27924119349],[-122.85841380181,49.27915086624],[-122.85809619437,49.27941944461],[-122.85819152867,49.27996917906],[-122.85812251145,49.28005898558],[-122.85836881844,49.2804730489],[-122.85836841787,49.28059001368],[-122.85813424798,49.28075164138],[-122.85813320651,49.28113846633],[-122.85763718773,49.28129897245],[-122.85652409963,49.28127137357],[-122.85529957455,49.28129592816],[-122.85523215957,49.28104473428],[-122.85495741251,49.28099955063],[-122.85453029079,49.28132288614],[-122.85436521824,49.2813226458],[-122.85407697217,49.2811603772],[-122.85391197973,49.28093441887],[-122.85400911657,49.28084541348],[-122.85398231882,49.28061156404],[-122.85359705607,49.28056557926],[-122.85339104585,49.28065578634],[-122.8534586611,49.2808620369],[-122.8534842171,49.2815730786],[-122.85359369133,49.28184341946],[-122.8534546154,49.28214820884],[-122.85324852506,49.28209393237],[-122.85327740575,49.28186997687],[-122.85302961667,49.28173386512],[-122.85293460282,49.2815727181],[-122.85293464287,49.28130197668],[-122.85251028505,49.28081629246],[-122.85216664093,49.2806353175],[-122.85164474569,49.28068050116],[-122.851259523,49.28051723115],[-122.85128868408,49.2802033089],[-122.85108179261,49.28017522934],[-122.85087530171,49.28033705732],[-122.85083115953,49.28131755863],[-122.85069256427,49.28156891274],[-122.85034892015,49.28180328291],[-122.849716349,49.28182939971],[-122.84955103611,49.28178369532],[-122.84919477422,49.28153186054],[-122.84867211791,49.28136847036],[-122.84853556554,49.28127918457],[-122.8482210825,49.28068510765],[-122.84801527256,49.28054987714],[-122.84756199399,49.28043239163],[-122.84679279035,49.28017947532],[-122.84599550715,49.2801155052],[-122.84561080519,49.28004296301],[-122.84522602311,49.27983499002],[-122.84501941204,49.28008714525],[-122.84459172953,49.2803195126],[-122.84393123905,49.28057082665],[-122.84281550722,49.28114471513],[-122.84240312627,49.28132492902],[-122.84190762822,49.28136875075],[-122.84120692108,49.2813232867],[-122.84016060705,49.28176262564],[-122.83908549245,49.28232698069],[-122.83824663068,49.28258754777],[-122.83790290644,49.28258706709],[-122.83754580336,49.2824426236],[-122.83729837479,49.28221654511],[-122.8373413954,49.28178521746],[-122.83723188112,49.28153278184],[-122.83682078197,49.28132617077],[-122.83600935885,49.28116221979],[-122.83541023482,49.28099822877]]]]},"properties":{"a": "14.9486", "q": "01010", "t": "CT", "dw": "2402", "hh": "2223", "id": "9330260.02", "pop": "5114", "rgid": "59", "rpid": "59933", "ruid": "5915043", "rguid": "5915"}},{"type":"Feature","geometry":{"type":"MultiPolygon","coordinates":[[[[-122.86798985237,49.28675357679],[-122.86937552448,49.28735458348],[-122.8694451025,49.28720365085],[-122.86940007907,49.28650090083],[-122.86986797824,49.28637504352],[-122.87090656137,49.28587822361],[-122.87130892822,49.28483243032],[-122.87148898188,49.28431089559],[-122.87137161654,49.28311124555],[-122.87152290967,49.2827362773],[-122.87214799028,49.2821968774],[-122.87294086727,49.28188055177],[-122.87465768589,49.28188567899],[-122.87522027846,49.28110594051],[-122.87538947682,49.28069007465],[-122.87282690672,49.28080555734],[-122.87147404083,49.28085198274],[-122.87012473996,49.28028346182],[-122.87018967143,49.27974534373],[-122.87269051457,49.27879232113],[-122.86890317905,49.27941459778],[-122.86942391265,49.2790478411],[-122.86963685263,49.27865877299],[-122.8696758676,49.27839003439],[-122.86956723456,49.27785920657],[-122.86939895749,49.27676326263],[-122.8693921479,49.2764647621],[-122.86957324302,49.27630449632],[-122.86991648658,49.27575560305],[-122.86945892197,49.27572395847],[-122.87004666998,49.27509110692],[-122.87010739553,49.27494626287],[-122.87002379775,49.27470584417],[-122.87012566126,49.27448120771],[-122.87053936408,49.27418843526],[-122.87115883678,49.27386810398],[-122.87164071564,49.27351528694],[-122.87186707453,49.27314913111],[-122.87196148754,49.27272329119],[-122.87208746501,49.27260756816],[-122.87273834195,49.2726019202],[-122.87272936931,49.27297744924],[-122.8728451324,49.27325768403],[-122.87415954412,49.27318390009],[-122.87464438715,49.27291015444],[-122.87490118893,49.27260288156],[-122.87619713464,49.27262266944],[-122.87664684818,49.27271271629],[-122.87870883307,49.27273286468],[-122.87898362018,49.27280512648],[-122.87790726383,49.27449506724],[-122.87827882729,49.27458711691],[-122.87972061845,49.27500073962],[-122.88083751191,49.27529038767],[-122.88089683549,49.27660183521],[-122.88088786285,49.27683480341],[-122.88104059802,49.2787862726],[-122.88100610943,49.27899841146],[-122.88109179014,49.27999601687],[-122.87985504784,49.28192717745],[-122.87953740034,49.28247554999],[-122.87735700865,49.28280537464],[-122.87713024919,49.28288680936],[-122.87689431681,49.28373208017],[-122.87668594326,49.28460438906],[-122.87643763345,49.28513417541],[-122.87639445261,49.28570145458],[-122.87643370792,49.28647510449],[-122.87642805996,49.28781334978],[-122.87619625339,49.28834982556],[-122.87666603521,49.28852947865],[-122.87659169048,49.29141286071],[-122.87466842101,49.29103276523],[-122.87277763731,49.29037956502],[-122.87065048061,49.28945522282],[-122.86986337175,49.28905213496],[-122.868560296,49.28804583731],[-122.86798985237,49.28675357679]]]]},"properties":{"a": "1.14542", "q": "00000", "t": "CT", "dw": "1380", "hh": "1269", "id": "9330260.04", "pop": "3816", "rgid": "59", "rpid": "59933", "ruid": "5915043", "rguid": "5915"}},{"type":"Feature","geometry":{"type":"MultiPolygon","coordinates":[[[[-122.87659169048,49.29141286071],[-122.87666603521,49.28852947865],[-122.87619625339,49.28834982556],[-122.87642805996,49.28781334978],[-122.87643370792,49.28647510449],[-122.87639445261,49.28570145458],[-122.87643763345,49.28513417541],[-122.87668594326,49.28460438906],[-122.87689431681,49.28373208017],[-122.87713024919,49.28288680936],[-122.87735700865,49.28280537464],[-122.87953740034,49.28247554999],[-122.87985504784,49.28192717745],[-122.88109179014,49.27999601687],[-122.88100610943,49.27899841146],[-122.88104059802,49.2787862726],[-122.88088786285,49.27683480341],[-122.88089683549,49.27660183521],[-122.88083751191,49.27529038767],[-122.87972061845,49.27500073962],[-122.87827882729,49.27458711691],[-122.87790726383,49.27449506724],[-122.87898362018,49.27280512648],[-122.87870883307,49.27273286468],[-122.87664684818,49.27271271629],[-122.87619713464,49.27262266944],[-122.87490118893,49.27260288156],[-122.87464438715,49.27291015444],[-122.87415954412,49.27318390009],[-122.8728451324,49.27325768403],[-122.87272936931,49.27297744924],[-122.87273834195,49.2726019202],[-122.87208746501,49.27260756816],[-122.87196148754,49.27272329119],[-122.87186707453,49.27314913111],[-122.87164071564,49.27351528694],[-122.87115883678,49.27386810398],[-122.87053936408,49.27418843526],[-122.87012566126,49.27448120771],[-122.87002379775,49.27470584417],[-122.87010739553,49.27494626287],[-122.87004666998,49.27509110692],[-122.86945892197,49.27572395847],[-122.86991648658,49.27575560305],[-122.86957324302,49.27630449632],[-122.8693921479,49.2764647621],[-122.86939895749,49.27676326263],[-122.86956723456,49.27785920657],[-122.8696758676,49.27839003439],[-122.86963685263,49.27865877299],[-122.86942391265,49.2790478411],[-122.86890317905,49.27941459778],[-122.87269051457,49.27879232113],[-122.87018967143,49.27974534373],[-122.87012473996,49.28028346182],[-122.87147404083,49.28085198274],[-122.87282690672,49.28080555734],[-122.87538947682,49.28069007465],[-122.87522027846,49.28110594051],[-122.87465768589,49.28188567899],[-122.87294086727,49.28188055177],[-122.87214799028,49.2821968774],[-122.87152290967,49.2827362773],[-122.87137161654,49.28311124555],[-122.87148898188,49.28431089559],[-122.87130892822,49.28483243032],[-122.87090656137,49.28587822361],[-122.86986797824,49.28637504352],[-122.86940007907,49.28650090083],[-122.8694451025,49.28720365085],[-122.86937552448,49.28735458348],[-122.86798985237,49.28675357679],[-122.86761929033,49.28546287848],[-122.86740655063,49.28378455409],[-122.8672232524,49.28075404477],[-122.86719737594,49.27978147463],[-122.86705657759,49.27863369766],[-122.86706366758,49.27836908488],[-122.86698239308,49.27788328049],[-122.86695563538,49.27690197805],[-122.86671557719,49.2762078001],[-122.86667203586,49.27571502589],[-122.86666939213,49.27517494503],[-122.8666012962,49.27476697029],[-122.86635422813,49.27210618182],[-122.86676436593,49.27162226008],[-122.8668075067,49.27065790151],[-122.86845911346,49.27063478895],[-122.86855324607,49.270911659],[-122.87313185633,49.27102678118],[-122.87400356438,49.2709250779],[-122.87682986602,49.27097683081],[-122.87874063788,49.27096990105],[-122.88049971603,49.27094162121],[-122.88052571266,49.27054474209],[-122.88238953838,49.27047664616],[-122.88366112977,49.27053228454],[-122.89353756351,49.27033240295],[-122.89369935143,49.27629175838],[-122.89392707224,49.28230342751],[-122.89418828022,49.2874605728],[-122.89328444692,49.29017091107],[-122.89198609783,49.2903869354],[-122.89080639589,49.29039214274],[-122.88720564322,49.289911065],[-122.88559733747,49.28994399139],[-122.88388816962,49.29010914405],[-122.88273214103,49.29029632776],[-122.88105593963,49.29072220773],[-122.87971304779,49.29119499378],[-122.87788791658,49.29147114281],[-122.87659169048,49.29141286071]]]]},"properties":{"a": "3.07266", "q": "00000", "t": "CT", "dw": "1539", "hh": "1494", "id": "9330260.05", "pop": "4062", "rgid": "59", "rpid": "59933", "ruid": "5915043", "rguid": "5915"}},{"type":"Feature","geometry":{"type":"MultiPolygon","coordinates":[[[[-122.85237213042,49.30825466713],[-122.85171652681,49.30394547642],[-122.85108279402,49.29982138648],[-122.84776744342,49.29991784236],[-122.84755246055,49.29983476533],[-122.84388377218,49.29815760257],[-122.84448541977,49.29606273136],[-122.84360477914,49.29521661937],[-122.84043539417,49.29359641686],[-122.83878034256,49.29319629317],[-122.83878518939,49.29285733566],[-122.83836095173,49.29251805769],[-122.83566535422,49.29162439872],[-122.83551446165,49.29085932089],[-122.83557358494,49.28903699363],[-122.83570717314,49.28775314497],[-122.83534045651,49.28702744261],[-122.83505617602,49.28672129131],[-122.83448465087,49.28584437593],[-122.83531714367,49.28574571694],[-122.83549527462,49.28542682769],[-122.83643491837,49.28574227209],[-122.83716326445,49.2857878563],[-122.83723120016,49.28601281322],[-122.83764326066,49.28626568947],[-122.83806865995,49.28640063958],[-122.83886490168,49.28672529695],[-122.83911337173,49.2866545573],[-122.83918258924,49.28631195464],[-122.83936152131,49.28624025363],[-122.83970524555,49.28624073431],[-122.83991289808,49.28601689898],[-122.84009175005,49.28603524482],[-122.84013220704,49.28626921443],[-122.83988453813,49.2863138373],[-122.83970448447,49.28653771269],[-122.83977266052,49.28667258269],[-122.84008946683,49.2867458459],[-122.84072231838,49.28662976237],[-122.84092868911,49.28663008282],[-122.84134074961,49.28674760839],[-122.8417256118,49.28679307243],[-122.84263345075,49.28672241289],[-122.84277100453,49.28665043148],[-122.84242740047,49.28642435299],[-122.84274500791,49.2862188635],[-122.8430878509,49.28630834957],[-122.84333447834,49.28658754289],[-122.84333459851,49.28672313391],[-122.84283930074,49.28685756329],[-122.84215149177,49.28692858334],[-122.84194431991,49.28715301952],[-122.84194311822,49.287386188],[-122.8421488881,49.28752137846],[-122.84267078334,49.28774705639],[-122.84305568558,49.28800029314],[-122.84353528123,49.28853160164],[-122.84378190867,49.28871145502],[-122.84420850966,49.28873040171],[-122.84486807885,49.28889319104],[-122.8458840301,49.28923563347],[-122.8465439598,49.28928145803],[-122.84688768403,49.28937214578],[-122.84716247115,49.28957987843],[-122.84727122435,49.2898493781],[-122.84744991609,49.29001208732],[-122.84790287421,49.29010185378],[-122.84960719523,49.2905815696],[-122.85076150139,49.29087990989],[-122.85155810363,49.291222833],[-122.85225853038,49.29129473429],[-122.85264279172,49.29156507514],[-122.85305557324,49.29174645066],[-122.85348077225,49.29211569084],[-122.85386583472,49.29213423697],[-122.85420847743,49.29226866635],[-122.85441472799,49.29241335018],[-122.85459241832,49.29271008822],[-122.8547707896,49.29280013507],[-122.85595317532,49.2931892833],[-122.85624146146,49.29335159195],[-122.85658330304,49.29378287954],[-122.85685845066,49.29394578905],[-122.85769747266,49.29398304153],[-122.85853593387,49.29412796569],[-122.8594153728,49.29439890739],[-122.86055489815,49.29492140348],[-122.86139271845,49.2953541331],[-122.86206562643,49.2958593248],[-122.86261363846,49.29638073936],[-122.86299834042,49.29670571718],[-122.86456378579,49.29771525941],[-122.86479735484,49.29782449329],[-122.86480885103,49.29846163088],[-122.86495597831,49.29863094941],[-122.86495770073,49.29935232568],[-122.86484574301,49.30008980462],[-122.864896134,49.30111873416],[-122.86488279521,49.3016010937],[-122.86467041601,49.3020632648],[-122.86470883013,49.30311314385],[-122.86454387775,49.30584431146],[-122.85970085499,49.30587871994],[-122.85687647605,49.30817487472],[-122.85588828391,49.30812720756],[-122.85237213042,49.30825466713]]]]},"properties":{"a": "2.40803", "q": "00000", "t": "CT", "dw": "1445", "hh": "1384", "id": "9330260.06", "pop": "3977", "rgid": "59", "rpid": "59933", "ruid": "5915043", "rguid": "5915"}},{"type":"Feature","geometry":{"type":"MultiPolygon","coordinates":[[[[-122.82303976753,49.29810148351],[-122.8230819069,49.29553022117],[-122.82306768687,49.29505787573],[-122.82152463304,49.29519462839],[-122.82122577201,49.29519851386],[-122.82116496635,49.29487409683],[-122.82163847342,49.28859537148],[-122.82136536867,49.28700296813],[-122.82139561128,49.28459501585],[-122.82124539966,49.28188736136],[-122.82156124462,49.28053854117],[-122.82248158117,49.28051751154],[-122.82381610122,49.28055095866],[-122.82509482266,49.28052600351],[-122.82638724339,49.28052788616],[-122.82702962837,49.28048302296],[-122.82815429278,49.28047761534],[-122.83154258614,49.28051787205],[-122.8350644677,49.28060142976],[-122.83541023482,49.28099822877],[-122.83525409485,49.28102674895],[-122.83503198194,49.28157488114],[-122.83504532073,49.28187242031],[-122.83518043107,49.28237548903],[-122.8353179448,49.28256539656],[-122.83583879857,49.28292538371],[-122.83594847308,49.28315999422],[-122.83565834435,49.28345581096],[-122.83499729307,49.28388721872],[-122.834831139,49.28422886002],[-122.83506354641,49.28459785986],[-122.83534990983,49.28526355768],[-122.83549527462,49.28542682769],[-122.83531714367,49.28574571694],[-122.83448465087,49.28584437593],[-122.83398486678,49.28548779358],[-122.83319130883,49.2851434685],[-122.83160090831,49.28454502543],[-122.83041724078,49.28413200357],[-122.82958771215,49.28541705393],[-122.82951545035,49.28555925425],[-122.83043434488,49.28604329616],[-122.83070989306,49.28701983189],[-122.83066563071,49.28789234106],[-122.83070580731,49.28820718461],[-122.83067644594,49.28873789226],[-122.83059304845,49.28900759221],[-122.83028914031,49.28940298924],[-122.82993075543,49.28965430328],[-122.82867746982,49.2901741957],[-122.82787862442,49.29054179356],[-122.8271481153,49.29102643632],[-122.82689956514,49.29129597604],[-122.82665033403,49.29179928509],[-122.82602865823,49.29259893162],[-122.82529762837,49.2931914864],[-122.82493832218,49.29367664989],[-122.82452277677,49.29452156018],[-122.82441162017,49.29481825817],[-122.82427190334,49.29543865217],[-122.82392425358,49.2965086796],[-122.82368707945,49.29745272956],[-122.82336694846,49.29850465149],[-122.82306544371,49.29920179361],[-122.82303976753,49.29810148351]]]]},"properties":{"a": "1.08133", "q": "02010", "t": "CT", "dw": "1853", "hh": "1753", "id": "9330260.07", "pop": "4373", "rgid": "59", "rpid": "59933", "ruid": "5915043", "rguid": "5915"}},{"type":"Feature","geometry":{"type":"MultiPolygon","coordinates":[[[[-122.82298825496,49.31043493865],[-122.82298517062,49.31028977415],[-122.8230538674,49.30215499402],[-122.82308342904,49.30021498097],[-122.82306544371,49.29920179361],[-122.82336694846,49.29850465149],[-122.82368707945,49.29745272956],[-122.82392425358,49.2965086796],[-122.82427190334,49.29543865217],[-122.82441162017,49.29481825817],[-122.82452277677,49.29452156018],[-122.82493832218,49.29367664989],[-122.82529762837,49.2931914864],[-122.82602865823,49.29259893162],[-122.82665033403,49.29179928509],[-122.82689956514,49.29129597604],[-122.8271481153,49.29102643632],[-122.82787862442,49.29054179356],[-122.82867746982,49.2901741957],[-122.82993075543,49.28965430328],[-122.83028914031,49.28940298924],[-122.83059304845,49.28900759221],[-122.83067644594,49.28873789226],[-122.83070580731,49.28820718461],[-122.83066563071,49.28789234106],[-122.83070989306,49.28701983189],[-122.83043434488,49.28604329616],[-122.82951545035,49.28555925425],[-122.82958771215,49.28541705393],[-122.83041724078,49.28413200357],[-122.83160090831,49.28454502543],[-122.83319130883,49.2851434685],[-122.83398486678,49.28548779358],[-122.83448465087,49.28584437593],[-122.83505617602,49.28672129131],[-122.83534045651,49.28702744261],[-122.83570717314,49.28775314497],[-122.83557358494,49.28903699363],[-122.83551446165,49.29085932089],[-122.83566535422,49.29162439872],[-122.83836095173,49.29251805769],[-122.83878518939,49.29285733566],[-122.83878034256,49.29319629317],[-122.84043539417,49.29359641686],[-122.84360477914,49.29521661937],[-122.84448541977,49.29606273136],[-122.84388377218,49.29815760257],[-122.84755246055,49.29983476533],[-122.84776744342,49.29991784236],[-122.85108279402,49.29982138648],[-122.85171652681,49.30394547642],[-122.85237213042,49.30825466713],[-122.85161878912,49.30826628349],[-122.85109729445,49.30595606891],[-122.84194624262,49.30590655916],[-122.84201041302,49.3006175481],[-122.84194876618,49.29981730072],[-122.83541347939,49.2996941272],[-122.83543659195,49.30099852481],[-122.83532855975,49.30114593248],[-122.83563258806,49.30594397186],[-122.83352778285,49.30593343702],[-122.83370202833,49.31078915767],[-122.83359511771,49.31441410443],[-122.83158981268,49.3144052119],[-122.82773530251,49.31440212755],[-122.82284457254,49.32196341976],[-122.82289892912,49.31848403807],[-122.82299334213,49.31067519712],[-122.82298825496,49.31043493865]]]]},"properties":{"a": "3.48769", "q": "00000", "t": "CT", "dw": "2061", "hh": "2004", "id": "9330260.08", "pop": "6170", "rgid": "59", "rpid": "59933", "ruid": "5915043", "rguid": "5915"}},{"type":"Feature","geometry":{"type":"MultiPolygon","coordinates":[[[[-122.85246013439,49.23305136212],[-122.84592881319,49.23166484883],[-122.842260966,49.2309150325],[-122.83978680044,49.23060066963],[-122.83672280394,49.23023287148],[-122.8356555404,49.23022566133],[-122.834419439,49.23037735503],[-122.83365091632,49.23058448683],[-122.83268359357,49.23100175467],[-122.83132924559,49.23151331535],[-122.82945412396,49.23244402652],[-122.82772200378,49.23328429026],[-122.8267918534,49.23367399928],[-122.82574297576,49.23414814725],[-122.82105949777,49.23677604939],[-122.81905915973,49.23778491065],[-122.81687275957,49.23886859733],[-122.81699272858,49.22757472674],[-122.81678775982,49.22611671272],[-122.8170106338,49.22588843112],[-122.81701688261,49.22530444841],[-122.81666122156,49.22438090735],[-122.81706410914,49.22085890561],[-122.82614410086,49.22112079456],[-122.82681660827,49.22115828738],[-122.84921540328,49.22030372348],[-122.86673760823,49.22107605153],[-122.87621035326,49.22017642415],[-122.87622745735,49.22530304644],[-122.87619869684,49.22655769396],[-122.87619969825,49.22863998746],[-122.87640462695,49.22895611281],[-122.87635071099,49.23005838567],[-122.87612851797,49.23025117727],[-122.87576388428,49.23047172798],[-122.87521138593,49.2308649219],[-122.87507435288,49.23124305461],[-122.87516980736,49.23151295484],[-122.87543017416,49.23176523024],[-122.87633532932,49.23234184256],[-122.87714354793,49.23295202217],[-122.87765478815,49.23319961097],[-122.87833362448,49.23335563077],[-122.87941290495,49.23380141879],[-122.87994225069,49.23412114922],[-122.87848876304,49.23476313363],[-122.87794467654,49.23457526897],[-122.87479556012,49.23415283385],[-122.87208245796,49.23382352993],[-122.87118952,49.23370444217],[-122.86886007833,49.23344872191],[-122.86725085128,49.23325404766],[-122.86159436252,49.23262383983],[-122.8522443504,49.23157516248],[-122.85231044351,49.23213983798],[-122.85246013439,49.23305136212]]]]},"properties":{"a": "5.85213", "t": "CT", "dw": "3", "hh": "2", "id": "9330270.00", "pop": "5", "rgid": "59", "rpid": "59933", "ruid": "5915034", "rguid": "5915"}},{"type":"Feature","geometry":{"type":"MultiPolygon","coordinates":[[[[-122.81530218697,49.26060770298],[-122.79807704051,49.26040461687],[-122.79613874988,49.26041851645],[-122.79685944519,49.26005632621],[-122.79727446986,49.25965456021],[-122.79759700424,49.25883300281],[-122.79764178733,49.25815600908],[-122.79732994802,49.25731202008],[-122.79734657144,49.25638651625],[-122.79779412194,49.25568741136],[-122.79806342132,49.25509517703],[-122.79819688935,49.25421922301],[-122.79807659989,49.25361697457],[-122.79781435044,49.25300062627],[-122.79782023873,49.25260863404],[-122.79763145277,49.25222224971],[-122.79709089124,49.25124759663],[-122.79638697958,49.25058926919],[-122.79543075247,49.24975064776],[-122.79531522972,49.2491912597],[-122.79543988533,49.24874995801],[-122.79602747312,49.24867929846],[-122.79642955957,49.24850877824],[-122.79726493643,49.24882065761],[-122.79769914814,49.24877491316],[-122.7981277119,49.24843042786],[-122.79829711054,49.24723294086],[-122.79909988147,49.24677705862],[-122.80196459723,49.24647923906],[-122.80239504363,49.24616611794],[-122.80275358874,49.24562531607],[-122.80192345927,49.24417022617],[-122.80194236591,49.24373761671],[-122.80221963652,49.24343847529],[-122.80255170433,49.24317834883],[-122.80373801559,49.24254181209],[-122.80416273392,49.24242701036],[-122.80465771124,49.24236856802],[-122.80620601245,49.24205837102],[-122.80664967748,49.24154032121],[-122.80685620844,49.24139567743],[-122.80713500119,49.24007293398],[-122.8072779626,49.23846454811],[-122.80718507173,49.23791489377],[-122.80650972031,49.23741835426],[-122.8062122212,49.23732866791],[-122.8059992011,49.23710779675],[-122.80526372498,49.23681854926],[-122.80467209149,49.23672870269],[-122.80317530285,49.23658966682],[-122.80119499302,49.23651608315],[-122.80042775215,49.23610173943],[-122.80027485675,49.23544080833],[-122.80043860744,49.23448005483],[-122.80113615013,49.23363550505],[-122.80238386789,49.23188503903],[-122.80271008746,49.23145347104],[-122.8044370003,49.23016217188],[-122.80546376679,49.22912174615],[-122.80587634803,49.22862232257],[-122.80615193627,49.22810695653],[-122.80625676395,49.22735994416],[-122.80625059526,49.22705471415],[-122.80559975837,49.226605281],[-122.80465538796,49.22570473232],[-122.80465855242,49.22367282982],[-122.80474046782,49.22062141104],[-122.81237326076,49.22054346122],[-122.816465626,49.22084160124],[-122.81706410914,49.22085890561],[-122.81666122156,49.22438090735],[-122.81701688261,49.22530444841],[-122.8170106338,49.22588843112],[-122.81678775982,49.22611671272],[-122.81699272858,49.22757472674],[-122.81687275957,49.23886859733],[-122.81685521485,49.24052549153],[-122.81682729552,49.24928947807],[-122.81679120467,49.26062512752],[-122.81530218697,49.26060770298]]]]},"properties":{"a": "4.86088", "q": "01000", "t": "CT", "dw": "1143", "hh": "1075", "id": "9330280.00", "pop": "3773", "rgid": "59", "rpid": "59933", "ruid": "5915034", "rguid": "5915"}},{"type":"Feature","geometry":{"type":"MultiPolygon","coordinates":[[[[-122.81682729552,49.24928947807],[-122.81685521485,49.24052549153],[-122.81687275957,49.23886859733],[-122.81905915973,49.23778491065],[-122.82105949777,49.23677604939],[-122.82574297576,49.23414814725],[-122.8267918534,49.23367399928],[-122.82772200378,49.23328429026],[-122.82945412396,49.23244402652],[-122.83132924559,49.23151331535],[-122.83268359357,49.23100175467],[-122.83365091632,49.23058448683],[-122.834419439,49.23037735503],[-122.8356555404,49.23022566133],[-122.83672280394,49.23023287148],[-122.83682122259,49.23105142464],[-122.83668895625,49.23149877486],[-122.83517983023,49.23309995057],[-122.83403621913,49.23416881637],[-122.83391340611,49.23433661276],[-122.8339373198,49.23496021127],[-122.8339584696,49.23687627058],[-122.83404266821,49.24044750166],[-122.83405208147,49.24172482113],[-122.83408977458,49.24276837126],[-122.83412506429,49.24454046776],[-122.83419183836,49.24922707015],[-122.82420236538,49.24925731276],[-122.81935117111,49.24925891502],[-122.81682729552,49.24928947807]]]]},"properties":{"a": "2.11361", "q": "00000", "t": "CT", "dw": "2031", "hh": "1944", "id": "9330281.01", "pop": "5847", "rgid": "59", "rpid": "59933", "ruid": "5915034", "rguid": "5915"}},{"type":"Feature","geometry":{"type":"MultiPolygon","coordinates":[[[[-122.83419183836,49.24922707015],[-122.83412506429,49.24454046776],[-122.83408977458,49.24276837126],[-122.83405208147,49.24172482113],[-122.83404266821,49.24044750166],[-122.8339584696,49.23687627058],[-122.8339373198,49.23496021127],[-122.83391340611,49.23433661276],[-122.83403621913,49.23416881637],[-122.83517983023,49.23309995057],[-122.83668895625,49.23149877486],[-122.83682122259,49.23105142464],[-122.83672280394,49.23023287148],[-122.83978680044,49.23060066963],[-122.842260966,49.2309150325],[-122.84592881319,49.23166484883],[-122.85246013439,49.23305136212],[-122.85250724076,49.23446619531],[-122.85239376089,49.23690731431],[-122.85234349007,49.23833500562],[-122.85229742517,49.24151572656],[-122.8523801417,49.24196019271],[-122.85223361528,49.24307868843],[-122.85217637464,49.24526653062],[-122.8521811013,49.24829796124],[-122.85216447788,49.24925146452],[-122.84977366975,49.24925739287],[-122.84698426008,49.24924473504],[-122.84386518599,49.24924052911],[-122.84096594159,49.24925458892],[-122.83902849215,49.24924289244],[-122.8366101252,49.24924850034],[-122.83419183836,49.24922707015]]]]},"properties":{"a": "2.59747", "q": "01010", "t": "CT", "dw": "2479", "hh": "2342", "id": "9330281.02", "pop": "6147", "rgid": "59", "rpid": "59933", "ruid": "5915034", "rguid": "5915"}},{"type":"Feature","geometry":{"type":"MultiPolygon","coordinates":[[[[-122.85216447788,49.24925146452],[-122.8521811013,49.24829796124],[-122.85217637464,49.24526653062],[-122.85223361528,49.24307868843],[-122.8523801417,49.24196019271],[-122.85229742517,49.24151572656],[-122.85234349007,49.23833500562],[-122.85239376089,49.23690731431],[-122.85250724076,49.23446619531],[-122.85246013439,49.23305136212],[-122.85231044351,49.23213983798],[-122.8522443504,49.23157516248],[-122.86159436252,49.23262383983],[-122.86725085128,49.23325404766],[-122.86886007833,49.23344872191],[-122.87118952,49.23370444217],[-122.87208245796,49.23382352993],[-122.87479556012,49.23415283385],[-122.87794467654,49.23457526897],[-122.87848876304,49.23476313363],[-122.87777852246,49.23505274163],[-122.87290385513,49.23670979605],[-122.8728862303,49.23821195226],[-122.87284256879,49.23980679905],[-122.87283716117,49.2411983194],[-122.87280771969,49.24205284324],[-122.87272808751,49.24617336816],[-122.87016703955,49.24838252037],[-122.86918914191,49.24924497538],[-122.86743703357,49.24924068934],[-122.8654791954,49.24924970204],[-122.86203037677,49.24924565634],[-122.85648460399,49.24925158469],[-122.85216447788,49.24925146452]]]]},"properties":{"a": "2.76495", "q": "01010", "t": "CT", "dw": "3218", "hh": "3055", "id": "9330282.00", "pop": "7858", "rgid": "59", "rpid": "59933", "ruid": "5915034", "rguid": "5915"}},{"type":"Feature","geometry":{"type":"MultiPolygon","coordinates":[[[[-122.86918914191,49.24924497538],[-122.87016703955,49.24838252037],[-122.87272808751,49.24617336816],[-122.87280771969,49.24205284324],[-122.87283716117,49.2411983194],[-122.87284256879,49.23980679905],[-122.8728862303,49.23821195226],[-122.87290385513,49.23670979605],[-122.87777852246,49.23505274163],[-122.87848876304,49.23476313363],[-122.87994225069,49.23412114922],[-122.88017698137,49.23417194077],[-122.88039629033,49.23434302179],[-122.88057410082,49.23467609101],[-122.88108169591,49.23494643186],[-122.88163106986,49.23498292327],[-122.88197427336,49.23509131597],[-122.88231763708,49.2351185944],[-122.88256498555,49.23503792075],[-122.88296342686,49.23503832131],[-122.88337524703,49.23511070328],[-122.88465176536,49.2355437133],[-122.88575007264,49.23586865106],[-122.88639534168,49.23602222742],[-122.88754872655,49.23620328249],[-122.88877088831,49.23643825351],[-122.89014466365,49.23643064279],[-122.89050148634,49.23656591335],[-122.89099506168,49.2369891496],[-122.89141982007,49.23750227248],[-122.8921188849,49.2381686112],[-122.8923247349,49.23828573621],[-122.89268800667,49.23833011873],[-122.89266144925,49.24139836122],[-122.89262888338,49.24260686373],[-122.89269245293,49.24607591086],[-122.89274272375,49.24824380495],[-122.89274064082,49.24919730823],[-122.88508721882,49.24920788312],[-122.87677406741,49.24922630908],[-122.87270677749,49.24923095563],[-122.86918914191,49.24924497538]]]]},"properties":{"a": "2.20309", "q": "01010", "t": "CT", "dw": "2838", "hh": "2624", "id": "9330283.00", "pop": "6156", "rgid": "59", "rpid": "59933", "ruid": "5915034", "rguid": "5915"}},{"type":"Feature","geometry":{"type":"MultiPolygon","coordinates":[[[[-122.86898184988,49.2600749925],[-122.86898441349,49.2591574599],[-122.86907610266,49.25644111316],[-122.86906056076,49.25629707024],[-122.86912973822,49.25394115126],[-122.8691102708,49.25313084973],[-122.86912989845,49.2508820817],[-122.869157978,49.25063020687],[-122.86906408573,49.24979358825],[-122.86918914191,49.24924497538],[-122.87270677749,49.24923095563],[-122.87677406741,49.24922630908],[-122.88508721882,49.24920788312],[-122.89274064082,49.24919730823],[-122.89292914638,49.25105051899],[-122.89289950462,49.25203098025],[-122.89303397406,49.25338032118],[-122.89303429451,49.25378685389],[-122.89311596957,49.25432020527],[-122.89314032388,49.25502660042],[-122.89310952049,49.25523877934],[-122.89313375463,49.25578522917],[-122.89322035663,49.25616900983],[-122.89321859415,49.25701456103],[-122.89327895919,49.25874780278],[-122.89332442324,49.25889472977],[-122.89314432953,49.25946353109],[-122.89321442828,49.25968776699],[-122.89321142405,49.26030687918],[-122.89213558843,49.26032033814],[-122.88947211618,49.26029630428],[-122.88498551554,49.26022772767],[-122.88327486561,49.26024326957],[-122.88209364152,49.26020685827],[-122.88164625125,49.26024242838],[-122.87986598324,49.26017749691],[-122.87850983272,49.26014120578],[-122.87683431228,49.26013615867],[-122.87438309906,49.26009001367],[-122.87020513322,49.26006738178],[-122.86898184988,49.2600749925]]]]},"properties":{"a": "2.13166", "q": "00000", "t": "CT", "dw": "2807", "hh": "2652", "id": "9330284.01", "pop": "6712", "rgid": "59", "rpid": "59933", "ruid": "5915034", "rguid": "5915"}},{"type":"Feature","geometry":{"type":"MultiPolygon","coordinates":[[[[-122.86845911346,49.27063478895],[-122.86848767369,49.27022108613],[-122.86852769007,49.26827041807],[-122.86863748474,49.26553468402],[-122.86870846474,49.26468925299],[-122.86890462108,49.26274315136],[-122.86894960445,49.26185606164],[-122.86898184988,49.2600749925],[-122.87020513322,49.26006738178],[-122.87438309906,49.26009001367],[-122.87683431228,49.26013615867],[-122.87850983272,49.26014120578],[-122.87986598324,49.26017749691],[-122.88164625125,49.26024242838],[-122.88209364152,49.26020685827],[-122.88327486561,49.26024326957],[-122.88498551554,49.26022772767],[-122.88947211618,49.26029630428],[-122.89213558843,49.26032033814],[-122.89321142405,49.26030687918],[-122.89327947992,49.26063069537],[-122.8933154506,49.26307746233],[-122.89339219872,49.26570416277],[-122.89338831325,49.26753013517],[-122.8935041965,49.26909934584],[-122.89353756351,49.27033240295],[-122.88366112977,49.27053228454],[-122.88238953838,49.27047664616],[-122.88052571266,49.27054474209],[-122.88049971603,49.27094162121],[-122.87874063788,49.27096990105],[-122.87682986602,49.27097683081],[-122.87400356438,49.2709250779],[-122.87313185633,49.27102678118],[-122.86855324607,49.270911659],[-122.86845911346,49.27063478895]]]]},"properties":{"a": "2.09871", "q": "01010", "t": "CT", "dw": "2567", "hh": "2420", "id": "9330284.02", "pop": "6348", "rgid": "59", "rpid": "59933", "ruid": "5915034", "rguid": "5915"}},{"type":"Feature","geometry":{"type":"MultiPolygon","coordinates":[[[[-122.85215053824,49.25392901416],[-122.85215422343,49.25269663802],[-122.85222668552,49.25145532928],[-122.85225780936,49.25020504791],[-122.8522016903,49.25007129949],[-122.85216447788,49.24925146452],[-122.85648460399,49.24925158469],[-122.86203037677,49.24924565634],[-122.8654791954,49.24924970204],[-122.86743703357,49.24924068934],[-122.86918914191,49.24924497538],[-122.86906408573,49.24979358825],[-122.869157978,49.25063020687],[-122.86912989845,49.2508820817],[-122.8691102708,49.25313084973],[-122.86912973822,49.25394115126],[-122.86759729935,49.25392128327],[-122.86346407654,49.25398397159],[-122.8578671517,49.25392713151],[-122.856731632,49.25393958906],[-122.85215053824,49.25392901416]]]]},"properties":{"a": "0.64368", "q": "01000", "t": "CT", "dw": "1785", "hh": "1690", "id": "9330285.01", "pop": "3185", "rgid": "59", "rpid": "59933", "ruid": "5915034", "rguid": "5915"}},{"type":"Feature","geometry":{"type":"MultiPolygon","coordinates":[[[[-122.8668075067,49.27065790151],[-122.864235283,49.27063162449],[-122.86302089219,49.27065345524],[-122.86018201283,49.27078095486],[-122.85655306043,49.27087869255],[-122.85220493487,49.27091526408],[-122.85256287914,49.26771912141],[-122.8526349006,49.26663984094],[-122.85267139201,49.26359951779],[-122.85189950459,49.26358113189],[-122.85197613254,49.26170064269],[-122.85193787865,49.26069306323],[-122.85204166486,49.25813858453],[-122.85208440507,49.2576799384],[-122.85211669056,49.25609678808],[-122.85218807112,49.25516135026],[-122.85215053824,49.25392901416],[-122.856731632,49.25393958906],[-122.8578671517,49.25392713151],[-122.86346407654,49.25398397159],[-122.86759729935,49.25392128327],[-122.86912973822,49.25394115126],[-122.86906056076,49.25629707024],[-122.86907610266,49.25644111316],[-122.86898441349,49.2591574599],[-122.86898184988,49.2600749925],[-122.86894960445,49.26185606164],[-122.86890462108,49.26274315136],[-122.86870846474,49.26468925299],[-122.86863748474,49.26553468402],[-122.86852769007,49.26827041807],[-122.86848767369,49.27022108613],[-122.86845911346,49.27063478895],[-122.8668075067,49.27065790151]]]]},"properties":{"a": "2.25795", "q": "00000", "t": "CT", "dw": "1781", "hh": "1735", "id": "9330285.02", "pop": "5321", "rgid": "59", "rpid": "59933", "ruid": "5915034", "rguid": "5915"}},{"type":"Feature","geometry":{"type":"MultiPolygon","coordinates":[[[[-122.81605000048,49.26322342796],[-122.81551156194,49.26334752278],[-122.81528628457,49.26312949563],[-122.81527735199,49.26121139344],[-122.81530218697,49.26060770298],[-122.81679120467,49.26062512752],[-122.81682729552,49.24928947807],[-122.81935117111,49.24925891502],[-122.82420236538,49.24925731276],[-122.83419183836,49.24922707015],[-122.8366101252,49.24924850034],[-122.83902849215,49.24924289244],[-122.84096594159,49.24925458892],[-122.84386518599,49.24924052911],[-122.84698426008,49.24924473504],[-122.84977366975,49.24925739287],[-122.85216447788,49.24925146452],[-122.8522016903,49.25007129949],[-122.85225780936,49.25020504791],[-122.85222668552,49.25145532928],[-122.85215422343,49.25269663802],[-122.85215053824,49.25392901416],[-122.85218807112,49.25516135026],[-122.85211669056,49.25609678808],[-122.85208440507,49.2576799384],[-122.85204166486,49.25813858453],[-122.85193787865,49.26069306323],[-122.85197613254,49.26170064269],[-122.85189950459,49.26358113189],[-122.84959277491,49.26355954147],[-122.84643184185,49.26346544892],[-122.84350407727,49.26348852142],[-122.84237704953,49.2635139172],[-122.84083780107,49.26345787825],[-122.8380888484,49.26344506019],[-122.83536136597,49.26339330728],[-122.83436424124,49.26342178741],[-122.83011325253,49.26330670528],[-122.82460072658,49.26332565197],[-122.82417260345,49.26328679723],[-122.81728510046,49.26324730159],[-122.81707516471,49.26316414444],[-122.81649558822,49.263138989],[-122.81605000048,49.26322342796]]]]},"properties":{"a": "4.07172", "q": "00010", "t": "CT", "dw": "1901", "hh": "1838", "id": "9330286.01", "pop": "5453", "rgid": "59", "rpid": "59933", "ruid": "5915034", "rguid": "5915"}},{"type":"Feature","geometry":{"type":"MultiPolygon","coordinates":[[[[-122.80850132605,49.27649680725],[-122.80749803263,49.27638721285],[-122.8056843175,49.27614122631],[-122.80464020658,49.27595961046],[-122.80400819621,49.27581460618],[-122.80292350812,49.27547997475],[-122.80192309877,49.27502986064],[-122.80115333433,49.2746764027],[-122.79886386898,49.27342644178],[-122.79742227809,49.27263696958],[-122.79703805681,49.27245639519],[-122.79611920234,49.27191507259],[-122.79522770642,49.27142770599],[-122.79345821359,49.27051606169],[-122.79090806099,49.26942716767],[-122.79091166606,49.26809180644],[-122.79094975973,49.2655732183],[-122.79119818971,49.26532178409],[-122.79127974461,49.26514048868],[-122.79129192176,49.26473019066],[-122.79130530061,49.26104187463],[-122.79133277932,49.26093564497],[-122.79250563161,49.26073964886],[-122.79374069154,49.2606511642],[-122.79547032822,49.26066594503],[-122.79613874988,49.26041851645],[-122.79807704051,49.26040461687],[-122.81530218697,49.26060770298],[-122.81527735199,49.26121139344],[-122.81528628457,49.26312949563],[-122.81551156194,49.26334752278],[-122.81605000048,49.26322342796],[-122.81602280216,49.265076118],[-122.8159800219,49.26548084817],[-122.81598591019,49.26761269147],[-122.81594312992,49.26801742165],[-122.81591144529,49.26914180566],[-122.81586942609,49.26934865707],[-122.81587679647,49.27106667738],[-122.81575927091,49.27418539097],[-122.81617986343,49.2748287373],[-122.81633888746,49.27614226778],[-122.8163512649,49.27664449531],[-122.81571853351,49.27664341379],[-122.81478397693,49.27658801574],[-122.80885866947,49.27650638074],[-122.80850132605,49.27649680725]]]]},"properties":{"a": "2.79302", "q": "01010", "t": "CT", "dw": "2396", "hh": "2296", "id": "9330286.02", "pop": "7097", "rgid": "59", "rpid": "59933", "ruid": "5915034", "rguid": "5915"}},{"type":"Feature","geometry":{"type":"MultiPolygon","coordinates":[[[[-122.82396543159,49.2767802065],[-122.82381578077,49.27678204909],[-122.81736829767,49.27664609757],[-122.8163512649,49.27664449531],[-122.81633888746,49.27614226778],[-122.81617986343,49.2748287373],[-122.81575927091,49.27418539097],[-122.81587679647,49.27106667738],[-122.81586942609,49.26934865707],[-122.81591144529,49.26914180566],[-122.81594312992,49.26801742165],[-122.81598591019,49.26761269147],[-122.8159800219,49.26548084817],[-122.81602280216,49.265076118],[-122.81605000048,49.26322342796],[-122.81649558822,49.263138989],[-122.81707516471,49.26316414444],[-122.81728510046,49.26324730159],[-122.82417260345,49.26328679723],[-122.82460072658,49.26332565197],[-122.83011325253,49.26330670528],[-122.83436424124,49.26342178741],[-122.83536136597,49.26339330728],[-122.8380888484,49.26344506019],[-122.84083780107,49.26345787825],[-122.84237704953,49.2635139172],[-122.84350407727,49.26348852142],[-122.84643184185,49.26346544892],[-122.84959277491,49.26355954147],[-122.85189950459,49.26358113189],[-122.85267139201,49.26359951779],[-122.8526349006,49.26663984094],[-122.85256287914,49.26771912141],[-122.85220493487,49.27091526408],[-122.84980835862,49.27095195577],[-122.84765220107,49.27096926014],[-122.84615945812,49.27106851998],[-122.84625767649,49.2719559702],[-122.84627870611,49.27240348065],[-122.84634780346,49.272745162],[-122.84541096365,49.27277123874],[-122.84030661274,49.27270210134],[-122.83583911902,49.27270730867],[-122.83581608657,49.27322860306],[-122.83495002648,49.27320933592],[-122.83138957058,49.27318622336],[-122.82914592978,49.27298926589],[-122.82476447727,49.27287053863],[-122.82427342549,49.27298021314],[-122.8239312234,49.27317464705],[-122.82374776495,49.27339239381],[-122.82393286571,49.27379363908],[-122.82403320707,49.27471990398],[-122.82382263041,49.2748296586],[-122.82392950097,49.27585422199],[-122.82396543159,49.2767802065]]]]},"properties":{"a": "2.96056", "q": "00000", "t": "CT", "dw": "1415", "hh": "1362", "id": "9330286.03", "pop": "3979", "rgid": "59", "rpid": "59933", "ruid": "5915034", "rguid": "5915"}},{"type":"Feature","geometry":{"type":"MultiPolygon","coordinates":[[[[-122.77198408124,49.30731870857],[-122.77206187083,49.30721428145],[-122.77266291757,49.30604102859],[-122.77282558673,49.30565660703],[-122.77273521943,49.30483468913],[-122.77212451908,49.30422046382],[-122.77076047745,49.30396963045],[-122.76991308365,49.30386628486],[-122.76931428007,49.30363451835],[-122.76909609269,49.30322237773],[-122.76922094859,49.30270212481],[-122.7695141216,49.3020966318],[-122.76948251708,49.30152394501],[-122.76901926446,49.30062375684],[-122.7686345625,49.29931274992],[-122.7687130731,49.29845486134],[-122.76929148796,49.29757470139],[-122.77012073619,49.29640765728],[-122.77086009779,49.29606605604],[-122.77382375293,49.29642880708],[-122.77460725672,49.29607466817],[-122.77485552648,49.29446443971],[-122.77340035646,49.29345317506],[-122.77281100619,49.29282985694],[-122.77206880059,49.29216039382],[-122.77237082608,49.29117328319],[-122.77247417167,49.2901710713],[-122.77234150477,49.28985766978],[-122.77204036052,49.28969119526],[-122.77126959468,49.28852218838],[-122.77138768104,49.2881056015],[-122.77111673934,49.28775839236],[-122.77121371596,49.28726557809],[-122.77182437625,49.28665780187],[-122.77267693732,49.2861126739],[-122.77338922077,49.28575092428],[-122.77460293062,49.28424424169],[-122.77546806941,49.2833837895],[-122.776379914,49.28216767626],[-122.77672516038,49.28097099039],[-122.77662001225,49.27989679709],[-122.77651145932,49.27849309959],[-122.77881250099,49.2784769969],[-122.78231583642,49.27841727276],[-122.78856492001,49.27844731509],[-122.78837745592,49.27888136657],[-122.78681032818,49.28201786521],[-122.7864909182,49.28276387618],[-122.78562874358,49.28455704236],[-122.78497073659,49.28580235673],[-122.78388761071,49.28804992306],[-122.78188194516,49.29137957381],[-122.78155388299,49.29199964736],[-122.78097803175,49.2930220477],[-122.78075291461,49.29353192601],[-122.77976868805,49.29542811732],[-122.77922688476,49.29652902827],[-122.7780803896,49.29933802553],[-122.77495871184,49.30342546384],[-122.77099769163,49.30352071803],[-122.77016231477,49.30383892631],[-122.77052518597,49.30391691619],[-122.7711578773,49.30393610322],[-122.77220238879,49.30414507761],[-122.77279246007,49.30446104274],[-122.77294267168,49.30469525269],[-122.77303740514,49.3050372545],[-122.77300804378,49.30542395928],[-122.7728957656,49.30592750867],[-122.77234078375,49.30695183172],[-122.77205341892,49.30732471703],[-122.77198408124,49.30731870857]]]]},"properties":{"a": "1.94721", "q": "00010", "t": "CT", "dw": "2403", "hh": "2334", "id": "9330287.01", "pop": "7222", "rgid": "59", "rpid": "59933", "ruid": "5915034", "rguid": "5915"}},{"type":"Feature","geometry":{"type":"MultiPolygon","coordinates":[[[[-122.61811543397,49.35114360826],[-122.62185257879,49.34951843876],[-122.62401402379,49.3489880115],[-122.63234463981,49.3441703044],[-122.65418536862,49.33341419139],[-122.6659964879,49.32384286749],[-122.67560558502,49.3158518499],[-122.67792917845,49.31208482298],[-122.67681765256,49.30810798048],[-122.67187304669,49.30314787277],[-122.66759357785,49.2999093504],[-122.66264829102,49.29789999967],[-122.66036531481,49.29604710935],[-122.66082211835,49.29404789289],[-122.66640258,49.29041958139],[-122.67284485575,49.28900154369],[-122.68190594084,49.28659347124],[-122.683591195,49.28603536499],[-122.6857701046,49.28520371338],[-122.69010016471,49.2832118673],[-122.69884103869,49.27862260203],[-122.71014864864,49.27856676336],[-122.71369067858,49.27864319103],[-122.72930050942,49.27851525079],[-122.7330044074,49.27844711481],[-122.73391669261,49.27846117461],[-122.7341165742,49.28032548101],[-122.73410696066,49.28212445537],[-122.73390848105,49.28401848365],[-122.7340888151,49.28576906984],[-122.73656249998,49.28576410284],[-122.73730246242,49.28578897788],[-122.73803164969,49.28577836293],[-122.74019077142,49.28580455984],[-122.74418355638,49.28579498635],[-122.74484040173,49.28577375644],[-122.74605463231,49.28581817902],[-122.75049168315,49.28583996972],[-122.75617096401,49.28579823092],[-122.75749098363,49.2858189401],[-122.7598997771,49.28577239452],[-122.7604750275,49.28582486845],[-122.76164331336,49.28589056099],[-122.761530194,49.28938945016],[-122.76305041566,49.28939013112],[-122.76731438265,49.28943186992],[-122.76730677193,49.28921236068],[-122.76739541681,49.28815907684],[-122.76750749471,49.28791565391],[-122.76719052817,49.28681474296],[-122.76720671097,49.27834609249],[-122.76893863086,49.27836608065],[-122.77046950753,49.27842151875],[-122.7731314977,49.27848208407],[-122.77407574794,49.27846037348],[-122.77651145932,49.27849309959],[-122.77662001225,49.27989679709],[-122.77672516038,49.28097099039],[-122.776379914,49.28216767626],[-122.77546806941,49.2833837895],[-122.77460293062,49.28424424169],[-122.77338922077,49.28575092428],[-122.77267693732,49.2861126739],[-122.77182437625,49.28665780187],[-122.77121371596,49.28726557809],[-122.77111673934,49.28775839236],[-122.77138768104,49.2881056015],[-122.77126959468,49.28852218838],[-122.77204036052,49.28969119526],[-122.77234150477,49.28985766978],[-122.77247417167,49.2901710713],[-122.77237082608,49.29117328319],[-122.77206880059,49.29216039382],[-122.77281100619,49.29282985694],[-122.77340035646,49.29345317506],[-122.77485552648,49.29446443971],[-122.77460725672,49.29607466817],[-122.77382375293,49.29642880708],[-122.77086009779,49.29606605604],[-122.77012073619,49.29640765728],[-122.76929148796,49.29757470139],[-122.7687130731,49.29845486134],[-122.7686345625,49.29931274992],[-122.76901926446,49.30062375684],[-122.76948251708,49.30152394501],[-122.7695141216,49.3020966318],[-122.76922094859,49.30270212481],[-122.76909609269,49.30322237773],[-122.76931428007,49.30363451835],[-122.76991308365,49.30386628486],[-122.77076047745,49.30396963045],[-122.77212451908,49.30422046382],[-122.77273521943,49.30483468913],[-122.77282558673,49.30565660703],[-122.77266291757,49.30604102859],[-122.77206187083,49.30721428145],[-122.77198408124,49.30731870857],[-122.77149775611,49.30797154827],[-122.77127556309,49.30844221134],[-122.77153809294,49.30915773936],[-122.7721155865,49.30996159181],[-122.77203134783,49.31115335074],[-122.77163142442,49.31190985649],[-122.77101070997,49.31239990686],[-122.76958926747,49.31340291989],[-122.76893642776,49.31389080722],[-122.76858761636,49.31431123951],[-122.76819946955,49.3145764932],[-122.76813734202,49.31489418075],[-122.76784440935,49.31529935155],[-122.76777415037,49.31562304756],[-122.76781352584,49.31600995263],[-122.76805899165,49.31646911949],[-122.76848427077,49.31704977751],[-122.76932982197,49.31878702492],[-122.77032342173,49.32022436982],[-122.77067968363,49.3214846653],[-122.77054233013,49.32220151519],[-122.76985792595,49.32365812723],[-122.7698585268,49.32394809574],[-122.77004743292,49.32463502347],[-122.77069578631,49.32526390943],[-122.77270990376,49.32762171106],[-122.77273409785,49.32812878541],[-122.77259466141,49.32833215191],[-122.76817876037,49.33238626327],[-122.76770717601,49.3330448711],[-122.76773285219,49.3331544655],[-122.76727660944,49.33359428511],[-122.76679216697,49.33415996202],[-122.76667980868,49.33464552608],[-122.76671990517,49.33489740091],[-122.76692467364,49.33525770851],[-122.76755572265,49.3357176765],[-122.76828338777,49.33608795815],[-122.76901217447,49.33626937372],[-122.76946609394,49.33633318362],[-122.77009786397,49.33663132363],[-122.77065981564,49.33713607471],[-122.77111141184,49.33771272709],[-122.77124275687,49.33813608351],[-122.77110704569,49.33866619031],[-122.77033011116,49.33996890555],[-122.77030066968,49.34036466309],[-122.77040942289,49.34066172158],[-122.77068376938,49.34088715917],[-122.77159036658,49.34132072998],[-122.77231747091,49.34184386696],[-122.7726727314,49.34242023895],[-122.77269832745,49.34283406193],[-122.77262794831,49.34317574329],[-122.77234955611,49.34384084026],[-122.77210048522,49.34411021976],[-122.77179701771,49.34427148695],[-122.77130067847,49.34440543565],[-122.77077658013,49.34461132571],[-122.77032093823,49.34490722256],[-122.77018230293,49.34511379357],[-122.77000116775,49.34557223942],[-122.76999984588,49.34585107224],[-122.77035442541,49.34658037967],[-122.7707371646,49.34717481711],[-122.77112114555,49.34749042172],[-122.77150444554,49.34794990904],[-122.77227208697,49.34870701564],[-122.77247697562,49.34904925778],[-122.77272356301,49.34934659667],[-122.77335220863,49.35035517754],[-122.77367958984,49.35103617692],[-122.75794157842,49.35135698887],[-122.72981579535,49.35123197275],[-122.72043125458,49.35118662887],[-122.69770563916,49.35108336339],[-122.68021095297,49.35104122403],[-122.66108368684,49.35099159411],[-122.65439037743,49.35107270838],[-122.6418134593,49.35121651097],[-122.63698209296,49.35120561562],[-122.62749929377,49.35123209292],[-122.61811543397,49.35114360826]]]]},"properties":{"a": "61.3147", "q": "00000", "t": "CT", "dw": "1290", "hh": "1239", "id": "9330287.02", "pop": "3842", "rgid": "59", "rpid": "59933", "ruid": "5915034", "rguid": "5915"}},{"type":"Feature","geometry":{"type":"MultiPolygon","coordinates":[[[[-122.80205252109,49.29573466919],[-122.80100420424,49.29462310324],[-122.80073899062,49.29440607749],[-122.80069528905,49.29359048851],[-122.80076278414,49.29110182252],[-122.80120652928,49.29067554199],[-122.80157256494,49.29011278919],[-122.80172958615,49.28521969589],[-122.80176779998,49.28424924874],[-122.80179916417,49.28288276366],[-122.80191156251,49.28012628038],[-122.80212314058,49.27754075795],[-122.80192309877,49.27502986064],[-122.80292350812,49.27547997475],[-122.80400819621,49.27581460618],[-122.80464020658,49.27595961046],[-122.8056843175,49.27614122631],[-122.80749803263,49.27638721285],[-122.80850132605,49.27649680725],[-122.80847156412,49.27707245822],[-122.80857442903,49.2789077237],[-122.8085667382,49.28089556414],[-122.80846827949,49.28148908027],[-122.80854975427,49.28245700386],[-122.80988823991,49.28442942257],[-122.81039287082,49.28512183803],[-122.81196248206,49.28561849772],[-122.81205320988,49.28606444596],[-122.81176163912,49.28679267187],[-122.81162336432,49.2869812976],[-122.81123718027,49.28732253834],[-122.81071196035,49.2880053002],[-122.81006028228,49.28939846286],[-122.80953526264,49.29001825601],[-122.80942442649,49.29024293253],[-122.80935424763,49.29063865001],[-122.809172792,49.29132197266],[-122.80882502206,49.29234681645],[-122.80882402065,49.292580746],[-122.80906964669,49.29308485618],[-122.80965747481,49.2939943775],[-122.80980143762,49.29426159395],[-122.80854895315,49.294340425],[-122.80718563252,49.29448859374],[-122.80607699069,49.29464577518],[-122.8040592281,49.29508495388],[-122.80205252109,49.29573466919]]]]},"properties":{"a": "1.20719", "q": "01000", "t": "CT", "dw": "1686", "hh": "1624", "id": "9330287.06", "pop": "4392", "rgid": "59", "rpid": "59933", "ruid": "5915034", "rguid": "5915"}},{"type":"Feature","geometry":{"type":"MultiPolygon","coordinates":[[[[-122.79340954503,49.29660970192],[-122.79111387093,49.29581534284],[-122.78813295146,49.29478380964],[-122.78857533469,49.2944026727],[-122.78873920554,49.29415199955],[-122.788826128,49.29387092358],[-122.78894429447,49.29275026482],[-122.78775013215,49.29305677662],[-122.78388620873,49.29305705702],[-122.78295882225,49.29306843305],[-122.78097803175,49.2930220477],[-122.78155388299,49.29199964736],[-122.78188194516,49.29137957381],[-122.78388761071,49.28804992306],[-122.78497073659,49.28580235673],[-122.78562874358,49.28455704236],[-122.7864909182,49.28276387618],[-122.78681032818,49.28201786521],[-122.78837745592,49.27888136657],[-122.78856492001,49.27844731509],[-122.79070261155,49.27822287891],[-122.79074915713,49.27725755898],[-122.79079834642,49.27538672338],[-122.79080058958,49.27483799034],[-122.7908928796,49.27367371012],[-122.7908041546,49.27262126746],[-122.7908405659,49.27188767399],[-122.79087593573,49.27003470356],[-122.79090806099,49.26942716767],[-122.79345821359,49.27051606169],[-122.79522770642,49.27142770599],[-122.79611920234,49.27191507259],[-122.79703805681,49.27245639519],[-122.79742227809,49.27263696958],[-122.79886386898,49.27342644178],[-122.79884444161,49.27428845617],[-122.7985413346,49.27529599557],[-122.79576758699,49.27834669333],[-122.79431309794,49.27981864699],[-122.79349634731,49.28074210795],[-122.79344171034,49.28119710895],[-122.79345292614,49.28195794079],[-122.79350315691,49.28281254474],[-122.79348621304,49.28335254548],[-122.7928546433,49.2840643082],[-122.7918730204,49.28473485285],[-122.79836100055,49.28530024937],[-122.79977851752,49.28524489139],[-122.80016546264,49.28528494782],[-122.80172958615,49.28521969589],[-122.80157256494,49.29011278919],[-122.80120652928,49.29067554199],[-122.80076278414,49.29110182252],[-122.80069528905,49.29359048851],[-122.80073899062,49.29440607749],[-122.80100420424,49.29462310324],[-122.80205252109,49.29573466919],[-122.7977023126,49.29740386071],[-122.7957978296,49.29734954419],[-122.79340954503,49.29660970192]]]]},"properties":{"a": "2.29583", "q": "01011", "t": "CT", "dw": "3384", "hh": "3244", "id": "9330287.08", "pop": "7184", "rgid": "59", "rpid": "59933", "ruid": "5915034", "rguid": "5915"}},{"type":"Feature","geometry":{"type":"MultiPolygon","coordinates":[[[[-122.79886386898,49.27342644178],[-122.80115333433,49.2746764027],[-122.80192309877,49.27502986064],[-122.80212314058,49.27754075795],[-122.80191156251,49.28012628038],[-122.80179916417,49.28288276366],[-122.80176779998,49.28424924874],[-122.80172958615,49.28521969589],[-122.80016546264,49.28528494782],[-122.79977851752,49.28524489139],[-122.79836100055,49.28530024937],[-122.7918730204,49.28473485285],[-122.7928546433,49.2840643082],[-122.79348621304,49.28335254548],[-122.79350315691,49.28281254474],[-122.79345292614,49.28195794079],[-122.79344171034,49.28119710895],[-122.79349634731,49.28074210795],[-122.79431309794,49.27981864699],[-122.79576758699,49.27834669333],[-122.7985413346,49.27529599557],[-122.79884444161,49.27428845617],[-122.79886386898,49.27342644178]]]]},"properties":{"a": "0.59737", "q": "01011", "t": "CT", "dw": "1009", "hh": "963", "id": "9330287.09", "pop": "1807", "rgid": "59", "rpid": "59933", "ruid": "5915034", "rguid": "5915"}},{"type":"Feature","geometry":{"type":"MultiPolygon","coordinates":[[[[-122.81008623884,49.30680001784],[-122.8100317621,49.30627499821],[-122.81024101689,49.30586978735],[-122.81092325802,49.30555999092],[-122.81130339355,49.30524366528],[-122.81177678045,49.30449517082],[-122.81201127079,49.30435160857],[-122.81225994112,49.30405519098],[-122.81208293175,49.30357815895],[-122.81198847868,49.30310128714],[-122.81208713767,49.30248073292],[-122.81206114105,49.30194686081],[-122.81188441208,49.30149991115],[-122.81177485774,49.30138282621],[-122.81163874599,49.30099584103],[-122.81167075107,49.2998265137],[-122.81150744101,49.29936746701],[-122.81119335853,49.29877335003],[-122.8109744902,49.29845806586],[-122.8107773725,49.29782413279],[-122.81066473382,49.29673956487],[-122.81059663788,49.29655955127],[-122.81032297235,49.29619023098],[-122.81000784841,49.29587490675],[-122.8097343431,49.29547866854],[-122.80973530445,49.2952358064],[-122.80987470083,49.29473237718],[-122.80980143762,49.29426159395],[-122.81014840642,49.29423980325],[-122.81130251231,49.29426091299],[-122.81200890746,49.29433986421],[-122.81531949135,49.29535861942],[-122.81925912143,49.2965977651],[-122.82092715132,49.29746783083],[-122.82303976753,49.29810148351],[-122.82306544371,49.29920179361],[-122.82308342904,49.30021498097],[-122.8230538674,49.30215499402],[-122.82298517062,49.31028977415],[-122.82298825496,49.31043493865],[-122.8217022032,49.31006986434],[-122.82024555109,49.30960889494],[-122.81884413681,49.3091299402],[-122.81008623884,49.30680001784]]]]},"properties":{"a": "1.22548", "q": "00001", "t": "CT", "dw": "831", "hh": "809", "id": "9330287.10", "pop": "2827", "rgid": "59", "rpid": "59933", "ruid": "5915034", "rguid": "5915"}},{"type":"Feature","geometry":{"type":"MultiPolygon","coordinates":[[[[-122.80980143762,49.29426159395],[-122.80965747481,49.2939943775],[-122.80906964669,49.29308485618],[-122.80882402065,49.292580746],[-122.80882502206,49.29234681645],[-122.809172792,49.29132197266],[-122.80935424763,49.29063865001],[-122.80942442649,49.29024293253],[-122.80953526264,49.29001825601],[-122.81006028228,49.28939846286],[-122.81071196035,49.2880053002],[-122.81123718027,49.28732253834],[-122.81162336432,49.2869812976],[-122.81176163912,49.28679267187],[-122.81205320988,49.28606444596],[-122.81196248206,49.28561849772],[-122.81039287082,49.28512183803],[-122.80988823991,49.28442942257],[-122.80854975427,49.28245700386],[-122.80846827949,49.28148908027],[-122.8085667382,49.28089556414],[-122.80857442903,49.2789077237],[-122.80847156412,49.27707245822],[-122.80850132605,49.27649680725],[-122.80885866947,49.27650638074],[-122.81478397693,49.27658801574],[-122.81571853351,49.27664341379],[-122.8163512649,49.27664449531],[-122.81736829767,49.27664609757],[-122.82381578077,49.27678204909],[-122.82396543159,49.2767802065],[-122.82396198674,49.2778842819],[-122.8238091314,49.27862600683],[-122.82381610122,49.28055095866],[-122.82248158117,49.28051751154],[-122.82156124462,49.28053854117],[-122.82124539966,49.28188736136],[-122.82139561128,49.28459501585],[-122.82136536867,49.28700296813],[-122.82163847342,49.28859537148],[-122.82116496635,49.29487409683],[-122.82122577201,49.29519851386],[-122.82152463304,49.29519462839],[-122.82306768687,49.29505787573],[-122.8230819069,49.29553022117],[-122.82303976753,49.29810148351],[-122.82092715132,49.29746783083],[-122.81925912143,49.2965977651],[-122.81531949135,49.29535861942],[-122.81200890746,49.29433986421],[-122.81130251231,49.29426091299],[-122.81014840642,49.29423980325],[-122.80980143762,49.29426159395]]]]},"properties":{"a": "1.92973", "q": "00001", "t": "CT", "dw": "1769", "hh": "1726", "id": "9330287.11", "pop": "5229", "rgid": "59", "rpid": "59933", "ruid": "5915034", "rguid": "5915"}},{"type":"Feature","geometry":{"type":"MultiPolygon","coordinates":[[[[-122.79340954503,49.29660970192],[-122.7957978296,49.29734954419],[-122.7977023126,49.29740386071],[-122.80205252109,49.29573466919],[-122.8040592281,49.29508495388],[-122.80607699069,49.29464577518],[-122.80718563252,49.29448859374],[-122.80854895315,49.294340425],[-122.80980143762,49.29426159395],[-122.80987470083,49.29473237718],[-122.80973530445,49.2952358064],[-122.8097343431,49.29547866854],[-122.81000784841,49.29587490675],[-122.81032297235,49.29619023098],[-122.81059663788,49.29655955127],[-122.81066473382,49.29673956487],[-122.8107773725,49.29782413279],[-122.8109744902,49.29845806586],[-122.81119335853,49.29877335003],[-122.81150744101,49.29936746701],[-122.81167075107,49.2998265137],[-122.81163874599,49.30099584103],[-122.81177485774,49.30138282621],[-122.81188441208,49.30149991115],[-122.81206114105,49.30194686081],[-122.81208713767,49.30248073292],[-122.81198847868,49.30310128714],[-122.81208293175,49.30357815895],[-122.81225994112,49.30405519098],[-122.81201127079,49.30435160857],[-122.81177678045,49.30449517082],[-122.81130339355,49.30524366528],[-122.81092325802,49.30555999092],[-122.81024101689,49.30586978735],[-122.8100317621,49.30627499821],[-122.81008623884,49.30680001784],[-122.80710335662,49.30742742172],[-122.79854878509,49.30393746513],[-122.79832118446,49.30118751105],[-122.797608901,49.30092710419],[-122.79705996768,49.30062928463],[-122.79509648155,49.29980728662],[-122.79453853553,49.29955292828],[-122.79465894516,49.29808526066],[-122.79340954503,49.29660970192]]]]},"properties":{"a": "1.2191", "q": "00001", "t": "CT", "dw": "1282", "hh": "1217", "id": "9330287.12", "pop": "3854", "rgid": "59", "rpid": "59933", "ruid": "5915034", "rguid": "5915"}},{"type":"Feature","geometry":{"type":"MultiPolygon","coordinates":[[[[-122.77495871184,49.30342546384],[-122.7780803896,49.29933802553],[-122.77922688476,49.29652902827],[-122.77976868805,49.29542811732],[-122.78075291461,49.29353192601],[-122.78097803175,49.2930220477],[-122.78295882225,49.29306843305],[-122.78388620873,49.29305705702],[-122.78775013215,49.29305677662],[-122.78894429447,49.29275026482],[-122.788826128,49.29387092358],[-122.78873920554,49.29415199955],[-122.78857533469,49.2944026727],[-122.78813295146,49.29478380964],[-122.79111387093,49.29581534284],[-122.78811444539,49.30199645067],[-122.78803813789,49.3041717552],[-122.78865268365,49.30445916009],[-122.78876223799,49.30677005563],[-122.79009619725,49.30775848812],[-122.79092728807,49.30907049645],[-122.79071374724,49.31164316077],[-122.78899889138,49.31317495874],[-122.78976869587,49.31415646146],[-122.79153398277,49.31624668613],[-122.79230783296,49.31697591346],[-122.79092728807,49.3187162452],[-122.78528554008,49.31731671357],[-122.77806584912,49.31131481821],[-122.77495871184,49.30342546384]]]]},"properties":{"a": "2.22324", "q": "00001", "t": "CT", "dw": "1932", "hh": "1824", "id": "9330287.13", "pop": "6283", "rgid": "59", "rpid": "59933", "ruid": "5915034", "rguid": "5915"}},{"type":"Feature","geometry":{"type":"MultiPolygon","coordinates":[[[[-122.77367958984,49.35103617692],[-122.77335220863,49.35035517754],[-122.77272356301,49.34934659667],[-122.77247697562,49.34904925778],[-122.77227208697,49.34870701564],[-122.77150444554,49.34794990904],[-122.77112114555,49.34749042172],[-122.7707371646,49.34717481711],[-122.77035442541,49.34658037967],[-122.76999984588,49.34585107224],[-122.77000116775,49.34557223942],[-122.77018230293,49.34511379357],[-122.77032093823,49.34490722256],[-122.77077658013,49.34461132571],[-122.77130067847,49.34440543565],[-122.77179701771,49.34427148695],[-122.77210048522,49.34411021976],[-122.77234955611,49.34384084026],[-122.77262794831,49.34317574329],[-122.77269832745,49.34283406193],[-122.7726727314,49.34242023895],[-122.77231747091,49.34184386696],[-122.77159036658,49.34132072998],[-122.77068376938,49.34088715917],[-122.77040942289,49.34066172158],[-122.77030066968,49.34036466309],[-122.77033011116,49.33996890555],[-122.77110704569,49.33866619031],[-122.77124275687,49.33813608351],[-122.77111141184,49.33771272709],[-122.77065981564,49.33713607471],[-122.77009786397,49.33663132363],[-122.76946609394,49.33633318362],[-122.76901217447,49.33626937372],[-122.76828338777,49.33608795815],[-122.76755572265,49.3357176765],[-122.76692467364,49.33525770851],[-122.76671990517,49.33489740091],[-122.76667980868,49.33464552608],[-122.76679216697,49.33415996202],[-122.76727660944,49.33359428511],[-122.76773285219,49.3331544655],[-122.76770717601,49.3330448711],[-122.76817876037,49.33238626327],[-122.77259466141,49.32833215191],[-122.77273409785,49.32812878541],[-122.77270990376,49.32762171106],[-122.77069578631,49.32526390943],[-122.77004743292,49.32463502347],[-122.7698585268,49.32394809574],[-122.76985792595,49.32365812723],[-122.77054233013,49.32220151519],[-122.77067968363,49.3214846653],[-122.77032342173,49.32022436982],[-122.76932982197,49.31878702492],[-122.76848427077,49.31704977751],[-122.76805899165,49.31646911949],[-122.76781352584,49.31600995263],[-122.76777415037,49.31562304756],[-122.76784440935,49.31529935155],[-122.76813734202,49.31489418075],[-122.76819946955,49.3145764932],[-122.76858761636,49.31431123951],[-122.76893642776,49.31389080722],[-122.76958926747,49.31340291989],[-122.77101070997,49.31239990686],[-122.77163142442,49.31190985649],[-122.77203134783,49.31115335074],[-122.7721155865,49.30996159181],[-122.77153809294,49.30915773936],[-122.77127556309,49.30844221134],[-122.77149775611,49.30797154827],[-122.77198408124,49.30731870857],[-122.77205341892,49.30732471703],[-122.77234078375,49.30695183172],[-122.7728957656,49.30592750867],[-122.77300804378,49.30542395928],[-122.77303740514,49.3050372545],[-122.77294267168,49.30469525269],[-122.77279246007,49.30446104274],[-122.77220238879,49.30414507761],[-122.7711578773,49.30393610322],[-122.77052518597,49.30391691619],[-122.77016231477,49.30383892631],[-122.77099769163,49.30352071803],[-122.77495871184,49.30342546384],[-122.77806584912,49.31131481821],[-122.78528554008,49.31731671357],[-122.79092728807,49.3187162452],[-122.79230783296,49.31697591346],[-122.79153398277,49.31624668613],[-122.78976869587,49.31415646146],[-122.78899889138,49.31317495874],[-122.79071374724,49.31164316077],[-122.79092728807,49.30907049645],[-122.79009619725,49.30775848812],[-122.78876223799,49.30677005563],[-122.78865268365,49.30445916009],[-122.78803813789,49.3041717552],[-122.78811444539,49.30199645067],[-122.79111387093,49.29581534284],[-122.79340954503,49.29660970192],[-122.79465894516,49.29808526066],[-122.79453853553,49.29955292828],[-122.79509648155,49.29980728662],[-122.79705996768,49.30062928463],[-122.797608901,49.30092710419],[-122.79832118446,49.30118751105],[-122.79854878509,49.30393746513],[-122.80710335662,49.30742742172],[-122.81008623884,49.30680001784],[-122.81884413681,49.3091299402],[-122.82024555109,49.30960889494],[-122.8217022032,49.31006986434],[-122.82298825496,49.31043493865],[-122.82299334213,49.31067519712],[-122.82289892912,49.31848403807],[-122.82284457254,49.32196341976],[-122.82271426898,49.33052720426],[-122.82261004214,49.34535569436],[-122.82263355527,49.35159115877],[-122.81890842738,49.35154845861],[-122.80013686235,49.35132181933],[-122.77571349517,49.35102159638],[-122.77367958984,49.35103617692]]]]},"properties":{"a": "18.49141", "q": "00001", "t": "CT", "dw": "1306", "hh": "1238", "id": "9330287.14", "pop": "4068", "rgid": "59", "rpid": "59933", "ruid": "5915034", "rguid": "5915"}},{"type":"Feature","geometry":{"type":"MultiPolygon","coordinates":[[[[-122.77965701072,49.26460052799],[-122.77854456352,49.26408388015],[-122.77729580429,49.26363172316],[-122.77645918568,49.26321629792],[-122.77541675713,49.26275556885],[-122.77442896554,49.26234883585],[-122.77200118533,49.26127360108],[-122.77071172877,49.26074040993],[-122.7704649411,49.26060489903],[-122.76983389209,49.26037882053],[-122.76890105793,49.25999015298],[-122.76621295098,49.25879735259],[-122.76586978753,49.25868871955],[-122.7632503373,49.25754098264],[-122.76127523482,49.25673632906],[-122.75949256342,49.25594112879],[-122.7590124871,49.25575114114],[-122.7560503541,49.25447666569],[-122.75560881207,49.25429517],[-122.75437723705,49.25378949762],[-122.75145664257,49.25252387463],[-122.75086693179,49.25229771602],[-122.75034595786,49.25204471961],[-122.74912527818,49.25159236233],[-122.74584846187,49.25017292265],[-122.74538204479,49.25000993304],[-122.74313840399,49.24912692908],[-122.74290014834,49.2493641032],[-122.74058160201,49.24832620103],[-122.73918319196,49.24772034751],[-122.73674279397,49.24671637313],[-122.7333357542,49.24524886573],[-122.73395538712,49.2449705136],[-122.73643423929,49.24415532517],[-122.75955372959,49.23489604087],[-122.7611857888,49.2395965829],[-122.76245141179,49.24074528117],[-122.76227051695,49.24135177559],[-122.76241059429,49.24181971481],[-122.76235491585,49.24940748432],[-122.76240594774,49.25022611759],[-122.76243510882,49.25273585326],[-122.76392993471,49.25337755728],[-122.7668954725,49.25332324076],[-122.77410086332,49.25336610114],[-122.7742545999,49.25347225068],[-122.7752923018,49.25381405221],[-122.77727325252,49.25392765225],[-122.77860300586,49.25407225596],[-122.77984451487,49.25428787973],[-122.78073789344,49.25449156668],[-122.78166131434,49.25463464825],[-122.7827090704,49.25470975406],[-122.78749016592,49.25475625957],[-122.78838851149,49.25473963615],[-122.78872310286,49.25462387307],[-122.78903498223,49.25443761067],[-122.79259171288,49.25194353706],[-122.79300986196,49.25213348466],[-122.793250521,49.25198315287],[-122.79370784527,49.25181503603],[-122.79415082934,49.25140289542],[-122.79455571974,49.25128268607],[-122.79518360429,49.25117501438],[-122.79550449636,49.2510639379],[-122.79604461727,49.25067791408],[-122.79638697958,49.25058926919],[-122.79709089124,49.25124759663],[-122.79763145277,49.25222224971],[-122.79782023873,49.25260863404],[-122.79781435044,49.25300062627],[-122.79807659989,49.25361697457],[-122.79819688935,49.25421922301],[-122.79806342132,49.25509517703],[-122.79779412194,49.25568741136],[-122.79734657144,49.25638651625],[-122.79732994802,49.25731202008],[-122.79764178733,49.25815600908],[-122.79759700424,49.25883300281],[-122.79727446986,49.25965456021],[-122.79685944519,49.26005632621],[-122.79613874988,49.26041851645],[-122.79547032822,49.26066594503],[-122.79374069154,49.2606511642],[-122.79250563161,49.26073964886],[-122.79133277932,49.26093564497],[-122.79130530061,49.26104187463],[-122.79129192176,49.26473019066],[-122.79127974461,49.26514048868],[-122.79119818971,49.26532178409],[-122.79094975973,49.2655732183],[-122.79091166606,49.26809180644],[-122.79090806099,49.26942716767],[-122.79024745033,49.26911604938],[-122.78920446099,49.26870939649],[-122.78659758847,49.26758913829],[-122.78460826595,49.26671294393],[-122.78422424495,49.26651434414],[-122.78334592759,49.26618884559],[-122.78248146976,49.26582741641],[-122.78008072764,49.26479748546],[-122.77965701072,49.26460052799]]]]},"properties":{"a": "5.30737", "q": "01010", "t": "CT", "dw": "3024", "hh": "2837", "id": "9330290.02", "pop": "6107", "rgid": "59", "rpid": "59933", "ruid": "5915039", "rguid": "5915"}},{"type":"Feature","geometry":{"type":"MultiPolygon","coordinates":[[[[-122.77410086332,49.25336610114],[-122.77355152943,49.25285714413],[-122.77268558951,49.25167543937],[-122.77251599058,49.25093912206],[-122.77223002772,49.25026429137],[-122.77187472718,49.24958257098],[-122.77189555653,49.24842822476],[-122.77218216029,49.24804115947],[-122.77285354612,49.24732042411],[-122.77354295735,49.24604370549],[-122.77345078751,49.24485118549],[-122.77344810373,49.24242248398],[-122.7737547357,49.24146958155],[-122.77378597972,49.24063304305],[-122.77322563031,49.24000231449],[-122.77352461151,49.23986175648],[-122.77416074769,49.2398152109],[-122.77704781493,49.23933509452],[-122.78461860051,49.23906166933],[-122.7963107522,49.23875900294],[-122.80092725584,49.23861415888],[-122.80400463119,49.23856541021],[-122.8072779626,49.23846454811],[-122.80713500119,49.24007293398],[-122.80685620844,49.24139567743],[-122.80664967748,49.24154032121],[-122.80620601245,49.24205837102],[-122.80465771124,49.24236856802],[-122.80416273392,49.24242701036],[-122.80373801559,49.24254181209],[-122.80255170433,49.24317834883],[-122.80221963652,49.24343847529],[-122.80194236591,49.24373761671],[-122.80192345927,49.24417022617],[-122.80275358874,49.24562531607],[-122.80239504363,49.24616611794],[-122.80196459723,49.24647923906],[-122.79909988147,49.24677705862],[-122.79829711054,49.24723294086],[-122.7981277119,49.24843042786],[-122.79769914814,49.24877491316],[-122.79726493643,49.24882065761],[-122.79642955957,49.24850877824],[-122.79602747312,49.24867929846],[-122.79543988533,49.24874995801],[-122.79531522972,49.2491912597],[-122.79543075247,49.24975064776],[-122.79638697958,49.25058926919],[-122.79604461727,49.25067791408],[-122.79550449636,49.2510639379],[-122.79518360429,49.25117501438],[-122.79455571974,49.25128268607],[-122.79415082934,49.25140289542],[-122.79370784527,49.25181503603],[-122.793250521,49.25198315287],[-122.79300986196,49.25213348466],[-122.79259171288,49.25194353706],[-122.78903498223,49.25443761067],[-122.78872310286,49.25462387307],[-122.78838851149,49.25473963615],[-122.78749016592,49.25475625957],[-122.7827090704,49.25470975406],[-122.78166131434,49.25463464825],[-122.78073789344,49.25449156668],[-122.77984451487,49.25428787973],[-122.77860300586,49.25407225596],[-122.77727325252,49.25392765225],[-122.7752923018,49.25381405221],[-122.7742545999,49.25347225068],[-122.77410086332,49.25336610114]]]]},"properties":{"a": "3.29672", "q": "01010", "t": "CT", "dw": "2223", "hh": "2075", "id": "9330290.03", "pop": "6200", "rgid": "59", "rpid": "59933", "ruid": "5915804", "rguid": "5915"}},{"type":"Feature","geometry":{"type":"MultiPolygon","coordinates":[[[[-122.77322563031,49.24000231449],[-122.77275672973,49.23969163681],[-122.77228218119,49.23923491339],[-122.77185886483,49.23847039635],[-122.77171494208,49.23815515224],[-122.77156172623,49.23738138217],[-122.77134902658,49.23675425869],[-122.77051489147,49.23590121694],[-122.76990262893,49.23539137869],[-122.76927626652,49.23473893955],[-122.7686392491,49.23395247159],[-122.76849780984,49.23392090712],[-122.76574473136,49.23161445784],[-122.76592386372,49.2288125105],[-122.76666374605,49.22810631563],[-122.75154793117,49.21529666964],[-122.75570610914,49.21489562466],[-122.77077950425,49.21344758468],[-122.77923934231,49.21406689716],[-122.77957068911,49.2140911313],[-122.78546811729,49.21518603378],[-122.79563427919,49.21710249365],[-122.80226726362,49.22018087041],[-122.80384616795,49.22063030356],[-122.80474046782,49.22062141104],[-122.80465855242,49.22367282982],[-122.80465538796,49.22570473232],[-122.80559975837,49.226605281],[-122.80625059526,49.22705471415],[-122.80625676395,49.22735994416],[-122.80615193627,49.22810695653],[-122.80587634803,49.22862232257],[-122.80546376679,49.22912174615],[-122.8044370003,49.23016217188],[-122.80271008746,49.23145347104],[-122.80238386789,49.23188503903],[-122.80113615013,49.23363550505],[-122.80043860744,49.23448005483],[-122.80027485675,49.23544080833],[-122.80042775215,49.23610173943],[-122.80119499302,49.23651608315],[-122.80317530285,49.23658966682],[-122.80467209149,49.23672870269],[-122.80526372498,49.23681854926],[-122.8059992011,49.23710779675],[-122.8062122212,49.23732866791],[-122.80650972031,49.23741835426],[-122.80718507173,49.23791489377],[-122.8072779626,49.23846454811],[-122.80400463119,49.23856541021],[-122.80092725584,49.23861415888],[-122.7963107522,49.23875900294],[-122.78461860051,49.23906166933],[-122.77704781493,49.23933509452],[-122.77416074769,49.2398152109],[-122.77352461151,49.23986175648],[-122.77322563031,49.24000231449]]]]},"properties":{"a": "7.76897", "q": "00000", "t": "CT", "dw": "2503", "hh": "2415", "id": "9330290.04", "pop": "7222", "rgid": "59", "rpid": "59933", "ruid": "5915039", "rguid": "5915"}},{"type":"Feature","geometry":{"type":"MultiPolygon","coordinates":[[[[-122.75955372959,49.23489604087],[-122.76592386372,49.2288125105],[-122.76574473136,49.23161445784],[-122.76849780984,49.23392090712],[-122.7686392491,49.23395247159],[-122.76927626652,49.23473893955],[-122.76990262893,49.23539137869],[-122.77051489147,49.23590121694],[-122.77134902658,49.23675425869],[-122.77156172623,49.23738138217],[-122.77171494208,49.23815515224],[-122.77185886483,49.23847039635],[-122.77228218119,49.23923491339],[-122.77275672973,49.23969163681],[-122.77322563031,49.24000231449],[-122.77378597972,49.24063304305],[-122.7737547357,49.24146958155],[-122.77344810373,49.24242248398],[-122.77345078751,49.24485118549],[-122.77354295735,49.24604370549],[-122.77285354612,49.24732042411],[-122.77218216029,49.24804115947],[-122.77189555653,49.24842822476],[-122.77187472718,49.24958257098],[-122.77223002772,49.25026429137],[-122.77251599058,49.25093912206],[-122.77268558951,49.25167543937],[-122.77355152943,49.25285714413],[-122.77410086332,49.25336610114],[-122.7668954725,49.25332324076],[-122.76392993471,49.25337755728],[-122.76243510882,49.25273585326],[-122.76240594774,49.25022611759],[-122.76235491585,49.24940748432],[-122.76241059429,49.24181971481],[-122.76227051695,49.24135177559],[-122.76245141179,49.24074528117],[-122.7611857888,49.2395965829],[-122.75955372959,49.23489604087]]]]},"properties":{"a": "1.8045", "q": "01010", "t": "CT", "dw": "1186", "hh": "1122", "id": "9330290.05", "pop": "3464", "rgid": "59", "rpid": "59933", "ruid": "5915039", "rguid": "5915"}},{"type":"Feature","geometry":{"type":"MultiPolygon","coordinates":[[[[-122.78856492001,49.27844731509],[-122.78231583642,49.27841727276],[-122.77881250099,49.2784769969],[-122.77651145932,49.27849309959],[-122.77407574794,49.27846037348],[-122.7731314977,49.27848208407],[-122.77046950753,49.27842151875],[-122.76893863086,49.27836608065],[-122.76720671097,49.27834609249],[-122.76725533947,49.27677195487],[-122.76714650615,49.2765198397],[-122.76721484242,49.27638865489],[-122.76717971293,49.27530556905],[-122.7671823166,49.27475683601],[-122.76722790082,49.27384835616],[-122.76718788444,49.27356952335],[-122.76719409319,49.27239991562],[-122.76715800235,49.27114967431],[-122.76716869742,49.27007275717],[-122.7671760678,49.26732676867],[-122.76720771238,49.26646331225],[-122.7671452644,49.26511393127],[-122.76729175077,49.26357924924],[-122.77021178446,49.264814189],[-122.77402836118,49.26646018785],[-122.77453287193,49.26669371684],[-122.77537249477,49.26703531808],[-122.77641247988,49.26748895716],[-122.77739971067,49.26675768696],[-122.77801173288,49.26610897306],[-122.77965701072,49.26460052799],[-122.78008072764,49.26479748546],[-122.78248146976,49.26582741641],[-122.78334592759,49.26618884559],[-122.78422424495,49.26651434414],[-122.78460826595,49.26671294393],[-122.78659758847,49.26758913829],[-122.78920446099,49.26870939649],[-122.79024745033,49.26911604938],[-122.79090806099,49.26942716767],[-122.79087593573,49.27003470356],[-122.7908405659,49.27188767399],[-122.7908041546,49.27262126746],[-122.7908928796,49.27367371012],[-122.79080058958,49.27483799034],[-122.79079834642,49.27538672338],[-122.79074915713,49.27725755898],[-122.79070261155,49.27822287891],[-122.78856492001,49.27844731509]]]]},"properties":{"a": "2.32139", "q": "01010", "t": "CT", "dw": "2773", "hh": "2636", "id": "9330291.01", "pop": "6731", "rgid": "59", "rpid": "59933", "ruid": "5915039", "rguid": "5915"}},{"type":"Feature","geometry":{"type":"MultiPolygon","coordinates":[[[[-122.75617096401,49.28579823092],[-122.75620593328,49.28428702196],[-122.75623853921,49.28397558321],[-122.75617533016,49.28211916793],[-122.75617901536,49.28138160887],[-122.75625075642,49.28077002728],[-122.75622127489,49.27838630914],[-122.75627266729,49.27770951569],[-122.75628051835,49.2765889771],[-122.75626653866,49.27477930767],[-122.75627230678,49.27360994028],[-122.75623709718,49.27237748402],[-122.75628408337,49.27120823681],[-122.756292335,49.27019368753],[-122.75628448394,49.26832974164],[-122.7563303085,49.26741236926],[-122.75632425998,49.26672904661],[-122.7562640151,49.26360732879],[-122.75627583175,49.26171822746],[-122.75624362638,49.26054493455],[-122.75618850873,49.26025204193],[-122.75660826007,49.25903676988],[-122.75672438366,49.25858966],[-122.75661775344,49.25832192281],[-122.7560817984,49.2578045139],[-122.75583224684,49.25641507648],[-122.75574736726,49.25553860172],[-122.75566977795,49.25515325886],[-122.75560881207,49.25429517],[-122.7560503541,49.25447666569],[-122.7590124871,49.25575114114],[-122.75949256342,49.25594112879],[-122.76127523482,49.25673632906],[-122.7632503373,49.25754098264],[-122.76586978753,49.25868871955],[-122.76621295098,49.25879735259],[-122.76890105793,49.25999015298],[-122.76983389209,49.26037882053],[-122.7704649411,49.26060489903],[-122.77071172877,49.26074040993],[-122.77200118533,49.26127360108],[-122.77442896554,49.26234883585],[-122.77541675713,49.26275556885],[-122.77645918568,49.26321629792],[-122.77729580429,49.26363172316],[-122.77854456352,49.26408388015],[-122.77965701072,49.26460052799],[-122.77801173288,49.26610897306],[-122.77739971067,49.26675768696],[-122.77641247988,49.26748895716],[-122.77537249477,49.26703531808],[-122.77453287193,49.26669371684],[-122.77402836118,49.26646018785],[-122.77021178446,49.264814189],[-122.76729175077,49.26357924924],[-122.7671452644,49.26511393127],[-122.76720771238,49.26646331225],[-122.7671760678,49.26732676867],[-122.76716869742,49.27007275717],[-122.76715800235,49.27114967431],[-122.76719409319,49.27239991562],[-122.76718788444,49.27356952335],[-122.76722790082,49.27384835616],[-122.7671823166,49.27475683601],[-122.76717971293,49.27530556905],[-122.76721484242,49.27638865489],[-122.76714650615,49.2765198397],[-122.76725533947,49.27677195487],[-122.76720671097,49.27834609249],[-122.76719052817,49.28681474296],[-122.76750749471,49.28791565391],[-122.76739541681,49.28815907684],[-122.76730677193,49.28921236068],[-122.76731438265,49.28943186992],[-122.76305041566,49.28939013112],[-122.761530194,49.28938945016],[-122.76164331336,49.28589056099],[-122.7604750275,49.28582486845],[-122.7598997771,49.28577239452],[-122.75749098363,49.2858189401],[-122.75617096401,49.28579823092]]]]},"properties":{"a": "3.11084", "q": "01010", "t": "CT", "dw": "2824", "hh": "2635", "id": "9330291.02", "pop": "7484", "rgid": "59", "rpid": "59933", "ruid": "5915039", "rguid": "5915"}},{"type":"Feature","geometry":{"type":"MultiPolygon","coordinates":[[[[-122.7340888151,49.28576906984],[-122.73563226949,49.2848535],[-122.73731115467,49.28380598428],[-122.73817136652,49.28331321007],[-122.73858258584,49.28279812443],[-122.73864443297,49.28210783196],[-122.73861266822,49.28029972473],[-122.7387567512,49.27945865985],[-122.73890495999,49.27934910551],[-122.7388287326,49.27844719492],[-122.73904483705,49.27657667977],[-122.73918831918,49.27545265627],[-122.73932030512,49.27387879905],[-122.73955086994,49.27235112689],[-122.73964604402,49.27204445486],[-122.73996641535,49.27127160608],[-122.74149208468,49.27132003431],[-122.74271564842,49.27129572005],[-122.74484645025,49.27127344868],[-122.7477058385,49.27127080495],[-122.75042759286,49.27127669325],[-122.75191805259,49.27126103119],[-122.75453794345,49.27125850763],[-122.75628408337,49.27120823681],[-122.75623709718,49.27237748402],[-122.75627230678,49.27360994028],[-122.75626653866,49.27477930767],[-122.75628051835,49.2765889771],[-122.75627266729,49.27770951569],[-122.75622127489,49.27838630914],[-122.75625075642,49.28077002728],[-122.75617901536,49.28138160887],[-122.75617533016,49.28211916793],[-122.75623853921,49.28397558321],[-122.75620593328,49.28428702196],[-122.75617096401,49.28579823092],[-122.75049168315,49.28583996972],[-122.74605463231,49.28581817902],[-122.74484040173,49.28577375644],[-122.74418355638,49.28579498635],[-122.74019077142,49.28580455984],[-122.73803164969,49.28577836293],[-122.73730246242,49.28578897788],[-122.73656249998,49.28576410284],[-122.7340888151,49.28576906984]]]]},"properties":{"a": "2.08358", "q": "00000", "t": "CT", "dw": "1838", "hh": "1780", "id": "9330292.01", "pop": "5511", "rgid": "59", "rpid": "59933", "ruid": "5915039", "rguid": "5915"}},{"type":"Feature","geometry":{"type":"MultiPolygon","coordinates":[[[[-122.73996641535,49.27127160608],[-122.73769549612,49.271270124],[-122.73770242588,49.26907374978],[-122.7377504936,49.26822339182],[-122.73768243772,49.26801974492],[-122.73711059212,49.26749180117],[-122.73711203415,49.26738120536],[-122.73982681869,49.26740812328],[-122.74047168717,49.26732993313],[-122.74088875472,49.26703507774],[-122.74101937874,49.26681036117],[-122.74105679145,49.26651450437],[-122.74081897642,49.26367234038],[-122.74089039704,49.2627147914],[-122.74103159596,49.26194346477],[-122.74145923841,49.26142797857],[-122.74208335766,49.26117810655],[-122.74165735752,49.26076596593],[-122.74131295233,49.26056764655],[-122.74088026276,49.26046033537],[-122.74064260796,49.26045176329],[-122.73877169225,49.26047836076],[-122.73871176782,49.25839394427],[-122.73411553274,49.25840916572],[-122.73379375943,49.25030350662],[-122.73272709673,49.25017071955],[-122.73121424546,49.2495540508],[-122.7305635688,49.24931791814],[-122.72837917146,49.24845221856],[-122.7292751537,49.24771954638],[-122.73046847483,49.24689798899],[-122.73267330095,49.24555437613],[-122.7333357542,49.24524886573],[-122.73674279397,49.24671637313],[-122.73918319196,49.24772034751],[-122.74058160201,49.24832620103],[-122.74290014834,49.2493641032],[-122.74313840399,49.24912692908],[-122.74538204479,49.25000993304],[-122.74584846187,49.25017292265],[-122.74912527818,49.25159236233],[-122.75034595786,49.25204471961],[-122.75086693179,49.25229771602],[-122.75145664257,49.25252387463],[-122.75437723705,49.25378949762],[-122.75560881207,49.25429517],[-122.75566977795,49.25515325886],[-122.75574736726,49.25553860172],[-122.75583224684,49.25641507648],[-122.7560817984,49.2578045139],[-122.75661775344,49.25832192281],[-122.75672438366,49.25858966],[-122.75660826007,49.25903676988],[-122.75618850873,49.26025204193],[-122.75624362638,49.26054493455],[-122.75627583175,49.26171822746],[-122.7562640151,49.26360732879],[-122.75632425998,49.26672904661],[-122.7563303085,49.26741236926],[-122.75628448394,49.26832974164],[-122.756292335,49.27019368753],[-122.75628408337,49.27120823681],[-122.75453794345,49.27125850763],[-122.75191805259,49.27126103119],[-122.75042759286,49.27127669325],[-122.7477058385,49.27127080495],[-122.74484645025,49.27127344868],[-122.74271564842,49.27129572005],[-122.74149208468,49.27132003431],[-122.73996641535,49.27127160608]]]]},"properties":{"a": "3.37023", "q": "00001", "t": "CT", "dw": "2027", "hh": "1968", "id": "9330292.03", "pop": "6240", "rgid": "59", "rpid": "59933", "ruid": "5915039", "rguid": "5915"}},{"type":"Feature","geometry":{"type":"MultiPolygon","coordinates":[[[[-122.69884103869,49.27862260203],[-122.7112991895,49.26740688153],[-122.71746820028,49.25832376541],[-122.7188589195,49.25672795726],[-122.72460036795,49.25120497659],[-122.72595030972,49.25008279568],[-122.72826204645,49.24841352405],[-122.72837917146,49.24845221856],[-122.7305635688,49.24931791814],[-122.73121424546,49.2495540508],[-122.73272709673,49.25017071955],[-122.73379375943,49.25030350662],[-122.73411553274,49.25840916572],[-122.73871176782,49.25839394427],[-122.73877169225,49.26047836076],[-122.74064260796,49.26045176329],[-122.74088026276,49.26046033537],[-122.74131295233,49.26056764655],[-122.74165735752,49.26076596593],[-122.74208335766,49.26117810655],[-122.74145923841,49.26142797857],[-122.74103159596,49.26194346477],[-122.74089039704,49.2627147914],[-122.74081897642,49.26367234038],[-122.74105679145,49.26651450437],[-122.74101937874,49.26681036117],[-122.74088875472,49.26703507774],[-122.74047168717,49.26732993313],[-122.73982681869,49.26740812328],[-122.73711203415,49.26738120536],[-122.73711059212,49.26749180117],[-122.73768243772,49.26801974492],[-122.7377504936,49.26822339182],[-122.73770242588,49.26907374978],[-122.73769549612,49.271270124],[-122.73996641535,49.27127160608],[-122.73964604402,49.27204445486],[-122.73955086994,49.27235112689],[-122.73932030512,49.27387879905],[-122.73918831918,49.27545265627],[-122.73904483705,49.27657667977],[-122.7388287326,49.27844719492],[-122.73890495999,49.27934910551],[-122.7387567512,49.27945865985],[-122.73861266822,49.28029972473],[-122.73864443297,49.28210783196],[-122.73858258584,49.28279812443],[-122.73817136652,49.28331321007],[-122.73731115467,49.28380598428],[-122.73563226949,49.2848535],[-122.7340888151,49.28576906984],[-122.73390848105,49.28401848365],[-122.73410696066,49.28212445537],[-122.7341165742,49.28032548101],[-122.73391669261,49.27846117461],[-122.7330044074,49.27844711481],[-122.72930050942,49.27851525079],[-122.71369067858,49.27864319103],[-122.71014864864,49.27856676336],[-122.69884103869,49.27862260203]]]]},"properties":{"a": "6.04478", "q": "00011", "t": "CT", "dw": "1296", "hh": "1246", "id": "9330292.04", "pop": "3733", "rgid": "59", "rpid": "59933", "ruid": "5915039", "rguid": "5915"}},{"type":"Feature","geometry":{"type":"MultiPolygon","coordinates":[[[[-122.4589927449,49.22001087092],[-122.45806547859,49.22001507684],[-122.45731710429,49.21998807881],[-122.44673760009,49.21986118004],[-122.43405837783,49.21979913263],[-122.43128230696,49.2197998937],[-122.42795938569,49.21986326297],[-122.42677267387,49.22004271578],[-122.42464403508,49.22033685015],[-122.42459680855,49.21983906889],[-122.42428076331,49.21282590888],[-122.42398618832,49.20617097353],[-122.42408921346,49.2030669206],[-122.42406245577,49.19832247672],[-122.42399708367,49.19104818884],[-122.42494950543,49.18035384284],[-122.4251221887,49.18021676973],[-122.4251517904,49.18002806389],[-122.42507744566,49.17934398017],[-122.42510732776,49.17912823623],[-122.42505861914,49.17859728824],[-122.42496388568,49.17847984278],[-122.42472855415,49.17748015444],[-122.42470243736,49.17710694868],[-122.42445488862,49.17622843104],[-122.42414308936,49.17590313276],[-122.4243610364,49.17486070421],[-122.42403589835,49.17449931509],[-122.42419103691,49.17414016913],[-122.4242532846,49.17350186991],[-122.4241345974,49.17308748613],[-122.42437221215,49.17271087557],[-122.42463490222,49.17253226395],[-122.42505701689,49.17234848504],[-122.42547043931,49.16796819417],[-122.42864126631,49.16868933009],[-122.43153814738,49.16949085927],[-122.43330391496,49.16986126109],[-122.43553269482,49.17037061866],[-122.43726974194,49.17079213248],[-122.43916849687,49.17101332409],[-122.44165231603,49.1711613326],[-122.44360474658,49.17137251011],[-122.44543456439,49.17147056825],[-122.44760986892,49.17152308223],[-122.45029368984,49.17172648879],[-122.4526395947,49.17178569219],[-122.45520865395,49.17167725943],[-122.46251731025,49.17118680849],[-122.46582889554,49.17101516669],[-122.47240772367,49.17016044257],[-122.47982685561,49.16968597415],[-122.48228716164,49.16930860251],[-122.48480270549,49.16885788755],[-122.48759119386,49.16837408598],[-122.49201025936,49.16780524461],[-122.49319857343,49.16767622285],[-122.49437515098,49.16778197182],[-122.51467983583,49.16724353328],[-122.52031337226,49.16747177482],[-122.53264490469,49.16862375772],[-122.53489054831,49.16893111071],[-122.53659502955,49.16928901492],[-122.53843309899,49.16994497903],[-122.53971270167,49.17069074966],[-122.54302032138,49.17271003439],[-122.54082939484,49.17620940423],[-122.54092388796,49.17624277124],[-122.54045134225,49.17677452036],[-122.5395064511,49.17841154657],[-122.53918591955,49.17916116262],[-122.5348045071,49.18412791969],[-122.53469146785,49.18435331723],[-122.5386776435,49.18431590452],[-122.539097515,49.18444268312],[-122.53935916361,49.18480667591],[-122.54054899983,49.18733920369],[-122.54112288831,49.18781527437],[-122.54077924419,49.18892651987],[-122.54034799666,49.19022775302],[-122.53966122915,49.19152453991],[-122.53890524414,49.19263690699],[-122.53793215326,49.19392143661],[-122.53649088283,49.19513682883],[-122.53600836306,49.19541698351],[-122.53517330665,49.19562908231],[-122.53474065714,49.19588115743],[-122.53450071912,49.19628833105],[-122.53440442346,49.19885378521],[-122.53446747229,49.20237911163],[-122.53463667065,49.20616420399],[-122.53458059165,49.20693605136],[-122.53352089877,49.20689046714],[-122.53457274059,49.20773489676],[-122.53382833188,49.20758484537],[-122.53325236046,49.20751054069],[-122.53259319184,49.2075168696],[-122.53211219422,49.20757787555],[-122.53149224084,49.20780026885],[-122.53011205646,49.20856831086],[-122.52950407995,49.20897059759],[-122.52823541268,49.20955914673],[-122.52783613018,49.20968344183],[-122.52660924176,49.21020012973],[-122.52596209006,49.21039532472],[-122.52557750827,49.21040277521],[-122.52530212031,49.21049154026],[-122.52491934106,49.21031917744],[-122.52456291894,49.21024567389],[-122.52404030268,49.21035142287],[-122.52373595392,49.21057509798],[-122.52296010092,49.21130953264],[-122.52243704404,49.21144223959],[-122.5215715848,49.21148365794],[-122.51981082427,49.21183623464],[-122.51926165061,49.21183391137],[-122.51882335314,49.211715104],[-122.5184664904,49.21170468933],[-122.51791607499,49.21182830347],[-122.51695395958,49.21194122255],[-122.51634954809,49.21195668433],[-122.51547147108,49.21189904313],[-122.51519740498,49.21183495284],[-122.51426753499,49.21145321505],[-122.5139788483,49.21148794398],[-122.51319402265,49.21170052346],[-122.5123668173,49.21205686547],[-122.51188642052,49.21203683725],[-122.51122997574,49.21177314577],[-122.51084859846,49.21146579277],[-122.51065672816,49.21142898091],[-122.51032574187,49.21157154175],[-122.50914131327,49.21193525414],[-122.5080552232,49.21207461046],[-122.50747909156,49.21202718365],[-122.50708209228,49.21190857656],[-122.50615314359,49.21143679192],[-122.50544674843,49.21066915048],[-122.50502483405,49.21029850833],[-122.50454547874,49.21017958078],[-122.50418793504,49.21023193454],[-122.50366483811,49.21037365419],[-122.5035267636,49.21045404745],[-122.50218122803,49.21044823926],[-122.50183894583,49.21034777773],[-122.50134705286,49.2101118053],[-122.50000047583,49.20881037187],[-122.49959133944,49.20858397292],[-122.49923559828,49.20846544594],[-122.49897995814,49.20795168216],[-122.49897350906,49.20723202833],[-122.49837170124,49.2070045078],[-122.49749915201,49.20640706613],[-122.49658185975,49.20615118565],[-122.49548887997,49.20562472399],[-122.4949705097,49.20529854447],[-122.49479450175,49.2050638939],[-122.49479774632,49.20474913047],[-122.49452464157,49.2046039259],[-122.49415399942,49.2046023637],[-122.49332755514,49.20486857874],[-122.49233896243,49.20488223798],[-122.49198033721,49.20504262393],[-122.49117340041,49.20609150157],[-122.49073013595,49.20646735106],[-122.49012207933,49.20686046487],[-122.48998288323,49.20704877015],[-122.49002049622,49.2073907319],[-122.48968886903,49.20759618134],[-122.48854649968,49.20787893968],[-122.48839448553,49.20797723816],[-122.48828104571,49.20831851895],[-122.48801507101,49.20881209429],[-122.487419512,49.20932221294],[-122.48554006427,49.21049226128],[-122.48374088963,49.21186952154],[-122.48329842629,49.21216441698],[-122.48216627133,49.21277099151],[-122.4812930812,49.21354968853],[-122.47977065644,49.21469426098],[-122.47925945627,49.21498879591],[-122.47796455203,49.21537870521],[-122.47734640119,49.2154028993],[-122.47560550865,49.215125148],[-122.4751660095,49.21513215788],[-122.47464355347,49.2151927232],[-122.47447924199,49.21515607157],[-122.47400333154,49.2147130875],[-122.47378470354,49.21461314671],[-122.47329056741,49.21459287815],[-122.47315281334,49.21463722062],[-122.47194475145,49.21461366744],[-122.4713810373,49.21467411259],[-122.47012895339,49.21492029942],[-122.46940921944,49.21544768238],[-122.46923028736,49.21549182457],[-122.46818697757,49.21546903246],[-122.4671992661,49.21537453934],[-122.46703383304,49.21544571962],[-122.46682501886,49.21570568586],[-122.46615980172,49.21626923978],[-122.46575859651,49.21654627005],[-122.46531817605,49.21664316656],[-122.4651537444,49.21661544751],[-122.46423753366,49.21625133456],[-122.46394884697,49.21628598337],[-122.46360307986,49.21651827061],[-122.46327173306,49.2166786165],[-122.46240403066,49.21691751305],[-122.46224973329,49.21722262289],[-122.46190352556,49.21749092086],[-122.46152731556,49.21799286799],[-122.46130360039,49.21836054597],[-122.46051625119,49.21878878927],[-122.46016848126,49.21919187714],[-122.4589927449,49.22001087092]]]]},"properties":{"a": "41.11068", "q": "01010", "t": "CT", "dw": "1384", "hh": "1280", "id": "9330400.02", "pop": "3496", "rgid": "59", "rpid": "59933", "ruid": "5915075", "rguid": "5915"}},{"type":"Feature","geometry":{"type":"MultiPolygon","coordinates":[[[[-122.55696981316,49.2205212299],[-122.55689130256,49.2170128073],[-122.55678491268,49.21309921391],[-122.55654725787,49.20599688828],[-122.55672006132,49.20238572094],[-122.55674153156,49.19997504482],[-122.55674197218,49.19840567392],[-122.55676628644,49.19566637485],[-122.55681006812,49.18770559986],[-122.55686005854,49.18363995225],[-122.55685753499,49.18224346491],[-122.55660217524,49.18167510421],[-122.55639720649,49.17906138205],[-122.56275844808,49.18063431797],[-122.56672034954,49.18148087058],[-122.57142537789,49.18286097484],[-122.57311587944,49.18344752116],[-122.57434537152,49.18405309428],[-122.57636649885,49.18512937051],[-122.57768531678,49.18592176683],[-122.57856491594,49.18656955943],[-122.58065217643,49.18830949061],[-122.5827215317,49.18974827754],[-122.58391032645,49.19101173748],[-122.58533441268,49.19293272373],[-122.58759944361,49.19677874193],[-122.58863269924,49.19830645414],[-122.58936597226,49.1995569358],[-122.58545097689,49.20014336194],[-122.58538752751,49.20025235549],[-122.58515451925,49.20021554363],[-122.58481315835,49.19998946514],[-122.58450027756,49.19965547462],[-122.58400974651,49.19922190381],[-122.58324490903,49.19876037362],[-122.58240965233,49.19851446719],[-122.58088742785,49.19834707136],[-122.58036553261,49.19838111933],[-122.58004844591,49.1985509586],[-122.57984019252,49.19882903034],[-122.57985024669,49.19926083866],[-122.57999989751,49.19941433491],[-122.58043719357,49.19964982666],[-122.58077947577,49.19975000779],[-122.58200015544,49.19988031136],[-122.5824521522,49.19998085301],[-122.58298566381,49.20021674533],[-122.58318955104,49.20044230309],[-122.58318598602,49.20087411141],[-122.58306076961,49.20107158961],[-122.58275690153,49.20129538489],[-122.58245387463,49.20142020073],[-122.58158717364,49.20164191308],[-122.58166848819,49.20176813089],[-122.58239583286,49.20178880001],[-122.58251840554,49.20190612529],[-122.58240736912,49.20204964748],[-122.58210442233,49.20215651804],[-122.58075980806,49.20272567987],[-122.58120303247,49.20324172686],[-122.58165595053,49.20348338731],[-122.58065169575,49.20348531002],[-122.57959240344,49.20373954818],[-122.57945805418,49.20391575642],[-122.57937249364,49.20440324319],[-122.57948016532,49.20526405588],[-122.57927091053,49.20605921609],[-122.57935775287,49.20691914754],[-122.57926398077,49.21335437337],[-122.57922492575,49.21510536013],[-122.57917161064,49.21938090343],[-122.57914725633,49.22063114475],[-122.57663095141,49.22059946011],[-122.57531609907,49.22059917972],[-122.56503060906,49.22056084571],[-122.5636255897,49.22058708268],[-122.56083037185,49.22058355771],[-122.55916915155,49.22052787927],[-122.55696981316,49.2205212299]]]]},"properties":{"a": "7.65921", "q": "00001", "t": "CT", "dw": "2893", "hh": "2823", "id": "9330400.03", "pop": "8932", "rgid": "59", "rpid": "59933", "ruid": "5915075", "rguid": "5915"}},{"type":"Feature","geometry":{"type":"MultiPolygon","coordinates":[[[[-122.4589927449,49.22001087092],[-122.46016848126,49.21919187714],[-122.46051625119,49.21878878927],[-122.46130360039,49.21836054597],[-122.46152731556,49.21799286799],[-122.46190352556,49.21749092086],[-122.46224973329,49.21722262289],[-122.46240403066,49.21691751305],[-122.46327173306,49.2166786165],[-122.46360307986,49.21651827061],[-122.46394884697,49.21628598337],[-122.46423753366,49.21625133456],[-122.4651537444,49.21661544751],[-122.46531817605,49.21664316656],[-122.46575859651,49.21654627005],[-122.46615980172,49.21626923978],[-122.46682501886,49.21570568586],[-122.46703383304,49.21544571962],[-122.4671992661,49.21537453934],[-122.46818697757,49.21546903246],[-122.46923028736,49.21549182457],[-122.46940921944,49.21544768238],[-122.47012895339,49.21492029942],[-122.4713810373,49.21467411259],[-122.47194475145,49.21461366744],[-122.47315281334,49.21463722062],[-122.47329056741,49.21459287815],[-122.47378470354,49.21461314671],[-122.47400333154,49.2147130875],[-122.47447924199,49.21515607157],[-122.47464355347,49.2151927232],[-122.4751660095,49.21513215788],[-122.47560550865,49.215125148],[-122.47734640119,49.2154028993],[-122.47796455203,49.21537870521],[-122.47925945627,49.21498879591],[-122.47977065644,49.21469426098],[-122.4812930812,49.21354968853],[-122.48216627133,49.21277099151],[-122.48329842629,49.21216441698],[-122.48374088963,49.21186952154],[-122.48554006427,49.21049226128],[-122.487419512,49.20932221294],[-122.48801507101,49.20881209429],[-122.48828104571,49.20831851895],[-122.48839448553,49.20797723816],[-122.48854649968,49.20787893968],[-122.48968886903,49.20759618134],[-122.49002049622,49.2073907319],[-122.48998288323,49.20704877015],[-122.49012207933,49.20686046487],[-122.49073013595,49.20646735106],[-122.49117340041,49.20609150157],[-122.49198033721,49.20504262393],[-122.49233896243,49.20488223798],[-122.49332755514,49.20486857874],[-122.49415399942,49.2046023637],[-122.49452464157,49.2046039259],[-122.49479774632,49.20474913047],[-122.49479450175,49.2050638939],[-122.4949705097,49.20529854447],[-122.49548887997,49.20562472399],[-122.49658185975,49.20615118565],[-122.49749915201,49.20640706613],[-122.49837170124,49.2070045078],[-122.49897350906,49.20723202833],[-122.49897995814,49.20795168216],[-122.49923559828,49.20846544594],[-122.49959133944,49.20858397292],[-122.50000047583,49.20881037187],[-122.50134705286,49.2101118053],[-122.50183894583,49.21034777773],[-122.50218122803,49.21044823926],[-122.5035267636,49.21045404745],[-122.50366483811,49.21037365419],[-122.50418793504,49.21023193454],[-122.50454547874,49.21017958078],[-122.50502483405,49.21029850833],[-122.50544674843,49.21066915048],[-122.50615314359,49.21143679192],[-122.50708209228,49.21190857656],[-122.50747909156,49.21202718365],[-122.5080552232,49.21207461046],[-122.50914131327,49.21193525414],[-122.51032574187,49.21157154175],[-122.51065672816,49.21142898091],[-122.51084859846,49.21146579277],[-122.51122997574,49.21177314577],[-122.51188642052,49.21203683725],[-122.5123668173,49.21205686547],[-122.51319402265,49.21170052346],[-122.5139788483,49.21148794398],[-122.51426753499,49.21145321505],[-122.51519740498,49.21183495284],[-122.51547147108,49.21189904313],[-122.51634954809,49.21195668433],[-122.51695395958,49.21194122255],[-122.51791607499,49.21182830347],[-122.5184664904,49.21170468933],[-122.51882335314,49.211715104],[-122.51926165061,49.21183391137],[-122.51981082427,49.21183623464],[-122.5215715848,49.21148365794],[-122.52243704404,49.21144223959],[-122.52296010092,49.21130953264],[-122.52373595392,49.21057509798],[-122.52404030268,49.21035142287],[-122.52456291894,49.21024567389],[-122.52491934106,49.21031917744],[-122.52530212031,49.21049154026],[-122.52557750827,49.21040277521],[-122.52596209006,49.21039532472],[-122.52660924176,49.21020012973],[-122.52783613018,49.20968344183],[-122.52823541268,49.20955914673],[-122.52950407995,49.20897059759],[-122.53011205646,49.20856831086],[-122.53149224084,49.20780026885],[-122.53211219422,49.20757787555],[-122.53259319184,49.2075168696],[-122.53325236046,49.20751054069],[-122.53382833188,49.20758484537],[-122.53457274059,49.20773489676],[-122.53352089877,49.20689046714],[-122.53458059165,49.20693605136],[-122.53463667065,49.20616420399],[-122.53446747229,49.20237911163],[-122.53440442346,49.19885378521],[-122.53450071912,49.19628833105],[-122.53474065714,49.19588115743],[-122.53517330665,49.19562908231],[-122.53600836306,49.19541698351],[-122.53649088283,49.19513682883],[-122.53793215326,49.19392143661],[-122.53890524414,49.19263690699],[-122.53966122915,49.19152453991],[-122.54034799666,49.19022775302],[-122.54077924419,49.18892651987],[-122.54112288831,49.18781527437],[-122.54054899983,49.18733920369],[-122.53935916361,49.18480667591],[-122.539097515,49.18444268312],[-122.5386776435,49.18431590452],[-122.53469146785,49.18435331723],[-122.5348045071,49.18412791969],[-122.53918591955,49.17916116262],[-122.5395064511,49.17841154657],[-122.54045134225,49.17677452036],[-122.54092388796,49.17624277124],[-122.54082939484,49.17620940423],[-122.54302032138,49.17271003439],[-122.54754068959,49.17546932162],[-122.54964717717,49.17677347889],[-122.55099391443,49.17736194792],[-122.55639720649,49.17906138205],[-122.55660217524,49.18167510421],[-122.55685753499,49.18224346491],[-122.55686005854,49.18363995225],[-122.55681006812,49.18770559986],[-122.55676628644,49.19566637485],[-122.55674197218,49.19840567392],[-122.55674153156,49.19997504482],[-122.55672006132,49.20238572094],[-122.55654725787,49.20599688828],[-122.55678491268,49.21309921391],[-122.55689130256,49.2170128073],[-122.55696981316,49.2205212299],[-122.54959554443,49.22050176248],[-122.54566809151,49.22048634075],[-122.54025766941,49.22045601803],[-122.53475083148,49.22046090492],[-122.52337837017,49.22064836901],[-122.51226731712,49.22076393182],[-122.50818941225,49.22070168412],[-122.50069044785,49.22049483272],[-122.4986349521,49.22034578274],[-122.49069132126,49.22018287323],[-122.48226817489,49.22009358745],[-122.47032122425,49.22005745655],[-122.46697022343,49.22006903286],[-122.46201328018,49.22002805513],[-122.4589927449,49.22001087092]]]]},"properties":{"a": "12.71177", "q": "00011", "t": "CT", "dw": "1679", "hh": "1602", "id": "9330400.04", "pop": "5054", "rgid": "59", "rpid": "59933", "ruid": "5915075", "rguid": "5915"}},{"type":"Feature","geometry":{"type":"MultiPolygon","coordinates":[[[[-122.60688641474,49.22075588047],[-122.60687748215,49.21905380262],[-122.60690091516,49.21892089538],[-122.60691477469,49.21718484967],[-122.60686390302,49.216274367],[-122.60389636241,49.21342347071],[-122.60276340632,49.21241052369],[-122.6027981753,49.21212500145],[-122.60364725146,49.20922816044],[-122.60403860279,49.20939868066],[-122.60559263208,49.21014937823],[-122.60734982758,49.21012898951],[-122.60965243145,49.21052250389],[-122.61171770096,49.2107938862],[-122.61397936715,49.21093644704],[-122.61731999337,49.21075587265],[-122.61880945169,49.21065004356],[-122.62209387873,49.21018807275],[-122.62256522275,49.21231326668],[-122.62267077144,49.21268378866],[-122.62296222203,49.21422495984],[-122.62286119971,49.2182623276],[-122.62278893791,49.22076397187],[-122.61847670292,49.22076777723],[-122.61535951148,49.22075740262],[-122.61273052781,49.22075660149],[-122.61014091962,49.22076693605],[-122.60688641474,49.22075588047]]]]},"properties":{"a": "1.44877", "q": "01010", "t": "CT", "dw": "1161", "hh": "1090", "id": "9330401.01", "pop": "2481", "rgid": "59", "rpid": "59933", "ruid": "5915075", "rguid": "5915"}},{"type":"Feature","geometry":{"type":"MultiPolygon","coordinates":[[[[-122.57914725633,49.22063114475],[-122.57917161064,49.21938090343],[-122.57922492575,49.21510536013],[-122.57926398077,49.21335437337],[-122.57935775287,49.20691914754],[-122.57927091053,49.20605921609],[-122.57948016532,49.20526405588],[-122.57937249364,49.20440324319],[-122.57945805418,49.20391575642],[-122.57959240344,49.20373954818],[-122.58065169575,49.20348531002],[-122.58165595053,49.20348338731],[-122.58120303247,49.20324172686],[-122.58075980806,49.20272567987],[-122.58210442233,49.20215651804],[-122.58240736912,49.20204964748],[-122.58251840554,49.20190612529],[-122.58239583286,49.20178880001],[-122.58166848819,49.20176813089],[-122.58158717364,49.20164191308],[-122.58245387463,49.20142020073],[-122.58275690153,49.20129538489],[-122.58306076961,49.20107158961],[-122.58318598602,49.20087411141],[-122.58318955104,49.20044230309],[-122.58298566381,49.20021674533],[-122.5824521522,49.19998085301],[-122.58200015544,49.19988031136],[-122.58077947577,49.19975000779],[-122.58043719357,49.19964982666],[-122.57999989751,49.19941433491],[-122.57985024669,49.19926083866],[-122.57984019252,49.19882903034],[-122.58004844591,49.1985509586],[-122.58036553261,49.19838111933],[-122.58088742785,49.19834707136],[-122.58240965233,49.19851446719],[-122.58324490903,49.19876037362],[-122.58400974651,49.19922190381],[-122.58450027756,49.19965547462],[-122.58481315835,49.19998946514],[-122.58515451925,49.20021554363],[-122.58538752751,49.20025235549],[-122.58545097689,49.20014336194],[-122.58936597226,49.1995569358],[-122.59010417223,49.20035077414],[-122.59081501365,49.20122232196],[-122.59326666749,49.20320211105],[-122.59607951017,49.20515966882],[-122.59735642907,49.20622601107],[-122.59833901332,49.20689707645],[-122.59944925741,49.20743307155],[-122.6012752298,49.20819450424],[-122.60364725146,49.20922816044],[-122.6027981753,49.21212500145],[-122.60276340632,49.21241052369],[-122.60389636241,49.21342347071],[-122.60686390302,49.216274367],[-122.60691477469,49.21718484967],[-122.60690091516,49.21892089538],[-122.60687748215,49.21905380262],[-122.60688641474,49.22075588047],[-122.60566433309,49.22098147829],[-122.6044342001,49.22074670755],[-122.60387244872,49.22072067087],[-122.60157176756,49.22075564014],[-122.59880891531,49.22074342293],[-122.59013293274,49.22068866578],[-122.5882141496,49.22068930669],[-122.58483234538,49.22066078651],[-122.58128939413,49.22064796845],[-122.57914725633,49.22063114475]]]]},"properties":{"a": "3.59647", "q": "02010", "t": "CT", "dw": "3527", "hh": "3346", "id": "9330401.02", "pop": "7172", "rgid": "59", "rpid": "59933", "ruid": "5915075", "rguid": "5915"}},{"type":"Feature","geometry":{"type":"MultiPolygon","coordinates":[[[[-122.57939572637,49.23507965955],[-122.57922180135,49.23106187937],[-122.57917585662,49.2296109954],[-122.57903073217,49.22788993079],[-122.57908572965,49.22407359441],[-122.57913491895,49.22277965153],[-122.57912226112,49.22195340753],[-122.57914725633,49.22063114475],[-122.58128939413,49.22064796845],[-122.58483234538,49.22066078651],[-122.5882141496,49.22068930669],[-122.59013293274,49.22068866578],[-122.59880891531,49.22074342293],[-122.60157176756,49.22075564014],[-122.60387244872,49.22072067087],[-122.6044342001,49.22074670755],[-122.60566433309,49.22098147829],[-122.60688641474,49.22075588047],[-122.60689254337,49.22171843651],[-122.60687087284,49.22444391611],[-122.60372608252,49.22440610284],[-122.60122664135,49.22439753076],[-122.60120513105,49.22562770381],[-122.60121790905,49.22800665523],[-122.60114989323,49.22891397344],[-122.60107943397,49.2311903804],[-122.60108900746,49.23296059425],[-122.60107418658,49.23468237987],[-122.59889215257,49.23454518659],[-122.59799933479,49.23455103483],[-122.5972432296,49.23460238717],[-122.59652774163,49.23475283913],[-122.59618225492,49.23500347222],[-122.59609781596,49.23525510671],[-122.59628604113,49.23576846993],[-122.59622944139,49.23596614842],[-122.59606368788,49.23608247229],[-122.59562338759,49.23617091689],[-122.59484004403,49.23619515103],[-122.59393464853,49.23605703646],[-122.59294553509,49.2360535916],[-122.59234012219,49.23618633862],[-122.59155481587,49.23645347495],[-122.59080948586,49.2368735868],[-122.59016141287,49.23717713443],[-122.5895558798,49.2373009088],[-122.58693014071,49.23752538504],[-122.5860639204,49.23763029283],[-122.58574667346,49.23779103929],[-122.58509956183,49.2379596368],[-122.58469955831,49.2381471009],[-122.58464131626,49.23853364546],[-122.584680171,49.23882165119],[-122.58456685135,49.23922606092],[-122.5844294578,49.23923459294],[-122.58398799587,49.23944881473],[-122.58341026197,49.2395367386],[-122.58298534336,49.23941829173],[-122.58119962767,49.23939381725],[-122.57964395607,49.23932716335],[-122.5795974105,49.23878527996],[-122.57952723163,49.2373547847],[-122.57944751933,49.2361753231],[-122.57939572637,49.23507965955]]]]},"properties":{"a": "3.06122", "q": "01010", "t": "CT", "dw": "3279", "hh": "3118", "id": "9330402.01", "pop": "7930", "rgid": "59", "rpid": "59933", "ruid": "5915075", "rguid": "5915"}},{"type":"Feature","geometry":{"type":"MultiPolygon","coordinates":[[[[-122.60107418658,49.23468237987],[-122.60108900746,49.23296059425],[-122.60107943397,49.2311903804],[-122.60114989323,49.22891397344],[-122.60121790905,49.22800665523],[-122.60120513105,49.22562770381],[-122.60122664135,49.22439753076],[-122.60372608252,49.22440610284],[-122.60687087284,49.22444391611],[-122.60689254337,49.22171843651],[-122.60688641474,49.22075588047],[-122.61014091962,49.22076693605],[-122.61273052781,49.22075660149],[-122.61535951148,49.22075740262],[-122.61847670292,49.22076777723],[-122.62278893791,49.22076397187],[-122.62275845497,49.2221734375],[-122.62275693282,49.22317296562],[-122.62270974635,49.22393904486],[-122.62265747271,49.22540499005],[-122.62263568201,49.22676362407],[-122.6225695889,49.22972247244],[-122.62256362049,49.23051406763],[-122.62252997309,49.23131455534],[-122.62243055303,49.2353531248],[-122.62236734398,49.24132670026],[-122.62136605338,49.24163733788],[-122.62087047522,49.24175258023],[-122.62058214903,49.24172474101],[-122.61892545511,49.2409996395],[-122.61856859237,49.24094452185],[-122.61689118927,49.24111884744],[-122.61642300971,49.241261208],[-122.61620330019,49.24125147428],[-122.61558751268,49.24094364061],[-122.61516271423,49.24078922307],[-122.614887847,49.24080636723],[-122.61418341461,49.24128071548],[-122.6137560125,49.24147719227],[-122.6132891548,49.24145768479],[-122.61259057064,49.24119443393],[-122.61178379407,49.24070602587],[-122.61029641869,49.23942361924],[-122.6093400714,49.23873681167],[-122.6084238206,49.2382299376],[-122.60798636433,49.2379496227],[-122.60764600483,49.23755266347],[-122.60707275725,49.23708292171],[-122.60663498052,49.23685652276],[-122.60548504051,49.23635790031],[-122.60377507153,49.23546155756],[-122.60219973223,49.23491642959],[-122.60178827257,49.23483399346],[-122.60107106218,49.23478828907],[-122.60107418658,49.23468237987]]]]},"properties":{"a": "3.02506", "q": "01010", "t": "CT", "dw": "1817", "hh": "1734", "id": "9330402.02", "pop": "5006", "rgid": "59", "rpid": "59933", "ruid": "5915075", "rguid": "5915"}},{"type":"Feature","geometry":{"type":"MultiPolygon","coordinates":[[[[-122.63928237356,49.2206996813],[-122.62792509363,49.22074458456],[-122.62508737591,49.22074786919],[-122.62375005191,49.22077610897],[-122.62278893791,49.22076397187],[-122.62286119971,49.2182623276],[-122.62296222203,49.21422495984],[-122.62267077144,49.21268378866],[-122.62256522275,49.21231326668],[-122.62209387873,49.21018807275],[-122.62378345898,49.2097869877],[-122.62784994777,49.20894720463],[-122.6317167152,49.20773958336],[-122.63871589551,49.20534464942],[-122.64377914853,49.20337303184],[-122.64852138931,49.20134437391],[-122.64806614797,49.20468071408],[-122.64793460265,49.2058770795],[-122.6479174585,49.20636965343],[-122.64778214788,49.20661784307],[-122.64780766383,49.20756589868],[-122.64781351206,49.21060626188],[-122.6477707318,49.21259522389],[-122.64781731743,49.21328471524],[-122.64778643392,49.21362503467],[-122.64776748723,49.215157794],[-122.64776792785,49.21702882988],[-122.64774437466,49.21841398125],[-122.64772819187,49.22068077467],[-122.64244963554,49.22067728976],[-122.64169937859,49.22069819921],[-122.63928237356,49.2206996813]]]]},"properties":{"a": "2.93319", "q": "01010", "t": "CT", "dw": "2064", "hh": "1948", "id": "9330403.01", "pop": "5398", "rgid": "59", "rpid": "59933", "ruid": "5915075", "rguid": "5915"}},{"type":"Feature","geometry":{"type":"MultiPolygon","coordinates":[[[[-122.66427770651,49.2215888139],[-122.66069934538,49.22160115128],[-122.65339353309,49.22157944069],[-122.65283258284,49.22141296617],[-122.65160661572,49.22082670024],[-122.65114660767,49.22076581447],[-122.64868758344,49.22071161812],[-122.64772819187,49.22068077467],[-122.64774437466,49.21841398125],[-122.64776792785,49.21702882988],[-122.64776748723,49.215157794],[-122.64778643392,49.21362503467],[-122.64781731743,49.21328471524],[-122.6477707318,49.21259522389],[-122.64781351206,49.21060626188],[-122.64780766383,49.20756589868],[-122.64778214788,49.20661784307],[-122.6479174585,49.20636965343],[-122.64793460265,49.2058770795],[-122.64806614797,49.20468071408],[-122.64852138931,49.20134437391],[-122.65791205871,49.19789723765],[-122.66402503055,49.19652622619],[-122.66613456242,49.19596892107],[-122.66680322442,49.19968467576],[-122.66685001033,49.19983664985],[-122.6676985257,49.19977187861],[-122.66854948451,49.19977428199],[-122.6705264296,49.19973498663],[-122.67199413728,49.1999010606],[-122.67457329074,49.20013326772],[-122.67552014465,49.20018085476],[-122.67708502923,49.20018526097],[-122.67807254042,49.2003050297],[-122.67801698215,49.20039479616],[-122.67805299288,49.20220242271],[-122.67810746963,49.20568044248],[-122.67159862008,49.20580301516],[-122.67100362186,49.20702365477],[-122.67010167121,49.20845174664],[-122.67002572421,49.20889348896],[-122.66889761495,49.20982780521],[-122.66837672113,49.21244200805],[-122.66873166116,49.21328319309],[-122.66902727762,49.21734147032],[-122.66906933687,49.21807474334],[-122.66899138706,49.2214938401],[-122.66428411554,49.22152159921],[-122.66427770651,49.2215888139]]]]},"properties":{"a": "4.35702", "q": "01010", "t": "CT", "dw": "2094", "hh": "1971", "id": "9330403.03", "pop": "5555", "rgid": "59", "rpid": "59933", "ruid": "5915075", "rguid": "5915"}},{"type":"Feature","geometry":{"type":"MultiPolygon","coordinates":[[[[-122.64450036457,49.24946192101],[-122.64389719483,49.24928294887],[-122.64272053718,49.24857771536],[-122.64191175778,49.24831430427],[-122.64137620331,49.24827669128],[-122.64101857949,49.24833861852],[-122.64075657038,49.24845474211],[-122.64037150791,49.24851646907],[-122.63990424964,49.24851498698],[-122.63953440862,49.24835195731],[-122.63901503694,49.2479725428],[-122.63876832938,49.24788181498],[-122.63845236426,49.24788077352],[-122.63736555318,49.24805726215],[-122.63700873049,49.24800218456],[-122.63670770641,49.24783038253],[-122.63647682115,49.24747880723],[-122.63649504682,49.24684920026],[-122.63663640597,49.24631893323],[-122.63666600767,49.24603120788],[-122.63641120871,49.2451758028],[-122.63624886,49.24483344049],[-122.63612825009,49.24441032441],[-122.63609111777,49.2438704839],[-122.63591498965,49.24352816164],[-122.63542309668,49.24315775982],[-122.63503979669,49.24297662464],[-122.6343555928,49.2425876767],[-122.63387631761,49.24237926309],[-122.63343866104,49.24210800094],[-122.63303284934,49.2412521953],[-122.63269116799,49.24101726433],[-122.63233466576,49.24092617601],[-122.63172953326,49.24101413993],[-122.63050376642,49.24141506475],[-122.6299128139,49.24144014007],[-122.62951533393,49.2413219736],[-122.62900942121,49.24098750241],[-122.62851660695,49.2407610634],[-122.62809048664,49.2407956321],[-122.62642437946,49.24129401421],[-122.62558519723,49.24144414572],[-122.62482961278,49.24143272963],[-122.62432201769,49.24135013327],[-122.62379996222,49.24134841085],[-122.6231414345,49.2412113778],[-122.62275661237,49.24123709403],[-122.62236734398,49.24132670026],[-122.62243055303,49.2353531248],[-122.62252997309,49.23131455534],[-122.62256362049,49.23051406763],[-122.6225695889,49.22972247244],[-122.62263568201,49.22676362407],[-122.62265747271,49.22540499005],[-122.62270974635,49.22393904486],[-122.62275693282,49.22317296562],[-122.62275845497,49.2221734375],[-122.62278893791,49.22076397187],[-122.62375005191,49.22077610897],[-122.62508737591,49.22074786919],[-122.62792509363,49.22074458456],[-122.63928237356,49.2206996813],[-122.63921984547,49.22364090484],[-122.6392051047,49.22565578337],[-122.63922653489,49.22649240198],[-122.64141037144,49.22647229365],[-122.64461055981,49.22646420225],[-122.64469003176,49.22751071656],[-122.64526796595,49.2281652787],[-122.64535064242,49.23030909887],[-122.64674913259,49.23073497884],[-122.65036118117,49.23080992442],[-122.65264463806,49.23082782965],[-122.65349127078,49.23080079156],[-122.65432280223,49.23052676551],[-122.65669602558,49.23053962363],[-122.65664887916,49.23230258726],[-122.65543356706,49.2423908394],[-122.64451538573,49.24241495337],[-122.64455103595,49.24882610528],[-122.64457547037,49.24946071931],[-122.64450036457,49.24946192101]]]]},"properties":{"a": "5.03292", "q": "01010", "t": "CT", "dw": "1627", "hh": "1586", "id": "9330403.04", "pop": "4565", "rgid": "59", "rpid": "59933", "ruid": "5915075", "rguid": "5915"}},{"type":"Feature","geometry":{"type":"MultiPolygon","coordinates":[[[[-122.65664887916,49.23230258726],[-122.65669602558,49.23053962363],[-122.65432280223,49.23052676551],[-122.65349127078,49.23080079156],[-122.65264463806,49.23082782965],[-122.65036118117,49.23080992442],[-122.64674913259,49.23073497884],[-122.64535064242,49.23030909887],[-122.64526796595,49.2281652787],[-122.64469003176,49.22751071656],[-122.64461055981,49.22646420225],[-122.64141037144,49.22647229365],[-122.63922653489,49.22649240198],[-122.6392051047,49.22565578337],[-122.63921984547,49.22364090484],[-122.63928237356,49.2206996813],[-122.64169937859,49.22069819921],[-122.64244963554,49.22067728976],[-122.64772819187,49.22068077467],[-122.64868758344,49.22071161812],[-122.65114660767,49.22076581447],[-122.65160661572,49.22082670024],[-122.65283258284,49.22141296617],[-122.65339353309,49.22157944069],[-122.66069934538,49.22160115128],[-122.66427770651,49.2215888139],[-122.6640172596,49.22932887795],[-122.66398493406,49.23216575449],[-122.65664887916,49.23230258726]]]]},"properties":{"a": "1.82085", "q": "01010", "t": "CT", "dw": "1552", "hh": "1471", "id": "9330403.05", "pop": "4240", "rgid": "59", "rpid": "59933", "ruid": "5915075", "rguid": "5915"}},{"type":"Feature","geometry":{"type":"MultiPolygon","coordinates":[[[[-122.42415626793,49.26401786715],[-122.42398975334,49.25006805492],[-122.42391156319,49.24351478279],[-122.42414717512,49.23422950186],[-122.42424651506,49.22829810582],[-122.42464403508,49.22033685015],[-122.42677267387,49.22004271578],[-122.42795938569,49.21986326297],[-122.43128230696,49.2197998937],[-122.43405837783,49.21979913263],[-122.44673760009,49.21986118004],[-122.45731710429,49.21998807881],[-122.45806547859,49.22001507684],[-122.4589927449,49.22001087092],[-122.46201328018,49.22002805513],[-122.46697022343,49.22006903286],[-122.47032122425,49.22005745655],[-122.48226817489,49.22009358745],[-122.49069132126,49.22018287323],[-122.4986349521,49.22034578274],[-122.50069044785,49.22049483272],[-122.50818941225,49.22070168412],[-122.51226731712,49.22076393182],[-122.52337837017,49.22064836901],[-122.53475083148,49.22046090492],[-122.54025766941,49.22045601803],[-122.54566809151,49.22048634075],[-122.54959554443,49.22050176248],[-122.55696981316,49.2205212299],[-122.55916915155,49.22052787927],[-122.56083037185,49.22058355771],[-122.5636255897,49.22058708268],[-122.56503060906,49.22056084571],[-122.57531609907,49.22059917972],[-122.57663095141,49.22059946011],[-122.57914725633,49.22063114475],[-122.57912226112,49.22195340753],[-122.57913491895,49.22277965153],[-122.57908572965,49.22407359441],[-122.57903073217,49.22788993079],[-122.57917585662,49.2296109954],[-122.57922180135,49.23106187937],[-122.57939572637,49.23507965955],[-122.57217847885,49.23496593934],[-122.56933827762,49.23487697401],[-122.56711542611,49.2348610716],[-122.56465459935,49.23486411589],[-122.5631961447,49.2348342338],[-122.56129807073,49.23477895592],[-122.55742769822,49.2350784178],[-122.55715851901,49.23384343798],[-122.556741131,49.23311312914],[-122.55621907554,49.23287739704],[-122.55502551407,49.23271905397],[-122.55422078038,49.23275498459],[-122.55342337701,49.23305024054],[-122.5528141187,49.23345573179],[-122.5521573134,49.23451065795],[-122.55179199875,49.23515845055],[-122.5413872207,49.23516782375],[-122.54100924822,49.23599679159],[-122.54087449838,49.23637039791],[-122.5357886936,49.24040135665],[-122.53538808923,49.24072621431],[-122.53611935943,49.25056267172],[-122.53555740777,49.25084518973],[-122.53316127214,49.25164764021],[-122.53179550807,49.25222597495],[-122.53131390961,49.25253821483],[-122.53122842918,49.25306459639],[-122.53105871009,49.25376718618],[-122.53099714335,49.25474564462],[-122.53066876073,49.25542916755],[-122.5305829198,49.25553359467],[-122.52848796847,49.25517532995],[-122.52762411149,49.25496483341],[-122.5247713726,49.2543864586],[-122.52414128495,49.25417696347],[-122.52397649279,49.25415837729],[-122.5211514329,49.25355292434],[-122.52042520981,49.25334310875],[-122.51999985057,49.25327829745],[-122.51902619891,49.25306740034],[-122.51673565203,49.25262597847],[-122.51193216497,49.25200318109],[-122.50998309916,49.25178799794],[-122.5077446657,49.25164355445],[-122.5063572311,49.25159268278],[-122.4999996747,49.25116055401],[-122.49079178279,49.25057364719],[-122.49038140466,49.24215250364],[-122.47576833805,49.24206922632],[-122.47494998516,49.24830136604],[-122.4585146714,49.25760839761],[-122.44268621257,49.26187713132],[-122.42415626793,49.26401786715]]]]},"properties":{"a": "35.53628", "q": "01001", "t": "CT", "dw": "2102", "hh": "2028", "id": "9330404.01", "pop": "6345", "rgid": "59", "rpid": "59933", "ruid": "5915075", "rguid": "5915"}},{"type":"Feature","geometry":{"type":"MultiPolygon","coordinates":[[[[-122.40888667641,49.35247692662],[-122.40877892461,49.34500227647],[-122.40897079492,49.33239900121],[-122.40886340363,49.32710290017],[-122.40826235688,49.29743410332],[-122.40863812626,49.28092813001],[-122.40901838196,49.26420497074],[-122.42415626793,49.26401786715],[-122.44268621257,49.26187713132],[-122.4585146714,49.25760839761],[-122.47494998516,49.24830136604],[-122.47576833805,49.24206922632],[-122.49038140466,49.24215250364],[-122.49079178279,49.25057364719],[-122.4999996747,49.25116055401],[-122.5063572311,49.25159268278],[-122.5077446657,49.25164355445],[-122.50998309916,49.25178799794],[-122.51193216497,49.25200318109],[-122.51673565203,49.25262597847],[-122.51902619891,49.25306740034],[-122.51999985057,49.25327829745],[-122.52042520981,49.25334310875],[-122.5211514329,49.25355292434],[-122.52397649279,49.25415837729],[-122.52414128495,49.25417696347],[-122.5247713726,49.2543864586],[-122.52762411149,49.25496483341],[-122.52848796847,49.25517532995],[-122.5305829198,49.25553359467],[-122.53066876073,49.25542916755],[-122.53099714335,49.25474564462],[-122.53105871009,49.25376718618],[-122.53122842918,49.25306459639],[-122.53131390961,49.25253821483],[-122.53179550807,49.25222597495],[-122.53316127214,49.25164764021],[-122.53555740777,49.25084518973],[-122.53611935943,49.25056267172],[-122.53538808923,49.24072621431],[-122.5357886936,49.24040135665],[-122.54087449838,49.23637039791],[-122.54100924822,49.23599679159],[-122.5413872207,49.23516782375],[-122.55179199875,49.23515845055],[-122.5521573134,49.23451065795],[-122.5528141187,49.23345573179],[-122.55342337701,49.23305024054],[-122.55422078038,49.23275498459],[-122.55502551407,49.23271905397],[-122.55621907554,49.23287739704],[-122.556741131,49.23311312914],[-122.55715851901,49.23384343798],[-122.55742769822,49.2350784178],[-122.56129807073,49.23477895592],[-122.5631961447,49.2348342338],[-122.56465459935,49.23486411589],[-122.56711542611,49.2348610716],[-122.56933827762,49.23487697401],[-122.57217847885,49.23496593934],[-122.57939572637,49.23507965955],[-122.57944751933,49.2361753231],[-122.57952723163,49.2373547847],[-122.5795974105,49.23878527996],[-122.57964395607,49.23932716335],[-122.58119962767,49.23939381725],[-122.58298534336,49.23941829173],[-122.58341026197,49.2395367386],[-122.58398799587,49.23944881473],[-122.5844294578,49.23923459294],[-122.58456685135,49.23922606092],[-122.584680171,49.23882165119],[-122.58464131626,49.23853364546],[-122.58469955831,49.2381471009],[-122.58509956183,49.2379596368],[-122.58574667346,49.23779103929],[-122.5860639204,49.23763029283],[-122.58693014071,49.23752538504],[-122.5895558798,49.2373009088],[-122.59016141287,49.23717713443],[-122.59080948586,49.2368735868],[-122.59155481587,49.23645347495],[-122.59234012219,49.23618633862],[-122.59294553509,49.2360535916],[-122.59393464853,49.23605703646],[-122.59484004403,49.23619515103],[-122.59562338759,49.23617091689],[-122.59606368788,49.23608247229],[-122.59622944139,49.23596614842],[-122.59628604113,49.23576846993],[-122.59609781596,49.23525510671],[-122.59618225492,49.23500347222],[-122.59652774163,49.23475283913],[-122.5972432296,49.23460238717],[-122.59799933479,49.23455103483],[-122.59889215257,49.23454518659],[-122.60107418658,49.23468237987],[-122.60107106218,49.23478828907],[-122.60178827257,49.23483399346],[-122.60219973223,49.23491642959],[-122.60377507153,49.23546155756],[-122.60548504051,49.23635790031],[-122.60663498052,49.23685652276],[-122.60707275725,49.23708292171],[-122.60764600483,49.23755266347],[-122.60798636433,49.2379496227],[-122.6084238206,49.2382299376],[-122.6093400714,49.23873681167],[-122.61029641869,49.23942361924],[-122.61178379407,49.24070602587],[-122.61259057064,49.24119443393],[-122.6132891548,49.24145768479],[-122.6137560125,49.24147719227],[-122.61418341461,49.24128071548],[-122.614887847,49.24080636723],[-122.61516271423,49.24078922307],[-122.61558751268,49.24094364061],[-122.61620330019,49.24125147428],[-122.61642300971,49.241261208],[-122.61689118927,49.24111884744],[-122.61856859237,49.24094452185],[-122.61892545511,49.2409996395],[-122.62058214903,49.24172474101],[-122.62087047522,49.24175258023],[-122.62136605338,49.24163733788],[-122.62236734398,49.24132670026],[-122.62275661237,49.24123709403],[-122.6231414345,49.2412113778],[-122.62379996222,49.24134841085],[-122.62432201769,49.24135013327],[-122.62482961278,49.24143272963],[-122.62558519723,49.24144414572],[-122.62642437946,49.24129401421],[-122.62809048664,49.2407956321],[-122.62851660695,49.2407610634],[-122.62900942121,49.24098750241],[-122.62951533393,49.2413219736],[-122.6299128139,49.24144014007],[-122.63050376642,49.24141506475],[-122.63172953326,49.24101413993],[-122.63233466576,49.24092617601],[-122.63269116799,49.24101726433],[-122.63303284934,49.2412521953],[-122.63343866104,49.24210800094],[-122.63387631761,49.24237926309],[-122.6343555928,49.2425876767],[-122.63503979669,49.24297662464],[-122.63542309668,49.24315775982],[-122.63591498965,49.24352816164],[-122.63609111777,49.2438704839],[-122.63612825009,49.24441032441],[-122.63624886,49.24483344049],[-122.63641120871,49.2451758028],[-122.63666600767,49.24603120788],[-122.63663640597,49.24631893323],[-122.63649504682,49.24684920026],[-122.63647682115,49.24747880723],[-122.63670770641,49.24783038253],[-122.63700873049,49.24800218456],[-122.63736555318,49.24805726215],[-122.63845236426,49.24788077352],[-122.63876832938,49.24788181498],[-122.63901503694,49.2479725428],[-122.63953440862,49.24835195731],[-122.63990424964,49.24851498698],[-122.64037150791,49.24851646907],[-122.64075657038,49.24845474211],[-122.64101857949,49.24833861852],[-122.64137620331,49.24827669128],[-122.64191175778,49.24831430427],[-122.64272053718,49.24857771536],[-122.64389719483,49.24928294887],[-122.64450036457,49.24946192101],[-122.62222726664,49.24980668671],[-122.62220547594,49.25693280585],[-122.61897957135,49.25698147441],[-122.60051992575,49.2571467873],[-122.60110879533,49.26414068017],[-122.60910293733,49.2642343321],[-122.61175715655,49.26427194509],[-122.61155042531,49.26576653064],[-122.61221776544,49.2701825919],[-122.60086332953,49.27061836581],[-122.60076863612,49.27303849524],[-122.60044538073,49.27808131948],[-122.60014720066,49.29096775365],[-122.59995549058,49.29924665681],[-122.60004605817,49.32484435837],[-122.59736023443,49.32485549406],[-122.59726874554,49.32640804126],[-122.59535476917,49.32642630699],[-122.5952958061,49.32840229072],[-122.59292927217,49.32843337451],[-122.59305893484,49.33829094167],[-122.59285368569,49.33869422981],[-122.57596309054,49.35304552765],[-122.56155030608,49.35306799931],[-122.55830577524,49.35307280608],[-122.53849049985,49.3530993635],[-122.52010836344,49.35312055335],[-122.50438493257,49.35308634516],[-122.49999999515,49.3530763711],[-122.45144783578,49.3529527169],[-122.45124318747,49.35293965851],[-122.45107326809,49.35292876316],[-122.42295096993,49.35264856842],[-122.40888699686,49.35250548685],[-122.40888667641,49.35247692662]]]]},"properties":{"a": "164.01984", "q": "01011", "t": "CT", "dw": "1381", "hh": "1008", "id": "9330404.02", "pop": "3021", "rgid": "59", "rpid": "59933", "ruid": "5915075", "rguid": "5915"}},{"type":"Feature","geometry":{"type":"MultiPolygon","coordinates":[[[[-122.68941327704,49.23126140045],[-122.68939048493,49.22990348745],[-122.68940478507,49.22761878881],[-122.68944560257,49.22633193592],[-122.68938643923,49.22480133964],[-122.68948545872,49.22397645756],[-122.68947456337,49.22264265853],[-122.68951682291,49.22141376729],[-122.68952539498,49.21933443797],[-122.68955127144,49.2174005135],[-122.68956064464,49.21485925342],[-122.68954093688,49.20436931539],[-122.68949991909,49.20365258567],[-122.68984079932,49.2014888174],[-122.70179143515,49.20524963557],[-122.7161502636,49.20973219051],[-122.73398270561,49.21193665612],[-122.74702055309,49.21511084786],[-122.75154793117,49.21529666964],[-122.76666374605,49.22810631563],[-122.76592386372,49.2288125105],[-122.75955372959,49.23489604087],[-122.73643423929,49.24415532517],[-122.73395538712,49.2449705136],[-122.7333357542,49.24524886573],[-122.73267330095,49.24555437613],[-122.73046847483,49.24689798899],[-122.7292751537,49.24771954638],[-122.72837917146,49.24845221856],[-122.72826204645,49.24841352405],[-122.72595030972,49.25008279568],[-122.72460036795,49.25120497659],[-122.7188589195,49.25672795726],[-122.71746820028,49.25832376541],[-122.7112991895,49.26740688153],[-122.69884103869,49.27862260203],[-122.69010016471,49.2832118673],[-122.68968650195,49.28119999301],[-122.68956781475,49.28080607807],[-122.68951065422,49.27864002658],[-122.68946162515,49.27330579181],[-122.6893638474,49.27138949216],[-122.68944428071,49.26951877673],[-122.68941467901,49.26766564607],[-122.68946563079,49.26502460543],[-122.68946034334,49.26436591748],[-122.68949054589,49.26380520756],[-122.68970857304,49.2605645622],[-122.68973476995,49.25736501474],[-122.6897871237,49.25299714136],[-122.68979761849,49.25074032199],[-122.68938724036,49.24997296095],[-122.68923110039,49.24436746403],[-122.68922925779,49.24246045748],[-122.68941327704,49.23126140045]]]]},"properties":{"a": "26.12362", "q": "01010", "t": "CT", "dw": "2624", "hh": "2472", "id": "9330410.02", "pop": "6278", "rgid": "59", "rpid": "59933", "ruid": "5915070", "rguid": "5915"}},{"type":"Feature","geometry":{"type":"MultiPolygon","coordinates":[[[[-122.66427770651,49.2215888139],[-122.66428411554,49.22152159921],[-122.66899138706,49.2214938401],[-122.66906933687,49.21807474334],[-122.66902727762,49.21734147032],[-122.66873166116,49.21328319309],[-122.66837672113,49.21244200805],[-122.66889761495,49.20982780521],[-122.67002572421,49.20889348896],[-122.67010167121,49.20845174664],[-122.67100362186,49.20702365477],[-122.67159862008,49.20580301516],[-122.67810746963,49.20568044248],[-122.67805299288,49.20220242271],[-122.67801698215,49.20039479616],[-122.67807254042,49.2003050297],[-122.67708502923,49.20018526097],[-122.67552014465,49.20018085476],[-122.67457329074,49.20013326772],[-122.67199413728,49.1999010606],[-122.6705264296,49.19973498663],[-122.66854948451,49.19977428199],[-122.6676985257,49.19977187861],[-122.66685001033,49.19983664985],[-122.66680322442,49.19968467576],[-122.66613456242,49.19596892107],[-122.67708214517,49.19769351064],[-122.68353663814,49.19960908927],[-122.68984079932,49.2014888174],[-122.68949991909,49.20365258567],[-122.68954093688,49.20436931539],[-122.68956064464,49.21485925342],[-122.68955127144,49.2174005135],[-122.68952539498,49.21933443797],[-122.68951682291,49.22141376729],[-122.68947456337,49.22264265853],[-122.68948545872,49.22397645756],[-122.68938643923,49.22480133964],[-122.68944560257,49.22633193592],[-122.68940478507,49.22761878881],[-122.68939048493,49.22990348745],[-122.68941327704,49.23126140045],[-122.68144881685,49.228181822],[-122.67624248227,49.22620635901],[-122.6708765228,49.22414765875],[-122.66898025137,49.22337408896],[-122.66454712607,49.22162145989],[-122.66427770651,49.2215888139]]]]},"properties":{"a": "4.4386", "q": "01010", "t": "CT", "dw": "3156", "hh": "2995", "id": "9330410.03", "pop": "8307", "rgid": "59", "rpid": "59933", "ruid": "5915070", "rguid": "5915"}},{"type":"Feature","geometry":{"type":"MultiPolygon","coordinates":[[[[-122.60159135516,49.35188280964],[-122.57979152396,49.35287232365],[-122.57596309054,49.35304552765],[-122.59285368569,49.33869422981],[-122.59305893484,49.33829094167],[-122.59292927217,49.32843337451],[-122.5952958061,49.32840229072],[-122.59535476917,49.32642630699],[-122.59726874554,49.32640804126],[-122.59736023443,49.32485549406],[-122.60004605817,49.32484435837],[-122.59995549058,49.29924665681],[-122.60014720066,49.29096775365],[-122.60044538073,49.27808131948],[-122.60076863612,49.27303849524],[-122.60086332953,49.27061836581],[-122.61221776544,49.2701825919],[-122.61155042531,49.26576653064],[-122.61175715655,49.26427194509],[-122.60910293733,49.2642343321],[-122.60110879533,49.26414068017],[-122.60051992575,49.2571467873],[-122.61897957135,49.25698147441],[-122.62220547594,49.25693280585],[-122.62222726664,49.24980668671],[-122.64450036457,49.24946192101],[-122.64457547037,49.24946071931],[-122.64455103595,49.24882610528],[-122.64451538573,49.24241495337],[-122.65543356706,49.2423908394],[-122.65664887916,49.23230258726],[-122.66398493406,49.23216575449],[-122.6640172596,49.22932887795],[-122.66427770651,49.2215888139],[-122.66454712607,49.22162145989],[-122.66898025137,49.22337408896],[-122.6708765228,49.22414765875],[-122.67624248227,49.22620635901],[-122.68144881685,49.228181822],[-122.68941327704,49.23126140045],[-122.68922925779,49.24246045748],[-122.68923110039,49.24436746403],[-122.68938724036,49.24997296095],[-122.68979761849,49.25074032199],[-122.6897871237,49.25299714136],[-122.68973476995,49.25736501474],[-122.68970857304,49.2605645622],[-122.68949054589,49.26380520756],[-122.68946034334,49.26436591748],[-122.68946563079,49.26502460543],[-122.68941467901,49.26766564607],[-122.68944428071,49.26951877673],[-122.6893638474,49.27138949216],[-122.68946162515,49.27330579181],[-122.68951065422,49.27864002658],[-122.68956781475,49.28080607807],[-122.68968650195,49.28119999301],[-122.69010016471,49.2832118673],[-122.6857701046,49.28520371338],[-122.683591195,49.28603536499],[-122.68190594084,49.28659347124],[-122.67284485575,49.28900154369],[-122.66640258,49.29041958139],[-122.66082211835,49.29404789289],[-122.66036531481,49.29604710935],[-122.66264829102,49.29789999967],[-122.66759357785,49.2999093504],[-122.67187304669,49.30314787277],[-122.67681765256,49.30810798048],[-122.67792917845,49.31208482298],[-122.67560558502,49.3158518499],[-122.6659964879,49.32384286749],[-122.65418536862,49.33341419139],[-122.63234463981,49.3441703044],[-122.62401402379,49.3489880115],[-122.62185257879,49.34951843876],[-122.61811543397,49.35114360826],[-122.61139568731,49.35106225365],[-122.60159135516,49.35188280964]]]]},"properties":{"a": "64.85943", "q": "01020", "t": "CT", "dw": "369", "hh": "354", "id": "9330410.04", "pop": "1038", "rgid": "59", "rpid": "59933", "ruid": "5915070", "rguid": "5915"}},{"type":"Feature","geometry":{"type":"MultiPolygon","coordinates":[[[[-122.58147938178,49.08254208747],[-122.58052355523,49.08220577368],[-122.55997945309,49.07494558566],[-122.55924069233,49.07465121095],[-122.5493617751,49.07235517634],[-122.54531739746,49.0714865927],[-122.53680464485,49.06958875906],[-122.52684469346,49.06738946073],[-122.51976912553,49.06585970564],[-122.51483877975,49.06451493115],[-122.51481454561,49.05997209128],[-122.51480649427,49.04533627262],[-122.50339890347,49.0455766112],[-122.49272879161,49.04580809731],[-122.48418836001,49.0459142068],[-122.48129756752,49.0459453707],[-122.479379225,49.04598791063],[-122.47074886671,49.04603321445],[-122.46243583547,49.04607935946],[-122.45966905768,49.0460854881],[-122.45961622325,49.03153466918],[-122.45962707854,49.02828765484],[-122.4595664331,49.02727947454],[-122.45945723927,49.02608779572],[-122.45994180192,49.0254641171],[-122.45999639883,49.02449847672],[-122.45974840947,49.01692468691],[-122.45971079648,49.01666736439],[-122.4596396162,49.01386653864],[-122.45930766856,49.0056942657],[-122.45913666766,49.0025081772],[-122.45915449277,49.0022565427],[-122.4646983829,49.00253569597],[-122.47124825023,49.00252275774],[-122.47353475141,49.00248911034],[-122.47702647048,49.00245113684],[-122.47855890935,49.00248338227],[-122.48465065128,49.00249431767],[-122.48543030965,49.00247076449],[-122.49285436853,49.00248566548],[-122.49967057106,49.00241668831],[-122.51486830134,49.00239145276],[-122.52293262221,49.0024524587],[-122.52604616851,49.00243475376],[-122.52689171971,49.00239473739],[-122.54801043135,49.00240843668],[-122.55892172298,49.00237935572],[-122.56706439422,49.00238532412],[-122.57016828692,49.00236225162],[-122.58122177888,49.00237250607],[-122.58934530315,49.00237430861],[-122.60318011337,49.00236914133],[-122.60324832947,49.00584167336],[-122.60326022623,49.00897648963],[-122.60348314027,49.01370863619],[-122.60351875043,49.01655640808],[-122.60389504054,49.03116663069],[-122.60401921548,49.03720786146],[-122.60410898194,49.04292303289],[-122.60408106261,49.04565904734],[-122.60405242226,49.04925719634],[-122.60403780166,49.05281937467],[-122.60405134074,49.05720707598],[-122.60408202396,49.05948212102],[-122.604007519,49.06353302786],[-122.6040317932,49.06760620608],[-122.60397979995,49.06874132522],[-122.60398140221,49.07027059963],[-122.6039570479,49.07504712871],[-122.60382790597,49.08205307856],[-122.60383119059,49.08264166776],[-122.6037748312,49.08484120643],[-122.60375816772,49.08629833921],[-122.60371590819,49.08756280056],[-122.60370365092,49.08969095867],[-122.60368382299,49.09044650306],[-122.601525943,49.08968346811],[-122.59309498563,49.08665207755],[-122.58147938178,49.08254208747]]]]},"properties":{"a": "72.82644", "q": "01010", "t": "CT", "dw": "2641", "hh": "2456", "id": "9330500.00", "pop": "6238", "rgid": "59", "rpid": "59933", "ruid": "5915001", "rguid": "5915"}},{"type":"Feature","geometry":{"type":"MultiPolygon","coordinates":[[[[-122.58134719556,49.13634316142],[-122.58139730616,49.13464356706],[-122.58136349853,49.13425578075],[-122.58141937725,49.13366314586],[-122.58143812366,49.13305156428],[-122.5815445536,49.13090393874],[-122.58151855697,49.1300113613],[-122.58158645262,49.12757416782],[-122.58157427547,49.12665627471],[-122.58170594096,49.11915450636],[-122.58149568475,49.11180355047],[-122.58124192726,49.10427430341],[-122.58127200964,49.1030617552],[-122.58137215072,49.10079203766],[-122.58130737947,49.09811266301],[-122.58131695296,49.09697021355],[-122.58137651687,49.09315640072],[-122.58140635891,49.08960327514],[-122.58145150251,49.08586128349],[-122.58147938178,49.08254208747],[-122.59309498563,49.08665207755],[-122.601525943,49.08968346811],[-122.60368382299,49.09044650306],[-122.60554628679,49.09102684063],[-122.60795664245,49.09179167812],[-122.6115276332,49.09278503755],[-122.61243066537,49.09307084018],[-122.6145274593,49.09363791907],[-122.62307450021,49.09587623237],[-122.62465048042,49.09632766834],[-122.63147104911,49.09812091463],[-122.63816135429,49.0999411189],[-122.638105075,49.10262233615],[-122.63824643415,49.1047818985],[-122.63995051482,49.1048242782],[-122.64264418962,49.10485003449],[-122.63743072499,49.1085369886],[-122.64481184337,49.11248346833],[-122.64383094149,49.11318305389],[-122.63799227609,49.1171048188],[-122.63220696586,49.12110757781],[-122.62830811322,49.12382067998],[-122.62446417796,49.12646192091],[-122.62066005879,49.1292290592],[-122.61704877127,49.13181678474],[-122.61254166174,49.13496822443],[-122.61167287782,49.13562194538],[-122.6091609791,49.13720549626],[-122.60893630258,49.13756936888],[-122.60914816104,49.13825825937],[-122.60946284436,49.1388747679],[-122.60947197723,49.13920675559],[-122.60874327064,49.1400548704],[-122.60775788244,49.14059342911],[-122.60631945602,49.14129017067],[-122.60503753006,49.14179868706],[-122.6031027644,49.14271722107],[-122.60234445611,49.14332579843],[-122.60129854265,49.14427906136],[-122.5957498858,49.14209278137],[-122.59531094743,49.14190399542],[-122.59070501869,49.14006288169],[-122.58506939933,49.13786398392],[-122.58373439861,49.13732085878],[-122.58284009874,49.13698606713],[-122.58134719556,49.13634316142]]]]},"properties":{"a": "19.58351", "q": "02010", "t": "CT", "dw": "1200", "hh": "1083", "id": "9330501.01", "pop": "3082", "rgid": "59", "rpid": "59933", "ruid": "5915001", "rguid": "5915"}},{"type":"Feature","geometry":{"type":"MultiPolygon","coordinates":[[[[-122.53691940653,49.1189096414],[-122.53696066465,49.10877384228],[-122.53696871599,49.1079103458],[-122.53701089541,49.10772548537],[-122.53698730218,49.1059133725],[-122.53700328469,49.10419535219],[-122.5369787301,49.10351675619],[-122.53699915888,49.10316982745],[-122.53696883616,49.10053403419],[-122.53686705277,49.08938857267],[-122.53683701045,49.08568291221],[-122.53679979802,49.08190366808],[-122.53676835372,49.07937578685],[-122.53673134158,49.07452703602],[-122.53680464485,49.06958875906],[-122.54531739746,49.0714865927],[-122.5493617751,49.07235517634],[-122.55924069233,49.07465121095],[-122.55997945309,49.07494558566],[-122.58052355523,49.08220577368],[-122.58147938178,49.08254208747],[-122.58145150251,49.08586128349],[-122.58140635891,49.08960327514],[-122.58137651687,49.09315640072],[-122.58131695296,49.09697021355],[-122.58130737947,49.09811266301],[-122.58137215072,49.10079203766],[-122.58127200964,49.1030617552],[-122.58124192726,49.10427430341],[-122.58149568475,49.11180355047],[-122.58170594096,49.11915450636],[-122.58157427547,49.12665627471],[-122.58158645262,49.12757416782],[-122.58151855697,49.1300113613],[-122.5815445536,49.13090393874],[-122.58143812366,49.13305156428],[-122.58141937725,49.13366314586],[-122.58136349853,49.13425578075],[-122.58139730616,49.13464356706],[-122.58134719556,49.13634316142],[-122.5800137971,49.13585086788],[-122.57419047331,49.1335621636],[-122.56675856337,49.13060083173],[-122.55897619972,49.12760228744],[-122.55512609577,49.12607509596],[-122.54613931536,49.12255830156],[-122.53691940653,49.1189096414]]]]},"properties":{"a": "18.93874", "q": "00000", "t": "CT", "dw": "1933", "hh": "1851", "id": "9330501.02", "pop": "5338", "rgid": "59", "rpid": "59933", "ruid": "5915001", "rguid": "5915"}},{"type":"Feature","geometry":{"type":"MultiPolygon","coordinates":[[[[-122.460019231,49.08893052739],[-122.45993967893,49.08816232516],[-122.45955497696,49.08045887268],[-122.45951816511,49.07881355478],[-122.45982828199,49.07501920938],[-122.47096108568,49.07503591291],[-122.47089783657,49.06810002176],[-122.47085024953,49.06754171523],[-122.4708438405,49.06415975078],[-122.47081495982,49.06043542402],[-122.47223900599,49.06039692979],[-122.4760442868,49.06040534164],[-122.47613036807,49.06134122009],[-122.47613473422,49.06222286213],[-122.48132909193,49.06217984152],[-122.48167974593,49.06213093262],[-122.48327859836,49.0620414065],[-122.4865412347,49.06195472438],[-122.48831873881,49.06197291],[-122.48982746428,49.06187040559],[-122.49270960458,49.06185694663],[-122.49273692307,49.06231439107],[-122.49284876062,49.06763188225],[-122.50136283509,49.06742831547],[-122.50658074599,49.06732749344],[-122.51485388103,49.06719574784],[-122.51483877975,49.06451493115],[-122.51976912553,49.06585970564],[-122.52684469346,49.06738946073],[-122.53680464485,49.06958875906],[-122.53673134158,49.07452703602],[-122.53676835372,49.07937578685],[-122.53679979802,49.08190366808],[-122.53683701045,49.08568291221],[-122.53686705277,49.08938857267],[-122.53696883616,49.10053403419],[-122.53699915888,49.10316982745],[-122.5369787301,49.10351675619],[-122.53700328469,49.10419535219],[-122.53698730218,49.1059133725],[-122.53701089541,49.10772548537],[-122.53696871599,49.1079103458],[-122.53696066465,49.10877384228],[-122.53691940653,49.1189096414],[-122.51568236818,49.11066690919],[-122.50593703915,49.10698988908],[-122.50466997413,49.10638892245],[-122.5022747598,49.10543714159],[-122.49855159467,49.10408303395],[-122.49452287909,49.10233493126],[-122.49292450734,49.10171481765],[-122.49150731081,49.10114333256],[-122.4869638701,49.09934211504],[-122.46960469482,49.09265056811],[-122.460019231,49.08893052739]]]]},"properties":{"a": "23.23239", "q": "01010", "t": "CT", "dw": "1140", "hh": "1035", "id": "9330501.03", "pop": "3143", "rgid": "59", "rpid": "59933", "ruid": "5915001", "rguid": "5915"}},{"type":"Feature","geometry":{"type":"MultiPolygon","coordinates":[[[[-122.66856009947,49.08402145157],[-122.66867478103,49.08228556609],[-122.66893707054,49.07844880093],[-122.66916218768,49.074892591],[-122.6692519942,49.07229437068],[-122.66921830674,49.06849694093],[-122.66919727711,49.0675343849],[-122.67338657892,49.06752829632],[-122.6763435847,49.06754564076],[-122.6798757207,49.06755545458],[-122.67983530377,49.07196118129],[-122.67987123438,49.07490436759],[-122.67986418445,49.0778733903],[-122.67984263409,49.0806788626],[-122.67982925524,49.08116558829],[-122.67975218667,49.08185095382],[-122.67944507402,49.08425634248],[-122.67246199639,49.08443399275],[-122.67235720877,49.08421488408],[-122.66856009947,49.08402145157]]]]},"properties":{"a": "1.46778", "q": "00000", "t": "CT", "dw": "881", "hh": "861", "id": "9330502.01", "pop": "2480", "rgid": "59", "rpid": "59933", "ruid": "5915001", "rguid": "5915"}},{"type":"Feature","geometry":{"type":"MultiPolygon","coordinates":[[[[-122.66919727711,49.0675343849],[-122.66387233543,49.06754584104],[-122.6625179474,49.06756602948],[-122.6562457913,49.06756847292],[-122.65467137329,49.06756378632],[-122.6471005076,49.06757688477],[-122.64702932732,49.06251619537],[-122.6470176709,49.06058940094],[-122.64704254594,49.05581014802],[-122.6469684816,49.05528853317],[-122.64698626666,49.05509866569],[-122.64695590388,49.05320159313],[-122.64689822262,49.04588792978],[-122.64681093966,49.03888013733],[-122.64670054414,49.03129641353],[-122.64984493389,49.03127350125],[-122.65372003306,49.03121577993],[-122.6547193609,49.03100292006],[-122.65548732279,49.03105559426],[-122.65763546905,49.03137760791],[-122.65899009743,49.03124994807],[-122.66120950409,49.03125159038],[-122.66467190185,49.03121882422],[-122.66557950046,49.03110157905],[-122.66890506545,49.03113750966],[-122.68008173093,49.03117071645],[-122.68000662512,49.03853809547],[-122.68045345461,49.03953161512],[-122.67991449533,49.04224896327],[-122.67990576303,49.0458223574],[-122.679881609,49.04928968211],[-122.67995507249,49.05306383907],[-122.679856053,49.05569025912],[-122.67987632155,49.0572488949],[-122.67988116838,49.06030512045],[-122.67987832437,49.06280856726],[-122.67994906403,49.06695132349],[-122.6798757207,49.06755545458],[-122.6763435847,49.06754564076],[-122.67338657892,49.06752829632],[-122.66919727711,49.0675343849]]]]},"properties":{"a": "9.76621", "q": "00010", "t": "CT", "dw": "1636", "hh": "1549", "id": "9330502.02", "pop": "3813", "rgid": "59", "rpid": "59933", "ruid": "5915001", "rguid": "5915"}},{"type":"Feature","geometry":{"type":"MultiPolygon","coordinates":[[[[-122.64684662994,49.08214881343],[-122.64710531437,49.07848849685],[-122.64706357557,49.07812286175],[-122.64716295557,49.07800189133],[-122.64716179394,49.07485794219],[-122.64717845741,49.07397293541],[-122.647124221,49.07195777649],[-122.6471005076,49.06757688477],[-122.65467137329,49.06756378632],[-122.6562457913,49.06756847292],[-122.6625179474,49.06756602948],[-122.66387233543,49.06754584104],[-122.66919727711,49.0675343849],[-122.66921830674,49.06849694093],[-122.6692519942,49.07229437068],[-122.66916218768,49.074892591],[-122.66893707054,49.07844880093],[-122.66867478103,49.08228556609],[-122.66755183905,49.08227330882],[-122.66471712556,49.08226513731],[-122.65896586329,49.08221222276],[-122.65773412804,49.08216411499],[-122.6559358747,49.08217709327],[-122.65220101309,49.08217408904],[-122.64821567863,49.08219800273],[-122.64684662994,49.08214881343]]]]},"properties":{"a": "2.61627", "q": "00000", "t": "CT", "dw": "1708", "hh": "1651", "id": "9330502.03", "pop": "5048", "rgid": "59", "rpid": "59933", "ruid": "5915001", "rguid": "5915"}},{"type":"Feature","geometry":{"type":"MultiPolygon","coordinates":[[[[-122.62483798457,49.07508990898],[-122.61404481936,49.07507412675],[-122.6039570479,49.07504712871],[-122.60398140221,49.07027059963],[-122.60397979995,49.06874132522],[-122.6040317932,49.06760620608],[-122.604007519,49.06353302786],[-122.60408202396,49.05948212102],[-122.60405134074,49.05720707598],[-122.60403780166,49.05281937467],[-122.60405242226,49.04925719634],[-122.60408106261,49.04565904734],[-122.60410898194,49.04292303289],[-122.60401921548,49.03720786146],[-122.60389504054,49.03116663069],[-122.60351875043,49.01655640808],[-122.60348314027,49.01370863619],[-122.60326022623,49.00897648963],[-122.60324832947,49.00584167336],[-122.60318011337,49.00236914133],[-122.61437532497,49.00226563551],[-122.62513984983,49.00218163717],[-122.63565414217,49.00216140868],[-122.6413967122,49.00214342334],[-122.64700252957,49.00213372968],[-122.65784748774,49.00217991475],[-122.66876919404,49.00217078188],[-122.6807455461,49.00225978727],[-122.68172196165,49.00225526089],[-122.68148590911,49.0159959385],[-122.68062653844,49.01660663885],[-122.68008173093,49.03117071645],[-122.66890506545,49.03113750966],[-122.66557950046,49.03110157905],[-122.66467190185,49.03121882422],[-122.66120950409,49.03125159038],[-122.65899009743,49.03124994807],[-122.65763546905,49.03137760791],[-122.65548732279,49.03105559426],[-122.6547193609,49.03100292006],[-122.65372003306,49.03121577993],[-122.64984493389,49.03127350125],[-122.64670054414,49.03129641353],[-122.64681093966,49.03888013733],[-122.64689822262,49.04588792978],[-122.64695590388,49.05320159313],[-122.64698626666,49.05509866569],[-122.6469684816,49.05528853317],[-122.64704254594,49.05581014802],[-122.6470176709,49.06058940094],[-122.64702932732,49.06251619537],[-122.6471005076,49.06757688477],[-122.647124221,49.07195777649],[-122.64717845741,49.07397293541],[-122.64716179394,49.07485794219],[-122.63848657245,49.07486242851],[-122.63616341963,49.07485625982],[-122.63281261909,49.07483194557],[-122.63117467158,49.0749725837],[-122.62911128472,49.07509755976],[-122.62483798457,49.07508990898]]]]},"properties":{"a": "33.54822", "q": "01020", "t": "CT", "dw": "1000", "hh": "917", "id": "9330502.05", "pop": "2501", "rgid": "59", "rpid": "59933", "ruid": "5915001", "rguid": "5915"}},{"type":"Feature","geometry":{"type":"MultiPolygon","coordinates":[[[[-122.62465048042,49.09632766834],[-122.62470291429,49.09428619235],[-122.62469978989,49.09342225525],[-122.62474689625,49.09243085859],[-122.62473800372,49.09199216056],[-122.62478250642,49.08971643456],[-122.62477914168,49.08825998274],[-122.62482240262,49.08623529039],[-122.62472462487,49.08547902497],[-122.62474192925,49.08429387536],[-122.62481170755,49.08403134551],[-122.6248235242,49.08245712778],[-122.62483798457,49.07508990898],[-122.62911128472,49.07509755976],[-122.63117467158,49.0749725837],[-122.63281261909,49.07483194557],[-122.63616341963,49.07485625982],[-122.63848657245,49.07486242851],[-122.64716179394,49.07485794219],[-122.64716295557,49.07800189133],[-122.64706357557,49.07812286175],[-122.64710531437,49.07848849685],[-122.64684662994,49.08214881343],[-122.6466719839,49.0843860452],[-122.64343778763,49.08445686497],[-122.64086528353,49.08445185792],[-122.6405574098,49.08491887585],[-122.6405938211,49.08538561338],[-122.64094006889,49.08777846438],[-122.6409691098,49.08820266198],[-122.64096939019,49.08901204222],[-122.64099907201,49.08974098915],[-122.63766517528,49.08975204472],[-122.63755578117,49.09414447269],[-122.63877694151,49.09410986394],[-122.64024496964,49.09410866225],[-122.64020647541,49.09533571089],[-122.63947168025,49.09539679695],[-122.63807158782,49.09544230105],[-122.6381776172,49.09693232016],[-122.63816135429,49.0999411189],[-122.63147104911,49.09812091463],[-122.62465048042,49.09632766834]]]]},"properties":{"a": "3.32207", "q": "00001", "t": "CT", "dw": "944", "hh": "906", "id": "9330502.06", "pop": "2866", "rgid": "59", "rpid": "59933", "ruid": "5915001", "rguid": "5915"}},{"type":"Feature","geometry":{"type":"MultiPolygon","coordinates":[[[[-122.60368382299,49.09044650306],[-122.60370365092,49.08969095867],[-122.60371590819,49.08756280056],[-122.60375816772,49.08629833921],[-122.6037748312,49.08484120643],[-122.60383119059,49.08264166776],[-122.60382790597,49.08205307856],[-122.6039570479,49.07504712871],[-122.61404481936,49.07507412675],[-122.62483798457,49.07508990898],[-122.6248235242,49.08245712778],[-122.62481170755,49.08403134551],[-122.62474192925,49.08429387536],[-122.62472462487,49.08547902497],[-122.62482240262,49.08623529039],[-122.62477914168,49.08825998274],[-122.62478250642,49.08971643456],[-122.62473800372,49.09199216056],[-122.62474689625,49.09243085859],[-122.62469978989,49.09342225525],[-122.62470291429,49.09428619235],[-122.62465048042,49.09632766834],[-122.62307450021,49.09587623237],[-122.6145274593,49.09363791907],[-122.61243066537,49.09307084018],[-122.6115276332,49.09278503755],[-122.60795664245,49.09179167812],[-122.60554628679,49.09102684063],[-122.60368382299,49.09044650306]]]]},"properties":{"a": "3.14076", "q": "00001", "t": "CT", "dw": "2084", "hh": "2032", "id": "9330502.07", "pop": "5328", "rgid": "59", "rpid": "59933", "ruid": "5915001", "rguid": "5915"}},{"type":"Feature","geometry":{"type":"MultiPolygon","coordinates":[[[[-122.6683339008,49.09676416327],[-122.66828387032,49.09367272811],[-122.66829841081,49.09149586138],[-122.66833722549,49.08978689382],[-122.66836145963,49.08757842257],[-122.66841116966,49.0869174514],[-122.6684933254,49.08484877709],[-122.66856009947,49.08402145157],[-122.67235720877,49.08421488408],[-122.67246199639,49.08443399275],[-122.67944507402,49.08425634248],[-122.67937870051,49.08477639512],[-122.67929177806,49.08599635378],[-122.678785625,49.08798127009],[-122.6790388217,49.08927148772],[-122.679126345,49.08983163685],[-122.67916612103,49.09058205403],[-122.67914605276,49.09156247522],[-122.67924791626,49.09275367336],[-122.67942468529,49.09337550939],[-122.6794446334,49.09521470041],[-122.67898426484,49.09540312586],[-122.67880284926,49.09593331278],[-122.67878634601,49.09635610841],[-122.67866185063,49.09654465403],[-122.67844198088,49.09666101796],[-122.67779819392,49.09664119002],[-122.67718272686,49.09650451748],[-122.67689436062,49.09661162838],[-122.676959933,49.09707067507],[-122.67675392277,49.09715102827],[-122.67628830682,49.09711369568],[-122.67564556134,49.09695895769],[-122.67486478139,49.09695679464],[-122.67383705354,49.09699893401],[-122.67346845427,49.09680894636],[-122.67291058836,49.09623165308],[-122.67277423627,49.09614128577],[-122.67247317213,49.09609546121],[-122.67174534679,49.0963722912],[-122.6713465049,49.09661399171],[-122.67082565114,49.09666642557],[-122.67000709797,49.09615142004],[-122.66943220808,49.09609578166],[-122.66911640318,49.09621182514],[-122.66846913131,49.09671365211],[-122.6683339008,49.09676416327]]]]},"properties":{"a": "1.08461", "q": "00010", "t": "CT", "dw": "854", "hh": "824", "id": "9330503.01", "pop": "2473", "rgid": "59", "rpid": "59933", "ruid": "5915002", "rguid": "5915"}},{"type":"Feature","geometry":{"type":"MultiPolygon","coordinates":[[[[-122.6596426968,49.09580913784],[-122.6591876958,49.09582311754],[-122.65898256682,49.09576856068],[-122.65892869092,49.09563345034],[-122.65919094037,49.0953463659],[-122.6590954859,49.09527414415],[-122.65831618804,49.09505595678],[-122.65797727058,49.094542193],[-122.65762184987,49.09445122484],[-122.65722276765,49.09471079051],[-122.65626405703,49.09468098853],[-122.65609930493,49.09473446386],[-122.65605720563,49.0948873192],[-122.65653307602,49.09540148355],[-122.65658643119,49.09561750788],[-122.65647419307,49.09599499968],[-122.65652758829,49.09619303868],[-122.65670467777,49.09633756228],[-122.65675835339,49.09650856318],[-122.65649574343,49.09684964369],[-122.65605552326,49.09710015661],[-122.65571372173,49.09701824121],[-122.65566052679,49.09679320418],[-122.65542827961,49.09670247636],[-122.65513931252,49.09688156866],[-122.65487618182,49.09730356316],[-122.65461461333,49.09748273558],[-122.65439506403,49.09753601063],[-122.65386239362,49.09730953157],[-122.65351987108,49.09730853016],[-122.65308061226,49.0974420783],[-122.65266803102,49.09767472605],[-122.65196584179,49.09819441818],[-122.65188256447,49.09832904785],[-122.65178326458,49.09882350443],[-122.65156331472,49.09893978825],[-122.65116599498,49.09893858655],[-122.65083805298,49.09882062036],[-122.65020800538,49.09880976507],[-122.6496612351,49.09863720197],[-122.64896309157,49.09858108291],[-122.64844195741,49.09864248942],[-122.64830404312,49.09878597155],[-122.64809542922,49.09921709892],[-122.6479713344,49.09933370319],[-122.64753283665,49.09935929924],[-122.64735554689,49.09924189385],[-122.64717957899,49.09893550221],[-122.64670038391,49.0988980895],[-122.64646681486,49.09898721506],[-122.64646509244,49.09923912995],[-122.64690106663,49.09958233345],[-122.6469114813,49.1000410597],[-122.64663012493,49.10039864345],[-122.64659315285,49.10242389659],[-122.64411382001,49.1015416537],[-122.64313568203,49.10122588886],[-122.64227302673,49.10101723491],[-122.63944372086,49.10025183663],[-122.63816135429,49.0999411189],[-122.6381776172,49.09693232016],[-122.63807158782,49.09544230105],[-122.63947168025,49.09539679695],[-122.64020647541,49.09533571089],[-122.64024496964,49.09410866225],[-122.63877694151,49.09410986394],[-122.63755578117,49.09414447269],[-122.63766517528,49.08975204472],[-122.64099907201,49.08974098915],[-122.64096939019,49.08901204222],[-122.6409691098,49.08820266198],[-122.64094006889,49.08777846438],[-122.6405938211,49.08538561338],[-122.6405574098,49.08491887585],[-122.64086528353,49.08445185792],[-122.64343778763,49.08445686497],[-122.6466719839,49.0843860452],[-122.64684662994,49.08214881343],[-122.64821567863,49.08219800273],[-122.65220101309,49.08217408904],[-122.6559358747,49.08217709327],[-122.65773412804,49.08216411499],[-122.65896586329,49.08221222276],[-122.66471712556,49.08226513731],[-122.66755183905,49.08227330882],[-122.66867478103,49.08228556609],[-122.66856009947,49.08402145157],[-122.6684933254,49.08484877709],[-122.66841116966,49.0869174514],[-122.66836145963,49.08757842257],[-122.66833722549,49.08978689382],[-122.66829841081,49.09149586138],[-122.66828387032,49.09367272811],[-122.6683339008,49.09676416327],[-122.6678237421,49.09695479182],[-122.66737110444,49.097034424],[-122.66702886229,49.09700642456],[-122.66668706077,49.09689751112],[-122.66601895956,49.09643686217],[-122.66571757497,49.09643590082],[-122.66529201545,49.09656964924],[-122.66497709179,49.0965507426],[-122.66451375906,49.0962075391],[-122.66414407826,49.09615250157],[-122.66358461009,49.0958540411],[-122.66311839329,49.09591564789],[-122.66236581307,49.09580545265],[-122.66202216896,49.09597541209],[-122.66181511726,49.0961907154],[-122.66158154822,49.09630691911],[-122.66141755719,49.09626149512],[-122.66077365006,49.09625055971],[-122.66032121268,49.09632125931],[-122.6599924295,49.09632021784],[-122.65984233805,49.09624787593],[-122.65981666188,49.09599588092],[-122.6596426968,49.09580913784]]]]},"properties":{"a": "3.63717", "q": "00010", "t": "CT", "dw": "2541", "hh": "2415", "id": "9330503.03", "pop": "6962", "rgid": "59", "rpid": "59933", "ruid": "5915002", "rguid": "5915"}},{"type":"Feature","geometry":{"type":"MultiPolygon","coordinates":[[[[-122.66094240781,49.10450546907],[-122.66011051585,49.1041216083],[-122.65954283612,49.10395164886],[-122.65954576024,49.10354235225],[-122.6594150561,49.10334343202],[-122.6594489839,49.10167091581],[-122.65953863019,49.10059179556],[-122.65953562596,49.09900860519],[-122.6595567357,49.09793817719],[-122.6596426968,49.09580913784],[-122.65981666188,49.09599588092],[-122.65984233805,49.09624787593],[-122.6599924295,49.09632021784],[-122.66032121268,49.09632125931],[-122.66077365006,49.09625055971],[-122.66141755719,49.09626149512],[-122.66158154822,49.09630691911],[-122.66181511726,49.0961907154],[-122.66202216896,49.09597541209],[-122.66236581307,49.09580545265],[-122.66311839329,49.09591564789],[-122.66358461009,49.0958540411],[-122.66414407826,49.09615250157],[-122.66451375906,49.0962075391],[-122.66497709179,49.0965507426],[-122.66529201545,49.09656964924],[-122.66571757497,49.09643590082],[-122.66601895956,49.09643686217],[-122.66668706077,49.09689751112],[-122.66702886229,49.09700642456],[-122.66737110444,49.097034424],[-122.6678237421,49.09695479182],[-122.6683339008,49.09676416327],[-122.6684239076,49.1001329892],[-122.66845655359,49.10067170814],[-122.66857331809,49.10370353933],[-122.66855389072,49.10454905047],[-122.66658527738,49.10455870407],[-122.66389600879,49.10451756611],[-122.66094240781,49.10450546907]]]]},"properties":{"a": "0.58889", "q": "01021", "t": "CT", "dw": "2173", "hh": "2070", "id": "9330503.06", "pop": "4086", "rgid": "59", "rpid": "59933", "ruid": "5915002", "rguid": "5915"}},{"type":"Feature","geometry":{"type":"MultiPolygon","coordinates":[[[[-122.64659315285,49.10242389659],[-122.64663012493,49.10039864345],[-122.6469114813,49.1000410597],[-122.64690106663,49.09958233345],[-122.64646509244,49.09923912995],[-122.64646681486,49.09898721506],[-122.64670038391,49.0988980895],[-122.64717957899,49.09893550221],[-122.64735554689,49.09924189385],[-122.64753283665,49.09935929924],[-122.6479713344,49.09933370319],[-122.64809542922,49.09921709892],[-122.64830404312,49.09878597155],[-122.64844195741,49.09864248942],[-122.64896309157,49.09858108291],[-122.6496612351,49.09863720197],[-122.65020800538,49.09880976507],[-122.65083805298,49.09882062036],[-122.65116599498,49.09893858655],[-122.65156331472,49.09893978825],[-122.65178326458,49.09882350443],[-122.65188256447,49.09832904785],[-122.65196584179,49.09819441818],[-122.65266803102,49.09767472605],[-122.65308061226,49.0974420783],[-122.65351987108,49.09730853016],[-122.65386239362,49.09730953157],[-122.65439506403,49.09753601063],[-122.65461461333,49.09748273558],[-122.65487618182,49.09730356316],[-122.65513931252,49.09688156866],[-122.65542827961,49.09670247636],[-122.65566052679,49.09679320418],[-122.65571372173,49.09701824121],[-122.65605552326,49.09710015661],[-122.65649574343,49.09684964369],[-122.65675835339,49.09650856318],[-122.65670467777,49.09633756228],[-122.65652758829,49.09619303868],[-122.65647419307,49.09599499968],[-122.65658643119,49.09561750788],[-122.65653307602,49.09540148355],[-122.65605720563,49.0948873192],[-122.65609930493,49.09473446386],[-122.65626405703,49.09468098853],[-122.65722276765,49.09471079051],[-122.65762184987,49.09445122484],[-122.65797727058,49.094542193],[-122.65831618804,49.09505595678],[-122.6590954859,49.09527414415],[-122.65919094037,49.0953463659],[-122.65892869092,49.09563345034],[-122.65898256682,49.09576856068],[-122.6591876958,49.09582311754],[-122.6596426968,49.09580913784],[-122.6595567357,49.09793817719],[-122.65953562596,49.09900860519],[-122.65953863019,49.10059179556],[-122.6594489839,49.10167091581],[-122.6594150561,49.10334343202],[-122.65954576024,49.10354235225],[-122.65954283612,49.10395164886],[-122.66011051585,49.1041216083],[-122.66094240781,49.10450546907],[-122.65992369266,49.10450230461],[-122.65991500041,49.1056483191],[-122.65798620316,49.10521090287],[-122.6561560649,49.10484062123],[-122.65486240241,49.10521951501],[-122.65398192201,49.10572070107],[-122.65306110478,49.10641724234],[-122.65285429342,49.10632899803],[-122.6505756433,49.10524683349],[-122.65038373294,49.10499019194],[-122.64657532773,49.10492465962],[-122.64659315285,49.10242389659]]]]},"properties":{"a": "0.83549", "q": "02011", "t": "CT", "dw": "2662", "hh": "2508", "id": "9330503.07", "pop": "4428", "rgid": "59", "rpid": "59933", "ruid": "5915002", "rguid": "5915"}},{"type":"Feature","geometry":{"type":"MultiPolygon","coordinates":[[[[-122.65613603668,49.11519937445],[-122.6561878697,49.1136518343],[-122.65626413715,49.11218312521],[-122.65635762886,49.11146347138],[-122.65755183123,49.11140326656],[-122.65840923913,49.11068894023],[-122.6598227104,49.10914732844],[-122.65991500041,49.1056483191],[-122.65992369266,49.10450230461],[-122.66094240781,49.10450546907],[-122.66389600879,49.10451756611],[-122.66658527738,49.10455870407],[-122.66855389072,49.10454905047],[-122.66857331809,49.10370353933],[-122.66845655359,49.10067170814],[-122.6684239076,49.1001329892],[-122.6683339008,49.09676416327],[-122.66846913131,49.09671365211],[-122.66911640318,49.09621182514],[-122.66943220808,49.09609578166],[-122.67000709797,49.09615142004],[-122.67082565114,49.09666642557],[-122.6713465049,49.09661399171],[-122.67174534679,49.0963722912],[-122.67247317213,49.09609546121],[-122.67277423627,49.09614128577],[-122.67291058836,49.09623165308],[-122.67346845427,49.09680894636],[-122.67383705354,49.09699893401],[-122.67486478139,49.09695679464],[-122.67564556134,49.09695895769],[-122.67628830682,49.09711369568],[-122.67675392277,49.09715102827],[-122.676959933,49.09707067507],[-122.67689436062,49.09661162838],[-122.67718272686,49.09650451748],[-122.67779819392,49.09664119002],[-122.67844198088,49.09666101796],[-122.67866185063,49.09654465403],[-122.67878634601,49.09635610841],[-122.67880284926,49.09593331278],[-122.67898426484,49.09540312586],[-122.6794446334,49.09521470041],[-122.67944531436,49.09536415095],[-122.67991970267,49.09696845106],[-122.67982689191,49.0988603964],[-122.67992442932,49.10055806805],[-122.67992282707,49.10467086207],[-122.67979084113,49.10794207049],[-122.67974417538,49.11144416418],[-122.67952174203,49.11405219833],[-122.67744105079,49.11301313451],[-122.67737684033,49.11305675596],[-122.67530023484,49.1121064572],[-122.67438582664,49.11171402435],[-122.67451693134,49.11244601557],[-122.6744983051,49.11499757015],[-122.67173545285,49.1149072429],[-122.67156997973,49.11554257794],[-122.6684400904,49.11547820726],[-122.66461101607,49.1154351466],[-122.66287248687,49.1154030614],[-122.65974992786,49.11532523175],[-122.65639424043,49.11521776035],[-122.65613603668,49.11519937445]]]]},"properties":{"a": "2.52184", "q": "01011", "t": "CT", "dw": "1528", "hh": "1451", "id": "9330503.08", "pop": "2978", "rgid": "59", "rpid": "59933", "ruid": "5915002", "rguid": "5915"}},{"type":"Feature","geometry":{"type":"MultiPolygon","coordinates":[[[[-122.64383094149,49.11318305389],[-122.64481184337,49.11248346833],[-122.63743072499,49.1085369886],[-122.64264418962,49.10485003449],[-122.63995051482,49.1048242782],[-122.63824643415,49.1047818985],[-122.638105075,49.10262233615],[-122.63816135429,49.0999411189],[-122.63944372086,49.10025183663],[-122.64227302673,49.10101723491],[-122.64313568203,49.10122588886],[-122.64411382001,49.1015416537],[-122.64659315285,49.10242389659],[-122.64657532773,49.10492465962],[-122.65038373294,49.10499019194],[-122.6505756433,49.10524683349],[-122.65285429342,49.10632899803],[-122.65306110478,49.10641724234],[-122.65398192201,49.10572070107],[-122.65486240241,49.10521951501],[-122.6561560649,49.10484062123],[-122.65798620316,49.10521090287],[-122.65991500041,49.1056483191],[-122.6598227104,49.10914732844],[-122.65840923913,49.11068894023],[-122.65755183123,49.11140326656],[-122.65635762886,49.11146347138],[-122.65626413715,49.11218312521],[-122.6561878697,49.1136518343],[-122.65613603668,49.11519937445],[-122.65407957958,49.115232421],[-122.65036142151,49.11522593186],[-122.64678842794,49.11485536982],[-122.64516213686,49.11388952916],[-122.6443186686,49.11341710362],[-122.64383094149,49.11318305389]]]]},"properties":{"a": "1.58674", "q": "01011", "t": "CT", "dw": "1352", "hh": "1303", "id": "9330503.09", "pop": "2679", "rgid": "59", "rpid": "59933", "ruid": "5915002", "rguid": "5915"}},{"type":"Feature","geometry":{"type":"MultiPolygon","coordinates":[[[[-122.64551255051,49.15806924872],[-122.63335658542,49.15479403466],[-122.62910151095,49.15365182554],[-122.62613328937,49.1528748109],[-122.6237780113,49.15232363441],[-122.62216694166,49.15189378885],[-122.61835665379,49.1508588909],[-122.61646554964,49.15028440158],[-122.61369512672,49.14922595045],[-122.612039995,49.14853894261],[-122.60775988526,49.14685196602],[-122.60129854265,49.14427906136],[-122.60234445611,49.14332579843],[-122.6031027644,49.14271722107],[-122.60503753006,49.14179868706],[-122.60631945602,49.14129017067],[-122.60775788244,49.14059342911],[-122.60874327064,49.1400548704],[-122.60947197723,49.13920675559],[-122.60946284436,49.1388747679],[-122.60914816104,49.13825825937],[-122.60893630258,49.13756936888],[-122.6091609791,49.13720549626],[-122.61167287782,49.13562194538],[-122.61254166174,49.13496822443],[-122.61704877127,49.13181678474],[-122.62066005879,49.1292290592],[-122.62446417796,49.12646192091],[-122.62830811322,49.12382067998],[-122.63220696586,49.12110757781],[-122.63799227609,49.1171048188],[-122.64383094149,49.11318305389],[-122.6443186686,49.11341710362],[-122.64516213686,49.11388952916],[-122.64678842794,49.11485536982],[-122.65036142151,49.11522593186],[-122.65407957958,49.115232421],[-122.65613603668,49.11519937445],[-122.65639424043,49.11521776035],[-122.65974992786,49.11532523175],[-122.66287248687,49.1154030614],[-122.66461101607,49.1154351466],[-122.6684400904,49.11547820726],[-122.67156997973,49.11554257794],[-122.67173545285,49.1149072429],[-122.6744983051,49.11499757015],[-122.67451693134,49.11244601557],[-122.67438582664,49.11171402435],[-122.67530023484,49.1121064572],[-122.67737684033,49.11305675596],[-122.67744105079,49.11301313451],[-122.67952174203,49.11405219833],[-122.67972755197,49.11827162257],[-122.67973536297,49.11919820793],[-122.67956035643,49.12652268652],[-122.67883849949,49.13396304836],[-122.67863785682,49.14115958671],[-122.67848548216,49.14486797101],[-122.67850615128,49.14854386955],[-122.67882191612,49.15298412489],[-122.67870130621,49.1540885608],[-122.67873106814,49.15584275208],[-122.67869830198,49.15760619638],[-122.67868023653,49.15945876625],[-122.67843481078,49.16304610002],[-122.67810029952,49.16562713613],[-122.67797544363,49.16683551848],[-122.67058222821,49.16492302419],[-122.66875225017,49.16438718932],[-122.66780359372,49.16409197342],[-122.66686563234,49.16383969802],[-122.66276333309,49.1627859335],[-122.65683418021,49.16121099476],[-122.65335648089,49.16026958852],[-122.64551255051,49.15806924872]]]]},"properties":{"a": "21.60486", "q": "01010", "t": "CT", "dw": "5179", "hh": "4816", "id": "9330504.01", "pop": "13367", "rgid": "59", "rpid": "59933", "ruid": "5915001", "rguid": "5915"}},{"type":"Feature","geometry":{"type":"MultiPolygon","coordinates":[[[[-122.62209387873,49.21018807275],[-122.61880945169,49.21065004356],[-122.61731999337,49.21075587265],[-122.61397936715,49.21093644704],[-122.61171770096,49.2107938862],[-122.60965243145,49.21052250389],[-122.60734982758,49.21012898951],[-122.60559263208,49.21014937823],[-122.60403860279,49.20939868066],[-122.60364725146,49.20922816044],[-122.6012752298,49.20819450424],[-122.59944925741,49.20743307155],[-122.59833901332,49.20689707645],[-122.59735642907,49.20622601107],[-122.59607951017,49.20515966882],[-122.59326666749,49.20320211105],[-122.59081501365,49.20122232196],[-122.59010417223,49.20035077414],[-122.58936597226,49.1995569358],[-122.58863269924,49.19830645414],[-122.58759944361,49.19677874193],[-122.58533441268,49.19293272373],[-122.58391032645,49.19101173748],[-122.5827215317,49.18974827754],[-122.5900118021,49.18882253337],[-122.59327764295,49.1855550502],[-122.60028022806,49.18337565992],[-122.59671051912,49.17853263716],[-122.59733419775,49.17840073133],[-122.5978761212,49.17814721418],[-122.59973762365,49.17712313148],[-122.60036286448,49.17717880991],[-122.60710872793,49.17716631231],[-122.62395742406,49.17714936844],[-122.62395474027,49.1758432484],[-122.62392994534,49.17502781964],[-122.62397969543,49.17307943479],[-122.62394112109,49.17232028532],[-122.62399023027,49.16671871393],[-122.62391544491,49.1637467671],[-122.62394700938,49.16222598465],[-122.62658825031,49.16227713672],[-122.62743400179,49.16230409469],[-122.63286064675,49.16250653989],[-122.6328335686,49.16463281535],[-122.63292954381,49.16543374368],[-122.63430804582,49.16652652317],[-122.63466590997,49.16682614527],[-122.634812156,49.1675027785],[-122.63483382653,49.16883080941],[-122.6349573205,49.171217692],[-122.63522221368,49.17154543372],[-122.63564048293,49.17169804872],[-122.6374099357,49.17177475679],[-122.64035095896,49.17184032916],[-122.64149236695,49.17183139658],[-122.6420336495,49.17178000418],[-122.64261310583,49.1715562089],[-122.64420919437,49.17113617717],[-122.64551755757,49.17108859013],[-122.64561317227,49.1726661726],[-122.64573318133,49.17438078811],[-122.64580191817,49.17492932088],[-122.64582434977,49.17553990105],[-122.64595112837,49.1772279191],[-122.64615453493,49.17886326294],[-122.64599691287,49.17985241644],[-122.64588431425,49.18111976185],[-122.64592360961,49.18213054583],[-122.64608311431,49.1847246804],[-122.64607249936,49.18545478896],[-122.64561161007,49.18637684794],[-122.64521048497,49.18758523028],[-122.64475095759,49.18963784197],[-122.64440879556,49.19124666845],[-122.6440384338,49.19491175175],[-122.64411730492,49.19761467958],[-122.64398331616,49.20098755122],[-122.64377914853,49.20337303184],[-122.63871589551,49.20534464942],[-122.6317167152,49.20773958336],[-122.62784994777,49.20894720463],[-122.62378345898,49.2097869877],[-122.62209387873,49.21018807275]]]]},"properties":{"a": "15.09676", "q": "00000", "t": "CT", "dw": "2201", "hh": "2131", "id": "9330504.03", "pop": "6482", "rgid": "59", "rpid": "59933", "ruid": "5915001", "rguid": "5915"}},{"type":"Feature","geometry":{"type":"MultiPolygon","coordinates":[[[[-122.62394700938,49.16222598465],[-122.62391452362,49.15744937546],[-122.6239549005,49.15512385931],[-122.6238851222,49.15282586194],[-122.6237780113,49.15232363441],[-122.62613328937,49.1528748109],[-122.62910151095,49.15365182554],[-122.63335658542,49.15479403466],[-122.64551255051,49.15806924872],[-122.64540808334,49.15886917564],[-122.64544705825,49.16042941368],[-122.64543556205,49.16296867094],[-122.64546932962,49.16688122287],[-122.64548403033,49.16770938957],[-122.6454579536,49.16881466667],[-122.64548002469,49.1703714999],[-122.64551755757,49.17108859013],[-122.64420919437,49.17113617717],[-122.64261310583,49.1715562089],[-122.6420336495,49.17178000418],[-122.64149236695,49.17183139658],[-122.64035095896,49.17184032916],[-122.6374099357,49.17177475679],[-122.63564048293,49.17169804872],[-122.63522221368,49.17154543372],[-122.6349573205,49.171217692],[-122.63483382653,49.16883080941],[-122.634812156,49.1675027785],[-122.63466590997,49.16682614527],[-122.63430804582,49.16652652317],[-122.63292954381,49.16543374368],[-122.6328335686,49.16463281535],[-122.63286064675,49.16250653989],[-122.62743400179,49.16230409469],[-122.62658825031,49.16227713672],[-122.62394700938,49.16222598465]]]]},"properties":{"a": "2.11395", "q": "00000", "t": "CT", "dw": "2849", "hh": "2811", "id": "9330504.04", "pop": "7506", "rgid": "59", "rpid": "59933", "ruid": "5915001", "rguid": "5915"}},{"type":"Feature","geometry":{"type":"MultiPolygon","coordinates":[[[[-122.64595112837,49.1772279191],[-122.64582434977,49.17553990105],[-122.64580191817,49.17492932088],[-122.64573318133,49.17438078811],[-122.64561317227,49.1726661726],[-122.64551755757,49.17108859013],[-122.64548002469,49.1703714999],[-122.6454579536,49.16881466667],[-122.64548403033,49.16770938957],[-122.64546932962,49.16688122287],[-122.64543556205,49.16296867094],[-122.64544705825,49.16042941368],[-122.64540808334,49.15886917564],[-122.64551255051,49.15806924872],[-122.65335648089,49.16026958852],[-122.65683418021,49.16121099476],[-122.66276333309,49.1627859335],[-122.66686563234,49.16383969802],[-122.66780359372,49.16409197342],[-122.66875225017,49.16438718932],[-122.67058222821,49.16492302419],[-122.67797544363,49.16683551848],[-122.67790882978,49.17090673393],[-122.67801153447,49.17429699006],[-122.67807758753,49.17613337713],[-122.67815012972,49.17724738652],[-122.67758176903,49.17725155239],[-122.67342030644,49.17720580795],[-122.67162353518,49.17723112361],[-122.66880031788,49.17723717213],[-122.66767104699,49.17722042855],[-122.66399586947,49.17723889456],[-122.65684543607,49.17721574194],[-122.65451295011,49.17721778482],[-122.65079787638,49.17723761275],[-122.64873649234,49.17721842572],[-122.64595112837,49.1772279191]]]]},"properties":{"a": "3.87278", "q": "01011", "t": "CT", "dw": "2399", "hh": "2315", "id": "9330504.05", "pop": "6619", "rgid": "59", "rpid": "59933", "ruid": "5915001", "rguid": "5915"}},{"type":"Feature","geometry":{"type":"MultiPolygon","coordinates":[[[[-122.64852138931,49.20134437391],[-122.64377914853,49.20337303184],[-122.64398331616,49.20098755122],[-122.64411730492,49.19761467958],[-122.6440384338,49.19491175175],[-122.64440879556,49.19124666845],[-122.64475095759,49.18963784197],[-122.64521048497,49.18758523028],[-122.64561161007,49.18637684794],[-122.64607249936,49.18545478896],[-122.64608311431,49.1847246804],[-122.64592360961,49.18213054583],[-122.64588431425,49.18111976185],[-122.64599691287,49.17985241644],[-122.64615453493,49.17886326294],[-122.64595112837,49.1772279191],[-122.64873649234,49.17721842572],[-122.65079787638,49.17723761275],[-122.65451295011,49.17721778482],[-122.65684543607,49.17721574194],[-122.66399586947,49.17723889456],[-122.66767104699,49.17722042855],[-122.66880031788,49.17723717213],[-122.67162353518,49.17723112361],[-122.67342030644,49.17720580795],[-122.67758176903,49.17725155239],[-122.67815012972,49.17724738652],[-122.67851644578,49.18225884657],[-122.67855858515,49.18263465601],[-122.67854492591,49.18595365175],[-122.67882932656,49.18748689175],[-122.6716672768,49.19058289334],[-122.66849004077,49.19232618926],[-122.66703963747,49.19342229343],[-122.66613456242,49.19596892107],[-122.66402503055,49.19652622619],[-122.65791205871,49.19789723765],[-122.64852138931,49.20134437391]]]]},"properties":{"a": "5.08106", "q": "00001", "t": "CT", "dw": "657", "hh": "642", "id": "9330504.06", "pop": "1603", "rgid": "59", "rpid": "59933", "ruid": "5915001", "rguid": "5915"}},{"type":"Feature","geometry":{"type":"MultiPolygon","coordinates":[[[[-122.5827215317,49.18974827754],[-122.58065217643,49.18830949061],[-122.57856491594,49.18656955943],[-122.57768531678,49.18592176683],[-122.57636649885,49.18512937051],[-122.57434537152,49.18405309428],[-122.57311587944,49.18344752116],[-122.57142537789,49.18286097484],[-122.56672034954,49.18148087058],[-122.56275844808,49.18063431797],[-122.55639720649,49.17906138205],[-122.55099391443,49.17736194792],[-122.54964717717,49.17677347889],[-122.54754068959,49.17546932162],[-122.54302032138,49.17271003439],[-122.53971270167,49.17069074966],[-122.53843309899,49.16994497903],[-122.53659502955,49.16928901492],[-122.53489054831,49.16893111071],[-122.53264490469,49.16862375772],[-122.52031337226,49.16747177482],[-122.51467983583,49.16724353328],[-122.49437515098,49.16778197182],[-122.49319857343,49.16767622285],[-122.49201025936,49.16780524461],[-122.48759119386,49.16837408598],[-122.48480270549,49.16885788755],[-122.48228716164,49.16930860251],[-122.47982685561,49.16968597415],[-122.47240772367,49.17016044257],[-122.46582889554,49.17101516669],[-122.46251731025,49.17118680849],[-122.46239081204,49.1676634849],[-122.46233204925,49.16731571497],[-122.46221232058,49.16530464181],[-122.46226892032,49.16447074703],[-122.4620377146,49.16033876598],[-122.46165737879,49.15649599235],[-122.46149338776,49.1544348887],[-122.46147151695,49.15110067152],[-122.46170708882,49.15082516339],[-122.46161708202,49.15026705714],[-122.46160963152,49.14969124595],[-122.46156977538,49.14958309359],[-122.46152795646,49.14837755525],[-122.46146546843,49.14781051641],[-122.46144860467,49.14683894768],[-122.46139496911,49.14672178262],[-122.46124579896,49.14404040515],[-122.46120598287,49.14392336026],[-122.46115979781,49.1431225521],[-122.46102616955,49.14027033394],[-122.46097257405,49.14015308877],[-122.46096432242,49.13965831174],[-122.46036011122,49.12756843975],[-122.4606250044,49.11837356619],[-122.46044146583,49.10357419711],[-122.45995678302,49.08942726718],[-122.460019231,49.08893052739],[-122.46960469482,49.09265056811],[-122.4869638701,49.09934211504],[-122.49150731081,49.10114333256],[-122.49292450734,49.10171481765],[-122.49452287909,49.10233493126],[-122.49855159467,49.10408303395],[-122.5022747598,49.10543714159],[-122.50466997413,49.10638892245],[-122.50593703915,49.10698988908],[-122.51568236818,49.11066690919],[-122.53691940653,49.1189096414],[-122.54613931536,49.12255830156],[-122.55512609577,49.12607509596],[-122.55897619972,49.12760228744],[-122.56675856337,49.13060083173],[-122.57419047331,49.1335621636],[-122.5800137971,49.13585086788],[-122.58134719556,49.13634316142],[-122.58284009874,49.13698606713],[-122.58373439861,49.13732085878],[-122.58506939933,49.13786398392],[-122.59070501869,49.14006288169],[-122.59531094743,49.14190399542],[-122.5957498858,49.14209278137],[-122.60129854265,49.14427906136],[-122.60775988526,49.14685196602],[-122.612039995,49.14853894261],[-122.61369512672,49.14922595045],[-122.61646554964,49.15028440158],[-122.61835665379,49.1508588909],[-122.62216694166,49.15189378885],[-122.6237780113,49.15232363441],[-122.6238851222,49.15282586194],[-122.6239549005,49.15512385931],[-122.62391452362,49.15744937546],[-122.62394700938,49.16222598465],[-122.62391544491,49.1637467671],[-122.62399023027,49.16671871393],[-122.62394112109,49.17232028532],[-122.62397969543,49.17307943479],[-122.62392994534,49.17502781964],[-122.62395474027,49.1758432484],[-122.62395742406,49.17714936844],[-122.60710872793,49.17716631231],[-122.60036286448,49.17717880991],[-122.59973762365,49.17712313148],[-122.5978761212,49.17814721418],[-122.59733419775,49.17840073133],[-122.59671051912,49.17853263716],[-122.60028022806,49.18337565992],[-122.59327764295,49.1855550502],[-122.5900118021,49.18882253337],[-122.5827215317,49.18974827754]]]]},"properties":{"a": "70.96891", "q": "00010", "t": "CT", "dw": "2733", "hh": "2602", "id": "9330505.00", "pop": "7643", "rgid": "59", "rpid": "59933", "ruid": "5915001", "rguid": "5915"}},{"type":"Feature","geometry":{"type":"MultiPolygon","coordinates":[[[[-122.45982828199,49.07501920938],[-122.45980725237,49.07066131005],[-122.45987030119,49.06603098694],[-122.45990751361,49.06274179319],[-122.45990146509,49.06204012469],[-122.45978622274,49.06131089737],[-122.45975437788,49.06045621331],[-122.45975129353,49.05947563188],[-122.45978393952,49.05773065359],[-122.46254334693,49.05786576393],[-122.46618387563,49.05791787735],[-122.46727116739,49.05801793831],[-122.46767093057,49.05802274508],[-122.47078487744,49.05812344695],[-122.47638044036,49.05838285239],[-122.48152404658,49.0586759453],[-122.48207065663,49.05875934279],[-122.48968862869,49.05937801436],[-122.49448017894,49.05988901425],[-122.49608728299,49.06018126596],[-122.49804139591,49.06044908326],[-122.49929860705,49.06066558827],[-122.5002535123,49.06094546255],[-122.50150972203,49.06107115963],[-122.50342570122,49.06135395803],[-122.50570871749,49.06193742],[-122.51483877975,49.06451493115],[-122.51485388103,49.06719574784],[-122.50658074599,49.06732749344],[-122.50136283509,49.06742831547],[-122.49284876062,49.06763188225],[-122.49273692307,49.06231439107],[-122.49270960458,49.06185694663],[-122.48982746428,49.06187040559],[-122.48831873881,49.06197291],[-122.4865412347,49.06195472438],[-122.48327859836,49.0620414065],[-122.48167974593,49.06213093262],[-122.48132909193,49.06217984152],[-122.47613473422,49.06222286213],[-122.47613036807,49.06134122009],[-122.4760442868,49.06040534164],[-122.47223900599,49.06039692979],[-122.47081495982,49.06043542402],[-122.4708438405,49.06415975078],[-122.47085024953,49.06754171523],[-122.47089783657,49.06810002176],[-122.47096108568,49.07503591291],[-122.45982828199,49.07501920938]]]]},"properties":{"a": "3.05468", "q": "01010", "t": "CT", "dw": "1470", "hh": "1373", "id": "9330506.01", "pop": "3906", "rgid": "59", "rpid": "59933", "ruid": "5915001", "rguid": "5915"}},{"type":"Feature","geometry":{"type":"MultiPolygon","coordinates":[[[[-122.45978393952,49.05773065359],[-122.45978113557,49.05651289804],[-122.45980080328,49.05617450131],[-122.45979623685,49.05406953587],[-122.4597788123,49.05316069552],[-122.45966905768,49.0460854881],[-122.46243583547,49.04607935946],[-122.47074886671,49.04603321445],[-122.479379225,49.04598791063],[-122.48129756752,49.0459453707],[-122.48418836001,49.0459142068],[-122.49272879161,49.04580809731],[-122.50339890347,49.0455766112],[-122.51480649427,49.04533627262],[-122.51481454561,49.05997209128],[-122.51483877975,49.06451493115],[-122.50570871749,49.06193742],[-122.50342570122,49.06135395803],[-122.50150972203,49.06107115963],[-122.5002535123,49.06094546255],[-122.49929860705,49.06066558827],[-122.49804139591,49.06044908326],[-122.49608728299,49.06018126596],[-122.49448017894,49.05988901425],[-122.48968862869,49.05937801436],[-122.48207065663,49.05875934279],[-122.48152404658,49.0586759453],[-122.47638044036,49.05838285239],[-122.47078487744,49.05812344695],[-122.46767093057,49.05802274508],[-122.46727116739,49.05801793831],[-122.46618387563,49.05791787735],[-122.46254334693,49.05786576393],[-122.45978393952,49.05773065359]]]]},"properties":{"a": "6.26076", "q": "01010", "t": "CT", "dw": "2734", "hh": "2568", "id": "9330506.02", "pop": "7289", "rgid": "59", "rpid": "59933", "ruid": "5915001", "rguid": "5915"}}]}