{"type":"FeatureCollection","features":[{"type":"Feature","geometry":{"type":"MultiPolygon","coordinates":[[[[-123.0324364,49.2202059],[-123.032316,49.2251713],[-123.0233202,49.2251555],[-123.0233049,49.2218542],[-123.0231992,49.2136623],[-123.0234241,49.2091487],[-123.0232531,49.2080647],[-123.0282676,49.2078363],[-123.0308359,49.2080717],[-123.0303685,49.2087892],[-123.0282196,49.20949],[-123.0269519,49.2107802],[-123.028662,49.2110789],[-123.0294085,49.211917],[-123.0294991,49.214679],[-123.0300459,49.2159415],[-123.0313494,49.2169319],[-123.0322931,49.2182982],[-123.0324364,49.2202059]]]]},"properties":{"a": "1.0444", "t": "CT", "dw": "2290", "hh": "2255", "id": "9330001.01", "key": "CT01", "pop": "6505", "pop2": "6420", "rgid": "59", "rpid": "59933", "ruid": "5915022", "rguid": "5915"}},{"type":"Feature","geometry":{"type":"MultiPolygon","coordinates":[[[[-123.0413625,49.220203],[-123.0324364,49.2202059],[-123.0322931,49.2182982],[-123.0313494,49.2169319],[-123.0300459,49.2159415],[-123.0294991,49.214679],[-123.0294085,49.211917],[-123.028662,49.2110789],[-123.0269519,49.2107802],[-123.0282196,49.20949],[-123.0303685,49.2087892],[-123.0308359,49.2080717],[-123.0282676,49.2078363],[-123.0232531,49.2080647],[-123.0232948,49.2053005],[-123.0230908,49.2042685],[-123.0231137,49.2008216],[-123.025198,49.2014087],[-123.0277442,49.201688],[-123.0324262,49.2026218],[-123.0355237,49.2035827],[-123.0383983,49.204155],[-123.0406506,49.205062],[-123.0422599,49.2050592],[-123.0422456,49.2086958],[-123.0418437,49.2101973],[-123.0416448,49.2129977],[-123.0413625,49.220203]]]]},"properties":{"a": "1.926", "t": "CT", "dw": "1350", "hh": "1300", "id": "9330001.02", "key": "CT01", "pop": "3873", "pop2": "3844", "rgid": "59", "rpid": "59933", "ruid": "5915022", "rguid": "5915"}},{"type":"Feature","geometry":{"type":"MultiPolygon","coordinates":[[[[-123.0593385,49.2202042],[-123.0413625,49.220203],[-123.0416448,49.2129977],[-123.0418437,49.2101973],[-123.0422456,49.2086958],[-123.0422599,49.2050592],[-123.0466424,49.2053041],[-123.0551387,49.2050894],[-123.0565817,49.2051306],[-123.0571397,49.2069193],[-123.0568251,49.2079269],[-123.0556965,49.2091196],[-123.0551923,49.211325],[-123.0561079,49.2120263],[-123.0579148,49.2123251],[-123.0595073,49.2119223],[-123.0593385,49.2202042]]]]},"properties":{"a": "1.9653", "t": "CT", "dw": "2404", "hh": "2225", "id": "9330002.01", "key": "CT01", "pop": "5614", "pop2": "4874", "rgid": "59", "rpid": "59933", "ruid": "5915022", "rguid": "5915"}},{"type":"Feature","geometry":{"type":"MultiPolygon","coordinates":[[[[-123.0721753,49.218029],[-123.0721642,49.2198371],[-123.0694044,49.2201806],[-123.0593385,49.2202042],[-123.0595073,49.2119223],[-123.0579148,49.2123251],[-123.0561079,49.2120263],[-123.0551923,49.211325],[-123.0556965,49.2091196],[-123.0568251,49.2079269],[-123.0571397,49.2069193],[-123.0565817,49.2051306],[-123.0587011,49.2051911],[-123.0613928,49.2056763],[-123.0648115,49.2060359],[-123.0714201,49.2078785],[-123.0715059,49.2109052],[-123.0723023,49.2110216],[-123.0723212,49.2145298],[-123.0721753,49.218029]]]]},"properties":{"a": "1.5799", "t": "CT", "dw": "2454", "hh": "2335", "id": "9330002.02", "key": "CT01", "pop": "7399", "pop2": "7206", "rgid": "59", "rpid": "59933", "ruid": "5915022", "rguid": "5915"}},{"type":"Feature","geometry":{"type":"MultiPolygon","coordinates":[[[[-123.0910845,49.2181866],[-123.0741528,49.2180817],[-123.0721753,49.218029],[-123.0723212,49.2145298],[-123.0912154,49.2146783],[-123.0910845,49.2181866]]]]},"properties":{"a": "0.5394", "t": "CT", "dw": "962", "hh": "930", "id": "9330003.01", "key": "CT01", "pop": "3459", "pop2": "3340", "rgid": "59", "rpid": "59933", "ruid": "5915022", "rguid": "5915"}},{"type":"Feature","geometry":{"type":"MultiPolygon","coordinates":[[[[-123.0723212,49.2145298],[-123.0723023,49.2110216],[-123.0715059,49.2109052],[-123.0714201,49.2078785],[-123.0748933,49.2085665],[-123.079938,49.2079688],[-123.0867194,49.20688],[-123.0913277,49.205752],[-123.0912154,49.2146783],[-123.0723212,49.2145298]]]]},"properties":{"a": "1.1058", "t": "CT", "dw": "1204", "hh": "1185", "id": "9330003.02", "key": "CT01", "pop": "4448", "pop2": "4230", "rgid": "59", "rpid": "59933", "ruid": "5915022", "rguid": "5915"}},{"type":"Feature","geometry":{"type":"MultiPolygon","coordinates":[[[[-123.1170757,49.2178161],[-123.1136235,49.2178024],[-123.1109242,49.2176251],[-123.1083446,49.2176859],[-123.1064901,49.2174088],[-123.1064509,49.2183264],[-123.1020016,49.2182674],[-123.1026991,49.2071801],[-123.1026297,49.2047111],[-123.1062265,49.2046624],[-123.1094804,49.2050426],[-123.1125109,49.2051489],[-123.1149252,49.2048294],[-123.1173493,49.2041492],[-123.1174348,49.2060012],[-123.1173208,49.2100312],[-123.1170757,49.2178161]]]]},"properties":{"a": "1.5721", "t": "CT", "dw": "1413", "hh": "1330", "id": "9330004.01", "key": "CT01", "pop": "4117", "pop2": "4250", "rgid": "59", "rpid": "59933", "ruid": "5915022", "rguid": "5915"}},{"type":"Feature","geometry":{"type":"MultiPolygon","coordinates":[[[[-123.1020016,49.2182674],[-123.0910845,49.2181866],[-123.0912154,49.2146783],[-123.0913277,49.205752],[-123.0940824,49.20512],[-123.0979738,49.2050413],[-123.1026297,49.2047111],[-123.1026991,49.2071801],[-123.1020016,49.2182674]]]]},"properties":{"a": "1.1913", "t": "CT", "dw": "1586", "hh": "1485", "id": "9330004.02", "key": "CT01", "pop": "5179", "pop2": "4524", "rgid": "59", "rpid": "59933", "ruid": "5915022", "rguid": "5915"}},{"type":"Feature","geometry":{"type":"MultiPolygon","coordinates":[[[[-123.1409243,49.2023028],[-123.1404231,49.204947],[-123.1404924,49.2085391],[-123.1301816,49.2084972],[-123.124429,49.2084855],[-123.1215452,49.2082547],[-123.1173208,49.2100312],[-123.1174348,49.2060012],[-123.1173493,49.2041492],[-123.1199332,49.2034231],[-123.1260679,49.201213],[-123.1303433,49.2000067],[-123.1344519,49.1997927],[-123.1374687,49.2004299],[-123.1409243,49.2023028]]]]},"properties":{"a": "1.3751", "t": "CT", "dw": "4097", "hh": "3985", "id": "9330005.00", "key": "CT01", "pop": "6848", "pop2": "6553", "rgid": "59", "rpid": "59933", "ruid": "5915022", "rguid": "5915"}},{"type":"Feature","geometry":{"type":"MultiPolygon","coordinates":[[[[-123.1400701,49.2194149],[-123.1286169,49.2192573],[-123.129089,49.2175976],[-123.1301509,49.2150949],[-123.1301816,49.2084972],[-123.1404924,49.2085391],[-123.1400701,49.2194149]]]]},"properties":{"a": "0.915", "t": "CT", "dw": "1597", "hh": "1525", "id": "9330006.01", "key": "CT01", "pop": "4490", "pop2": "4471", "rgid": "59", "rpid": "59933", "ruid": "5915022", "rguid": "5915"}},{"type":"Feature","geometry":{"type":"MultiPolygon","coordinates":[[[[-123.1286169,49.2192573],[-123.1170069,49.2190961],[-123.1170757,49.2178161],[-123.1173208,49.2100312],[-123.1215452,49.2082547],[-123.124429,49.2084855],[-123.1301816,49.2084972],[-123.1301509,49.2150949],[-123.129089,49.2175976],[-123.1286169,49.2192573]]]]},"properties":{"a": "1.0764", "t": "CT", "dw": "1670", "hh": "1590", "id": "9330006.02", "key": "CT01", "pop": "5048", "pop2": "4857", "rgid": "59", "rpid": "59933", "ruid": "5915022", "rguid": "5915"}},{"type":"Feature","geometry":{"type":"MultiPolygon","coordinates":[[[[-123.1683531,49.2258357],[-123.1658217,49.2252354],[-123.1638286,49.2240252],[-123.1627907,49.223063],[-123.1604259,49.2224716],[-123.1589871,49.2217742],[-123.1586504,49.2195708],[-123.1504243,49.2194019],[-123.1496967,49.2195197],[-123.1400701,49.2194149],[-123.1404924,49.2085391],[-123.1404231,49.204947],[-123.1409243,49.2023028],[-123.1435157,49.2035687],[-123.1509921,49.2063818],[-123.1531805,49.2081863],[-123.1538214,49.209189],[-123.1569161,49.2115534],[-123.1607773,49.2137635],[-123.1624273,49.2144706],[-123.1664084,49.2154121],[-123.168162,49.2156693],[-123.1681857,49.2229547],[-123.1686886,49.2247994],[-123.1683531,49.2258357]]]]},"properties":{"a": "2.6222", "t": "CT", "dw": "1873", "hh": "1795", "id": "9330007.01", "key": "CT01", "pop": "4954", "pop2": "5181", "rgid": "59", "rpid": "59933", "ruid": "5915022", "rguid": "5915"}},{"type":"Feature","geometry":{"type":"MultiPolygon","coordinates":[[[[-123.1398443,49.2270072],[-123.1400701,49.2194149],[-123.1496967,49.2195197],[-123.1504243,49.2194019],[-123.1586504,49.2195708],[-123.1589871,49.2217742],[-123.1604259,49.2224716],[-123.1627907,49.223063],[-123.1638286,49.2240252],[-123.1658217,49.2252354],[-123.1683531,49.2258357],[-123.1674792,49.2273212],[-123.162974,49.2272467],[-123.1450363,49.2271087],[-123.1398443,49.2270072]]]]},"properties":{"a": "1.43", "t": "CT", "dw": "1198", "hh": "1145", "id": "9330007.02", "key": "CT01", "pop": "3670", "pop2": "3378", "rgid": "59", "rpid": "59933", "ruid": "5915022", "rguid": "5915"}},{"type":"Feature","geometry":{"type":"MultiPolygon","coordinates":[[[[-123.1996093,49.2219353],[-123.2026982,49.2233071],[-123.2043162,49.2248436],[-123.2063042,49.227597],[-123.2076668,49.228931],[-123.2123859,49.2321849],[-123.2182351,49.2353939],[-123.2206126,49.2365472],[-123.221386,49.2372036],[-123.2199203,49.23932],[-123.2095259,49.2354713],[-123.2068292,49.2376328],[-123.1996433,49.2355974],[-123.1969884,49.2349212],[-123.1939749,49.2347728],[-123.1787821,49.2347793],[-123.1673806,49.2347425],[-123.1674792,49.2273212],[-123.1683531,49.2258357],[-123.1686886,49.2247994],[-123.1681857,49.2229547],[-123.168162,49.2156693],[-123.1716893,49.2161893],[-123.1751312,49.2160333],[-123.1808835,49.2164095],[-123.1835623,49.2172822],[-123.190271,49.2201292],[-123.1996093,49.2219353]]]]},"properties":{"a": "5.5061", "t": "CT", "dw": "1845", "hh": "1755", "id": "9330008.00", "key": "CT01", "pop": "5364", "pop2": "5454", "rgid": "59", "rpid": "59933", "ruid": "5915022", "rguid": "5915"}},{"type":"Feature","geometry":{"type":"MultiPolygon","coordinates":[[[[-123.1552462,49.2346507],[-123.1396454,49.2344015],[-123.1398443,49.2270072],[-123.1450363,49.2271087],[-123.162974,49.2272467],[-123.1674792,49.2273212],[-123.1673806,49.2347425],[-123.165952,49.2347355],[-123.1552462,49.2346507]]]]},"properties":{"a": "1.6687", "t": "CT", "dw": "3290", "hh": "3095", "id": "9330009.00", "key": "CT01", "pop": "6945", "pop2": "6463", "rgid": "59", "rpid": "59933", "ruid": "5915022", "rguid": "5915"}},{"type":"Feature","geometry":{"type":"MultiPolygon","coordinates":[[[[-123.1396454,49.2344015],[-123.1365133,49.2343333],[-123.1164869,49.2335111],[-123.1167628,49.2262432],[-123.1253529,49.2263941],[-123.1398443,49.2270072],[-123.1396454,49.2344015]]]]},"properties":{"a": "1.3877", "t": "CT", "dw": "2064", "hh": "1755", "id": "9330010.01", "key": "CT01", "pop": "4571", "pop2": "4408", "rgid": "59", "rpid": "59933", "ruid": "5915022", "rguid": "5915"}},{"type":"Feature","geometry":{"type":"MultiPolygon","coordinates":[[[[-123.1400701,49.2194149],[-123.1398443,49.2270072],[-123.1253529,49.2263941],[-123.1167628,49.2262432],[-123.1170069,49.2190961],[-123.1286169,49.2192573],[-123.1400701,49.2194149]]]]},"properties":{"a": "1.3679", "t": "CT", "dw": "1615", "hh": "1550", "id": "9330010.02", "key": "CT01", "pop": "4478", "pop2": "4339", "rgid": "59", "rpid": "59933", "ruid": "5915022", "rguid": "5915"}},{"type":"Feature","geometry":{"type":"MultiPolygon","coordinates":[[[[-123.1170069,49.2190961],[-123.1167628,49.2262432],[-123.1110272,49.226004],[-123.1018524,49.2257203],[-123.0908912,49.2255028],[-123.0910845,49.2181866],[-123.1020016,49.2182674],[-123.1064509,49.2183264],[-123.1064901,49.2174088],[-123.1083446,49.2176859],[-123.1109242,49.2176251],[-123.1136235,49.2178024],[-123.1170757,49.2178161],[-123.1170069,49.2190961]]]]},"properties":{"a": "1.6342", "t": "CT", "dw": "2044", "hh": "1915", "id": "9330011.00", "key": "CT01", "pop": "6038", "pop2": "5737", "rgid": "59", "rpid": "59933", "ruid": "5915022", "rguid": "5915"}},{"type":"Feature","geometry":{"type":"MultiPolygon","coordinates":[[[[-123.1164869,49.2335111],[-123.1123625,49.2334418],[-123.1016613,49.2331099],[-123.0907132,49.2329481],[-123.0908912,49.2255028],[-123.1018524,49.2257203],[-123.1110272,49.226004],[-123.1167628,49.2262432],[-123.1164869,49.2335111]]]]},"properties":{"a": "1.5465", "t": "CT", "dw": "2756", "hh": "2560", "id": "9330012.00", "key": "CT01", "pop": "7482", "pop2": "7061", "rgid": "59", "rpid": "59933", "ruid": "5915022", "rguid": "5915"}},{"type":"Feature","geometry":{"type":"MultiPolygon","coordinates":[[[[-123.0907132,49.2329481],[-123.0744768,49.2326899],[-123.0716233,49.2326565],[-123.0718973,49.2251714],[-123.0908912,49.2255028],[-123.0907132,49.2329481]]]]},"properties":{"a": "1.1546", "t": "CT", "dw": "1924", "hh": "1820", "id": "9330013.01", "key": "CT01", "pop": "5927", "pop2": "5534", "rgid": "59", "rpid": "59933", "ruid": "5915022", "rguid": "5915"}},{"type":"Feature","geometry":{"type":"MultiPolygon","coordinates":[[[[-123.0910845,49.2181866],[-123.0908912,49.2255028],[-123.0718973,49.2251714],[-123.0721642,49.2198371],[-123.0721753,49.218029],[-123.0741528,49.2180817],[-123.0910845,49.2181866]]]]},"properties":{"a": "1.1075", "t": "CT", "dw": "2251", "hh": "2145", "id": "9330013.02", "key": "CT01", "pop": "7555", "pop2": "6931", "rgid": "59", "rpid": "59933", "ruid": "5915022", "rguid": "5915"}},{"type":"Feature","geometry":{"type":"MultiPolygon","coordinates":[[[[-123.0589277,49.2328157],[-123.0579525,49.2327893],[-123.0579073,49.2293801],[-123.0591572,49.2293795],[-123.0593281,49.2229927],[-123.0595468,49.2221201],[-123.0593385,49.2202042],[-123.0694044,49.2201806],[-123.0721642,49.2198371],[-123.0718973,49.2251714],[-123.0716233,49.2326565],[-123.0670592,49.2325775],[-123.0638322,49.2328618],[-123.0589277,49.2328157]]]]},"properties":{"a": "1.3197", "t": "CT", "dw": "2640", "hh": "2560", "id": "9330014.00", "key": "CT01", "pop": "8138", "pop2": "7387", "rgid": "59", "rpid": "59933", "ruid": "5915022", "rguid": "5915"}},{"type":"Feature","geometry":{"type":"MultiPolygon","coordinates":[[[[-123.0413625,49.220203],[-123.0409717,49.2292434],[-123.0233634,49.2292303],[-123.0233202,49.2251555],[-123.032316,49.2251713],[-123.0324364,49.2202059],[-123.0413625,49.220203]]]]},"properties":{"a": "0.9412", "t": "CT", "dw": "1361", "hh": "1325", "id": "9330015.01", "key": "CT01", "pop": "4588", "pop2": "4493", "rgid": "59", "rpid": "59933", "ruid": "5915022", "rguid": "5915"}},{"type":"Feature","geometry":{"type":"MultiPolygon","coordinates":[[[[-123.0409717,49.2292434],[-123.0413625,49.220203],[-123.0593385,49.2202042],[-123.0595468,49.2221201],[-123.0593281,49.2229927],[-123.0591572,49.2293795],[-123.0579073,49.2293801],[-123.043238,49.2292786],[-123.0409717,49.2292434]]]]},"properties":{"a": "1.3424", "t": "CT", "dw": "1924", "hh": "1750", "id": "9330015.02", "key": "CT01", "pop": "5307", "pop2": "5143", "rgid": "59", "rpid": "59933", "ruid": "5915022", "rguid": "5915"}},{"type":"Feature","geometry":{"type":"MultiPolygon","coordinates":[[[[-123.043238,49.2292786],[-123.0432394,49.2350189],[-123.0425433,49.2359173],[-123.0396171,49.2356125],[-123.0378309,49.2351454],[-123.0340793,49.2330507],[-123.0320978,49.2321777],[-123.0306721,49.2319722],[-123.023461,49.2323427],[-123.0233634,49.2292303],[-123.0409717,49.2292434],[-123.043238,49.2292786]]]]},"properties":{"a": "0.6867", "t": "CT", "dw": "1545", "hh": "1505", "id": "9330016.01", "key": "CT01", "pop": "4614", "pop2": "4258", "rgid": "59", "rpid": "59933", "ruid": "5915022", "rguid": "5915"}},{"type":"Feature","geometry":{"type":"MultiPolygon","coordinates":[[[[-123.0425433,49.2359173],[-123.0378351,49.2406415],[-123.033947,49.2390841],[-123.0235169,49.2344925],[-123.023461,49.2323427],[-123.0306721,49.2319722],[-123.0320978,49.2321777],[-123.0340793,49.2330507],[-123.0378309,49.2351454],[-123.0396171,49.2356125],[-123.0425433,49.2359173]]]]},"properties":{"a": "0.6692", "t": "CT", "dw": "2840", "hh": "2710", "id": "9330016.03", "key": "CT01", "pop": "6991", "pop2": "5110", "rgid": "59", "rpid": "59933", "ruid": "5915022", "rguid": "5915"}},{"type":"Feature","geometry":{"type":"MultiPolygon","coordinates":[[[[-123.0340873,49.2445915],[-123.0240576,49.244639],[-123.0235073,49.243011],[-123.0235044,49.2369662],[-123.0235169,49.2344925],[-123.033947,49.2390841],[-123.0378351,49.2406415],[-123.0426452,49.2426457],[-123.0436178,49.2432415],[-123.047126,49.2446229],[-123.0423172,49.2445888],[-123.0340873,49.2445915]]]]},"properties":{"a": "0.9497", "t": "CT", "dw": "2289", "hh": "2235", "id": "9330016.04", "key": "CT01", "pop": "6880", "pop2": "6867", "rgid": "59", "rpid": "59933", "ruid": "5915022", "rguid": "5915"}},{"type":"Feature","geometry":{"type":"MultiPolygon","coordinates":[[[[-123.0589363,49.2398351],[-123.0589933,49.2411691],[-123.0581967,49.2418743],[-123.0526574,49.2393673],[-123.0518326,49.238864],[-123.0477232,49.2370487],[-123.0457212,49.2364004],[-123.0425433,49.2359173],[-123.0432394,49.2350189],[-123.043238,49.2292786],[-123.0579073,49.2293801],[-123.0579525,49.2327893],[-123.0589277,49.2328157],[-123.0589363,49.2398351]]]]},"properties":{"a": "1.1649", "t": "CT", "dw": "1823", "hh": "1780", "id": "9330017.01", "key": "CT01", "pop": "6101", "pop2": "5747", "rgid": "59", "rpid": "59933", "ruid": "5915022", "rguid": "5915"}},{"type":"Feature","geometry":{"type":"MultiPolygon","coordinates":[[[[-123.0581967,49.2418743],[-123.0566871,49.2433413],[-123.0567161,49.2446636],[-123.047126,49.2446229],[-123.0436178,49.2432415],[-123.0426452,49.2426457],[-123.0378351,49.2406415],[-123.0425433,49.2359173],[-123.0457212,49.2364004],[-123.0477232,49.2370487],[-123.0518326,49.238864],[-123.0526574,49.2393673],[-123.0581967,49.2418743]]]]},"properties":{"a": "0.8539", "t": "CT", "dw": "1882", "hh": "1830", "id": "9330017.02", "key": "CT01", "pop": "6146", "pop2": "5495", "rgid": "59", "rpid": "59933", "ruid": "5915022", "rguid": "5915"}},{"type":"Feature","geometry":{"type":"MultiPolygon","coordinates":[[[[-123.0736776,49.2402374],[-123.0654483,49.2400894],[-123.063085,49.2398479],[-123.0589363,49.2398351],[-123.0589277,49.2328157],[-123.0638322,49.2328618],[-123.0670592,49.2325775],[-123.0716233,49.2326565],[-123.0744768,49.2326899],[-123.0742409,49.240237],[-123.0736776,49.2402374]]]]},"properties":{"a": "0.9181", "t": "CT", "dw": "1916", "hh": "1770", "id": "9330018.01", "key": "CT01", "pop": "6033", "pop2": "5857", "rgid": "59", "rpid": "59933", "ruid": "5915022", "rguid": "5915"}},{"type":"Feature","geometry":{"type":"MultiPolygon","coordinates":[[[[-123.0906171,49.2404592],[-123.0837205,49.2404014],[-123.0742409,49.240237],[-123.0744768,49.2326899],[-123.0907132,49.2329481],[-123.0906171,49.2404592]]]]},"properties":{"a": "0.9932", "t": "CT", "dw": "2078", "hh": "1995", "id": "9330018.02", "key": "CT01", "pop": "6405", "pop2": "6269", "rgid": "59", "rpid": "59933", "ruid": "5915022", "rguid": "5915"}},{"type":"Feature","geometry":{"type":"MultiPolygon","coordinates":[[[[-123.1186874,49.2412571],[-123.118241,49.2433346],[-123.1160954,49.2447129],[-123.1158681,49.2452823],[-123.1121298,49.2451828],[-123.1115505,49.2449385],[-123.1063754,49.2407156],[-123.0906171,49.2404592],[-123.0907132,49.2329481],[-123.1016613,49.2331099],[-123.1123625,49.2334418],[-123.1164869,49.2335111],[-123.1163624,49.2372245],[-123.1164687,49.2384761],[-123.118556,49.2405716],[-123.1186874,49.2412571]]]]},"properties":{"a": "1.8889", "t": "CT", "dw": "2082", "hh": "2000", "id": "9330019.00", "key": "CT01", "pop": "5358", "pop2": "5175", "rgid": "59", "rpid": "59933", "ruid": "5915022", "rguid": "5915"}},{"type":"Feature","geometry":{"type":"MultiPolygon","coordinates":[[[[-123.1394882,49.2419577],[-123.1281529,49.241602],[-123.1186874,49.2412571],[-123.118556,49.2405716],[-123.1164687,49.2384761],[-123.1163624,49.2372245],[-123.1164869,49.2335111],[-123.1365133,49.2343333],[-123.1396454,49.2344015],[-123.1394882,49.2419577]]]]},"properties":{"a": "1.3943", "t": "CT", "dw": "861", "hh": "805", "id": "9330020.00", "key": "CT01", "pop": "2582", "pop2": "2544", "rgid": "59", "rpid": "59933", "ruid": "5915022", "rguid": "5915"}},{"type":"Feature","geometry":{"type":"MultiPolygon","coordinates":[[[[-123.1506911,49.2574514],[-123.1459505,49.2573871],[-123.1387882,49.2572762],[-123.1389248,49.2509056],[-123.1392673,49.2489308],[-123.1394882,49.2419577],[-123.1396454,49.2344015],[-123.1552462,49.2346507],[-123.155133,49.2383281],[-123.1550603,49.2395901],[-123.1534841,49.2407796],[-123.1521932,49.2409342],[-123.1496917,49.2405597],[-123.1479064,49.2407868],[-123.146893,49.2418856],[-123.1469648,49.2429469],[-123.1478218,49.2446639],[-123.1491177,49.2461266],[-123.1515021,49.249436],[-123.1515453,49.2506234],[-123.1506744,49.2519823],[-123.1508296,49.2533134],[-123.1506911,49.2574514]]]]},"properties":{"a": "2.2025", "t": "CT", "dw": "1340", "hh": "1270", "id": "9330021.00", "key": "CT01", "pop": "4156", "pop2": "4222", "rgid": "59", "rpid": "59933", "ruid": "5915022", "rguid": "5915"}},{"type":"Feature","geometry":{"type":"MultiPolygon","coordinates":[[[[-123.1658135,49.2384957],[-123.155133,49.2383281],[-123.1552462,49.2346507],[-123.165952,49.2347355],[-123.1658135,49.2384957]]]]},"properties":{"a": "0.3206", "t": "CT", "dw": "1720", "hh": "1630", "id": "9330022.00", "key": "CT01", "pop": "2898", "pop2": "2694", "rgid": "59", "rpid": "59933", "ruid": "5915022", "rguid": "5915"}},{"type":"Feature","geometry":{"type":"MultiPolygon","coordinates":[[[[-123.1786172,49.2461766],[-123.1680925,49.2461654],[-123.1662379,49.246258],[-123.1654868,49.2459428],[-123.1658135,49.2384957],[-123.165952,49.2347355],[-123.1673806,49.2347425],[-123.1787821,49.2347793],[-123.1786928,49.2442785],[-123.1786172,49.2461766]]]]},"properties":{"a": "1.1987", "t": "CT", "dw": "1413", "hh": "1375", "id": "9330023.00", "key": "CT01", "pop": "4538", "pop2": "4435", "rgid": "59", "rpid": "59933", "ruid": "5915022", "rguid": "5915"}},{"type":"Feature","geometry":{"type":"MultiPolygon","coordinates":[[[[-123.1969884,49.2349212],[-123.1969348,49.2364499],[-123.1984924,49.2364501],[-123.198414,49.2385325],[-123.1969021,49.2385729],[-123.1968088,49.246219],[-123.186806,49.2461636],[-123.1786172,49.2461766],[-123.1786928,49.2442785],[-123.1787821,49.2347793],[-123.1939749,49.2347728],[-123.1969884,49.2349212]]]]},"properties":{"a": "1.7071", "t": "CT", "dw": "2007", "hh": "1920", "id": "9330024.00", "key": "CT01", "pop": "6038", "pop2": "6051", "rgid": "59", "rpid": "59933", "ruid": "5915022", "rguid": "5915"}},{"type":"Feature","geometry":{"type":"MultiPolygon","coordinates":[[[[-123.1968088,49.246219],[-123.1989323,49.2462625],[-123.2030551,49.2482681],[-123.2040825,49.2492211],[-123.201356,49.2500962],[-123.1968237,49.250324],[-123.1968365,49.252042],[-123.1965067,49.253936],[-123.1967258,49.256636],[-123.2011299,49.2567409],[-123.2030259,49.256648],[-123.2032339,49.2583368],[-123.1906565,49.2581317],[-123.1859105,49.2581156],[-123.1779459,49.2580016],[-123.1785389,49.2566765],[-123.1786172,49.2461766],[-123.186806,49.2461636],[-123.1968088,49.246219]]]]},"properties":{"a": "2.0121", "t": "CT", "dw": "2627", "hh": "2520", "id": "9330025.00", "key": "CT01", "pop": "7239", "pop2": "7219", "rgid": "59", "rpid": "59933", "ruid": "5915022", "rguid": "5915"}},{"type":"Feature","geometry":{"type":"MultiPolygon","coordinates":[[[[-123.1779459,49.2580016],[-123.1664104,49.2578603],[-123.1649297,49.2577558],[-123.1652479,49.2501634],[-123.165462,49.249274],[-123.1654868,49.2459428],[-123.1662379,49.246258],[-123.1680925,49.2461654],[-123.1786172,49.2461766],[-123.1785389,49.2566765],[-123.1779459,49.2580016]]]]},"properties":{"a": "1.2675", "t": "CT", "dw": "1800", "hh": "1725", "id": "9330026.00", "key": "CT01", "pop": "4956", "pop2": "4843", "rgid": "59", "rpid": "59933", "ruid": "5915022", "rguid": "5915"}},{"type":"Feature","geometry":{"type":"MultiPolygon","coordinates":[[[[-123.1649297,49.2577558],[-123.1626066,49.2576062],[-123.1506911,49.2574514],[-123.1508296,49.2533134],[-123.1506744,49.2519823],[-123.1515453,49.2506234],[-123.1515021,49.249436],[-123.1491177,49.2461266],[-123.1478218,49.2446639],[-123.1469648,49.2429469],[-123.146893,49.2418856],[-123.1479064,49.2407868],[-123.1496917,49.2405597],[-123.1521932,49.2409342],[-123.1534841,49.2407796],[-123.1550603,49.2395901],[-123.155133,49.2383281],[-123.1658135,49.2384957],[-123.1654868,49.2459428],[-123.165462,49.249274],[-123.1652479,49.2501634],[-123.1649297,49.2577558]]]]},"properties":{"a": "2.3332", "t": "CT", "dw": "2506", "hh": "2420", "id": "9330027.00", "key": "CT01", "pop": "6869", "pop2": "6841", "rgid": "59", "rpid": "59933", "ruid": "5915022", "rguid": "5915"}},{"type":"Feature","geometry":{"type":"MultiPolygon","coordinates":[[[[-123.1387882,49.2572762],[-123.1361391,49.2581171],[-123.1342441,49.2580975],[-123.131684,49.2572318],[-123.1271348,49.2571199],[-123.1274759,49.2508229],[-123.1279441,49.249323],[-123.1281529,49.241602],[-123.1394882,49.2419577],[-123.1392673,49.2489308],[-123.1389248,49.2509056],[-123.1387882,49.2572762]]]]},"properties":{"a": "1.4589", "t": "CT", "dw": "1225", "hh": "1170", "id": "9330028.00", "key": "CT01", "pop": "3218", "pop2": "3224", "rgid": "59", "rpid": "59933", "ruid": "5915022", "rguid": "5915"}},{"type":"Feature","geometry":{"type":"MultiPolygon","coordinates":[[[[-123.1271348,49.2571199],[-123.1151284,49.2569067],[-123.1153822,49.250143],[-123.1157301,49.2492828],[-123.1158681,49.2452823],[-123.1160954,49.2447129],[-123.118241,49.2433346],[-123.1186874,49.2412571],[-123.1281529,49.241602],[-123.1279441,49.249323],[-123.1274759,49.2508229],[-123.1271348,49.2571199]]]]},"properties":{"a": "1.4795", "t": "CT", "dw": "2434", "hh": "2350", "id": "9330029.00", "key": "CT01", "pop": "5901", "pop2": "5691", "rgid": "59", "rpid": "59933", "ruid": "5915022", "rguid": "5915"}},{"type":"Feature","geometry":{"type":"MultiPolygon","coordinates":[[[[-123.1158681,49.2452823],[-123.1157301,49.2492828],[-123.1077699,49.2492128],[-123.1012543,49.2490408],[-123.0904127,49.2488789],[-123.0904186,49.2445792],[-123.0906171,49.2404592],[-123.1063754,49.2407156],[-123.1115505,49.2449385],[-123.1121298,49.2451828],[-123.1158681,49.2452823]]]]},"properties":{"a": "1.4925", "t": "CT", "dw": "2324", "hh": "2260", "id": "9330030.00", "key": "CT01", "pop": "6587", "pop2": "6606", "rgid": "59", "rpid": "59933", "ruid": "5915022", "rguid": "5915"}},{"type":"Feature","geometry":{"type":"MultiPolygon","coordinates":[[[[-123.1151284,49.2569067],[-123.1013249,49.2566777],[-123.1010074,49.2550358],[-123.1012543,49.2490408],[-123.1077699,49.2492128],[-123.1157301,49.2492828],[-123.1153822,49.250143],[-123.1151284,49.2569067]]]]},"properties":{"a": "0.8708", "t": "CT", "dw": "2410", "hh": "2330", "id": "9330031.01", "key": "CT01", "pop": "5490", "pop2": "5460", "rgid": "59", "rpid": "59933", "ruid": "5915022", "rguid": "5915"}},{"type":"Feature","geometry":{"type":"MultiPolygon","coordinates":[[[[-123.1013249,49.2566777],[-123.0899593,49.2564802],[-123.0901951,49.2501204],[-123.0904127,49.2488789],[-123.1012543,49.2490408],[-123.1010074,49.2550358],[-123.1013249,49.2566777]]]]},"properties":{"a": "0.6795", "t": "CT", "dw": "1625", "hh": "1580", "id": "9330031.02", "key": "CT01", "pop": "4563", "pop2": "4468", "rgid": "59", "rpid": "59933", "ruid": "5915022", "rguid": "5915"}},{"type":"Feature","geometry":{"type":"MultiPolygon","coordinates":[[[[-123.0899593,49.2564802],[-123.0759826,49.2562024],[-123.0759421,49.2566342],[-123.0696476,49.2564043],[-123.0687462,49.255109],[-123.0654699,49.2523239],[-123.0650171,49.2514713],[-123.0679657,49.2525014],[-123.0719507,49.2525619],[-123.071977,49.2516804],[-123.0732824,49.2517065],[-123.0735394,49.2489179],[-123.0735391,49.248711],[-123.0763558,49.2486732],[-123.0904127,49.2488789],[-123.0901951,49.2501204],[-123.0899593,49.2564802]]]]},"properties":{"a": "1.2287", "t": "CT", "dw": "2596", "hh": "2490", "id": "9330032.00", "key": "CT01", "pop": "7463", "pop2": "6987", "rgid": "59", "rpid": "59933", "ruid": "5915022", "rguid": "5915"}},{"type":"Feature","geometry":{"type":"MultiPolygon","coordinates":[[[[-123.0904127,49.2488789],[-123.0763558,49.2486732],[-123.0735391,49.248711],[-123.0736776,49.2402374],[-123.0742409,49.240237],[-123.0837205,49.2404014],[-123.0906171,49.2404592],[-123.0904186,49.2445792],[-123.0904127,49.2488789]]]]},"properties":{"a": "1.151", "t": "CT", "dw": "2588", "hh": "2495", "id": "9330033.00", "key": "CT01", "pop": "7743", "pop2": "7166", "rgid": "59", "rpid": "59933", "ruid": "5915022", "rguid": "5915"}},{"type":"Feature","geometry":{"type":"MultiPolygon","coordinates":[[[[-123.0735394,49.2489179],[-123.0581967,49.2418743],[-123.0589933,49.2411691],[-123.0589363,49.2398351],[-123.063085,49.2398479],[-123.0654483,49.2400894],[-123.0736776,49.2402374],[-123.0735391,49.248711],[-123.0735394,49.2489179]]]]},"properties":{"a": "0.6604", "t": "CT", "dw": "1566", "hh": "1510", "id": "9330034.01", "key": "CT01", "pop": "4852", "pop2": "4526", "rgid": "59", "rpid": "59933", "ruid": "5915022", "rguid": "5915"}},{"type":"Feature","geometry":{"type":"MultiPolygon","coordinates":[[[[-123.0696476,49.2564043],[-123.0698407,49.2569169],[-123.0660064,49.2568832],[-123.0624678,49.2567699],[-123.0566063,49.2567712],[-123.0565994,49.2507624],[-123.0567241,49.2489763],[-123.0567161,49.2446636],[-123.0566871,49.2433413],[-123.0581967,49.2418743],[-123.0735394,49.2489179],[-123.0732824,49.2517065],[-123.071977,49.2516804],[-123.0719507,49.2525619],[-123.0679657,49.2525014],[-123.0650171,49.2514713],[-123.0654699,49.2523239],[-123.0687462,49.255109],[-123.0696476,49.2564043]]]]},"properties":{"a": "1.3795", "t": "CT", "dw": "2097", "hh": "2040", "id": "9330034.02", "key": "CT01", "pop": "6575", "pop2": "6297", "rgid": "59", "rpid": "59933", "ruid": "5915022", "rguid": "5915"}},{"type":"Feature","geometry":{"type":"MultiPolygon","coordinates":[[[[-123.0565994,49.2507624],[-123.04415,49.2508098],[-123.0440807,49.2500393],[-123.0418127,49.2491676],[-123.0418174,49.2450891],[-123.0423172,49.2445888],[-123.047126,49.2446229],[-123.0567161,49.2446636],[-123.0567241,49.2489763],[-123.0565994,49.2507624]]]]},"properties":{"a": "0.7226", "t": "CT", "dw": "1362", "hh": "1325", "id": "9330035.01", "key": "CT01", "pop": "3923", "pop2": "3959", "rgid": "59", "rpid": "59933", "ruid": "5915022", "rguid": "5915"}},{"type":"Feature","geometry":{"type":"MultiPolygon","coordinates":[[[[-123.065861,49.2624812],[-123.0580971,49.2624375],[-123.0546059,49.2622593],[-123.0443526,49.2622277],[-123.04415,49.2508098],[-123.0565994,49.2507624],[-123.0566063,49.2567712],[-123.0624678,49.2567699],[-123.0660064,49.2568832],[-123.065861,49.2624812]]]]},"properties":{"a": "1.5756", "t": "CT", "dw": "2565", "hh": "2485", "id": "9330035.02", "key": "CT01", "pop": "7182", "pop2": "6458", "rgid": "59", "rpid": "59933", "ruid": "5915022", "rguid": "5915"}},{"type":"Feature","geometry":{"type":"MultiPolygon","coordinates":[[[[-123.0443526,49.2622277],[-123.0337749,49.2621909],[-123.0337739,49.2500672],[-123.0339241,49.2497856],[-123.0340873,49.2445915],[-123.0423172,49.2445888],[-123.0418174,49.2450891],[-123.0418127,49.2491676],[-123.0440807,49.2500393],[-123.04415,49.2508098],[-123.0443526,49.2622277]]]]},"properties":{"a": "1.3799", "t": "CT", "dw": "1786", "hh": "1730", "id": "9330036.01", "key": "CT01", "pop": "5654", "pop2": "5551", "rgid": "59", "rpid": "59933", "ruid": "5915022", "rguid": "5915"}},{"type":"Feature","geometry":{"type":"MultiPolygon","coordinates":[[[[-123.0337749,49.2621909],[-123.0283047,49.2621914],[-123.0270213,49.2624129],[-123.0236702,49.2624727],[-123.023746,49.250698],[-123.0236774,49.2448916],[-123.0240576,49.244639],[-123.0340873,49.2445915],[-123.0339241,49.2497856],[-123.0337739,49.2500672],[-123.0337749,49.2621909]]]]},"properties":{"a": "1.4544", "t": "CT", "dw": "1657", "hh": "1605", "id": "9330036.02", "key": "CT01", "pop": "5185", "pop2": "5302", "rgid": "59", "rpid": "59933", "ruid": "5915022", "rguid": "5915"}},{"type":"Feature","geometry":{"type":"MultiPolygon","coordinates":[[[[-123.0892281,49.2625701],[-123.0776004,49.262534],[-123.0776495,49.2587559],[-123.075888,49.2573173],[-123.0759421,49.2566342],[-123.0759826,49.2562024],[-123.0899593,49.2564802],[-123.0893452,49.2588734],[-123.0892281,49.2625701]]]]},"properties":{"a": "0.6157", "t": "CT", "dw": "2139", "hh": "2075", "id": "9330037.01", "key": "CT01", "pop": "5256", "pop2": "5200", "rgid": "59", "rpid": "59933", "ruid": "5915022", "rguid": "5915"}},{"type":"Feature","geometry":{"type":"MultiPolygon","coordinates":[[[[-123.0776004,49.262534],[-123.065861,49.2624812],[-123.0660064,49.2568832],[-123.0698407,49.2569169],[-123.0696476,49.2564043],[-123.0759421,49.2566342],[-123.075888,49.2573173],[-123.0776495,49.2587559],[-123.0776004,49.262534]]]]},"properties":{"a": "0.5355", "t": "CT", "dw": "1633", "hh": "1605", "id": "9330037.02", "key": "CT01", "pop": "3643", "pop2": "3570", "rgid": "59", "rpid": "59933", "ruid": "5915022", "rguid": "5915"}},{"type":"Feature","geometry":{"type":"MultiPolygon","coordinates":[[[[-123.1009807,49.2631006],[-123.0968406,49.2629695],[-123.0958647,49.2626442],[-123.0892281,49.2625701],[-123.0893452,49.2588734],[-123.0899593,49.2564802],[-123.1013249,49.2566777],[-123.1009807,49.2631006]]]]},"properties":{"a": "0.5896", "t": "CT", "dw": "2313", "hh": "2255", "id": "9330038.00", "key": "CT01", "pop": "4766", "pop2": "4628", "rgid": "59", "rpid": "59933", "ruid": "5915022", "rguid": "5915"}},{"type":"Feature","geometry":{"type":"MultiPolygon","coordinates":[[[[-123.1148494,49.2633215],[-123.1009807,49.2631006],[-123.1013249,49.2566777],[-123.1151284,49.2569067],[-123.1148494,49.2633215]]]]},"properties":{"a": "0.7214", "t": "CT", "dw": "3218", "hh": "3145", "id": "9330039.01", "key": "CT01", "pop": "5397", "pop2": "5205", "rgid": "59", "rpid": "59933", "ruid": "5915022", "rguid": "5915"}},{"type":"Feature","geometry":{"type":"MultiPolygon","coordinates":[[[[-123.1266008,49.2635266],[-123.1148494,49.2633215],[-123.1151284,49.2569067],[-123.1271348,49.2571199],[-123.126743,49.2588099],[-123.1266721,49.2606384],[-123.1266008,49.2635266]]]]},"properties":{"a": "0.6103", "t": "CT", "dw": "2792", "hh": "2660", "id": "9330039.02", "key": "CT01", "pop": "4990", "pop2": "4970", "rgid": "59", "rpid": "59933", "ruid": "5915022", "rguid": "5915"}},{"type":"Feature","geometry":{"type":"MultiPolygon","coordinates":[[[[-123.1385875,49.2637542],[-123.1266008,49.2635266],[-123.1266721,49.2606384],[-123.1386617,49.2608577],[-123.1385875,49.2637542]]]]},"properties":{"a": "0.2806", "t": "CT", "dw": "2493", "hh": "2420", "id": "9330040.01", "key": "CT01", "pop": "3494", "pop2": "3539", "rgid": "59", "rpid": "59933", "ruid": "5915022", "rguid": "5915"}},{"type":"Feature","geometry":{"type":"MultiPolygon","coordinates":[[[[-123.1387882,49.2572762],[-123.1386617,49.2608577],[-123.1266721,49.2606384],[-123.126743,49.2588099],[-123.1271348,49.2571199],[-123.131684,49.2572318],[-123.1342441,49.2580975],[-123.1361391,49.2581171],[-123.1387882,49.2572762]]]]},"properties":{"a": "0.3075", "t": "CT", "dw": "2955", "hh": "2885", "id": "9330040.02", "key": "CT01", "pop": "4308", "pop2": "4308", "rgid": "59", "rpid": "59933", "ruid": "5915022", "rguid": "5915"}},{"type":"Feature","geometry":{"type":"MultiPolygon","coordinates":[[[[-123.1456937,49.2638624],[-123.1385875,49.2637542],[-123.1386617,49.2608577],[-123.1387882,49.2572762],[-123.1459505,49.2573871],[-123.1456937,49.2638624]]]]},"properties":{"a": "0.3745", "t": "CT", "dw": "2805", "hh": "2720", "id": "9330041.01", "key": "CT01", "pop": "4276", "pop2": "3754", "rgid": "59", "rpid": "59933", "ruid": "5915022", "rguid": "5915"}},{"type":"Feature","geometry":{"type":"MultiPolygon","coordinates":[[[[-123.1504496,49.2639283],[-123.1456937,49.2638624],[-123.1459505,49.2573871],[-123.1506911,49.2574514],[-123.1626066,49.2576062],[-123.1649297,49.2577558],[-123.1646624,49.2641608],[-123.1504496,49.2639283]]]]},"properties":{"a": "0.9975", "t": "CT", "dw": "3015", "hh": "2885", "id": "9330041.02", "key": "CT01", "pop": "5719", "pop2": "4033", "rgid": "59", "rpid": "59933", "ruid": "5915022", "rguid": "5915"}},{"type":"Feature","geometry":{"type":"MultiPolygon","coordinates":[[[[-123.1859268,49.2644703],[-123.1646624,49.2641608],[-123.1649297,49.2577558],[-123.1664104,49.2578603],[-123.1779459,49.2580016],[-123.1859105,49.2581156],[-123.1860543,49.2617625],[-123.1859268,49.2644703]]]]},"properties":{"a": "1.0896", "t": "CT", "dw": "2612", "hh": "2540", "id": "9330042.00", "key": "CT01", "pop": "5881", "pop2": "5713", "rgid": "59", "rpid": "59933", "ruid": "5915022", "rguid": "5915"}},{"type":"Feature","geometry":{"type":"MultiPolygon","coordinates":[[[[-123.2032339,49.2583368],[-123.2155578,49.2584785],[-123.2152,49.2657235],[-123.2031122,49.2655388],[-123.2032339,49.2583368]]]]},"properties":{"a": "0.7136", "t": "CT", "dw": "1569", "hh": "1510", "id": "9330043.01", "key": "CT01", "pop": "3743", "pop2": "3813", "rgid": "59", "rpid": "59933", "ruid": "5915022", "rguid": "5915"}},{"type":"Feature","geometry":{"type":"MultiPolygon","coordinates":[[[[-123.2031122,49.2655388],[-123.18593,49.2653248],[-123.1859268,49.2644703],[-123.1860543,49.2617625],[-123.1859105,49.2581156],[-123.1906565,49.2581317],[-123.2032339,49.2583368],[-123.2031122,49.2655388]]]]},"properties":{"a": "1.0048", "t": "CT", "dw": "1652", "hh": "1565", "id": "9330043.02", "key": "CT01", "pop": "4180", "pop2": "4150", "rgid": "59", "rpid": "59933", "ruid": "5915022", "rguid": "5915"}},{"type":"Feature","geometry":{"type":"MultiPolygon","coordinates":[[[[-123.2239995,49.2777877],[-123.2217098,49.2775399],[-123.2154723,49.2764381],[-123.2102134,49.2752247],[-123.2083,49.2752762],[-123.2068229,49.2756406],[-123.2019295,49.2763135],[-123.200358,49.2756255],[-123.1985681,49.2753231],[-123.1971701,49.2742754],[-123.1965274,49.2731398],[-123.1944458,49.2723768],[-123.1911592,49.2726523],[-123.187701,49.2733017],[-123.1856854,49.2732591],[-123.1857917,49.2687702],[-123.18593,49.2653248],[-123.2031122,49.2655388],[-123.2152,49.2657235],[-123.2151338,49.267451],[-123.2194359,49.267371],[-123.21958,49.2688729],[-123.2215579,49.2687176],[-123.2214223,49.2705135],[-123.2237477,49.2728353],[-123.223723,49.2748266],[-123.2242773,49.2765177],[-123.2239995,49.2777877]]]]},"properties":{"a": "2.7412", "t": "CT", "dw": "2172", "hh": "2110", "id": "9330044.00", "key": "CT01", "pop": "4753", "pop2": "4921", "rgid": "59", "rpid": "59933", "ruid": "5915022", "rguid": "5915"}},{"type":"Feature","geometry":{"type":"MultiPolygon","coordinates":[[[[-123.1856854,49.2732591],[-123.1792498,49.272235],[-123.1731653,49.2717196],[-123.1710801,49.2718512],[-123.1679606,49.2725205],[-123.1641946,49.27401],[-123.1644979,49.2684337],[-123.1857917,49.2687702],[-123.1856854,49.2732591]]]]},"properties":{"a": "0.6633", "t": "CT", "dw": "2550", "hh": "2485", "id": "9330045.01", "key": "CT01", "pop": "4843", "pop2": "4191", "rgid": "59", "rpid": "59933", "ruid": "5915022", "rguid": "5915"}},{"type":"Feature","geometry":{"type":"MultiPolygon","coordinates":[[[[-123.18593,49.2653248],[-123.1857917,49.2687702],[-123.1644979,49.2684337],[-123.1646624,49.2641608],[-123.1859268,49.2644703],[-123.18593,49.2653248]]]]},"properties":{"a": "0.7355", "t": "CT", "dw": "2674", "hh": "2595", "id": "9330045.02", "key": "CT01", "pop": "5215", "pop2": "5081", "rgid": "59", "rpid": "59933", "ruid": "5915022", "rguid": "5915"}},{"type":"Feature","geometry":{"type":"MultiPolygon","coordinates":[[[[-123.1503253,49.2682461],[-123.1504496,49.2639283],[-123.1646624,49.2641608],[-123.1644979,49.2684337],[-123.1574597,49.2683446],[-123.1503253,49.2682461]]]]},"properties":{"a": "0.494", "t": "CT", "dw": "3091", "hh": "3025", "id": "9330046.00", "key": "CT01", "pop": "4972", "pop2": "4793", "rgid": "59", "rpid": "59933", "ruid": "5915022", "rguid": "5915"}},{"type":"Feature","geometry":{"type":"MultiPolygon","coordinates":[[[[-123.1641946,49.27401],[-123.161505,49.2743903],[-123.1594718,49.2739327],[-123.1572442,49.273834],[-123.1574597,49.2683446],[-123.1644979,49.2684337],[-123.1641946,49.27401]]]]},"properties":{"a": "0.3267", "t": "CT", "dw": "2366", "hh": "2305", "id": "9330047.01", "key": "CT01", "pop": "3555", "pop2": "3381", "rgid": "59", "rpid": "59933", "ruid": "5915022", "rguid": "5915"}},{"type":"Feature","geometry":{"type":"MultiPolygon","coordinates":[[[[-123.1572442,49.273834],[-123.1553648,49.2738346],[-123.1547448,49.2745497],[-123.1523352,49.2764195],[-123.1520227,49.2775388],[-123.1496108,49.2779843],[-123.1499924,49.2763243],[-123.1510981,49.2762701],[-123.1524086,49.2746649],[-123.1525383,49.2726959],[-123.1501874,49.272663],[-123.1503253,49.2682461],[-123.1574597,49.2683446],[-123.1572442,49.273834]]]]},"properties":{"a": "0.3676", "t": "CT", "dw": "2774", "hh": "2710", "id": "9330047.02", "key": "CT01", "pop": "4119", "pop2": "4250", "rgid": "59", "rpid": "59933", "ruid": "5915022", "rguid": "5915"}},{"type":"Feature","geometry":{"type":"MultiPolygon","coordinates":[[[[-123.1496108,49.2779843],[-123.1477212,49.278652],[-123.1459522,49.2779688],[-123.1451829,49.2787209],[-123.1434655,49.2788109],[-123.1421149,49.2785528],[-123.1407748,49.2778213],[-123.1392543,49.2747862],[-123.1455683,49.2726239],[-123.1455764,49.2706989],[-123.1410948,49.2706145],[-123.1410649,49.269787],[-123.1384129,49.2697901],[-123.1382151,49.2682253],[-123.1384315,49.2663638],[-123.1385875,49.2637542],[-123.1456937,49.2638624],[-123.1504496,49.2639283],[-123.1503253,49.2682461],[-123.1501874,49.272663],[-123.1525383,49.2726959],[-123.1524086,49.2746649],[-123.1510981,49.2762701],[-123.1499924,49.2763243],[-123.1496108,49.2779843]]]]},"properties":{"a": "1.1993", "t": "CT", "dw": "4110", "hh": "3995", "id": "9330048.00", "key": "CT01", "pop": "6323", "pop2": "5873", "rgid": "59", "rpid": "59933", "ruid": "5915022", "rguid": "5915"}},{"type":"Feature","geometry":{"type":"MultiPolygon","coordinates":[[[[-123.1145692,49.2712512],[-123.1115268,49.2719809],[-123.1095001,49.2728077],[-123.1071215,49.2724982],[-123.1044728,49.2724593],[-123.1030284,49.2729191],[-123.1017298,49.2731296],[-123.1001896,49.272915],[-123.1007345,49.2710892],[-123.1007182,49.2691906],[-123.1009807,49.2631006],[-123.1148494,49.2633215],[-123.1266008,49.2635266],[-123.1385875,49.2637542],[-123.1384315,49.2663638],[-123.1264022,49.2662149],[-123.1227366,49.2662361],[-123.114759,49.2658582],[-123.1145692,49.2712512]]]]},"properties":{"a": "1.55", "t": "CT", "dw": "3122", "hh": "2980", "id": "9330049.01", "key": "CT01", "pop": "5251", "pop2": "4410", "rgid": "59", "rpid": "59933", "ruid": "5915022", "rguid": "5915"}},{"type":"Feature","geometry":{"type":"MultiPolygon","coordinates":[[[[-123.1392543,49.2747862],[-123.1398995,49.2729768],[-123.1389226,49.2710205],[-123.1376233,49.2707151],[-123.1365708,49.2733378],[-123.134778,49.273278],[-123.1303273,49.2695306],[-123.1304913,49.2683961],[-123.1323064,49.2686459],[-123.1328534,49.2679347],[-123.1317124,49.2674144],[-123.1296793,49.2684151],[-123.126127,49.2682008],[-123.1243624,49.2677648],[-123.122022,49.2685704],[-123.1206296,49.2679312],[-123.1189714,49.2679543],[-123.118644,49.2695064],[-123.1145692,49.2712512],[-123.114759,49.2658582],[-123.1227366,49.2662361],[-123.1264022,49.2662149],[-123.1384315,49.2663638],[-123.1382151,49.2682253],[-123.1384129,49.2697901],[-123.1410649,49.269787],[-123.1410948,49.2706145],[-123.1455764,49.2706989],[-123.1455683,49.2726239],[-123.1392543,49.2747862]]]]},"properties":{"a": "0.8234", "t": "CT", "dw": "3336", "hh": "3185", "id": "9330049.02", "key": "CT01", "pop": "5909", "pop2": "5550", "rgid": "59", "rpid": "59933", "ruid": "5915022", "rguid": "5915"}},{"type":"Feature","geometry":{"type":"MultiPolygon","coordinates":[[[[-123.0775843,49.2697841],[-123.0657074,49.2696925],[-123.065861,49.2624812],[-123.0776004,49.262534],[-123.0776323,49.2652955],[-123.0775843,49.2697841]]]]},"properties":{"a": "0.6926", "t": "CT", "dw": "3396", "hh": "3345", "id": "9330050.02", "key": "CT01", "pop": "6286", "pop2": "6335", "rgid": "59", "rpid": "59933", "ruid": "5915022", "rguid": "5915"}},{"type":"Feature","geometry":{"type":"MultiPolygon","coordinates":[[[[-123.1001896,49.272915],[-123.080804,49.2698293],[-123.0775843,49.2697841],[-123.0776323,49.2652955],[-123.0823154,49.265487],[-123.0891117,49.2667683],[-123.0892281,49.2625701],[-123.0958647,49.2626442],[-123.0968406,49.2629695],[-123.1009807,49.2631006],[-123.1007182,49.2691906],[-123.1007345,49.2710892],[-123.1001896,49.272915]]]]},"properties":{"a": "1.2925", "t": "CT", "dw": "2972", "hh": "2865", "id": "9330050.03", "key": "CT01", "pop": "4859", "pop2": "4442", "rgid": "59", "rpid": "59933", "ruid": "5915022", "rguid": "5915"}},{"type":"Feature","geometry":{"type":"MultiPolygon","coordinates":[[[[-123.0892281,49.2625701],[-123.0891117,49.2667683],[-123.0823154,49.265487],[-123.0776323,49.2652955],[-123.0776004,49.262534],[-123.0892281,49.2625701]]]]},"properties":{"a": "0.3079", "t": "CT", "dw": "1963", "hh": "1930", "id": "9330050.04", "key": "CT01", "pop": "3702", "pop2": "3802", "rgid": "59", "rpid": "59933", "ruid": "5915022", "rguid": "5915"}},{"type":"Feature","geometry":{"type":"MultiPolygon","coordinates":[[[[-123.0657074,49.2696925],[-123.0566622,49.2696253],[-123.0440982,49.2696615],[-123.0443526,49.2622277],[-123.0546059,49.2622593],[-123.0580971,49.2624375],[-123.065861,49.2624812],[-123.0657074,49.2696925]]]]},"properties":{"a": "1.2767", "t": "CT", "dw": "2736", "hh": "2610", "id": "9330051.00", "key": "CT01", "pop": "7596", "pop2": "7344", "rgid": "59", "rpid": "59933", "ruid": "5915022", "rguid": "5915"}},{"type":"Feature","geometry":{"type":"MultiPolygon","coordinates":[[[[-123.0440982,49.2696615],[-123.0307255,49.2697211],[-123.0235844,49.2696314],[-123.0236702,49.2624727],[-123.0270213,49.2624129],[-123.0283047,49.2621914],[-123.0337749,49.2621909],[-123.0443526,49.2622277],[-123.0440982,49.2696615]]]]},"properties":{"a": "1.241", "t": "CT", "dw": "1943", "hh": "1905", "id": "9330052.01", "key": "CT01", "pop": "5678", "pop2": "5559", "rgid": "59", "rpid": "59933", "ruid": "5915022", "rguid": "5915"}},{"type":"Feature","geometry":{"type":"MultiPolygon","coordinates":[[[[-123.0440648,49.2775469],[-123.030934,49.2775149],[-123.0235418,49.2774731],[-123.0235592,49.2758152],[-123.0235844,49.2696314],[-123.0307255,49.2697211],[-123.0440982,49.2696615],[-123.0440648,49.2775469]]]]},"properties":{"a": "1.301", "t": "CT", "dw": "2028", "hh": "1995", "id": "9330052.02", "key": "CT01", "pop": "6244", "pop2": "5499", "rgid": "59", "rpid": "59933", "ruid": "5915022", "rguid": "5915"}},{"type":"Feature","geometry":{"type":"MultiPolygon","coordinates":[[[[-123.026291,49.2929168],[-123.0263978,49.2916542],[-123.0273275,49.2896087],[-123.0310224,49.2867979],[-123.030934,49.2775149],[-123.0440648,49.2775469],[-123.0519556,49.2775613],[-123.0518808,49.2849194],[-123.0517356,49.2934604],[-123.0499938,49.2940837],[-123.0481976,49.2933307],[-123.0462054,49.2938334],[-123.0458601,49.2930994],[-123.0438557,49.2921436],[-123.0424761,49.2925702],[-123.0399022,49.2918959],[-123.0390726,49.2911371],[-123.0360708,49.2906121],[-123.0332253,49.2905847],[-123.0323601,49.2901979],[-123.0303559,49.2917234],[-123.0280324,49.2926996],[-123.026291,49.2929168]]]]},"properties":{"a": "2.5931", "t": "CT", "dw": "2114", "hh": "2065", "id": "9330053.01", "key": "CT01", "pop": "6346", "pop2": "5938", "rgid": "59", "rpid": "59933", "ruid": "5915022", "rguid": "5915"}},{"type":"Feature","geometry":{"type":"MultiPolygon","coordinates":[[[[-123.0231289,49.2934522],[-123.0234205,49.2902509],[-123.0234978,49.2812289],[-123.0235418,49.2774731],[-123.030934,49.2775149],[-123.0310224,49.2867979],[-123.0273275,49.2896087],[-123.0263978,49.2916542],[-123.026291,49.2929168],[-123.0250134,49.2933394],[-123.0231289,49.2934522]]]]},"properties":{"a": "0.7913", "t": "CT", "dw": "1126", "hh": "1105", "id": "9330053.02", "key": "CT01", "pop": "3087", "pop2": "3135", "rgid": "59", "rpid": "59933", "ruid": "5915022", "rguid": "5915"}},{"type":"Feature","geometry":{"type":"MultiPolygon","coordinates":[[[[-123.0656067,49.2767088],[-123.0655941,49.2776173],[-123.0565888,49.2775681],[-123.0566622,49.2696253],[-123.0657074,49.2696925],[-123.0656067,49.2767088]]]]},"properties":{"a": "0.5797", "t": "CT", "dw": "1568", "hh": "1540", "id": "9330054.01", "key": "CT01", "pop": "3984", "pop2": "4044", "rgid": "59", "rpid": "59933", "ruid": "5915022", "rguid": "5915"}},{"type":"Feature","geometry":{"type":"MultiPolygon","coordinates":[[[[-123.0519556,49.2775613],[-123.0440648,49.2775469],[-123.0440982,49.2696615],[-123.0566622,49.2696253],[-123.0565888,49.2775681],[-123.0519556,49.2775613]]]]},"properties":{"a": "0.8018", "t": "CT", "dw": "1457", "hh": "1420", "id": "9330054.02", "key": "CT01", "pop": "4246", "pop2": "4155", "rgid": "59", "rpid": "59933", "ruid": "5915022", "rguid": "5915"}},{"type":"Feature","geometry":{"type":"MultiPolygon","coordinates":[[[[-123.0655941,49.2776173],[-123.0654663,49.2848765],[-123.0576424,49.2850066],[-123.0518808,49.2849194],[-123.0519556,49.2775613],[-123.0565888,49.2775681],[-123.0655941,49.2776173]]]]},"properties":{"a": "0.8113", "t": "CT", "dw": "2419", "hh": "2355", "id": "9330055.01", "key": "CT01", "pop": "5299", "pop2": "5349", "rgid": "59", "rpid": "59933", "ruid": "5915022", "rguid": "5915"}},{"type":"Feature","geometry":{"type":"MultiPolygon","coordinates":[[[[-123.0517356,49.2934604],[-123.0518808,49.2849194],[-123.0576424,49.2850066],[-123.0654663,49.2848765],[-123.0652736,49.2889766],[-123.0650932,49.2872102],[-123.0641626,49.2872598],[-123.0639373,49.2882212],[-123.0626619,49.2891909],[-123.0599774,49.2907088],[-123.0599397,49.291384],[-123.0581663,49.2916436],[-123.0570465,49.2922834],[-123.0557285,49.2922742],[-123.0517356,49.2934604]]]]},"properties":{"a": "0.6639", "t": "CT", "dw": "2489", "hh": "2430", "id": "9330055.02", "key": "CT01", "pop": "4615", "pop2": "4492", "rgid": "59", "rpid": "59933", "ruid": "5915022", "rguid": "5915"}},{"type":"Feature","geometry":{"type":"MultiPolygon","coordinates":[[[[-123.0652736,49.2889766],[-123.0654663,49.2848765],[-123.0655941,49.2776173],[-123.0656067,49.2767088],[-123.0773478,49.2767735],[-123.0771076,49.2814422],[-123.0769533,49.2845955],[-123.0772984,49.2870877],[-123.0773422,49.2897297],[-123.0699011,49.2883458],[-123.0698925,49.2897826],[-123.0684301,49.2897973],[-123.0684784,49.2869664],[-123.0673091,49.2876505],[-123.0657311,49.2877336],[-123.0652736,49.2889766]]]]},"properties":{"a": "1.137", "t": "CT", "dw": "2409", "hh": "2335", "id": "9330056.01", "key": "CT01", "pop": "4290", "pop2": "4365", "rgid": "59", "rpid": "59933", "ruid": "5915022", "rguid": "5915"}},{"type":"Feature","geometry":{"type":"MultiPolygon","coordinates":[[[[-123.0773478,49.2767735],[-123.0656067,49.2767088],[-123.0657074,49.2696925],[-123.0775843,49.2697841],[-123.0773478,49.2767735]]]]},"properties":{"a": "0.6678", "t": "CT", "dw": "2335", "hh": "2290", "id": "9330056.02", "key": "CT01", "pop": "4469", "pop2": "4345", "rgid": "59", "rpid": "59933", "ruid": "5915022", "rguid": "5915"}},{"type":"Feature","geometry":{"type":"MultiPolygon","coordinates":[[[[-123.1001289,49.276846],[-123.0997671,49.2815058],[-123.0936345,49.281358],[-123.0938042,49.2765814],[-123.0971042,49.2768216],[-123.1001289,49.276846]]]]},"properties":{"a": "0.2373", "t": "CT", "dw": "1768", "hh": "1650", "id": "9330057.01", "key": "CT01", "pop": "2854", "pop2": "2633", "rgid": "59", "rpid": "59933", "ruid": "5915022", "rguid": "5915"}},{"type":"Feature","geometry":{"type":"MultiPolygon","coordinates":[[[[-123.1001896,49.272915],[-123.1001289,49.276846],[-123.0971042,49.2768216],[-123.0938042,49.2765814],[-123.0936345,49.281358],[-123.0812457,49.2811155],[-123.0771076,49.2814422],[-123.0773478,49.2767735],[-123.0775843,49.2697841],[-123.080804,49.2698293],[-123.1001896,49.272915]]]]},"properties":{"a": "1.6265", "t": "CT", "dw": "2529", "hh": "2400", "id": "9330057.02", "key": "CT01", "pop": "5065", "pop2": "5470", "rgid": "59", "rpid": "59933", "ruid": "5915022", "rguid": "5915"}},{"type":"Feature","geometry":{"type":"MultiPolygon","coordinates":[[[[-123.0773422,49.2897297],[-123.0772984,49.2870877],[-123.0769533,49.2845955],[-123.0771076,49.2814422],[-123.0812457,49.2811155],[-123.0936345,49.281358],[-123.0997671,49.2815058],[-123.0996745,49.2833499],[-123.0999983,49.2846174],[-123.0994424,49.287378],[-123.0977978,49.2864923],[-123.0966985,49.2868321],[-123.0974856,49.2875469],[-123.0993309,49.2880661],[-123.0990912,49.290017],[-123.0920809,49.2883372],[-123.0919789,49.2896921],[-123.0897252,49.2890729],[-123.0898046,49.285881],[-123.0884817,49.2856176],[-123.0883279,49.2882652],[-123.0867874,49.2882322],[-123.0868249,49.2849887],[-123.0856652,49.2848009],[-123.0854374,49.2863745],[-123.0841107,49.2863548],[-123.0842732,49.2847824],[-123.083118,49.2847244],[-123.0817862,49.2855625],[-123.0823042,49.2865691],[-123.0814559,49.2871731],[-123.0799014,49.2874523],[-123.0782486,49.2871957],[-123.0775219,49.2875811],[-123.0773422,49.2897297]]]]},"properties":{"a": "1.1338", "t": "CT", "dw": "3056", "hh": "2675", "id": "9330058.00", "key": "CT01", "pop": "3535", "pop2": "3412", "rgid": "59", "rpid": "59933", "ruid": "5915022", "rguid": "5915"}},{"type":"Feature","geometry":{"type":"MultiPolygon","coordinates":[[[[-123.1145254,49.2728173],[-123.1191048,49.2727962],[-123.1193707,49.2713709],[-123.1209907,49.2708623],[-123.1224057,49.2711426],[-123.1234209,49.2704549],[-123.1245979,49.2708139],[-123.1274007,49.2707689],[-123.1292801,49.2719981],[-123.1300395,49.2715866],[-123.1319522,49.2728041],[-123.1347764,49.2749301],[-123.1356082,49.2759608],[-123.1324133,49.2771231],[-123.1269055,49.2735739],[-123.1255604,49.2731714],[-123.1250874,49.2740616],[-123.1199004,49.2774658],[-123.1144888,49.2738283],[-123.1145254,49.2728173]]]]},"properties":{"a": "0.5928", "t": "CT", "dw": "4158", "hh": "3660", "id": "9330059.03", "key": "CT01", "pop": "7210", "pop2": "3005", "rgid": "59", "rpid": "59933", "ruid": "5915022", "rguid": "5915"}},{"type":"Feature","geometry":{"type":"MultiPolygon","coordinates":[[[[-123.1259592,49.2813717],[-123.1199004,49.2774658],[-123.1250874,49.2740616],[-123.1255604,49.2731714],[-123.1269055,49.2735739],[-123.1324133,49.2771231],[-123.1291019,49.2793143],[-123.1259592,49.2813717]]]]},"properties":{"a": "0.4141", "t": "CT", "dw": "4919", "hh": "4305", "id": "9330059.04", "key": "CT01", "pop": "6118", "pop2": "5060", "rgid": "59", "rpid": "59933", "ruid": "5915022", "rguid": "5915"}},{"type":"Feature","geometry":{"type":"MultiPolygon","coordinates":[[[[-123.1030284,49.2729191],[-123.1045807,49.2733594],[-123.103791,49.2742494],[-123.1038272,49.2755535],[-123.1070729,49.2757498],[-123.1089226,49.2744581],[-123.112359,49.2732706],[-123.1145254,49.2728173],[-123.1144888,49.2738283],[-123.1199004,49.2774658],[-123.1259592,49.2813717],[-123.1228626,49.2834216],[-123.1151823,49.288472],[-123.1141484,49.2884866],[-123.1106342,49.2897381],[-123.10886,49.2891287],[-123.1127233,49.2876888],[-123.1115822,49.2873621],[-123.1097165,49.2874662],[-123.1094035,49.2866302],[-123.108084,49.2868751],[-123.108889,49.2843552],[-123.1109389,49.2847069],[-123.1129436,49.2834456],[-123.1102913,49.2817044],[-123.106118,49.2808347],[-123.1064461,49.2797552],[-123.104296,49.2794056],[-123.1023053,49.2794108],[-123.1023017,49.2771589],[-123.1001289,49.276846],[-123.1001896,49.272915],[-123.1017298,49.2731296],[-123.1030284,49.2729191]]]]},"properties":{"a": "1.6508", "t": "CT", "dw": "4595", "hh": "3955", "id": "9330059.05", "key": "CT01", "pop": "6653", "pop2": "3845", "rgid": "59", "rpid": "59933", "ruid": "5915022", "rguid": "5915"}},{"type":"Feature","geometry":{"type":"MultiPolygon","coordinates":[[[[-123.0990912,49.290017],[-123.0993309,49.2880661],[-123.0997487,49.2884256],[-123.0990912,49.290017]]],[[[-123.0994424,49.287378],[-123.0999983,49.2846174],[-123.0996745,49.2833499],[-123.0997671,49.2815058],[-123.1001289,49.276846],[-123.1023017,49.2771589],[-123.1023053,49.2794108],[-123.104296,49.2794056],[-123.1064461,49.2797552],[-123.106118,49.2808347],[-123.1102913,49.2817044],[-123.1129436,49.2834456],[-123.1109389,49.2847069],[-123.108889,49.2843552],[-123.108084,49.2868751],[-123.1040222,49.2863374],[-123.102751,49.2857702],[-123.0999152,49.2860809],[-123.0994424,49.287378]]]]},"properties":{"a": "0.5901", "t": "CT", "dw": "4886", "hh": "4250", "id": "9330059.06", "key": "CT01", "pop": "4993", "pop2": "4454", "rgid": "59", "rpid": "59933", "ruid": "5915022", "rguid": "5915"}},{"type":"Feature","geometry":{"type":"MultiPolygon","coordinates":[[[[-123.1381282,49.2790116],[-123.1404944,49.2810911],[-123.1361411,49.2838164],[-123.1331521,49.2819039],[-123.1369128,49.2794438],[-123.1381282,49.2790116]]]]},"properties":{"a": "0.1381", "t": "CT", "dw": "2148", "hh": "1995", "id": "9330060.01", "key": "CT01", "pop": "2982", "pop2": "3147", "rgid": "59", "rpid": "59933", "ruid": "5915022", "rguid": "5915"}},{"type":"Feature","geometry":{"type":"MultiPolygon","coordinates":[[[[-123.1356082,49.2759608],[-123.1364262,49.2775194],[-123.1381282,49.2790116],[-123.1369128,49.2794438],[-123.1331521,49.2819039],[-123.1291019,49.2793143],[-123.1324133,49.2771231],[-123.1356082,49.2759608]]]]},"properties":{"a": "0.2191", "t": "CT", "dw": "4003", "hh": "3790", "id": "9330060.02", "key": "CT01", "pop": "5753", "pop2": "5203", "rgid": "59", "rpid": "59933", "ruid": "5915022", "rguid": "5915"}},{"type":"Feature","geometry":{"type":"MultiPolygon","coordinates":[[[[-123.1404944,49.2810911],[-123.1413045,49.2816333],[-123.14281,49.2838264],[-123.1431979,49.2848243],[-123.1428267,49.2872484],[-123.1416926,49.2873538],[-123.1361411,49.2838164],[-123.1404944,49.2810911]]]]},"properties":{"a": "0.1992", "t": "CT", "dw": "3436", "hh": "3235", "id": "9330061.00", "key": "CT01", "pop": "4696", "pop2": "4731", "rgid": "59", "rpid": "59933", "ruid": "5915022", "rguid": "5915"}},{"type":"Feature","geometry":{"type":"MultiPolygon","coordinates":[[[[-123.1428267,49.2872484],[-123.1430571,49.2884406],[-123.1442963,49.2892671],[-123.1465501,49.2900654],[-123.1449819,49.2909921],[-123.1441204,49.2920204],[-123.143063,49.2925029],[-123.1384257,49.2894717],[-123.1416926,49.2873538],[-123.1428267,49.2872484]]]]},"properties":{"a": "0.1623", "t": "CT", "dw": "2483", "hh": "2290", "id": "9330062.00", "key": "CT01", "pop": "3225", "pop2": "3281", "rgid": "59", "rpid": "59933", "ruid": "5915022", "rguid": "5915"}},{"type":"Feature","geometry":{"type":"MultiPolygon","coordinates":[[[[-123.1384257,49.2894717],[-123.1330484,49.285884],[-123.1361411,49.2838164],[-123.1416926,49.2873538],[-123.1384257,49.2894717]]]]},"properties":{"a": "0.183", "t": "CT", "dw": "2378", "hh": "2250", "id": "9330063.00", "key": "CT01", "pop": "3398", "pop2": "3585", "rgid": "59", "rpid": "59933", "ruid": "5915022", "rguid": "5915"}},{"type":"Feature","geometry":{"type":"MultiPolygon","coordinates":[[[[-123.1361411,49.2838164],[-123.1330484,49.285884],[-123.1259592,49.2813717],[-123.1291019,49.2793143],[-123.1331521,49.2819039],[-123.1361411,49.2838164]]]]},"properties":{"a": "0.2299", "t": "CT", "dw": "2868", "hh": "2650", "id": "9330064.00", "key": "CT01", "pop": "3917", "pop2": "4034", "rgid": "59", "rpid": "59933", "ruid": "5915022", "rguid": "5915"}},{"type":"Feature","geometry":{"type":"MultiPolygon","coordinates":[[[[-123.1298618,49.2879772],[-123.1228626,49.2834216],[-123.1259592,49.2813717],[-123.1330484,49.285884],[-123.1298618,49.2879772]]]]},"properties":{"a": "0.2339", "t": "CT", "dw": "4326", "hh": "4005", "id": "9330065.00", "key": "CT01", "pop": "6476", "pop2": "6417", "rgid": "59", "rpid": "59933", "ruid": "5915022", "rguid": "5915"}},{"type":"Feature","geometry":{"type":"MultiPolygon","coordinates":[[[[-123.1151823,49.288472],[-123.1228626,49.2834216],[-123.1298618,49.2879772],[-123.1271123,49.2899419],[-123.1266288,49.2909162],[-123.1250413,49.290631],[-123.1236866,49.290864],[-123.12043,49.2900029],[-123.1181596,49.2896554],[-123.1155929,49.2897613],[-123.1151823,49.288472]]]]},"properties":{"a": "0.4948", "t": "CT", "dw": "2992", "hh": "2180", "id": "9330066.00", "key": "CT01", "pop": "3777", "pop2": "1513", "rgid": "59", "rpid": "59933", "ruid": "5915022", "rguid": "5915"}},{"type":"Feature","geometry":{"type":"MultiPolygon","coordinates":[[[[-123.1384257,49.2894717],[-123.1322313,49.2937228],[-123.1309892,49.2929682],[-123.129192,49.2933997],[-123.1276741,49.2926561],[-123.1281615,49.2916495],[-123.1266288,49.2909162],[-123.1271123,49.2899419],[-123.1298618,49.2879772],[-123.1330484,49.285884],[-123.1384257,49.2894717]]]]},"properties":{"a": "0.4091", "t": "CT", "dw": "4308", "hh": "3915", "id": "9330067.00", "key": "CT01", "pop": "6214", "pop2": "5340", "rgid": "59", "rpid": "59933", "ruid": "5915022", "rguid": "5915"}},{"type":"Feature","geometry":{"type":"MultiPolygon","coordinates":[[[[-123.1465501,49.2900654],[-123.1495685,49.2922449],[-123.1498325,49.2944591],[-123.1514967,49.2955661],[-123.1528985,49.2955714],[-123.1537633,49.297256],[-123.1547306,49.2976932],[-123.1571292,49.2974284],[-123.1581687,49.2987351],[-123.1583927,49.3014193],[-123.1565694,49.3024961],[-123.1558961,49.3080211],[-123.1531924,49.3098825],[-123.1524275,49.3112841],[-123.1508003,49.3125294],[-123.1471317,49.3130994],[-123.1426638,49.3140283],[-123.1413294,49.3139582],[-123.1395613,49.3129867],[-123.1367506,49.3101082],[-123.1354671,49.3082357],[-123.1353809,49.3073915],[-123.1322169,49.3055775],[-123.1306311,49.3035072],[-123.1299444,49.303126],[-123.1262585,49.3027672],[-123.1246086,49.3015336],[-123.1217294,49.3003334],[-123.1196764,49.2998612],[-123.1186003,49.2999723],[-123.1178665,49.3007689],[-123.1164434,49.3006467],[-123.1163281,49.3000859],[-123.1170303,49.298416],[-123.1185364,49.2980102],[-123.1211082,49.2983008],[-123.1234712,49.2974636],[-123.1245626,49.2978243],[-123.1263647,49.2971744],[-123.1272941,49.2962785],[-123.1285267,49.2962299],[-123.1293529,49.2971569],[-123.1296074,49.2974811],[-123.1302513,49.2977297],[-123.1310864,49.2974823],[-123.1317024,49.2970948],[-123.132299,49.2968857],[-123.1323272,49.2968812],[-123.1346783,49.2967167],[-123.1347041,49.2966997],[-123.1353203,49.2961403],[-123.1322313,49.2937228],[-123.1384257,49.2894717],[-123.143063,49.2925029],[-123.1441204,49.2920204],[-123.1449819,49.2909921],[-123.1465501,49.2900654]]],[[[-123.1236436,49.2947269],[-123.1237208,49.2964713],[-123.122439,49.2965027],[-123.1212428,49.2959948],[-123.1217054,49.2948859],[-123.1226702,49.2943147],[-123.1236436,49.2947269]]]]},"properties":{"a": "4.2103", "t": "CT", "dw": "3442", "hh": "3285", "id": "9330068.00", "key": "CT01", "pop": "4679", "pop2": "4733", "rgid": "59", "rpid": "59933", "ruid": "5915022", "rguid": "5915"}},{"type":"Feature","geometry":{"type":"MultiPolygon","coordinates":[[[[-123.221386,49.2372036],[-123.2269789,49.2398948],[-123.2286841,49.2403945],[-123.233352,49.2422745],[-123.2359972,49.2438608],[-123.2408714,49.2461537],[-123.2482362,49.2487639],[-123.249286,49.2500039],[-123.2526619,49.2517594],[-123.2535203,49.2530078],[-123.2541206,49.2548325],[-123.2562066,49.2569508],[-123.2580487,49.2597088],[-123.2616653,49.2623894],[-123.2626623,49.2640059],[-123.2643727,49.2654784],[-123.2643114,49.2666024],[-123.2633677,49.2676849],[-123.2620101,49.2707005],[-123.2601843,49.2713979],[-123.2577323,49.2728329],[-123.2567203,49.2738607],[-123.2538115,49.2751982],[-123.251567,49.2769573],[-123.2486887,49.2787176],[-123.2473848,49.2791702],[-123.2436197,49.2798175],[-123.2414748,49.2798399],[-123.2401407,49.2794913],[-123.2352706,49.2788807],[-123.2338704,49.2793333],[-123.2276946,49.2787879],[-123.2260272,49.2779636],[-123.2239995,49.2777877],[-123.2242773,49.2765177],[-123.223723,49.2748266],[-123.2237477,49.2728353],[-123.2214223,49.2705135],[-123.2215579,49.2687176],[-123.21958,49.2688729],[-123.2194359,49.267371],[-123.2151338,49.267451],[-123.2152,49.2657235],[-123.2155578,49.2584785],[-123.2032339,49.2583368],[-123.2030259,49.256648],[-123.2011299,49.2567409],[-123.1967258,49.256636],[-123.1965067,49.253936],[-123.1968365,49.252042],[-123.1968237,49.250324],[-123.201356,49.2500962],[-123.2040825,49.2492211],[-123.2030551,49.2482681],[-123.1989323,49.2462625],[-123.1968088,49.246219],[-123.1969021,49.2385729],[-123.198414,49.2385325],[-123.1984924,49.2364501],[-123.1969348,49.2364499],[-123.1969884,49.2349212],[-123.1996433,49.2355974],[-123.2068292,49.2376328],[-123.2095259,49.2354713],[-123.2199203,49.23932],[-123.221386,49.2372036]]]]},"properties":{"a": "14.3056", "t": "CT", "dw": "2874", "hh": "2635", "id": "9330069.00", "key": "CT01", "pop": "7816", "pop2": "6833", "rgid": "59", "rpid": "59933", "ruid": "5915020", "rguid": "5915"}},{"type":"Feature","geometry":{"type":"MultiPolygon","coordinates":[[[[-123.0691898,49.3221052],[-123.0545755,49.3219332],[-123.0545743,49.3208718],[-123.0546626,49.3136306],[-123.065876,49.3137237],[-123.0672529,49.314475],[-123.0704182,49.3156458],[-123.0693064,49.31696],[-123.0691898,49.3221052]]]]},"properties":{"a": "0.97", "t": "CT", "dw": "1432", "hh": "1405", "id": "9330100.01", "key": "CT01", "pop": "3576", "pop2": "3452", "rgid": "59", "rpid": "59933", "ruid": "5915051", "rguid": "5915"}},{"type":"Feature","geometry":{"type":"MultiPolygon","coordinates":[[[[-123.0767896,49.3076096],[-123.0768873,49.3095483],[-123.074005,49.3121537],[-123.0704182,49.3156458],[-123.0672529,49.314475],[-123.065876,49.3137237],[-123.0546626,49.3136306],[-123.0382761,49.3134573],[-123.0381053,49.3099135],[-123.038548,49.3092121],[-123.0385047,49.3077821],[-123.0391649,49.3063683],[-123.0386555,49.3048306],[-123.0386936,49.3019797],[-123.0399236,49.3022826],[-123.0410339,49.2994937],[-123.0427606,49.3000084],[-123.0424103,49.3005592],[-123.0441774,49.300894],[-123.0488289,49.3023637],[-123.0462093,49.3039194],[-123.047752,49.3044283],[-123.0505945,49.3030549],[-123.0541434,49.3041478],[-123.056143,49.3049486],[-123.0562763,49.3061393],[-123.0570495,49.3063695],[-123.0596049,49.3057146],[-123.0674845,49.3048908],[-123.0698863,49.3049794],[-123.0713647,49.3056763],[-123.0739806,49.3064759],[-123.0767896,49.3076096]]]]},"properties":{"a": "2.9061", "t": "CT", "dw": "3193", "hh": "3120", "id": "9330100.02", "key": "CT01", "pop": "6876", "pop2": "6490", "rgid": "59", "rpid": "59933", "ruid": "5915051", "rguid": "5915"}},{"type":"Feature","geometry":{"type":"MultiPolygon","coordinates":[[[[-123.0754817,49.3241972],[-123.0691376,49.3241652],[-123.0691898,49.3221052],[-123.0693064,49.31696],[-123.0704182,49.3156458],[-123.074005,49.3121537],[-123.080228,49.3148571],[-123.0762786,49.318814],[-123.0756101,49.3193298],[-123.0754817,49.3241972]]]]},"properties":{"a": "0.6467", "t": "CT", "dw": "5052", "hh": "4920", "id": "9330101.01", "key": "CT01", "pop": "8167", "pop2": "7056", "rgid": "59", "rpid": "59933", "ruid": "5915051", "rguid": "5915"}},{"type":"Feature","geometry":{"type":"MultiPolygon","coordinates":[[[[-123.0816882,49.3242469],[-123.0754817,49.3241972],[-123.0756101,49.3193298],[-123.0762786,49.318814],[-123.080228,49.3148571],[-123.074005,49.3121537],[-123.0768873,49.3095483],[-123.0767896,49.3076096],[-123.0787237,49.3058191],[-123.0792378,49.3064484],[-123.0778547,49.3077405],[-123.0810347,49.3100321],[-123.0835234,49.3094241],[-123.0841874,49.3095251],[-123.0849908,49.3112195],[-123.0861318,49.3115126],[-123.0863962,49.3137077],[-123.0859929,49.3138061],[-123.0860015,49.3180821],[-123.0858505,49.3190209],[-123.0849132,49.3190454],[-123.0847434,49.3232603],[-123.0817279,49.3232484],[-123.0816882,49.3242469]]]]},"properties":{"a": "1.0852", "t": "CT", "dw": "3776", "hh": "3665", "id": "9330101.02", "key": "CT01", "pop": "6990", "pop2": "6394", "rgid": "59", "rpid": "59933", "ruid": "5915051", "rguid": "5915"}},{"type":"Feature","geometry":{"type":"MultiPolygon","coordinates":[[[[-123.0911072,49.3356634],[-123.0845976,49.3355966],[-123.0847017,49.3339834],[-123.084669,49.3290841],[-123.0854161,49.3284549],[-123.0815713,49.3284297],[-123.0816882,49.3242469],[-123.0817279,49.3232484],[-123.0847434,49.3232603],[-123.0849132,49.3190454],[-123.0858505,49.3190209],[-123.0860015,49.3180821],[-123.0859929,49.3138061],[-123.0863962,49.3137077],[-123.0861318,49.3115126],[-123.0869881,49.3122352],[-123.0868078,49.3130841],[-123.0882612,49.3142413],[-123.0902206,49.3146757],[-123.0918515,49.3135098],[-123.0952288,49.3132341],[-123.1020607,49.31344],[-123.1021304,49.3171763],[-123.1024899,49.3171891],[-123.1023709,49.3238527],[-123.1020227,49.3247244],[-123.1020426,49.326495],[-123.1024357,49.328405],[-123.1019211,49.3309526],[-123.0981575,49.330909],[-123.0936423,49.3311086],[-123.0913535,49.3308162],[-123.0915797,49.3322304],[-123.0915441,49.335672],[-123.0911072,49.3356634]]]]},"properties":{"a": "2.795", "t": "CT", "dw": "1831", "hh": "1790", "id": "9330102.00", "key": "CT01", "pop": "4944", "pop2": "4805", "rgid": "59", "rpid": "59933", "ruid": "5915051", "rguid": "5915"}},{"type":"Feature","geometry":{"type":"MultiPolygon","coordinates":[[[[-123.0721682,49.335668],[-123.0688784,49.3356521],[-123.0688409,49.3323606],[-123.0691376,49.3241652],[-123.0754817,49.3241972],[-123.0816882,49.3242469],[-123.0815713,49.3284297],[-123.0854161,49.3284549],[-123.084669,49.3290841],[-123.0847017,49.3339834],[-123.0845976,49.3355966],[-123.0797113,49.335717],[-123.0721682,49.335668]]]]},"properties":{"a": "1.3521", "t": "CT", "dw": "3355", "hh": "3265", "id": "9330103.00", "key": "CT01", "pop": "6778", "pop2": "6362", "rgid": "59", "rpid": "59933", "ruid": "5915051", "rguid": "5915"}},{"type":"Feature","geometry":{"type":"MultiPolygon","coordinates":[[[[-123.0529053,49.3355477],[-123.0532426,49.3292589],[-123.0534622,49.3272728],[-123.0510118,49.327212],[-123.0489306,49.3269332],[-123.0405672,49.3270193],[-123.0410915,49.3239807],[-123.040677,49.321831],[-123.0415721,49.320778],[-123.0545743,49.3208718],[-123.0545755,49.3219332],[-123.0691898,49.3221052],[-123.0691376,49.3241652],[-123.0688409,49.3323606],[-123.0688784,49.3356521],[-123.0529053,49.3355477]]]]},"properties":{"a": "2.3748", "t": "CT", "dw": "2686", "hh": "2655", "id": "9330104.00", "key": "CT01", "pop": "7311", "pop2": "7237", "rgid": "59", "rpid": "59933", "ruid": "5915051", "rguid": "5915"}},{"type":"Feature","geometry":{"type":"MultiPolygon","coordinates":[[[[-122.9487221,49.4104778],[-122.9275177,49.4119094],[-122.8984653,49.4139583],[-122.8811535,49.4138388],[-122.880725,49.4129319],[-122.8849211,49.40563],[-122.8854101,49.3990006],[-122.8785974,49.3830233],[-122.880695,49.3800561],[-122.8855931,49.3793691],[-122.8901403,49.3750319],[-122.888729,49.3697784],[-122.8886973,49.3683127],[-122.8891596,49.3664657],[-122.8901618,49.3640825],[-122.8923556,49.3605297],[-122.8938212,49.359265],[-122.8952936,49.3591038],[-122.8982641,49.3594707],[-122.9032198,49.3583338],[-122.9048765,49.3574103],[-122.9061317,49.3552294],[-122.9072541,49.3542006],[-122.9081321,49.3528423],[-122.9095074,49.3495519],[-122.9104485,49.3477003],[-122.9132762,49.3450744],[-122.9147562,49.3449662],[-122.9192631,49.3432839],[-122.9199525,49.3425197],[-122.922041,49.3416292],[-122.9227906,49.3408912],[-122.9255498,49.3399335],[-122.9265763,49.3392675],[-122.9276179,49.3378572],[-122.9286522,49.3373784],[-122.9300853,49.3359989],[-122.9329781,49.3343522],[-122.9349692,49.3329446],[-122.9358512,49.3326383],[-122.9387198,49.3323098],[-122.9398216,49.3316887],[-122.9416278,49.3318476],[-122.9435494,49.3312515],[-122.9451626,49.3312161],[-122.9479727,49.3300486],[-122.9488079,49.3293301],[-122.9491187,49.3280533],[-122.9479171,49.3260391],[-122.9471411,49.3256652],[-122.944928,49.3254567],[-122.9427912,49.3260563],[-122.93748,49.3250876],[-122.936995,49.3240403],[-122.9368778,49.3213398],[-122.9388538,49.3191521],[-122.9443662,49.3179045],[-122.9439369,49.3164798],[-122.9450405,49.3158616],[-122.9538048,49.3158019],[-122.9539203,49.3159152],[-122.9678608,49.3160804],[-122.9690142,49.3160861],[-122.969166,49.3210295],[-122.9695632,49.3218047],[-122.9713855,49.3230306],[-122.9723355,49.3242525],[-122.9717022,49.3251698],[-122.9681545,49.326174],[-122.9683308,49.3393315],[-122.9682161,49.3424913],[-122.9718815,49.3429073],[-122.9740322,49.3436081],[-122.9744411,49.3445482],[-122.9740417,49.3454031],[-122.9729612,49.3458287],[-122.9712027,49.3456409],[-122.969707,49.3449621],[-122.9679778,49.3447474],[-122.9639302,49.3460044],[-122.961775,49.3464871],[-122.9589074,49.3480838],[-122.9554802,49.3491157],[-122.9499023,49.3519161],[-122.9476608,49.3525645],[-122.9427715,49.3550115],[-122.9480064,49.3544921],[-122.9542471,49.3531634],[-122.9543188,49.3539295],[-122.9523813,49.3549398],[-122.9494039,49.3570176],[-122.9483608,49.3584007],[-122.9485546,49.3596013],[-122.9510397,49.3581915],[-122.9522537,49.3578455],[-122.9536788,49.3584147],[-122.9540065,49.3592547],[-122.9534354,49.3605],[-122.949356,49.3650049],[-122.9487634,49.3662459],[-122.9495948,49.367289],[-122.9488747,49.3688766],[-122.9489574,49.3718506],[-122.9487212,49.3933465],[-122.9487221,49.4104778]]]]},"properties":{"a": "40.7762", "t": "CT", "dw": "2664", "hh": "2610", "id": "9330110.01", "key": "CT01", "pop": "7442", "pop2": "7411", "rgid": "59", "rpid": "59933", "ruid": "5915046", "rguid": "5915"}},{"type":"Feature","geometry":{"type":"MultiPolygon","coordinates":[[[[-122.9694789,49.3032684],[-122.9694208,49.3124342],[-122.9686878,49.3124343],[-122.9688729,49.3150016],[-122.9676497,49.314864],[-122.9678608,49.3160804],[-122.9539203,49.3159152],[-122.9538048,49.3158019],[-122.9450405,49.3158616],[-122.9485009,49.3152746],[-122.9479728,49.312741],[-122.9480116,49.3111778],[-122.9475597,49.3102147],[-122.9486373,49.3075512],[-122.948161,49.3056662],[-122.9490549,49.304522],[-122.9527401,49.3033592],[-122.953473,49.3029616],[-122.954768,49.3014624],[-122.9561763,49.3005915],[-122.9595553,49.3019665],[-122.9621396,49.3033082],[-122.962916,49.3025615],[-122.9640701,49.3033046],[-122.9654419,49.3034238],[-122.9694789,49.3032684]]]]},"properties":{"a": "2.2341", "t": "CT", "dw": "949", "hh": "935", "id": "9330110.02", "key": "CT01", "pop": "2790", "pop2": "2725", "rgid": "59", "rpid": "59933", "ruid": "5915046", "rguid": "5915"}},{"type":"Feature","geometry":{"type":"MultiPolygon","coordinates":[[[[-122.9690142,49.3160861],[-122.9678608,49.3160804],[-122.9676497,49.314864],[-122.9688729,49.3150016],[-122.9686878,49.3124343],[-122.9694208,49.3124342],[-122.9694789,49.3032684],[-122.9718294,49.3035748],[-122.9757329,49.3059231],[-122.9786347,49.307093],[-122.9820896,49.3076777],[-122.9839044,49.307742],[-122.9859255,49.3084522],[-122.9872183,49.308201],[-122.9887191,49.3074631],[-122.9911815,49.3076664],[-122.9916984,49.3083584],[-122.993904,49.3080022],[-122.9973204,49.3082084],[-122.9997655,49.3078158],[-123.0002413,49.3067627],[-123.0000741,49.3059017],[-123.0009931,49.3040669],[-123.0023304,49.304148],[-123.0031013,49.3036104],[-123.003371,49.3023906],[-123.006624,49.3019227],[-123.00713,49.3011127],[-123.0083064,49.3009246],[-123.0083731,49.3023129],[-123.0091962,49.3022798],[-123.0089719,49.3004875],[-123.0098003,49.2994847],[-123.010947,49.2996716],[-123.0110485,49.3007149],[-123.0131666,49.3006104],[-123.0139717,49.2999333],[-123.0133631,49.2983539],[-123.015121,49.2980421],[-123.0172413,49.2988254],[-123.0180331,49.2982803],[-123.0196205,49.2989791],[-123.0207101,49.298297],[-123.0211949,49.2998724],[-123.0233033,49.3036208],[-123.0217208,49.3054924],[-123.0208279,49.305861],[-123.020581,49.307156],[-123.0210073,49.3091714],[-123.0208024,49.3098817],[-123.0192327,49.3109083],[-123.0173667,49.3107202],[-123.0148217,49.3110886],[-123.0105534,49.3109407],[-123.0088023,49.311458],[-123.007044,49.3125003],[-123.003617,49.3151142],[-123.0022692,49.315756],[-122.9984727,49.3157934],[-122.9802557,49.3156118],[-122.9690142,49.3160861]]]]},"properties":{"a": "4.2381", "t": "CT", "dw": "2118", "hh": "2070", "id": "9330111.01", "key": "CT01", "pop": "5902", "pop2": "5003", "rgid": "59", "rpid": "59933", "ruid": "5915046", "rguid": "5915"}},{"type":"Feature","geometry":{"type":"MultiPolygon","coordinates":[[[[-122.9821849,49.4088424],[-122.970467,49.4089822],[-122.9487221,49.4104778],[-122.9487212,49.3933465],[-122.9489574,49.3718506],[-122.9488747,49.3688766],[-122.9495948,49.367289],[-122.9487634,49.3662459],[-122.949356,49.3650049],[-122.9534354,49.3605],[-122.9540065,49.3592547],[-122.9536788,49.3584147],[-122.9522537,49.3578455],[-122.9510397,49.3581915],[-122.9485546,49.3596013],[-122.9483608,49.3584007],[-122.9494039,49.3570176],[-122.9523813,49.3549398],[-122.9543188,49.3539295],[-122.9542471,49.3531634],[-122.9480064,49.3544921],[-122.9427715,49.3550115],[-122.9476608,49.3525645],[-122.9499023,49.3519161],[-122.9554802,49.3491157],[-122.9589074,49.3480838],[-122.961775,49.3464871],[-122.9639302,49.3460044],[-122.9679778,49.3447474],[-122.969707,49.3449621],[-122.9712027,49.3456409],[-122.9729612,49.3458287],[-122.9740417,49.3454031],[-122.9744411,49.3445482],[-122.9740322,49.3436081],[-122.9718815,49.3429073],[-122.9682161,49.3424913],[-122.9683308,49.3393315],[-122.9681545,49.326174],[-122.9717022,49.3251698],[-122.9723355,49.3242525],[-122.9713855,49.3230306],[-122.9695632,49.3218047],[-122.969166,49.3210295],[-122.9690142,49.3160861],[-122.9802557,49.3156118],[-122.9984727,49.3157934],[-123.0022692,49.315756],[-123.003617,49.3151142],[-123.007044,49.3125003],[-123.0088023,49.311458],[-123.0105534,49.3109407],[-123.0148217,49.3110886],[-123.0173667,49.3107202],[-123.0192327,49.3109083],[-123.0160155,49.313139],[-123.0123425,49.3146051],[-123.0111598,49.3157478],[-123.0112272,49.3182759],[-123.0120127,49.3192825],[-123.0132646,49.3200475],[-123.0140784,49.3214141],[-123.0134996,49.3232403],[-123.0115616,49.3259838],[-123.0085887,49.329789],[-123.0055746,49.3307251],[-123.0049541,49.3311032],[-123.0029994,49.3360147],[-123.0025738,49.3374265],[-123.0009514,49.3408986],[-123.0019685,49.342419],[-123.0019124,49.3437864],[-123.0023276,49.3447934],[-123.0004824,49.3465565],[-123.0005502,49.3469078],[-123.0035646,49.3471146],[-123.0044048,49.3475465],[-123.0047211,49.3485088],[-123.0043657,49.349983],[-123.0021617,49.3521872],[-123.0014043,49.3536712],[-123.0022848,49.3551386],[-123.0037444,49.356416],[-123.0028775,49.3571436],[-123.0005629,49.3573599],[-122.9989106,49.3596717],[-122.9986082,49.362298],[-122.9992691,49.3636302],[-122.9999991,49.364214],[-123.0027538,49.3652309],[-123.0034996,49.3661116],[-123.0026584,49.3669666],[-123.0000001,49.3671646],[-122.9980318,49.3681987],[-122.9980575,49.3692789],[-122.999284,49.3706006],[-122.9995325,49.3715803],[-122.9986233,49.3735684],[-122.9973423,49.374306],[-122.9950688,49.3750431],[-122.9930827,49.3760513],[-122.9909199,49.3777241],[-122.9905629,49.379001],[-122.9916236,49.380378],[-122.9921469,49.3819966],[-122.9935781,49.3846514],[-122.9942141,49.3866378],[-122.9937319,49.3886712],[-122.9913863,49.390183],[-122.9878326,49.3902093],[-122.9861226,49.3907666],[-122.9839854,49.3925295],[-122.9843438,49.3938791],[-122.9873889,49.3954708],[-122.9878449,49.3962981],[-122.9865217,49.3981058],[-122.9868363,49.3993394],[-122.9854326,49.4004354],[-122.9844954,49.4023334],[-122.9857212,49.4033856],[-122.9854731,49.4040061],[-122.9835143,49.404628],[-122.980522,49.4059761],[-122.9799983,49.4070111],[-122.9818456,49.4079915],[-122.9821849,49.4088424]]]]},"properties":{"a": "32.1684", "t": "CT", "dw": "2586", "hh": "2565", "id": "9330111.02", "key": "CT01", "pop": "7433", "pop2": "7550", "rgid": "59", "rpid": "59933", "ruid": "5915046", "rguid": "5915"}},{"type":"Feature","geometry":{"type":"MultiPolygon","coordinates":[[[[-123.034269,49.4076877],[-122.9859679,49.4087872],[-122.9827273,49.408842],[-122.9827281,49.408517],[-122.9827198,49.4084854],[-122.9821517,49.407647],[-122.9805426,49.4065788],[-122.9812806,49.4060443],[-122.9814577,49.4059772],[-122.9821288,49.405769],[-122.9826998,49.405557],[-122.9846401,49.4048321],[-122.9857218,49.404387],[-122.9857683,49.4043558],[-122.9859836,49.4040808],[-122.9861048,49.4029551],[-122.9860719,49.4028641],[-122.9860313,49.4027622],[-122.9850863,49.4019429],[-122.98534,49.4014848],[-122.9866294,49.4002935],[-122.9870583,49.3998137],[-122.9871416,49.3991103],[-122.987082,49.3989615],[-122.9870033,49.3985544],[-122.9872099,49.3981968],[-122.9880039,49.3973134],[-122.9882595,49.3961336],[-122.9879272,49.3952637],[-122.9864931,49.3940967],[-122.9847617,49.3933262],[-122.9846312,49.3931207],[-122.9846195,49.393095],[-122.9853522,49.3920251],[-122.985887,49.3914843],[-122.9871386,49.390764],[-122.9879661,49.3906169],[-122.9891239,49.3906406],[-122.9910488,49.3907168],[-122.9914982,49.3906196],[-122.9919286,49.3904623],[-122.9941766,49.38872],[-122.994436,49.3883428],[-122.9947804,49.3867008],[-122.9943508,49.3855818],[-122.9940822,49.3844872],[-122.9930425,49.3827113],[-122.9925591,49.3812985],[-122.9913675,49.3791779],[-122.9912027,49.378885],[-122.9912252,49.37829],[-122.9939229,49.3759724],[-122.9954495,49.3754411],[-122.9963881,49.3750981],[-122.9985472,49.374242],[-122.9992941,49.3736445],[-122.9994415,49.3733784],[-123.0000391,49.3719394],[-123.0001258,49.3716705],[-123.000171,49.3709072],[-123.0001895,49.3697835],[-123.0004372,49.3686942],[-123.0006209,49.3684139],[-123.0008963,49.3682913],[-123.0011853,49.3681627],[-123.0013648,49.3681505],[-123.0025068,49.3680728],[-123.0031001,49.3676852],[-123.0033753,49.3672565],[-123.0038858,49.3659693],[-123.0030119,49.3647229],[-123.0008608,49.3638981],[-123.0000013,49.3634315],[-122.999022,49.3615443],[-122.9990255,49.361308],[-122.9996093,49.359905],[-122.9996135,49.3598961],[-123.0006746,49.3580619],[-123.001267,49.3577015],[-123.0020271,49.3577074],[-123.00358,49.3571774],[-123.0040492,49.3567562],[-123.0040596,49.3567352],[-123.0041173,49.3562446],[-123.003228,49.3550418],[-123.0023131,49.3543243],[-123.0025753,49.3526465],[-123.0040366,49.3512439],[-123.0040469,49.351234],[-123.0040542,49.3512248],[-123.0050535,49.3501274],[-123.0055487,49.3488952],[-123.0051344,49.3476509],[-123.004924,49.3473034],[-123.0034153,49.3467281],[-123.0020651,49.3467635],[-123.0012115,49.3465926],[-123.0013079,49.3463342],[-123.0025092,49.3453865],[-123.0026981,49.3449462],[-123.0023509,49.3441234],[-123.0022144,49.3423951],[-123.0015188,49.3410575],[-123.0014899,49.3408418],[-123.0015135,49.3405064],[-123.0015144,49.3405025],[-123.0020819,49.3397019],[-123.0022454,49.3388816],[-123.0030264,49.3369544],[-123.0030312,49.336931],[-123.0036614,49.3356006],[-123.0050607,49.3314641],[-123.0056699,49.3310103],[-123.0061564,49.3308374],[-123.0070147,49.3305953],[-123.007033,49.3305902],[-123.007856,49.3302948],[-123.0091174,49.3297665],[-123.0106989,49.327736],[-123.0121223,49.325986],[-123.0134312,49.3240681],[-123.0142566,49.3223313],[-123.0144048,49.3211882],[-123.0142568,49.3205101],[-123.0138661,49.3200744],[-123.0135818,49.3196432],[-123.0132733,49.3194497],[-123.0122582,49.3188154],[-123.0115685,49.3175188],[-123.0115764,49.3158778],[-123.0119577,49.3153507],[-123.0130117,49.3146144],[-123.0144938,49.3139269],[-123.0146717,49.3138737],[-123.0147086,49.3138637],[-123.0162621,49.3133192],[-123.0172604,49.3127914],[-123.0181693,49.3119189],[-123.0208945,49.3104387],[-123.0214602,49.3095419],[-123.0214869,49.3090268],[-123.0211132,49.3068583],[-123.0211016,49.3061693],[-123.0222723,49.3055182],[-123.0222889,49.3055041],[-123.0223676,49.3054378],[-123.0224075,49.3053492],[-123.0225492,49.3050504],[-123.02267,49.3047992],[-123.0249041,49.3035702],[-123.0249664,49.3035702],[-123.0249638,49.3035242],[-123.0253648,49.3030574],[-123.025461,49.3024227],[-123.0233962,49.300482],[-123.0233968,49.2999852],[-123.0233457,49.2997462],[-123.0227103,49.2991013],[-123.0226261,49.2989347],[-123.0226365,49.2989279],[-123.0228189,49.2988267],[-123.0248692,49.2981513],[-123.024867,49.2995548],[-123.027152,49.2995447],[-123.027138,49.3016321],[-123.0283081,49.3016321],[-123.0284712,49.2995986],[-123.0299422,49.299676],[-123.0299467,49.297319],[-123.0385852,49.2983087],[-123.0384837,49.2999068],[-123.0383992,49.3012205],[-123.0378154,49.3044987],[-123.038161,49.307179],[-123.037612,49.3097338],[-123.0359892,49.3102743],[-123.0338852,49.3117503],[-123.0328554,49.3144573],[-123.0326247,49.3166613],[-123.0320188,49.3172194],[-123.0283751,49.3219791],[-123.0277025,49.323948],[-123.0258995,49.3249476],[-123.0233005,49.3267652],[-123.0228602,49.3273497],[-123.0242776,49.3292929],[-123.0238792,49.3304979],[-123.0230411,49.3314608],[-123.0231241,49.3321078],[-123.0212648,49.3328284],[-123.0195168,49.3338098],[-123.0192842,49.3344481],[-123.0172192,49.3351318],[-123.0151687,49.3362018],[-123.0145217,49.3369399],[-123.0145764,49.339414],[-123.0158719,49.3407533],[-123.0158597,49.3424179],[-123.0172516,49.3437939],[-123.0192877,49.3446483],[-123.0203357,49.3470763],[-123.020419,49.3480204],[-123.0198134,49.3497567],[-123.0189598,49.3508638],[-123.0191269,49.3519968],[-123.0210685,49.3538497],[-123.022707,49.3561156],[-123.0245819,49.3568529],[-123.0275188,49.3609766],[-123.0278566,49.3616603],[-123.0291039,49.3620465],[-123.0305612,49.3636886],[-123.0317037,49.3643175],[-123.032684,49.3661254],[-123.0327536,49.3668181],[-123.0348082,49.3698119],[-123.0347402,49.3715845],[-123.0362149,49.3739589],[-123.0363564,49.3766574],[-123.0356941,49.3775208],[-123.0355847,49.3785731],[-123.0369775,49.3804978],[-123.0358203,49.3815782],[-123.0358081,49.3826489],[-123.0371746,49.3840152],[-123.0373125,49.3853462],[-123.0364302,49.3872175],[-123.0351253,49.3884858],[-123.0352768,49.3897904],[-123.0344771,49.3917248],[-123.0350171,49.3938829],[-123.0347015,49.3949891],[-123.0334049,49.3964113],[-123.0343601,49.397958],[-123.0353932,49.3989111],[-123.0344713,49.4005576],[-123.0334645,49.4009808],[-123.0333129,49.4017186],[-123.0345957,49.4023744],[-123.0348861,49.40304],[-123.0341162,49.4059548],[-123.034269,49.4076877]]]]},"properties":{"a": "24.2009", "t": "CT", "dw": "1484", "hh": "1470", "id": "9330111.03", "key": "CT01", "pop": "3967", "pop2": "3924", "rgid": "59", "rpid": "59933", "ruid": "5915046", "rguid": "5915"}},{"type":"Feature","geometry":{"type":"MultiPolygon","coordinates":[[[[-123.0381053,49.3099135],[-123.0382761,49.3134573],[-123.0546626,49.3136306],[-123.0545743,49.3208718],[-123.0415721,49.320778],[-123.0387269,49.3170804],[-123.0371039,49.3155268],[-123.0333584,49.3140026],[-123.0339149,49.3122794],[-123.0355363,49.3109576],[-123.0381053,49.3099135]]]]},"properties":{"a": "1.0529", "t": "CT", "dw": "1048", "hh": "1025", "id": "9330112.00", "key": "CT01", "pop": "2603", "pop2": "2592", "rgid": "59", "rpid": "59933", "ruid": "5915046", "rguid": "5915"}},{"type":"Feature","geometry":{"type":"MultiPolygon","coordinates":[[[[-123.0333584,49.3140026],[-123.0371039,49.3155268],[-123.0387269,49.3170804],[-123.0415721,49.320778],[-123.040677,49.321831],[-123.0410915,49.3239807],[-123.0405672,49.3270193],[-123.0489306,49.3269332],[-123.0510118,49.327212],[-123.0534622,49.3272728],[-123.0532426,49.3292589],[-123.0508891,49.3303562],[-123.045806,49.333299],[-123.0400007,49.3363403],[-123.0382259,49.3363019],[-123.0165575,49.335713],[-123.0194066,49.3346363],[-123.0199977,49.3338539],[-123.0231929,49.3324409],[-123.024155,49.33075],[-123.0245673,49.3292557],[-123.0233011,49.3277993],[-123.0234641,49.3270615],[-123.0276601,49.3244079],[-123.0283764,49.3233726],[-123.0291715,49.3212143],[-123.0306307,49.3197746],[-123.0329394,49.3167696],[-123.0333584,49.3140026]]]]},"properties":{"a": "2.9492", "t": "CT", "dw": "2634", "hh": "2600", "id": "9330113.00", "key": "CT01", "pop": "7045", "pop2": "6898", "rgid": "59", "rpid": "59933", "ruid": "5915046", "rguid": "5915"}},{"type":"Feature","geometry":{"type":"MultiPolygon","coordinates":[[[[-123.0291039,49.3620465],[-123.0278566,49.3616603],[-123.0275188,49.3609766],[-123.0291039,49.3620465]]],[[[-123.0165575,49.335713],[-123.0382259,49.3363019],[-123.0378182,49.3443916],[-123.0374807,49.3540664],[-123.0370301,49.3549874],[-123.0371406,49.3560452],[-123.0355337,49.3585466],[-123.0350725,49.3697483],[-123.0347667,49.3689576],[-123.033166,49.3671413],[-123.0331923,49.3660351],[-123.0319113,49.3640743],[-123.0303395,49.3626995],[-123.0275151,49.3606756],[-123.0251861,49.3571769],[-123.0243317,49.3563406],[-123.0229424,49.355873],[-123.0217293,49.3540469],[-123.0193304,49.3518443],[-123.0191532,49.3512683],[-123.0201983,49.3494963],[-123.021064,49.346519],[-123.0198119,49.3446927],[-123.0182404,49.3439915],[-123.0164361,49.3426699],[-123.0162174,49.3406457],[-123.0150873,49.3396288],[-123.0148925,49.3373897],[-123.0150864,49.3366705],[-123.0165575,49.335713]]]]},"properties":{"a": "3.6988", "t": "CT", "dw": "2690", "hh": "2655", "id": "9330114.00", "key": "CT01", "pop": "8181", "pop2": "8002", "rgid": "59", "rpid": "59933", "ruid": "5915046", "rguid": "5915"}},{"type":"Feature","geometry":{"type":"MultiPolygon","coordinates":[[[[-123.0428814,49.4075544],[-123.034269,49.4076877],[-123.0341162,49.4059548],[-123.0348861,49.40304],[-123.0351608,49.4022669],[-123.0340978,49.4010525],[-123.0356147,49.399847],[-123.0358195,49.399074],[-123.0341514,49.3967077],[-123.0342597,49.3958356],[-123.0350383,49.3949776],[-123.0351258,49.3947671],[-123.0358161,49.3922728],[-123.0354822,49.390501],[-123.0356017,49.3889844],[-123.0356009,49.3889781],[-123.0366239,49.3876221],[-123.0375888,49.3854452],[-123.0374023,49.3838682],[-123.0373939,49.383857],[-123.0366564,49.3833332],[-123.0363595,49.3817119],[-123.0373628,49.3801467],[-123.0358356,49.3783109],[-123.0368244,49.3766564],[-123.0364497,49.3753798],[-123.0367247,49.3739229],[-123.0351821,49.3718719],[-123.0350725,49.3697483],[-123.0355337,49.3585466],[-123.0371406,49.3560452],[-123.0370301,49.3549874],[-123.0374807,49.3540664],[-123.0378182,49.3443916],[-123.0382259,49.3363019],[-123.0400007,49.3363403],[-123.045806,49.333299],[-123.0508891,49.3303562],[-123.0532426,49.3292589],[-123.0529053,49.3355477],[-123.0510108,49.3355172],[-123.0514025,49.3406085],[-123.0535244,49.3427738],[-123.0513057,49.3429933],[-123.0495446,49.3435217],[-123.0459602,49.3435116],[-123.0459249,49.3439634],[-123.0482971,49.3450285],[-123.0496406,49.3461735],[-123.050136,49.347492],[-123.0467923,49.3474679],[-123.0449367,49.3481649],[-123.0435077,49.3481357],[-123.0431105,49.357284],[-123.0426098,49.3574963],[-123.0428731,49.3620881],[-123.0429297,49.3856581],[-123.0428814,49.4075544]]]]},"properties":{"a": "4.9179", "t": "CT", "dw": "1722", "hh": "1705", "id": "9330115.00", "key": "CT01", "pop": "5173", "pop2": "4921", "rgid": "59", "rpid": "59933", "ruid": "5915046", "rguid": "5915"}},{"type":"Feature","geometry":{"type":"MultiPolygon","coordinates":[[[[-123.0700331,49.4071878],[-123.0428814,49.4075544],[-123.0429297,49.3856581],[-123.0428731,49.3620881],[-123.0426098,49.3574963],[-123.0431105,49.357284],[-123.0435077,49.3481357],[-123.0449367,49.3481649],[-123.0467923,49.3474679],[-123.050136,49.347492],[-123.0496406,49.3461735],[-123.0482971,49.3450285],[-123.0459249,49.3439634],[-123.0459602,49.3435116],[-123.0495446,49.3435217],[-123.0513057,49.3429933],[-123.0535244,49.3427738],[-123.0514025,49.3406085],[-123.0510108,49.3355172],[-123.0529053,49.3355477],[-123.0688784,49.3356521],[-123.0721682,49.335668],[-123.0719633,49.3451131],[-123.073334,49.3454934],[-123.073345,49.3495507],[-123.0742622,49.3511891],[-123.0772074,49.3531484],[-123.0781007,49.354788],[-123.0783698,49.3574497],[-123.0767191,49.3589354],[-123.0752464,49.3594581],[-123.0734581,49.3607545],[-123.07251,49.3622393],[-123.0721422,49.364992],[-123.0702393,49.3661907],[-123.0704187,49.3758902],[-123.070226,49.3788702],[-123.0702076,49.384804],[-123.0700877,49.3860681],[-123.0700331,49.4071878]]]]},"properties":{"a": "15.9401", "t": "CT", "dw": "1828", "hh": "1790", "id": "9330116.00", "key": "CT01", "pop": "5240", "pop2": "4816", "rgid": "59", "rpid": "59933", "ruid": "5915046", "rguid": "5915"}},{"type":"Feature","geometry":{"type":"MultiPolygon","coordinates":[[[[-123.0783698,49.3574497],[-123.0781007,49.354788],[-123.0772074,49.3531484],[-123.0742622,49.3511891],[-123.073345,49.3495507],[-123.073334,49.3454934],[-123.0719633,49.3451131],[-123.0721682,49.335668],[-123.0797113,49.335717],[-123.0845976,49.3355966],[-123.0911072,49.3356634],[-123.0912615,49.336599],[-123.0939453,49.3366241],[-123.0937004,49.3379283],[-123.0923558,49.3402682],[-123.090171,49.3424467],[-123.0886447,49.3434553],[-123.0886753,49.3451284],[-123.0872884,49.3471803],[-123.0869484,49.3495823],[-123.086236,49.3515797],[-123.0844731,49.3531777],[-123.0833492,49.3543973],[-123.0805835,49.3556855],[-123.0795528,49.3569276],[-123.0783698,49.3574497]]]]},"properties":{"a": "2.4468", "t": "CT", "dw": "2139", "hh": "2095", "id": "9330117.00", "key": "CT01", "pop": "5819", "pop2": "5716", "rgid": "59", "rpid": "59933", "ruid": "5915046", "rguid": "5915"}},{"type":"Feature","geometry":{"type":"MultiPolygon","coordinates":[[[[-123.1243845,49.3287398],[-123.1215133,49.3292128],[-123.1188844,49.3299804],[-123.1181697,49.3304767],[-123.1176794,49.3325972],[-123.1075875,49.3326511],[-123.0915797,49.3322304],[-123.0913535,49.3308162],[-123.0936423,49.3311086],[-123.0981575,49.330909],[-123.1019211,49.3309526],[-123.1024357,49.328405],[-123.1020426,49.326495],[-123.1020227,49.3247244],[-123.1023709,49.3238527],[-123.1024899,49.3171891],[-123.1030847,49.3108692],[-123.1039218,49.3109096],[-123.103797,49.3130716],[-123.1033948,49.3140927],[-123.1063136,49.3138812],[-123.1078938,49.3121622],[-123.1080171,49.3109769],[-123.1138261,49.3111823],[-123.1138172,49.313304],[-123.1166879,49.3126329],[-123.1142137,49.3097858],[-123.1151338,49.3088208],[-123.1189569,49.3105539],[-123.1200936,49.3113227],[-123.1207468,49.3104751],[-123.1254978,49.312454],[-123.1259877,49.3129033],[-123.1232102,49.3158453],[-123.1203065,49.3185726],[-123.119973,49.3239845],[-123.1221983,49.3242362],[-123.1245697,49.3249399],[-123.1243845,49.3287398]]],[[[-123.1188098,49.3310578],[-123.1197817,49.3302129],[-123.1219951,49.3294196],[-123.1243596,49.3291642],[-123.1242693,49.3309283],[-123.1188098,49.3310578]]]]},"properties":{"a": "3.5223", "t": "CT", "dw": "3229", "hh": "3170", "id": "9330118.00", "key": "CT01", "pop": "7373", "pop2": "7012", "rgid": "59", "rpid": "59933", "ruid": "5915046", "rguid": "5915"}},{"type":"Feature","geometry":{"type":"MultiPolygon","coordinates":[[[[-123.1176794,49.3325972],[-123.1180944,49.3333186],[-123.1167938,49.3361717],[-123.1171687,49.3375837],[-123.1167941,49.3393303],[-123.1152298,49.3395499],[-123.112411,49.3394948],[-123.1102454,49.339195],[-123.107171,49.3393878],[-123.0991683,49.339435],[-123.0980391,49.3384797],[-123.0982007,49.3374569],[-123.0976347,49.3366388],[-123.0939453,49.3366241],[-123.0912615,49.336599],[-123.0911072,49.3356634],[-123.0915441,49.335672],[-123.0915797,49.3322304],[-123.1075875,49.3326511],[-123.1176794,49.3325972]]],[[[-123.1175243,49.3393013],[-123.1177212,49.3373663],[-123.117359,49.3368905],[-123.1182047,49.3347072],[-123.1182831,49.3377959],[-123.1180481,49.3393212],[-123.1175243,49.3393013]]]]},"properties":{"a": "1.3044", "t": "CT", "dw": "820", "hh": "800", "id": "9330119.00", "key": "CT01", "pop": "2118", "pop2": "2055", "rgid": "59", "rpid": "59933", "ruid": "5915046", "rguid": "5915"}},{"type":"Feature","geometry":{"type":"MultiPolygon","coordinates":[[[[-123.1167941,49.3393303],[-123.1169418,49.3408132],[-123.1147014,49.3423712],[-123.1144706,49.3433249],[-123.1135088,49.3442164],[-123.1132362,49.3452242],[-123.1137625,49.3465732],[-123.116176,49.3481891],[-123.1156584,49.3499618],[-123.114793,49.3511858],[-123.1161047,49.3526777],[-123.1160792,49.3535865],[-123.1149092,49.3542622],[-123.1133266,49.354038],[-123.1123864,49.3531859],[-123.1107914,49.3544019],[-123.1107009,49.3559622],[-123.1072827,49.3563475],[-123.1045449,49.3561791],[-123.099924,49.3562722],[-123.1001341,49.3541141],[-123.0995821,49.3535119],[-123.0994689,49.3519649],[-123.0974763,49.3470013],[-123.0977638,49.3461735],[-123.0988639,49.3455789],[-123.1002815,49.3453348],[-123.1030324,49.3441],[-123.1045279,49.341697],[-123.1067277,49.3403997],[-123.107171,49.3393878],[-123.1102454,49.339195],[-123.112411,49.3394948],[-123.1152298,49.3395499],[-123.1167941,49.3393303]]],[[[-123.1111247,49.3559144],[-123.1112736,49.3542844],[-123.1119746,49.3535991],[-123.1130229,49.3542016],[-123.1158748,49.3546204],[-123.1166302,49.3537296],[-123.1166671,49.3526152],[-123.1157987,49.3512925],[-123.1167276,49.3485669],[-123.1165877,49.3478474],[-123.1148928,49.3468227],[-123.1137151,49.3445399],[-123.1151035,49.3434776],[-123.1149669,49.3429102],[-123.1164625,49.3414875],[-123.1177821,49.3406228],[-123.1175243,49.3393013],[-123.1180481,49.3393212],[-123.118134,49.3442007],[-123.1179961,49.3474965],[-123.1181469,49.3487587],[-123.1181975,49.356469],[-123.1143637,49.3564313],[-123.1111247,49.3559144]]]]},"properties":{"a": "2.2496", "t": "CT", "dw": "1353", "hh": "1335", "id": "9330120.00", "key": "CT01", "pop": "3870", "pop2": "3801", "rgid": "59", "rpid": "59933", "ruid": "5915046", "rguid": "5915"}},{"type":"Feature","geometry":{"type":"MultiPolygon","coordinates":[[[[-123.099924,49.3562722],[-123.0900391,49.3562503],[-123.0844731,49.3531777],[-123.086236,49.3515797],[-123.0869484,49.3495823],[-123.0872884,49.3471803],[-123.0886753,49.3451284],[-123.0886447,49.3434553],[-123.090171,49.3424467],[-123.0923558,49.3402682],[-123.0937004,49.3379283],[-123.0939453,49.3366241],[-123.0976347,49.3366388],[-123.0982007,49.3374569],[-123.0980391,49.3384797],[-123.0991683,49.339435],[-123.107171,49.3393878],[-123.1067277,49.3403997],[-123.1045279,49.341697],[-123.1030324,49.3441],[-123.1002815,49.3453348],[-123.0988639,49.3455789],[-123.0977638,49.3461735],[-123.0974763,49.3470013],[-123.0994689,49.3519649],[-123.0995821,49.3535119],[-123.1001341,49.3541141],[-123.099924,49.3562722]]]]},"properties":{"a": "1.8394", "t": "CT", "dw": "1501", "hh": "1475", "id": "9330121.00", "key": "CT01", "pop": "4403", "pop2": "4331", "rgid": "59", "rpid": "59933", "ruid": "5915046", "rguid": "5915"}},{"type":"Feature","geometry":{"type":"MultiPolygon","coordinates":[[[[-123.1107009,49.3559622],[-123.1111247,49.3559144],[-123.1143637,49.3564313],[-123.1181975,49.356469],[-123.1180161,49.3592652],[-123.1172689,49.3595154],[-123.1171908,49.3637235],[-123.1179968,49.3644132],[-123.1180353,49.3710417],[-123.1173432,49.3697581],[-123.1178626,49.3687507],[-123.116964,49.3670146],[-123.1163799,49.3649466],[-123.1137327,49.3631323],[-123.1125157,49.3612982],[-123.1117283,49.3606518],[-123.1100747,49.3602314],[-123.1074728,49.3603951],[-123.1066889,49.3608361],[-123.105802,49.3644352],[-123.1061068,49.3655234],[-123.1051464,49.3667561],[-123.1067566,49.3667463],[-123.1066514,49.3687704],[-123.1077667,49.3688864],[-123.1090081,49.3699104],[-123.1092323,49.3707281],[-123.1086683,49.3718723],[-123.1099942,49.3723741],[-123.1112084,49.3745769],[-123.1122168,49.375025],[-123.1120397,49.3759256],[-123.1132257,49.3772013],[-123.1152814,49.3784503],[-123.1156413,49.3789897],[-123.1176548,49.3793471],[-123.1191987,49.3801813],[-123.1192847,49.3811355],[-123.1212011,49.3817273],[-123.1236717,49.3817681],[-123.1236364,49.4045998],[-123.1237656,49.4061982],[-123.0800968,49.4070577],[-123.0700331,49.4071878],[-123.0700877,49.3860681],[-123.0702076,49.384804],[-123.070226,49.3788702],[-123.0704187,49.3758902],[-123.0702393,49.3661907],[-123.0721422,49.364992],[-123.07251,49.3622393],[-123.0734581,49.3607545],[-123.0752464,49.3594581],[-123.0767191,49.3589354],[-123.0783698,49.3574497],[-123.0795528,49.3569276],[-123.0805835,49.3556855],[-123.0833492,49.3543973],[-123.0844731,49.3531777],[-123.0900391,49.3562503],[-123.099924,49.3562722],[-123.1045449,49.3561791],[-123.1072827,49.3563475],[-123.1107009,49.3559622]]]]},"properties":{"a": "19.225", "t": "CT", "dw": "1362", "hh": "1340", "id": "9330122.00", "key": "CT01", "pop": "4208", "pop2": "4156", "rgid": "59", "rpid": "59933", "ruid": "5915046", "rguid": "5915"}},{"type":"Feature","geometry":{"type":"MultiPolygon","coordinates":[[[[-123.159002,49.326558],[-123.160607,49.3263705],[-123.1618589,49.3268014],[-123.1651159,49.3271951],[-123.1698267,49.3273078],[-123.1709625,49.3278828],[-123.1724599,49.329327],[-123.1753407,49.3313093],[-123.1793034,49.3323238],[-123.180996,49.3329577],[-123.1826393,49.3328171],[-123.1878267,49.334937],[-123.1906124,49.3350648],[-123.1905304,49.3376512],[-123.1891881,49.3376132],[-123.1826465,49.3359462],[-123.1734768,49.3338045],[-123.1709781,49.3337291],[-123.170948,49.3317127],[-123.1602625,49.3315497],[-123.1602377,49.3272391],[-123.159002,49.326558]]]]},"properties":{"a": "0.8797", "t": "CT", "dw": "2882", "hh": "2730", "id": "9330130.01", "key": "CT01", "pop": "4727", "pop2": "4575", "rgid": "59", "rpid": "59933", "ruid": "5915055", "rguid": "5915"}},{"type":"Feature","geometry":{"type":"MultiPolygon","coordinates":[[[[-123.1243845,49.3287398],[-123.1245697,49.3249399],[-123.1221983,49.3242362],[-123.119973,49.3239845],[-123.1203065,49.3185726],[-123.1232102,49.3158453],[-123.1259877,49.3129033],[-123.1266567,49.3129776],[-123.1310021,49.3152184],[-123.1327797,49.3157488],[-123.1325188,49.3181147],[-123.1343999,49.3184328],[-123.1342523,49.317628],[-123.1359972,49.3171359],[-123.1375468,49.3180933],[-123.1375265,49.3206956],[-123.1396987,49.3207202],[-123.1386964,49.321809],[-123.1337753,49.3237305],[-123.1329211,49.3242898],[-123.1310713,49.326828],[-123.1296852,49.3279355],[-123.1273735,49.3285324],[-123.1243845,49.3287398]]],[[[-123.1243596,49.3291642],[-123.12714,49.3289103],[-123.1304824,49.3282412],[-123.1316218,49.327286],[-123.1333381,49.3248371],[-123.1377907,49.3233399],[-123.1398513,49.32196],[-123.142534,49.3215161],[-123.1455087,49.3225056],[-123.1469946,49.3218832],[-123.1481303,49.3221251],[-123.1493571,49.32305],[-123.1503389,49.3232948],[-123.1523122,49.3261312],[-123.1529321,49.3265537],[-123.1566768,49.3267755],[-123.159002,49.326558],[-123.1602377,49.3272391],[-123.1602625,49.3315497],[-123.1430163,49.3313744],[-123.1430375,49.3303854],[-123.1419582,49.3303625],[-123.1395682,49.3308276],[-123.136945,49.3307881],[-123.1276434,49.3308828],[-123.1261373,49.3305701],[-123.1242693,49.3309283],[-123.1243596,49.3291642]]]]},"properties":{"a": "3.1651", "t": "CT", "dw": "3721", "hh": "3515", "id": "9330130.02", "key": "CT01", "pop": "6626", "pop2": "6305", "rgid": "59", "rpid": "59933", "ruid": "5915808", "rguid": "5915"}},{"type":"Feature","geometry":{"type":"MultiPolygon","coordinates":[[[[-123.1182047,49.3347072],[-123.1185383,49.3338846],[-123.1182725,49.3320859],[-123.1188098,49.3310578],[-123.1242693,49.3309283],[-123.1261373,49.3305701],[-123.1276434,49.3308828],[-123.136945,49.3307881],[-123.1395682,49.3308276],[-123.1419582,49.3303625],[-123.1430375,49.3303854],[-123.1430163,49.3313744],[-123.1602625,49.3315497],[-123.170948,49.3317127],[-123.1709781,49.3337291],[-123.1734768,49.3338045],[-123.1826465,49.3359462],[-123.1891881,49.3376132],[-123.1905304,49.3376512],[-123.1901671,49.3385698],[-123.1888901,49.3384346],[-123.1570906,49.3382194],[-123.1400398,49.3381222],[-123.1398332,49.3382963],[-123.1389616,49.3380036],[-123.1349263,49.3375969],[-123.1300628,49.3375486],[-123.1291141,49.3379944],[-123.1192762,49.3378778],[-123.1182831,49.3377959],[-123.1182047,49.3347072]]]]},"properties":{"a": "3.3604", "t": "CT", "dw": "2582", "hh": "2500", "id": "9330131.00", "key": "CT01", "pop": "6924", "pop2": "6929", "rgid": "59", "rpid": "59933", "ruid": "5915055", "rguid": "5915"}},{"type":"Feature","geometry":{"type":"MultiPolygon","coordinates":[[[[-123.1906124,49.3350648],[-123.1941343,49.335231],[-123.1966418,49.3364757],[-123.1985534,49.3378513],[-123.2010662,49.3384785],[-123.203986,49.338554],[-123.2051051,49.3397734],[-123.2061477,49.3403286],[-123.208265,49.3400457],[-123.209876,49.3401459],[-123.2111823,49.3407363],[-123.2125993,49.3407003],[-123.2130882,49.3398632],[-123.2152829,49.3392463],[-123.2161169,49.338596],[-123.2190908,49.3378332],[-123.2207362,49.3383556],[-123.2223997,49.3393327],[-123.2239861,49.3393124],[-123.2259698,49.3404838],[-123.2278035,49.3411444],[-123.2315394,49.3411128],[-123.2337642,49.3398192],[-123.2376065,49.3384953],[-123.2398031,49.3385939],[-123.241367,49.3389584],[-123.2411511,49.3400535],[-123.2393701,49.3418292],[-123.2372565,49.3431649],[-123.2375266,49.3449363],[-123.2366354,49.3457118],[-123.2367816,49.3474745],[-123.2381778,49.34865],[-123.2364369,49.3491064],[-123.2318418,49.3490465],[-123.2273969,49.3483169],[-123.2181066,49.3462159],[-123.2166759,49.3460711],[-123.211414,49.3461352],[-123.205962,49.3466314],[-123.1951913,49.3474841],[-123.1941224,49.3468016],[-123.1907746,49.3471786],[-123.1902222,49.3470398],[-123.1901671,49.3385698],[-123.1905304,49.3376512],[-123.1906124,49.3350648]]]]},"properties":{"a": "3.2756", "t": "CT", "dw": "1380", "hh": "1315", "id": "9330132.00", "key": "CT01", "pop": "3728", "pop2": "3841", "rgid": "59", "rpid": "59933", "ruid": "5915055", "rguid": "5915"}},{"type":"Feature","geometry":{"type":"MultiPolygon","coordinates":[[[[-123.2749846,49.3545508],[-123.2739509,49.3552197],[-123.2731351,49.3550797],[-123.2721585,49.3534432],[-123.2729767,49.3528501],[-123.2750424,49.3522465],[-123.2757011,49.3529888],[-123.2749846,49.3545508]]],[[[-123.2685384,49.3529675],[-123.2680576,49.3533909],[-123.269472,49.3541436],[-123.2712164,49.3541093],[-123.270925,49.3553991],[-123.2690347,49.3562158],[-123.2685151,49.3568866],[-123.2691896,49.3579902],[-123.2717385,49.3574598],[-123.2723456,49.3566673],[-123.2745835,49.3562154],[-123.2760687,49.3553583],[-123.2785198,49.3555023],[-123.2796376,49.3562366],[-123.2807434,49.3578584],[-123.2826913,49.3579044],[-123.2847715,49.358391],[-123.2849877,49.3590474],[-123.2828214,49.362307],[-123.2867677,49.3625643],[-123.2872757,49.3628433],[-123.2877518,49.3655713],[-123.286687,49.3667677],[-123.2849405,49.3679303],[-123.2843486,49.3690831],[-123.2850446,49.3706063],[-123.2852843,49.3721979],[-123.2863239,49.3723807],[-123.2880173,49.3712675],[-123.2889266,49.3710692],[-123.2907311,49.3715007],[-123.2919525,49.3724736],[-123.2934903,49.3723584],[-123.2927923,49.3743413],[-123.2915084,49.3751585],[-123.2907891,49.3767218],[-123.2897084,49.3756394],[-123.2882861,49.3754389],[-123.2859441,49.3765066],[-123.2843524,49.3778576],[-123.2820586,49.378756],[-123.279269,49.3784263],[-123.2770803,49.3800176],[-123.2755452,49.3806491],[-123.2748942,49.3804816],[-123.2747963,49.3791138],[-123.2755552,49.3776596],[-123.2756819,49.3760607],[-123.2752734,49.3755651],[-123.2728201,49.3749638],[-123.272434,49.3757399],[-123.2708284,49.3763949],[-123.268359,49.3795173],[-123.268141,49.3803263],[-123.2670768,49.3811872],[-123.2660605,49.3826715],[-123.2622946,49.3847869],[-123.2591156,49.3880046],[-123.258411,49.3903239],[-123.2578761,49.3910907],[-123.2566197,49.391776],[-123.2562876,49.3928985],[-123.2546866,49.3941303],[-123.252695,49.3952256],[-123.2519105,49.3961414],[-123.2521568,49.3983082],[-123.2519626,49.3997171],[-123.2482179,49.4015183],[-123.2457819,49.4025264],[-123.2451802,49.4030417],[-123.2442176,49.4069746],[-123.2433212,49.40774],[-123.2418861,49.4077541],[-123.2425216,49.4064453],[-123.2423693,49.4039961],[-123.2442205,49.4014107],[-123.2480531,49.3985877],[-123.2493503,49.3974111],[-123.25214,49.3943242],[-123.2548603,49.392355],[-123.2564603,49.3882098],[-123.2573219,49.3871268],[-123.2600819,49.3849949],[-123.2610333,49.38403],[-123.2631769,49.382889],[-123.2661318,49.3809292],[-123.2669768,49.3792496],[-123.2681162,49.3782428],[-123.2691365,49.3765451],[-123.2703315,49.3732677],[-123.2715306,49.371973],[-123.2730417,49.3711023],[-123.275218,49.3690135],[-123.2754763,49.3684012],[-123.2752053,49.3643334],[-123.2759662,49.3626751],[-123.2752396,49.3616957],[-123.2732798,49.3610239],[-123.2709172,49.3610682],[-123.2646368,49.362089],[-123.2622741,49.3619948],[-123.26001,49.3608722],[-123.2590042,49.3596857],[-123.2593316,49.3576576],[-123.261186,49.3556201],[-123.2612538,49.3550529],[-123.2597763,49.3544396],[-123.2591469,49.3531217],[-123.2610041,49.3528985],[-123.2685384,49.3529675]]]]},"properties":{"a": "3.7897", "t": "CT", "dw": "1471", "hh": "1400", "id": "9330133.01", "key": "CT01", "pop": "3653", "pop2": "3666", "rgid": "59", "rpid": "59933", "ruid": "5915055", "rguid": "5915"}},{"type":"Feature","geometry":{"type":"MultiPolygon","coordinates":[[[[-123.241367,49.3389584],[-123.2424038,49.3390883],[-123.2449422,49.3406524],[-123.2484128,49.3406353],[-123.2496062,49.3400371],[-123.2512474,49.3374645],[-123.2549073,49.3378675],[-123.2544222,49.3353251],[-123.2555512,49.3340836],[-123.2573209,49.3329504],[-123.2584526,49.3333704],[-123.2601113,49.332915],[-123.2615014,49.3332212],[-123.261545,49.3315165],[-123.2619114,49.3311065],[-123.2646368,49.330327],[-123.2656548,49.3312738],[-123.2674213,49.3314717],[-123.2684973,49.3337285],[-123.2676269,49.334956],[-123.2682276,49.3359231],[-123.2696751,49.3372058],[-123.2692175,49.3383125],[-123.2690031,49.3400518],[-123.2698412,49.3408319],[-123.2681383,49.3427113],[-123.2670948,49.3445364],[-123.2692244,49.3461673],[-123.270012,49.347171],[-123.2717061,49.3471377],[-123.2715946,49.3480473],[-123.2696546,49.3484993],[-123.2691321,49.3505771],[-123.2700385,49.3513325],[-123.269147,49.3518206],[-123.2685384,49.3529675],[-123.2610041,49.3528985],[-123.2591469,49.3531217],[-123.2597763,49.3544396],[-123.2612538,49.3550529],[-123.261186,49.3556201],[-123.2593316,49.3576576],[-123.2590042,49.3596857],[-123.26001,49.3608722],[-123.2622741,49.3619948],[-123.2646368,49.362089],[-123.2709172,49.3610682],[-123.2732798,49.3610239],[-123.2752396,49.3616957],[-123.2759662,49.3626751],[-123.2752053,49.3643334],[-123.2754763,49.3684012],[-123.275218,49.3690135],[-123.2730417,49.3711023],[-123.2715306,49.371973],[-123.2703315,49.3732677],[-123.2691365,49.3765451],[-123.2681162,49.3782428],[-123.2669768,49.3792496],[-123.2661318,49.3809292],[-123.2631769,49.382889],[-123.2610333,49.38403],[-123.2600819,49.3849949],[-123.2573219,49.3871268],[-123.2564603,49.3882098],[-123.2548603,49.392355],[-123.25214,49.3943242],[-123.2493503,49.3974111],[-123.2480531,49.3985877],[-123.2442205,49.4014107],[-123.2423693,49.4039961],[-123.2425216,49.4064453],[-123.2418861,49.4077541],[-123.2392913,49.4077386],[-123.1901736,49.4070995],[-123.189823,49.4045779],[-123.1910828,49.3911541],[-123.1910929,49.3828767],[-123.1914252,49.3599767],[-123.1916126,49.3590629],[-123.1911139,49.3583081],[-123.190799,49.3552233],[-123.1904837,49.3544786],[-123.1912508,49.3509949],[-123.1912986,49.3491238],[-123.1907746,49.3471786],[-123.1941224,49.3468016],[-123.1951913,49.3474841],[-123.205962,49.3466314],[-123.211414,49.3461352],[-123.2166759,49.3460711],[-123.2181066,49.3462159],[-123.2273969,49.3483169],[-123.2318418,49.3490465],[-123.2364369,49.3491064],[-123.2381778,49.34865],[-123.2367816,49.3474745],[-123.2366354,49.3457118],[-123.2375266,49.3449363],[-123.2372565,49.3431649],[-123.2393701,49.3418292],[-123.2411511,49.3400535],[-123.241367,49.3389584]]]]},"properties":{"a": "36.9306", "t": "CT", "dw": "2028", "hh": "1945", "id": "9330133.02", "key": "CT01", "pop": "5717", "pop2": "5521", "rgid": "59", "rpid": "59933", "ruid": "5915055", "rguid": "5915"}},{"type":"Feature","geometry":{"type":"MultiPolygon","coordinates":[[[[-123.1901736,49.4070995],[-123.181871,49.4070206],[-123.1793861,49.3955142],[-123.1787207,49.3900555],[-123.1735566,49.3834643],[-123.1710031,49.3806563],[-123.168518,49.3791308],[-123.166973,49.3785664],[-123.1664048,49.3775508],[-123.1652321,49.3770487],[-123.1646233,49.376267],[-123.1600004,49.3738179],[-123.1580128,49.3725883],[-123.156805,49.3696306],[-123.1570062,49.3679302],[-123.1559824,49.3664834],[-123.1559804,49.3658628],[-123.1550518,49.364029],[-123.1557473,49.3618333],[-123.1549889,49.3615465],[-123.1548753,49.3604402],[-123.1538118,49.3594702],[-123.1535601,49.3582382],[-123.1526601,49.3566652],[-123.1516792,49.3556231],[-123.1502444,49.3547075],[-123.1485763,49.354098],[-123.1464384,49.3492694],[-123.1446703,49.3462592],[-123.1459279,49.3460213],[-123.1474801,49.3451413],[-123.1485997,49.3435557],[-123.1486357,49.3418016],[-123.15167,49.3415877],[-123.1487537,49.3395427],[-123.1462226,49.33869],[-123.1398332,49.3382963],[-123.1400398,49.3381222],[-123.1570906,49.3382194],[-123.1888901,49.3384346],[-123.1901671,49.3385698],[-123.1902222,49.3470398],[-123.1907746,49.3471786],[-123.1912986,49.3491238],[-123.1912508,49.3509949],[-123.1904837,49.3544786],[-123.190799,49.3552233],[-123.1911139,49.3583081],[-123.1916126,49.3590629],[-123.1914252,49.3599767],[-123.1910929,49.3828767],[-123.1910828,49.3911541],[-123.189823,49.4045779],[-123.1901736,49.4070995]]]]},"properties":{"a": "15.2829", "t": "CT", "dw": "2625", "hh": "2370", "id": "9330134.00", "key": "CT01", "pop": "6878", "pop2": "6563", "rgid": "59", "rpid": "59933", "ruid": "5915055", "rguid": "5915"}},{"type":"Feature","geometry":{"type":"MultiPolygon","coordinates":[[[[-123.181871,49.4070206],[-123.1805204,49.4070207],[-123.1425756,49.4064652],[-123.1428414,49.4039281],[-123.14369,49.4021821],[-123.1481342,49.3999109],[-123.1484201,49.3987765],[-123.1463379,49.3980513],[-123.1472529,49.3996954],[-123.1470628,49.400136],[-123.1432089,49.4021204],[-123.1424949,49.4034439],[-123.1420608,49.4064675],[-123.1237656,49.4061982],[-123.1236364,49.4045998],[-123.1236717,49.3817681],[-123.1254324,49.3823425],[-123.1241694,49.3836213],[-123.1257131,49.3840062],[-123.1272878,49.3854259],[-123.127219,49.3858763],[-123.1298391,49.3870252],[-123.1309875,49.3878865],[-123.1314717,49.3892354],[-123.1327132,49.3898906],[-123.1362972,49.3907498],[-123.1373055,49.39082],[-123.1381483,49.3920525],[-123.1405079,49.3932642],[-123.1437755,49.3933937],[-123.1444118,49.394212],[-123.1456924,49.3939941],[-123.1467962,49.3944714],[-123.1472769,49.3935601],[-123.1460169,49.3923394],[-123.1431635,49.3914702],[-123.1419968,49.3884318],[-123.140077,49.3864637],[-123.137938,49.3860163],[-123.1353981,49.3843647],[-123.1345014,49.3834384],[-123.1342655,49.3824496],[-123.1295476,49.3805213],[-123.1286482,49.3795245],[-123.1267859,49.3784646],[-123.1253651,49.3779717],[-123.123737,49.3769206],[-123.1235433,49.3764266],[-123.1218474,49.3753929],[-123.1201737,49.3734795],[-123.1187832,49.3730041],[-123.119041,49.37152],[-123.1180353,49.3710417],[-123.1179968,49.3644132],[-123.1171908,49.3637235],[-123.1172689,49.3595154],[-123.1180161,49.3592652],[-123.1181975,49.356469],[-123.1181469,49.3487587],[-123.1179961,49.3474965],[-123.118134,49.3442007],[-123.1180481,49.3393212],[-123.1182831,49.3377959],[-123.1192762,49.3378778],[-123.1291141,49.3379944],[-123.1300628,49.3375486],[-123.1349263,49.3375969],[-123.1389616,49.3380036],[-123.1398332,49.3382963],[-123.1462226,49.33869],[-123.1487537,49.3395427],[-123.15167,49.3415877],[-123.1486357,49.3418016],[-123.1485997,49.3435557],[-123.1474801,49.3451413],[-123.1459279,49.3460213],[-123.1446703,49.3462592],[-123.1464384,49.3492694],[-123.1485763,49.354098],[-123.1502444,49.3547075],[-123.1516792,49.3556231],[-123.1526601,49.3566652],[-123.1535601,49.3582382],[-123.1538118,49.3594702],[-123.1548753,49.3604402],[-123.1549889,49.3615465],[-123.1557473,49.3618333],[-123.1550518,49.364029],[-123.1559804,49.3658628],[-123.1559824,49.3664834],[-123.1570062,49.3679302],[-123.156805,49.3696306],[-123.1580128,49.3725883],[-123.1600004,49.3738179],[-123.1646233,49.376267],[-123.1652321,49.3770487],[-123.1664048,49.3775508],[-123.166973,49.3785664],[-123.168518,49.3791308],[-123.1710031,49.3806563],[-123.1735566,49.3834643],[-123.1787207,49.3900555],[-123.1793861,49.3955142],[-123.181871,49.4070206]]]]},"properties":{"a": "22.4558", "t": "CT", "dw": "1882", "hh": "1760", "id": "9330135.00", "key": "CT01", "pop": "5398", "pop2": "5623", "rgid": "59", "rpid": "59933", "ruid": "5915055", "rguid": "5915"}},{"type":"Feature","geometry":{"type":"MultiPolygon","coordinates":[[[[-123.0870181,49.1332334],[-123.0868282,49.1309258],[-123.0855795,49.1292733],[-123.0783039,49.1236092],[-123.081131,49.1227133],[-123.0835644,49.1224094],[-123.0840663,49.1249823],[-123.0858022,49.1253629],[-123.0872605,49.1246869],[-123.0875812,49.1236398],[-123.0870878,49.1221081],[-123.0876841,49.1212946],[-123.0969456,49.1190892],[-123.1057725,49.1160457],[-123.1069863,49.1157853],[-123.1093267,49.1148144],[-123.114295,49.1130824],[-123.1219178,49.1109798],[-123.1265045,49.1100289],[-123.1314455,49.1097222],[-123.1359496,49.1098992],[-123.1405295,49.1103784],[-123.1447996,49.1105825],[-123.1473339,49.1111213],[-123.1497864,49.112074],[-123.1538215,49.1144513],[-123.1589197,49.1161778],[-123.1613922,49.1175635],[-123.1601809,49.119365],[-123.1614867,49.1197311],[-123.1629772,49.1182715],[-123.1649322,49.1184092],[-123.1676046,49.1198343],[-123.170871,49.1203962],[-123.1699271,49.1240421],[-123.1698578,49.13362],[-123.1663541,49.1335105],[-123.1555236,49.1334233],[-123.1479295,49.1334366],[-123.1367982,49.1334863],[-123.1149191,49.1334022],[-123.1030288,49.1333365],[-123.0870181,49.1332334]]],[[[-123.0992069,49.1120257],[-123.0967018,49.1125225],[-123.0944391,49.1127492],[-123.0904408,49.1136066],[-123.0881126,49.1143827],[-123.0880143,49.1129165],[-123.0885356,49.1126456],[-123.0898744,49.11054],[-123.0913641,49.1093785],[-123.0946367,49.1085844],[-123.0998977,49.1071316],[-123.1067558,49.1045973],[-123.1100546,49.1037308],[-123.1131914,49.1033329],[-123.116601,49.1025547],[-123.1188607,49.1024724],[-123.1214944,49.1028822],[-123.1222616,49.1032325],[-123.1188112,49.1046948],[-123.1170725,49.1052355],[-123.1146385,49.1064246],[-123.1105988,49.1077696],[-123.1045065,49.1101142],[-123.1019338,49.1115008],[-123.0992069,49.1120257]]],[[[-123.0958948,49.1065948],[-123.0937005,49.1061563],[-123.0943437,49.1049857],[-123.0938893,49.10469],[-123.0945878,49.1034299],[-123.0961195,49.1019436],[-123.0992532,49.1001689],[-123.1006907,49.0998261],[-123.1023481,49.0998345],[-123.1061807,49.0992281],[-123.1083732,49.0992257],[-123.109171,49.0998904],[-123.1072813,49.1013231],[-123.1039438,49.1032959],[-123.1021665,49.104161],[-123.1007404,49.1045227],[-123.1009083,49.1052773],[-123.0993314,49.1059355],[-123.0958948,49.1065948]]],[[[-123.1167902,49.095899],[-123.1153268,49.0965292],[-123.1142883,49.0976286],[-123.1128643,49.09825],[-123.1105913,49.0985588],[-123.1066749,49.0985522],[-123.1015935,49.0993944],[-123.1012084,49.0986115],[-123.1029198,49.0975847],[-123.1051474,49.0954418],[-123.1078425,49.0937301],[-123.1101262,49.0931344],[-123.1100998,49.0923059],[-123.1131624,49.0909456],[-123.1174765,49.089663],[-123.1192454,49.0903995],[-123.118683,49.0910485],[-123.117083,49.0918684],[-123.1165249,49.0929661],[-123.1188821,49.093881],[-123.1177732,49.0943408],[-123.1180785,49.0951683],[-123.1167902,49.095899]]]]},"properties":{"a": "15.1904", "t": "CT", "dw": "2121", "hh": "2070", "id": "9330140.02", "key": "CT01", "pop": "5526", "pop2": "4610", "rgid": "59", "rpid": "59933", "ruid": "5915015", "rguid": "5915"}},{"type":"Feature","geometry":{"type":"MultiPolygon","coordinates":[[[[-122.9802838,49.1798872],[-122.9809279,49.1772248],[-122.9808876,49.1700713],[-122.9811536,49.1658416],[-122.9830838,49.1655385],[-122.989913,49.1633197],[-122.997812,49.1614948],[-123.0004459,49.1594749],[-123.0011568,49.1581829],[-123.0029435,49.1565698],[-123.0049243,49.1556023],[-123.0196222,49.1525531],[-123.0274152,49.151422],[-123.0373611,49.1495355],[-123.0420398,49.1482831],[-123.0462307,49.1464311],[-123.0503681,49.144103],[-123.0543797,49.1411047],[-123.0593587,49.1367219],[-123.0633681,49.1337224],[-123.0663806,49.1321721],[-123.0672537,49.1308768],[-123.0690005,49.1299344],[-123.0714593,49.1278091],[-123.0734795,49.1255608],[-123.0783039,49.1236092],[-123.0855795,49.1292733],[-123.0868282,49.1309258],[-123.0870181,49.1332334],[-123.0869403,49.1403363],[-123.0869137,49.1553185],[-123.0868504,49.1558011],[-123.0868298,49.1691755],[-123.0870769,49.1700328],[-123.0806658,49.1699255],[-123.0806158,49.1777246],[-123.0804701,49.184624],[-123.0917502,49.1846426],[-123.0916537,49.1917849],[-123.0916611,49.196378],[-123.0921025,49.1969096],[-123.0898322,49.1969753],[-123.0874959,49.1972988],[-123.082311,49.1992791],[-123.0771774,49.2008024],[-123.0735645,49.2015176],[-123.0686528,49.2020813],[-123.0665891,49.2026391],[-123.0642524,49.202962],[-123.0598584,49.2032344],[-123.0548082,49.2028015],[-123.0526091,49.2024716],[-123.0477365,49.2023613],[-123.0421489,49.2026105],[-123.0296517,49.1990072],[-123.0227569,49.1979543],[-123.0202479,49.1973472],[-123.01522,49.1958048],[-123.0108859,49.194187],[-123.0062562,49.1926163],[-123.0042998,49.1917599],[-122.9994897,49.1881098],[-122.996876,49.1864391],[-122.9907062,49.1835926],[-122.9861647,49.1817156],[-122.9813666,49.180039],[-122.9802838,49.1798872]]]]},"properties":{"a": "42.4257", "t": "CT", "dw": "1395", "hh": "1360", "id": "9330140.03", "key": "CT01", "pop": "4148", "pop2": "4047", "rgid": "59", "rpid": "59933", "ruid": "5915015", "rguid": "5915"}},{"type":"Feature","geometry":{"type":"MultiPolygon","coordinates":[[[[-122.9574435,49.1883755],[-122.9572373,49.1874671],[-122.9573063,49.1762142],[-122.9583644,49.175757],[-122.961945,49.1733542],[-122.9646665,49.1700991],[-122.9689095,49.1686188],[-122.9716414,49.1682695],[-122.9738406,49.167776],[-122.9766131,49.1667537],[-122.9811536,49.1658416],[-122.9808876,49.1700713],[-122.9809279,49.1772248],[-122.9802838,49.1798872],[-122.9783382,49.1796126],[-122.971413,49.1802705],[-122.968008,49.1812378],[-122.9653418,49.1824977],[-122.9631504,49.1840314],[-122.959108,49.1864843],[-122.9594207,49.1868696],[-122.9614767,49.186098],[-122.9636973,49.1844994],[-122.9665466,49.1828471],[-122.9677159,49.1831527],[-122.9649599,49.1854325],[-122.9641088,49.1865536],[-122.9600059,49.1883141],[-122.9583956,49.1886003],[-122.9574435,49.1883755]]]]},"properties":{"a": "2.4925", "t": "CT", "dw": "1349", "hh": "1285", "id": "9330140.04", "key": "CT01", "pop": "4146", "pop2": "3466", "rgid": "59", "rpid": "59933", "ruid": "5915015", "rguid": "5915"}},{"type":"Feature","geometry":{"type":"MultiPolygon","coordinates":[[[[-123.1893545,49.1247542],[-123.1961862,49.1241329],[-123.1995565,49.1248729],[-123.2004649,49.1259836],[-123.198501,49.1264546],[-123.1967204,49.1265317],[-123.1953191,49.1262544],[-123.1945577,49.1269642],[-123.1955673,49.1280941],[-123.1953745,49.1298309],[-123.1941893,49.1317309],[-123.1940577,49.1334815],[-123.1933879,49.1336033],[-123.1811736,49.1336411],[-123.1698578,49.13362],[-123.1699271,49.1240421],[-123.170871,49.1203962],[-123.1734451,49.1211347],[-123.1752285,49.122361],[-123.1784911,49.1223853],[-123.1822314,49.1232698],[-123.1893545,49.1247542]]]]},"properties":{"a": "2.1991", "t": "CT", "dw": "3125", "hh": "3080", "id": "9330141.00", "key": "CT01", "pop": "7942", "pop2": "7442", "rgid": "59", "rpid": "59933", "ruid": "5915015", "rguid": "5915"}},{"type":"Feature","geometry":{"type":"MultiPolygon","coordinates":[[[[-123.1940577,49.1334815],[-123.194198,49.1345198],[-123.195178,49.1365409],[-123.1943356,49.140957],[-123.1840794,49.1409228],[-123.1698234,49.1409369],[-123.1698578,49.13362],[-123.1811736,49.1336411],[-123.1933879,49.1336033],[-123.1940577,49.1334815]]]]},"properties":{"a": "1.4781", "t": "CT", "dw": "2035", "hh": "2010", "id": "9330142.01", "key": "CT01", "pop": "6255", "pop2": "6281", "rgid": "59", "rpid": "59933", "ruid": "5915015", "rguid": "5915"}},{"type":"Feature","geometry":{"type":"MultiPolygon","coordinates":[[[[-123.1943356,49.140957],[-123.1939319,49.1428135],[-123.1939558,49.1440699],[-123.1951132,49.1482676],[-123.1846964,49.148316],[-123.169789,49.1482806],[-123.1698234,49.1409369],[-123.1840794,49.1409228],[-123.1943356,49.140957]]]]},"properties":{"a": "1.4602", "t": "CT", "dw": "1685", "hh": "1665", "id": "9330142.02", "key": "CT01", "pop": "4859", "pop2": "4775", "rgid": "59", "rpid": "59933", "ruid": "5915015", "rguid": "5915"}},{"type":"Feature","geometry":{"type":"MultiPolygon","coordinates":[[[[-123.1951132,49.1482676],[-123.1956101,49.1500925],[-123.1959568,49.1556617],[-123.1916567,49.1557397],[-123.1701998,49.1556695],[-123.169764,49.15566],[-123.169789,49.1482806],[-123.1846964,49.148316],[-123.1951132,49.1482676]]]]},"properties":{"a": "1.5592", "t": "CT", "dw": "2262", "hh": "2225", "id": "9330142.03", "key": "CT01", "pop": "6369", "pop2": "6250", "rgid": "59", "rpid": "59933", "ruid": "5915015", "rguid": "5915"}},{"type":"Feature","geometry":{"type":"MultiPolygon","coordinates":[[[[-123.1698234,49.1409369],[-123.1480065,49.1409027],[-123.1479295,49.1334366],[-123.1555236,49.1334233],[-123.1663541,49.1335105],[-123.1698578,49.13362],[-123.1698234,49.1409369]]]]},"properties":{"a": "1.319", "t": "CT", "dw": "1628", "hh": "1605", "id": "9330143.01", "key": "CT01", "pop": "5595", "pop2": "5645", "rgid": "59", "rpid": "59933", "ruid": "5915015", "rguid": "5915"}},{"type":"Feature","geometry":{"type":"MultiPolygon","coordinates":[[[[-123.169764,49.15566],[-123.1590633,49.1556314],[-123.1480364,49.1555471],[-123.1479872,49.148225],[-123.154373,49.1483054],[-123.169789,49.1482806],[-123.169764,49.15566]]]]},"properties":{"a": "1.292", "t": "CT", "dw": "1565", "hh": "1525", "id": "9330143.02", "key": "CT01", "pop": "4518", "pop2": "4460", "rgid": "59", "rpid": "59933", "ruid": "5915015", "rguid": "5915"}},{"type":"Feature","geometry":{"type":"MultiPolygon","coordinates":[[[[-123.1479872,49.148225],[-123.1367153,49.1481849],[-123.1367363,49.1408806],[-123.1368581,49.1353213],[-123.1367982,49.1334863],[-123.1479295,49.1334366],[-123.1480065,49.1409027],[-123.1479872,49.148225]]]]},"properties":{"a": "1.3439", "t": "CT", "dw": "1595", "hh": "1560", "id": "9330143.03", "key": "CT01", "pop": "4616", "pop2": "4526", "rgid": "59", "rpid": "59933", "ruid": "5915015", "rguid": "5915"}},{"type":"Feature","geometry":{"type":"MultiPolygon","coordinates":[[[[-123.169789,49.1482806],[-123.154373,49.1483054],[-123.1479872,49.148225],[-123.1480065,49.1409027],[-123.1698234,49.1409369],[-123.169789,49.1482806]]]]},"properties":{"a": "1.3041", "t": "CT", "dw": "1712", "hh": "1675", "id": "9330143.04", "key": "CT01", "pop": "5609", "pop2": "5414", "rgid": "59", "rpid": "59933", "ruid": "5915015", "rguid": "5915"}},{"type":"Feature","geometry":{"type":"MultiPolygon","coordinates":[[[[-123.1029637,49.1405594],[-123.1030288,49.1333365],[-123.1149191,49.1334022],[-123.1147831,49.1398161],[-123.1148536,49.1406615],[-123.1029637,49.1405594]]]]},"properties":{"a": "0.6965", "t": "CT", "dw": "686", "hh": "680", "id": "9330144.03", "key": "CT01", "pop": "2276", "pop2": "2176", "rgid": "59", "rpid": "59933", "ruid": "5915015", "rguid": "5915"}},{"type":"Feature","geometry":{"type":"MultiPolygon","coordinates":[[[[-123.1367982,49.1334863],[-123.1368581,49.1353213],[-123.1367363,49.1408806],[-123.1256443,49.1408212],[-123.1148536,49.1406615],[-123.1147831,49.1398161],[-123.1149191,49.1334022],[-123.1367982,49.1334863]]]]},"properties":{"a": "1.3099", "t": "CT", "dw": "2053", "hh": "2015", "id": "9330144.04", "key": "CT01", "pop": "5659", "pop2": "5531", "rgid": "59", "rpid": "59933", "ruid": "5915015", "rguid": "5915"}},{"type":"Feature","geometry":{"type":"MultiPolygon","coordinates":[[[[-123.1367153,49.1481849],[-123.1257175,49.1480984],[-123.1256443,49.1408212],[-123.1367363,49.1408806],[-123.1367153,49.1481849]]]]},"properties":{"a": "0.6555", "t": "CT", "dw": "776", "hh": "760", "id": "9330144.05", "key": "CT01", "pop": "2279", "pop2": "2321", "rgid": "59", "rpid": "59933", "ruid": "5915015", "rguid": "5915"}},{"type":"Feature","geometry":{"type":"MultiPolygon","coordinates":[[[[-123.1028985,49.1477896],[-123.1029637,49.1405594],[-123.1148536,49.1406615],[-123.1256443,49.1408212],[-123.1257175,49.1480984],[-123.1146919,49.1477682],[-123.1028985,49.1477896]]]]},"properties":{"a": "1.3305", "t": "CT", "dw": "1623", "hh": "1600", "id": "9330144.06", "key": "CT01", "pop": "5247", "pop2": "5199", "rgid": "59", "rpid": "59933", "ruid": "5915015", "rguid": "5915"}},{"type":"Feature","geometry":{"type":"MultiPolygon","coordinates":[[[[-123.1256948,49.1554027],[-123.1199896,49.1554177],[-123.1028314,49.155226],[-123.1028985,49.1477896],[-123.1146919,49.1477682],[-123.1257175,49.1480984],[-123.1367153,49.1481849],[-123.1479872,49.148225],[-123.1480364,49.1555471],[-123.1366942,49.1554891],[-123.1310574,49.1554597],[-123.1256948,49.1554027]]]]},"properties":{"a": "2.7096", "t": "CT", "dw": "2363", "hh": "2315", "id": "9330145.00", "key": "CT01", "pop": "7727", "pop2": "7240", "rgid": "59", "rpid": "59933", "ruid": "5915015", "rguid": "5915"}},{"type":"Feature","geometry":{"type":"MultiPolygon","coordinates":[[[[-123.0870769,49.1700328],[-123.0868298,49.1691755],[-123.0868504,49.1558011],[-123.0869137,49.1553185],[-123.0869403,49.1403363],[-123.0870181,49.1332334],[-123.1030288,49.1333365],[-123.1029637,49.1405594],[-123.1028985,49.1477896],[-123.1028314,49.155226],[-123.1026972,49.1701096],[-123.0870769,49.1700328]]]]},"properties":{"a": "4.7617", "t": "CT", "dw": "2043", "hh": "2010", "id": "9330146.00", "key": "CT01", "pop": "6272", "pop2": "6117", "rgid": "59", "rpid": "59933", "ruid": "5915015", "rguid": "5915"}},{"type":"Feature","geometry":{"type":"MultiPolygon","coordinates":[[[[-123.1248324,49.1701927],[-123.1026972,49.1701096],[-123.1028314,49.155226],[-123.1199896,49.1554177],[-123.1256948,49.1554027],[-123.1257497,49.1608268],[-123.1255746,49.1630979],[-123.1248962,49.1638752],[-123.1248324,49.1701927]]]]},"properties":{"a": "2.7123", "t": "CT", "dw": "754", "hh": "710", "id": "9330147.01", "key": "CT01", "pop": "2273", "pop2": "2252", "rgid": "59", "rpid": "59933", "ruid": "5915015", "rguid": "5915"}},{"type":"Feature","geometry":{"type":"MultiPolygon","coordinates":[[[[-123.1365343,49.1739859],[-123.124822,49.1738629],[-123.1248324,49.1701927],[-123.1248962,49.1638752],[-123.1255746,49.1630979],[-123.1268328,49.1626425],[-123.1310623,49.1626617],[-123.1365784,49.1626703],[-123.1365343,49.1739859]]]]},"properties":{"a": "1.0631", "t": "CT", "dw": "4474", "hh": "4275", "id": "9330147.02", "key": "CT01", "pop": "9683", "pop2": "7445", "rgid": "59", "rpid": "59933", "ruid": "5915015", "rguid": "5915"}},{"type":"Feature","geometry":{"type":"MultiPolygon","coordinates":[[[[-123.1310623,49.1626617],[-123.1268328,49.1626425],[-123.1255746,49.1630979],[-123.1257497,49.1608268],[-123.1256948,49.1554027],[-123.1310574,49.1554597],[-123.1310623,49.1626617]]]]},"properties":{"a": "0.3144", "t": "CT", "dw": "2164", "hh": "2110", "id": "9330147.04", "key": "CT01", "pop": "4814", "pop2": "4392", "rgid": "59", "rpid": "59933", "ruid": "5915015", "rguid": "5915"}},{"type":"Feature","geometry":{"type":"MultiPolygon","coordinates":[[[[-123.1365784,49.1626703],[-123.1310623,49.1626617],[-123.1310574,49.1554597],[-123.1366942,49.1554891],[-123.1367068,49.1600678],[-123.1365784,49.1626703]]]]},"properties":{"a": "0.3272", "t": "CT", "dw": "1411", "hh": "1355", "id": "9330147.05", "key": "CT01", "pop": "3708", "pop2": "3131", "rgid": "59", "rpid": "59933", "ruid": "5915015", "rguid": "5915"}},{"type":"Feature","geometry":{"type":"MultiPolygon","coordinates":[[[[-123.1480242,49.1626368],[-123.1365784,49.1626703],[-123.1367068,49.1600678],[-123.1366942,49.1554891],[-123.1480364,49.1555471],[-123.1480242,49.1626368]]]]},"properties":{"a": "0.6557", "t": "CT", "dw": "3523", "hh": "3420", "id": "9330147.06", "key": "CT01", "pop": "7576", "pop2": "6780", "rgid": "59", "rpid": "59933", "ruid": "5915015", "rguid": "5915"}},{"type":"Feature","geometry":{"type":"MultiPolygon","coordinates":[[[[-123.1396424,49.1839004],[-123.1363377,49.1837962],[-123.1364734,49.1799118],[-123.1365343,49.1739859],[-123.1365784,49.1626703],[-123.1480242,49.1626368],[-123.1591406,49.1627109],[-123.1589898,49.1701349],[-123.158791,49.1742383],[-123.1548115,49.1750057],[-123.1507332,49.1763835],[-123.1445042,49.1793405],[-123.1422498,49.180793],[-123.1396424,49.1839004]]]]},"properties":{"a": "2.871", "t": "CT", "dw": "2502", "hh": "2410", "id": "9330148.00", "key": "CT01", "pop": "5955", "pop2": "4640", "rgid": "59", "rpid": "59933", "ruid": "5915015", "rguid": "5915"}},{"type":"Feature","geometry":{"type":"MultiPolygon","coordinates":[[[[-123.1959568,49.1556617],[-123.1962854,49.1629065],[-123.1924234,49.1625789],[-123.188481,49.1627475],[-123.1816579,49.1627341],[-123.1810881,49.1628492],[-123.1701834,49.1629018],[-123.1701998,49.1556695],[-123.1916567,49.1557397],[-123.1959568,49.1556617]]]]},"properties":{"a": "1.4962", "t": "CT", "dw": "1541", "hh": "1525", "id": "9330149.02", "key": "CT01", "pop": "4863", "pop2": "4881", "rgid": "59", "rpid": "59933", "ruid": "5915015", "rguid": "5915"}},{"type":"Feature","geometry":{"type":"MultiPolygon","coordinates":[[[[-123.1962854,49.1629065],[-123.1963382,49.1673929],[-123.1966515,49.1684939],[-123.1975711,49.169822],[-123.1986633,49.170538],[-123.1999223,49.172076],[-123.1999894,49.1735944],[-123.1990893,49.1742405],[-123.1960872,49.1751871],[-123.1928098,49.1751838],[-123.1869658,49.1747085],[-123.1834536,49.1743256],[-123.1781333,49.1740725],[-123.1748909,49.1741112],[-123.170316,49.1739],[-123.1698771,49.1735977],[-123.1697582,49.1628895],[-123.1701834,49.1629018],[-123.1810881,49.1628492],[-123.1816579,49.1627341],[-123.188481,49.1627475],[-123.1924234,49.1625789],[-123.1962854,49.1629065]]]]},"properties":{"a": "2.6371", "t": "CT", "dw": "2398", "hh": "2335", "id": "9330149.03", "key": "CT01", "pop": "7350", "pop2": "4560", "rgid": "59", "rpid": "59933", "ruid": "5915015", "rguid": "5915"}},{"type":"Feature","geometry":{"type":"MultiPolygon","coordinates":[[[[-123.158791,49.1742383],[-123.1589898,49.1701349],[-123.1591406,49.1627109],[-123.1590633,49.1556314],[-123.169764,49.15566],[-123.1701998,49.1556695],[-123.1701834,49.1629018],[-123.1697582,49.1628895],[-123.1698771,49.1735977],[-123.170316,49.1739],[-123.1606251,49.1740081],[-123.158791,49.1742383]]]]},"properties":{"a": "1.6269", "t": "CT", "dw": "2782", "hh": "2685", "id": "9330149.04", "key": "CT01", "pop": "7529", "pop2": "6186", "rgid": "59", "rpid": "59933", "ruid": "5915015", "rguid": "5915"}},{"type":"Feature","geometry":{"type":"MultiPolygon","coordinates":[[[[-123.1591406,49.1627109],[-123.1480242,49.1626368],[-123.1480364,49.1555471],[-123.1590633,49.1556314],[-123.1591406,49.1627109]]]]},"properties":{"a": "0.6376", "t": "CT", "dw": "646", "hh": "625", "id": "9330149.05", "key": "CT01", "pop": "2121", "pop2": "1871", "rgid": "59", "rpid": "59933", "ruid": "5915015", "rguid": "5915"}},{"type":"Feature","geometry":{"type":"MultiPolygon","coordinates":[[[[-123.1831326,49.1796789],[-123.1880823,49.1822204],[-123.1935992,49.1844833],[-123.1955732,49.1850296],[-123.2003551,49.185428],[-123.2056494,49.1864183],[-123.2072583,49.1865185],[-123.2097505,49.1871261],[-123.2101351,49.1874529],[-123.2091377,49.1889555],[-123.2090684,49.1901595],[-123.2106068,49.1900688],[-123.2199359,49.191108],[-123.2198544,49.1913984],[-123.2101333,49.1903657],[-123.209096,49.190469],[-123.2087971,49.1996247],[-123.2033825,49.2065329],[-123.2033223,49.2111208],[-123.2031848,49.2122326],[-123.2019994,49.2152144],[-123.2023685,49.2158979],[-123.2038827,49.2157574],[-123.2053069,49.2150267],[-123.2057645,49.2156279],[-123.2050264,49.2164634],[-123.2081908,49.2164766],[-123.2108924,49.216277],[-123.2132684,49.2155663],[-123.2301584,49.2119374],[-123.2391833,49.2101362],[-123.248836,49.2080502],[-123.2652396,49.2046471],[-123.2663966,49.2052394],[-123.261034,49.2065052],[-123.252528,49.2081262],[-123.2180457,49.2154497],[-123.2142815,49.2163361],[-123.213845,49.2183666],[-123.2146921,49.2196328],[-123.2163891,49.2213508],[-123.2173844,49.2217514],[-123.2193401,49.2216878],[-123.2270443,49.2247961],[-123.2301603,49.2262651],[-123.2311514,49.2273542],[-123.2341945,49.2280353],[-123.235279,49.2304071],[-123.2339182,49.2302602],[-123.2301183,49.2278443],[-123.2278414,49.2265805],[-123.2246281,49.2254586],[-123.2183435,49.223853],[-123.2147442,49.2224925],[-123.2114341,49.2217173],[-123.204644,49.2205392],[-123.2004881,49.2199679],[-123.196751,49.2193604],[-123.1913248,49.2181847],[-123.1890544,49.2175018],[-123.1835742,49.2150645],[-123.1785938,49.2145743],[-123.1791561,49.2136951],[-123.1866681,49.2136172],[-123.1908659,49.213223],[-123.1944722,49.2135957],[-123.1959881,49.2141045],[-123.1987509,49.214494],[-123.1998228,49.2142371],[-123.2007605,49.2125464],[-123.2015494,49.2118681],[-123.2009814,49.2110274],[-123.198261,49.2099426],[-123.1946792,49.2106416],[-123.1861282,49.210645],[-123.1839508,49.2109699],[-123.1786822,49.2122214],[-123.1760812,49.2138947],[-123.1741481,49.2142942],[-123.1724808,49.2141996],[-123.1700427,49.2129347],[-123.1700641,49.2140082],[-123.1673415,49.213443],[-123.1630867,49.2119763],[-123.1586714,49.2095651],[-123.1586855,49.2082393],[-123.1568272,49.2076105],[-123.154467,49.2064393],[-123.1511416,49.2036444],[-123.1467613,49.2014214],[-123.1425736,49.1998097],[-123.1400893,49.1991619],[-123.1373253,49.1986913],[-123.1356134,49.1980926],[-123.1350158,49.1970609],[-123.1370809,49.1941365],[-123.1382109,49.1929795],[-123.1395161,49.190841],[-123.14315,49.1868451],[-123.1429106,49.1840889],[-123.1437615,49.1831101],[-123.1477624,49.1804649],[-123.1502807,49.1791403],[-123.1557133,49.1778713],[-123.168414,49.1771308],[-123.1728678,49.1777258],[-123.1748561,49.1786668],[-123.1790666,49.1785879],[-123.1831326,49.1796789]]]]},"properties":{"a": "17.5818", "t": "CT", "dw": "292", "hh": "290", "id": "9330150.00", "key": "CT01", "pop": "736", "pop2": "706", "rgid": "59", "rpid": "59933", "ruid": "5915015", "rguid": "5915"}},{"type":"Feature","geometry":{"type":"MultiPolygon","coordinates":[[[[-123.1245516,49.1985553],[-123.1183076,49.1918957],[-123.1160819,49.1900285],[-123.1080248,49.1846884],[-123.1065464,49.1836142],[-123.0971258,49.1774765],[-123.0901071,49.1727792],[-123.0875603,49.1708192],[-123.0870769,49.1700328],[-123.1026972,49.1701096],[-123.1248324,49.1701927],[-123.124822,49.1738629],[-123.1365343,49.1739859],[-123.1364734,49.1799118],[-123.1363377,49.1837962],[-123.1396424,49.1839004],[-123.1378649,49.1866232],[-123.1357032,49.1902437],[-123.134539,49.1916972],[-123.1342465,49.1947229],[-123.132478,49.1961613],[-123.129888,49.1967944],[-123.1286694,49.197662],[-123.1259686,49.1980595],[-123.1245516,49.1985553]]]]},"properties":{"a": "6.2505", "t": "CT", "dw": "2545", "hh": "2445", "id": "9330151.01", "key": "CT01", "pop": "7666", "pop2": "6977", "rgid": "59", "rpid": "59933", "ruid": "5915015", "rguid": "5915"}},{"type":"Feature","geometry":{"type":"MultiPolygon","coordinates":[[[[-123.0921025,49.1969096],[-123.0916611,49.196378],[-123.0916537,49.1917849],[-123.102435,49.1918472],[-123.1160454,49.1918481],[-123.1183076,49.1918957],[-123.1245516,49.1985553],[-123.1220938,49.1995844],[-123.1209665,49.2003638],[-123.1161191,49.200798],[-123.1137577,49.2005811],[-123.1073653,49.1989171],[-123.0993667,49.1977597],[-123.0921025,49.1969096]]],[[[-123.072894,49.2044622],[-123.0759288,49.2035963],[-123.0821037,49.2028054],[-123.0837994,49.2022116],[-123.0852479,49.2007517],[-123.0890715,49.1995311],[-123.091038,49.1993793],[-123.0921073,49.2000174],[-123.0937132,49.1998719],[-123.0992809,49.2000066],[-123.1034963,49.2003777],[-123.1075173,49.2012927],[-123.1116674,49.2026992],[-123.1144036,49.2029316],[-123.1168377,49.2027939],[-123.1171721,49.2030938],[-123.114272,49.2041105],[-123.1051324,49.2034985],[-123.096918,49.2035757],[-123.0924201,49.2040799],[-123.0896586,49.2050471],[-123.0781017,49.2076028],[-123.0760313,49.2078519],[-123.0741251,49.2077437],[-123.069991,49.2066885],[-123.0688488,49.2059558],[-123.068735,49.2049231],[-123.072894,49.2044622]]]]},"properties":{"a": "3.0452", "t": "CT", "dw": "678", "hh": "660", "id": "9330151.03", "key": "CT01", "pop": "2361", "pop2": "2152", "rgid": "59", "rpid": "59933", "ruid": "5915015", "rguid": "5915"}},{"type":"Feature","geometry":{"type":"MultiPolygon","coordinates":[[[[-123.1183076,49.1918957],[-123.1160454,49.1918481],[-123.102435,49.1918472],[-123.0916537,49.1917849],[-123.0917502,49.1846426],[-123.0804701,49.184624],[-123.0806158,49.1777246],[-123.0806658,49.1699255],[-123.0870769,49.1700328],[-123.0875603,49.1708192],[-123.0901071,49.1727792],[-123.0971258,49.1774765],[-123.1065464,49.1836142],[-123.1080248,49.1846884],[-123.1160819,49.1900285],[-123.1183076,49.1918957]]]]},"properties":{"a": "3.2184", "t": "CT", "dw": "2546", "hh": "2495", "id": "9330151.04", "key": "CT01", "pop": "8667", "pop2": "7394", "rgid": "59", "rpid": "59933", "ruid": "5915015", "rguid": "5915"}},{"type":"Feature","geometry":{"type":"MultiPolygon","coordinates":[[[[-123.0684179,49.0020617],[-123.0883596,49.0020084],[-123.0907583,49.0019329],[-123.0923227,49.0052904],[-123.0924104,49.0083399],[-123.0936868,49.0108396],[-123.0944424,49.0134729],[-123.0916539,49.013396],[-123.090899,49.0118673],[-123.0856886,49.0118084],[-123.0857874,49.0135984],[-123.06857,49.0137629],[-123.0685163,49.0045154],[-123.0684179,49.0020617]]]]},"properties":{"a": "2.2079", "t": "CT", "dw": "1614", "hh": "1600", "id": "9330160.01", "key": "CT01", "pop": "4661", "pop2": "4886", "rgid": "59", "rpid": "59933", "ruid": "5915011", "rguid": "5915"}},{"type":"Feature","geometry":{"type":"MultiPolygon","coordinates":[[[[-123.035125,49.0020684],[-123.0654442,49.0020126],[-123.0684179,49.0020617],[-123.0685163,49.0045154],[-123.06857,49.0137629],[-123.068626,49.0246655],[-123.0685266,49.0319699],[-123.0685997,49.0383135],[-123.0666883,49.0383105],[-123.0665933,49.0364875],[-123.0651468,49.03654],[-123.065135,49.0347199],[-123.0540286,49.0346513],[-123.0525612,49.0345209],[-123.0539171,49.0322466],[-123.0557327,49.0297369],[-123.0559902,49.0276768],[-123.0549788,49.0273528],[-123.0527726,49.0248268],[-123.0509397,49.0240714],[-123.0487904,49.0228316],[-123.0469978,49.0223464],[-123.0421818,49.0202978],[-123.0411003,49.0196051],[-123.0396898,49.017861],[-123.0390444,49.0145864],[-123.0377026,49.0134622],[-123.0366759,49.01062],[-123.0361676,49.0083979],[-123.0355099,49.00677],[-123.0354903,49.0052255],[-123.035125,49.0020684]]]]},"properties":{"a": "6.5904", "t": "CT", "dw": "3029", "hh": "2945", "id": "9330160.02", "key": "CT01", "pop": "6963", "pop2": "6712", "rgid": "59", "rpid": "59933", "ruid": "5915011", "rguid": "5915"}},{"type":"Feature","geometry":{"type":"MultiPolygon","coordinates":[[[[-123.0944424,49.0134729],[-123.095706,49.0161097],[-123.0972564,49.0183127],[-123.0992301,49.0202354],[-123.1015076,49.0232651],[-123.1026349,49.0240745],[-123.1002622,49.024685],[-123.0907309,49.0247042],[-123.0856014,49.0247441],[-123.068626,49.0246655],[-123.06857,49.0137629],[-123.0857874,49.0135984],[-123.0856886,49.0118084],[-123.090899,49.0118673],[-123.0916539,49.013396],[-123.0944424,49.0134729]]]]},"properties":{"a": "2.7495", "t": "CT", "dw": "2199", "hh": "2140", "id": "9330160.03", "key": "CT01", "pop": "5917", "pop2": "5888", "rgid": "59", "rpid": "59933", "ruid": "5915011", "rguid": "5915"}},{"type":"Feature","geometry":{"type":"MultiPolygon","coordinates":[[[[-123.0907309,49.0247042],[-123.0910856,49.0321374],[-123.0797535,49.037414],[-123.0686098,49.0427286],[-123.0685997,49.0383135],[-123.0685266,49.0319699],[-123.068626,49.0246655],[-123.0856014,49.0247441],[-123.0907309,49.0247042]]]]},"properties":{"a": "2.3137", "t": "CT", "dw": "1542", "hh": "1525", "id": "9330160.04", "key": "CT01", "pop": "3543", "pop2": "3382", "rgid": "59", "rpid": "59933", "ruid": "5915011", "rguid": "5915"}},{"type":"Feature","geometry":{"type":"MultiPolygon","coordinates":[[[[-123.0354903,49.0052255],[-123.0348325,49.0048216],[-123.0345465,49.0020702],[-123.035125,49.0020684],[-123.0354903,49.0052255]]],[[[-123.1026349,49.0240745],[-123.1036948,49.0241479],[-123.1051869,49.0236231],[-123.110348,49.0200114],[-123.1145664,49.0168621],[-123.1168615,49.0154565],[-123.1188722,49.0139495],[-123.1197109,49.0129887],[-123.1231384,49.0109841],[-123.1240664,49.010257],[-123.125693,49.0081544],[-123.1293658,49.0063281],[-123.1307153,49.0061193],[-123.1326005,49.0063211],[-123.1328065,49.0074457],[-123.1294926,49.0083464],[-123.1280529,49.0091874],[-123.1260444,49.0108253],[-123.1250657,49.0112375],[-123.1211888,49.0139334],[-123.1165612,49.0168268],[-123.1109515,49.0211299],[-123.1024247,49.0266813],[-123.1010292,49.0299664],[-123.1004701,49.028864],[-123.0996455,49.028551],[-123.0986594,49.0290928],[-123.0982359,49.0301645],[-123.0977747,49.0327206],[-123.0979877,49.0339409],[-123.0978076,49.0370381],[-123.0984747,49.0395176],[-123.0988978,49.0402383],[-123.1015394,49.0422557],[-123.1093447,49.0471008],[-123.1106788,49.0482254],[-123.1135805,49.0484876],[-123.1173537,49.0481998],[-123.1204929,49.0495921],[-123.1215355,49.0497099],[-123.1229121,49.0492613],[-123.1251282,49.0475802],[-123.1293313,49.044714],[-123.1384135,49.0377414],[-123.1441442,49.0338808],[-123.1494564,49.0299361],[-123.1561795,49.0224214],[-123.1546449,49.0209664],[-123.1519641,49.0196845],[-123.1559923,49.0148853],[-123.1570141,49.0139883],[-123.1593555,49.0138541],[-123.1629494,49.0149669],[-123.164829,49.015841],[-123.1663468,49.0158428],[-123.1680523,49.0169313],[-123.1706227,49.0177914],[-123.1709177,49.0183008],[-123.1659668,49.0241177],[-123.1649414,49.0248631],[-123.1637979,49.0250354],[-123.1595564,49.0238431],[-123.1582741,49.0239877],[-123.1570163,49.0247383],[-123.1518326,49.0305579],[-123.1427969,49.0368126],[-123.1293016,49.0466308],[-123.1254982,49.0492735],[-123.1242696,49.0507806],[-123.1261627,49.0519571],[-123.1349491,49.0548552],[-123.1443957,49.0591325],[-123.1469926,49.0605995],[-123.149576,49.0617638],[-123.1536648,49.0624747],[-123.1561441,49.0633682],[-123.1577811,49.0649423],[-123.1581525,49.0661164],[-123.1576414,49.0670655],[-123.1555714,49.0682549],[-123.1538731,49.0684269],[-123.1500373,49.0687006],[-123.1472142,49.0692759],[-123.140136,49.070318],[-123.1366415,49.0713511],[-123.1338658,49.0726706],[-123.1322572,49.073679],[-123.1302471,49.0752952],[-123.1282586,49.0774432],[-123.1266458,49.0801477],[-123.1236902,49.0841353],[-123.1236832,49.0853658],[-123.1220882,49.0860247],[-123.1173746,49.0855199],[-123.1124957,49.0852695],[-123.1093907,49.0854997],[-123.1087747,49.085201],[-123.1068508,49.0859471],[-123.1069976,49.0849295],[-123.1047378,49.0854022],[-123.0954306,49.0822283],[-123.0908421,49.082254],[-123.0906745,49.0795147],[-123.087558,49.0795974],[-123.0786421,49.079253],[-123.0778242,49.0811606],[-123.07777,49.0827482],[-123.0743839,49.0827401],[-123.0656518,49.0825535],[-123.0632653,49.0826072],[-123.05975,49.0829794],[-123.055234,49.0828488],[-123.051122,49.0829138],[-123.0461721,49.0826835],[-123.0461511,49.084771],[-123.0405447,49.0852562],[-123.0405455,49.0857031],[-123.0360114,49.0861512],[-123.0359648,49.0898953],[-123.0461301,49.0899032],[-123.0461075,49.0938921],[-123.0472571,49.0938968],[-123.0534357,49.0947756],[-123.0574231,49.0959071],[-123.0629186,49.0978923],[-123.0672813,49.1003114],[-123.0709944,49.10297],[-123.0721614,49.1046245],[-123.0756514,49.1022204],[-123.07921,49.1001041],[-123.0806053,49.0986372],[-123.0818875,49.0988911],[-123.0830796,49.1002653],[-123.0836405,49.0995279],[-123.0829509,49.0985422],[-123.0847138,49.0987331],[-123.0874581,49.098016],[-123.0875572,49.0985958],[-123.0863099,49.0998686],[-123.0817218,49.1013549],[-123.0806678,49.1018968],[-123.0804604,49.1043524],[-123.0799792,49.1070251],[-123.0790913,49.1076807],[-123.0804584,49.1089453],[-123.0803211,49.1099266],[-123.0814589,49.1103129],[-123.082023,49.1097223],[-123.0834398,49.1100361],[-123.0841337,49.1107502],[-123.0825757,49.1120094],[-123.080612,49.1127225],[-123.0777305,49.113315],[-123.0747283,49.1135826],[-123.0689676,49.1138586],[-123.066915,49.1145056],[-123.06571,49.1139936],[-123.0636578,49.1146887],[-123.0595202,49.1182015],[-123.056778,49.1211765],[-123.0558801,49.1226944],[-123.0532561,49.1257246],[-123.0538416,49.126306],[-123.0557856,49.125797],[-123.0580265,49.1231699],[-123.0620192,49.1193398],[-123.0645037,49.1172898],[-123.0674255,49.1161929],[-123.0674079,49.1153883],[-123.0683025,49.1149268],[-123.0697986,49.1157535],[-123.0716388,49.1159434],[-123.0748344,49.1152499],[-123.0759486,49.1155068],[-123.0799075,49.115522],[-123.0806444,49.1161267],[-123.0785181,49.1172511],[-123.0758359,49.1182988],[-123.0725253,49.1198919],[-123.0698774,49.1209821],[-123.0638642,49.1238994],[-123.0621028,49.1252726],[-123.0603269,49.1263271],[-123.0586346,49.1269736],[-123.0535637,49.1276169],[-123.0516714,49.1281179],[-123.0489768,49.1297627],[-123.0469023,49.1313535],[-123.0442407,49.1346589],[-123.0422123,49.1374199],[-123.0369151,49.1421344],[-123.0344423,49.1436473],[-123.0284407,49.1453699],[-123.02383,49.1469828],[-123.0181814,49.1478253],[-123.0102094,49.1474293],[-123.0047288,49.1475648],[-123.0018784,49.1478054],[-123.0001455,49.1483027],[-122.9991448,49.1492997],[-122.9976759,49.1499212],[-122.9924448,49.1514787],[-122.9904115,49.1518118],[-122.9801393,49.1540511],[-122.9715196,49.1553874],[-122.9625325,49.1547477],[-122.9580456,49.1537794],[-122.9545632,49.153537],[-122.9502228,49.153865],[-122.9439927,49.1557139],[-122.9424681,49.156569],[-122.941329,49.1582066],[-122.9403209,49.1584867],[-122.9399281,49.1580871],[-122.9403822,49.1556176],[-122.9397528,49.154322],[-122.9382053,49.1525761],[-122.9347662,49.1502623],[-122.9344294,49.1502121],[-122.9256556,49.1443829],[-122.9239738,49.1431244],[-122.9215205,49.14071],[-122.9198518,49.1381991],[-122.9191019,49.1356889],[-122.9194265,49.1341169],[-122.9204006,49.129384],[-122.9214048,49.1271628],[-122.9233436,49.1240583],[-122.924181,49.1223072],[-122.9244158,49.1211559],[-122.9236754,49.1193144],[-122.9265834,49.119682],[-122.9256416,49.1182538],[-122.9224123,49.1160985],[-122.920166,49.1154594],[-122.9134573,49.1144331],[-122.9093018,49.1129653],[-122.9074031,49.1119727],[-122.9052999,49.1103897],[-122.9006883,49.1024544],[-122.8991044,49.0998533],[-122.8942936,49.0925867],[-122.8905031,49.0923517],[-122.8903952,49.0888757],[-122.8940059,49.0862059],[-122.9350057,49.0747809],[-122.9850268,49.0628655],[-123.0128289,49.0616949],[-123.018487,49.0587471],[-123.0184364,49.0574656],[-123.0193453,49.0564974],[-123.021544,49.0571194],[-123.022404,49.0576538],[-123.0253649,49.0550379],[-123.027395,49.0542334],[-123.0288617,49.0532555],[-123.029263,49.0521873],[-123.0334404,49.0507229],[-123.034221,49.0494327],[-123.0355678,49.0495131],[-123.0350969,49.050328],[-123.0363882,49.050524],[-123.0377669,49.0492571],[-123.0390919,49.0484622],[-123.0388847,49.0475142],[-123.0415662,49.0462948],[-123.0434571,49.0461884],[-123.0446461,49.0466072],[-123.0460296,49.046401],[-123.048373,49.0451138],[-123.0500522,49.0424833],[-123.0525612,49.0345209],[-123.0540286,49.0346513],[-123.065135,49.0347199],[-123.0651468,49.03654],[-123.0665933,49.0364875],[-123.0666883,49.0383105],[-123.0685997,49.0383135],[-123.0686098,49.0427286],[-123.0797535,49.037414],[-123.0910856,49.0321374],[-123.0907309,49.0247042],[-123.1002622,49.024685],[-123.1026349,49.0240745]]],[[[-123.1550976,49.0728184],[-123.1578238,49.073749],[-123.1607523,49.0753635],[-123.1626799,49.0756555],[-123.1637499,49.0763197],[-123.1643822,49.0774849],[-123.1659279,49.0775657],[-123.1670395,49.0772431],[-123.1693035,49.0775569],[-123.1701255,49.0783071],[-123.171915,49.0811469],[-123.1737416,49.0819617],[-123.1762319,49.0826806],[-123.1786134,49.0837847],[-123.1792634,49.0853611],[-123.1787868,49.0896921],[-123.181068,49.0932611],[-123.1807929,49.0946084],[-123.1849993,49.0954859],[-123.1861842,49.097845],[-123.1881959,49.1009541],[-123.1878592,49.1018358],[-123.1866278,49.1022696],[-123.1847152,49.1023882],[-123.1832393,49.102908],[-123.1832382,49.1038106],[-123.1859984,49.104991],[-123.1867473,49.1059076],[-123.1864202,49.1070628],[-123.1869818,49.1083923],[-123.1884091,49.1096251],[-123.1871192,49.1106345],[-123.184887,49.1110047],[-123.1825568,49.1111311],[-123.1775921,49.1101026],[-123.1751276,49.109027],[-123.1715715,49.1077807],[-123.1648535,49.1047319],[-123.1640807,49.1041708],[-123.1647943,49.1033647],[-123.1668159,49.1028611],[-123.168481,49.10283],[-123.1697504,49.1023142],[-123.1701312,49.1014861],[-123.1655688,49.1019809],[-123.1621592,49.103112],[-123.1605623,49.1028409],[-123.1538752,49.0985322],[-123.1507882,49.0974676],[-123.1480521,49.0968331],[-123.1457209,49.0959184],[-123.1434553,49.0945648],[-123.1416819,49.093038],[-123.1380858,49.0908335],[-123.1340884,49.0889079],[-123.1307472,49.0867528],[-123.1302373,49.084574],[-123.1302305,49.0814544],[-123.1307212,49.0802412],[-123.1335572,49.0773703],[-123.1392914,49.0741735],[-123.1414246,49.0734229],[-123.1451163,49.0730268],[-123.1479164,49.0723182],[-123.1550976,49.0728184]]],[[[-122.9680023,49.1605475],[-122.9708534,49.1607527],[-122.9779061,49.1604188],[-122.9828261,49.1594006],[-122.9852042,49.1593003],[-122.9850831,49.1599504],[-122.981668,49.1620856],[-122.978267,49.1636066],[-122.9742348,49.1648623],[-122.9683018,49.1662944],[-122.9651328,49.1671872],[-122.9627934,49.1687625],[-122.9602423,49.1719021],[-122.9585528,49.1736467],[-122.9553334,49.1752254],[-122.9535807,49.1753498],[-122.949448,49.1759702],[-122.9468665,49.1769605],[-122.9422867,49.178405],[-122.9395523,49.1796622],[-122.9376714,49.1802564],[-122.9343563,49.1817756],[-122.9307802,49.1825652],[-122.9312498,49.1833748],[-122.9332331,49.1835348],[-122.9334702,49.1839999],[-122.9316328,49.1857938],[-122.9283972,49.1869512],[-122.9262191,49.1879223],[-122.9256427,49.1886401],[-122.9231448,49.1904828],[-122.921027,49.1926172],[-122.9193518,49.1938689],[-122.9186047,49.1930044],[-122.9206944,49.1886002],[-122.9203528,49.1882938],[-122.9213846,49.1865362],[-122.9219748,49.1865739],[-122.9264605,49.1782658],[-122.9272786,49.1777746],[-122.9281466,49.1763094],[-122.9285885,49.174654],[-122.9295657,49.1727292],[-122.9315035,49.1702112],[-122.933149,49.168819],[-122.938629,49.1653759],[-122.9418409,49.1635253],[-122.9426518,49.1622925],[-122.9440769,49.1623829],[-122.9480019,49.1602719],[-122.9498008,49.1596879],[-122.954327,49.1592673],[-122.9585777,49.159647],[-122.9607048,49.1596833],[-122.9680023,49.1605475]]]]},"properties":{"a": "148.3358", "t": "CT", "dw": "1530", "hh": "1430", "id": "9330161.01", "key": "CT01", "pop": "3790", "pop2": "3430", "rgid": "59", "rpid": "59933", "ruid": "5915011", "rguid": "5915"}},{"type":"Feature","geometry":{"type":"MultiPolygon","coordinates":[[[[-123.0861926,49.0931142],[-123.0823303,49.0899191],[-123.079849,49.0876013],[-123.0791944,49.086042],[-123.0791995,49.0848928],[-123.07777,49.0827482],[-123.0778242,49.0811606],[-123.0786421,49.079253],[-123.087558,49.0795974],[-123.0906745,49.0795147],[-123.0908421,49.082254],[-123.0954306,49.0822283],[-123.1047378,49.0854022],[-123.1069976,49.0849295],[-123.1068508,49.0859471],[-123.1046943,49.0863884],[-123.1009043,49.0874749],[-123.0947944,49.0895223],[-123.0929715,49.0904071],[-123.0908072,49.0908725],[-123.0896212,49.0918052],[-123.0861926,49.0931142]]]]},"properties":{"a": "1.7451", "t": "CT", "dw": "2186", "hh": "2160", "id": "9330161.02", "key": "CT01", "pop": "5451", "pop2": "5573", "rgid": "59", "rpid": "59933", "ruid": "5915011", "rguid": "5915"}},{"type":"Feature","geometry":{"type":"MultiPolygon","coordinates":[[[[-123.0461301,49.0899032],[-123.0359648,49.0898953],[-123.0360114,49.0861512],[-123.0405455,49.0857031],[-123.0405447,49.0852562],[-123.0461511,49.084771],[-123.0461721,49.0826835],[-123.051122,49.0829138],[-123.055234,49.0828488],[-123.05975,49.0829794],[-123.0632653,49.0826072],[-123.0656518,49.0825535],[-123.0743839,49.0827401],[-123.07777,49.0827482],[-123.0791995,49.0848928],[-123.0791944,49.086042],[-123.079849,49.0876013],[-123.0823303,49.0899191],[-123.0760163,49.0899684],[-123.0686064,49.09],[-123.0461301,49.0899032]]]]},"properties":{"a": "2.3334", "t": "CT", "dw": "2326", "hh": "2305", "id": "9330161.03", "key": "CT01", "pop": "6699", "pop2": "6340", "rgid": "59", "rpid": "59933", "ruid": "5915011", "rguid": "5915"}},{"type":"Feature","geometry":{"type":"MultiPolygon","coordinates":[[[[-123.0672813,49.1003114],[-123.0629186,49.0978923],[-123.0574231,49.0959071],[-123.0534357,49.0947756],[-123.0472571,49.0938968],[-123.0461075,49.0938921],[-123.0461301,49.0899032],[-123.0686064,49.09],[-123.0760163,49.0899684],[-123.0760235,49.094691],[-123.0693322,49.0997327],[-123.0687426,49.0993192],[-123.0672813,49.1003114]]]]},"properties":{"a": "1.6162", "t": "CT", "dw": "1875", "hh": "1855", "id": "9330161.05", "key": "CT01", "pop": "5583", "pop2": "5682", "rgid": "59", "rpid": "59933", "ruid": "5915011", "rguid": "5915"}},{"type":"Feature","geometry":{"type":"MultiPolygon","coordinates":[[[[-123.0860481,49.0935927],[-123.0846168,49.0946632],[-123.0836995,49.094915],[-123.0823675,49.0958975],[-123.0806053,49.0986372],[-123.07921,49.1001041],[-123.0756514,49.1022204],[-123.0721614,49.1046245],[-123.0709944,49.10297],[-123.0672813,49.1003114],[-123.0687426,49.0993192],[-123.0693322,49.0997327],[-123.0760235,49.094691],[-123.0760163,49.0899684],[-123.0823303,49.0899191],[-123.0861926,49.0931142],[-123.0860481,49.0935927]]]]},"properties":{"a": "0.9386", "t": "CT", "dw": "1019", "hh": "1015", "id": "9330161.06", "key": "CT01", "pop": "2714", "pop2": "2791", "rgid": "59", "rpid": "59933", "ruid": "5915011", "rguid": "5915"}},{"type":"Feature","geometry":{"type":"MultiPolygon","coordinates":[[[[-122.9236754,49.1193144],[-122.9244158,49.1211559],[-122.924181,49.1223072],[-122.9233436,49.1240583],[-122.9214048,49.1271628],[-122.9204006,49.129384],[-122.9194265,49.1341169],[-122.9046827,49.1341667],[-122.89595,49.1342581],[-122.8904391,49.134253],[-122.8904006,49.1268407],[-122.8903481,49.1195544],[-122.8959258,49.1196585],[-122.8958363,49.1231216],[-122.8948195,49.1243171],[-122.8948296,49.1260173],[-122.8969958,49.1257493],[-122.8979697,49.1259827],[-122.9031718,49.1282718],[-122.9061948,49.1290507],[-122.9099162,49.1295962],[-122.9117946,49.1295712],[-122.9128348,49.1290367],[-122.9172945,49.1261075],[-122.9199711,49.1245899],[-122.9199025,49.1195512],[-122.9218565,49.1192168],[-122.9236754,49.1193144]]]]},"properties":{"a": "2.1261", "t": "CT", "dw": "1768", "hh": "1755", "id": "9330162.01", "key": "CT01", "pop": "5937", "pop2": "5860", "rgid": "59", "rpid": "59933", "ruid": "5915011", "rguid": "5915"}},{"type":"Feature","geometry":{"type":"MultiPolygon","coordinates":[[[[-122.9194265,49.1341169],[-122.9191019,49.1356889],[-122.9198518,49.1381991],[-122.9215205,49.14071],[-122.9239738,49.1431244],[-122.9234202,49.1446782],[-122.9237348,49.1451912],[-122.9237158,49.1485914],[-122.9181896,49.1485967],[-122.9125259,49.1487814],[-122.9043257,49.1487569],[-122.904527,49.1369553],[-122.9046827,49.1341667],[-122.9194265,49.1341169]]]]},"properties":{"a": "2.0473", "t": "CT", "dw": "1919", "hh": "1900", "id": "9330162.02", "key": "CT01", "pop": "6489", "pop2": "6430", "rgid": "59", "rpid": "59933", "ruid": "5915011", "rguid": "5915"}},{"type":"Feature","geometry":{"type":"MultiPolygon","coordinates":[[[[-122.9043257,49.1487569],[-122.8905444,49.1486727],[-122.8904391,49.134253],[-122.89595,49.1342581],[-122.9046827,49.1341667],[-122.904527,49.1369553],[-122.9043257,49.1487569]]]]},"properties":{"a": "1.6422", "t": "CT", "dw": "2104", "hh": "2055", "id": "9330162.03", "key": "CT01", "pop": "6787", "pop2": "6405", "rgid": "59", "rpid": "59933", "ruid": "5915011", "rguid": "5915"}},{"type":"Feature","geometry":{"type":"MultiPolygon","coordinates":[[[[-122.8905031,49.0923517],[-122.8942936,49.0925867],[-122.8991044,49.0998533],[-122.9006883,49.1024544],[-122.9052999,49.1103897],[-122.9074031,49.1119727],[-122.9093018,49.1129653],[-122.9134573,49.1144331],[-122.920166,49.1154594],[-122.9224123,49.1160985],[-122.9256416,49.1182538],[-122.9265834,49.119682],[-122.9236754,49.1193144],[-122.9218565,49.1192168],[-122.9199025,49.1195512],[-122.9199711,49.1245899],[-122.9172945,49.1261075],[-122.9128348,49.1290367],[-122.9117946,49.1295712],[-122.9099162,49.1295962],[-122.9061948,49.1290507],[-122.9031718,49.1282718],[-122.8979697,49.1259827],[-122.8969958,49.1257493],[-122.8948296,49.1260173],[-122.8948195,49.1243171],[-122.8958363,49.1231216],[-122.8959258,49.1196585],[-122.8903481,49.1195544],[-122.8903252,49.1051077],[-122.8904281,49.1019632],[-122.8911426,49.0933835],[-122.8905031,49.0923517]]]]},"properties":{"a": "4.9187", "t": "CT", "dw": "1856", "hh": "1840", "id": "9330162.04", "key": "CT01", "pop": "6168", "pop2": "6284", "rgid": "59", "rpid": "59933", "ruid": "5915011", "rguid": "5915"}},{"type":"Feature","geometry":{"type":"MultiPolygon","coordinates":[[[[-122.9239738,49.1431244],[-122.9256556,49.1443829],[-122.9344294,49.1502121],[-122.9347662,49.1502623],[-122.9382053,49.1525761],[-122.9397528,49.154322],[-122.9403822,49.1556176],[-122.9399281,49.1580871],[-122.9348325,49.1545901],[-122.9327151,49.1560182],[-122.9242706,49.1562584],[-122.9124581,49.1561216],[-122.9124919,49.1524605],[-122.9125259,49.1487814],[-122.9181896,49.1485967],[-122.9237158,49.1485914],[-122.9237348,49.1451912],[-122.9234202,49.1446782],[-122.9239738,49.1431244]]]]},"properties":{"a": "1.6987", "t": "CT", "dw": "1173", "hh": "1160", "id": "9330163.01", "key": "CT01", "pop": "3833", "pop2": "3729", "rgid": "59", "rpid": "59933", "ruid": "5915011", "rguid": "5915"}},{"type":"Feature","geometry":{"type":"MultiPolygon","coordinates":[[[[-122.9198656,49.177223],[-122.9163984,49.1772255],[-122.9170474,49.1753937],[-122.9188742,49.173721],[-122.9200831,49.1730122],[-122.9209502,49.1719054],[-122.9233121,49.170045],[-122.9220065,49.1722839],[-122.9220862,49.1729769],[-122.9198656,49.177223]]],[[[-122.9158596,49.1772464],[-122.9136832,49.1771896],[-122.9159787,49.1741557],[-122.9159685,49.1727026],[-122.9110857,49.1719434],[-122.9124368,49.1681933],[-122.9124725,49.1635068],[-122.9124581,49.1561216],[-122.9242706,49.1562584],[-122.9327151,49.1560182],[-122.9348325,49.1545901],[-122.9399281,49.1580871],[-122.9403209,49.1584867],[-122.9388517,49.1597172],[-122.9369777,49.1608556],[-122.933944,49.1630986],[-122.9304239,49.1653504],[-122.9270724,49.166895],[-122.9236056,49.1689112],[-122.9169262,49.1744718],[-122.9158596,49.1772464]]]]},"properties":{"a": "2.7199", "t": "CT", "dw": "1745", "hh": "1725", "id": "9330163.04", "key": "CT01", "pop": "5410", "pop2": "5440", "rgid": "59", "rpid": "59933", "ruid": "5915011", "rguid": "5915"}},{"type":"Feature","geometry":{"type":"MultiPolygon","coordinates":[[[[-122.9124581,49.1561216],[-122.9124725,49.1635068],[-122.8904568,49.1635509],[-122.8904867,49.1561928],[-122.9015959,49.1561128],[-122.9015464,49.1524752],[-122.9124919,49.1524605],[-122.9124581,49.1561216]]]]},"properties":{"a": "1.6439", "t": "CT", "dw": "1680", "hh": "1650", "id": "9330163.05", "key": "CT01", "pop": "5059", "pop2": "5111", "rgid": "59", "rpid": "59933", "ruid": "5915011", "rguid": "5915"}},{"type":"Feature","geometry":{"type":"MultiPolygon","coordinates":[[[[-122.8904867,49.1561928],[-122.8905444,49.1486727],[-122.9043257,49.1487569],[-122.9125259,49.1487814],[-122.9124919,49.1524605],[-122.9015464,49.1524752],[-122.9015959,49.1561128],[-122.8904867,49.1561928]]]]},"properties":{"a": "0.9949", "t": "CT", "dw": "1269", "hh": "1235", "id": "9330163.06", "key": "CT01", "pop": "4040", "pop2": "3714", "rgid": "59", "rpid": "59933", "ruid": "5915011", "rguid": "5915"}},{"type":"Feature","geometry":{"type":"MultiPolygon","coordinates":[[[[-122.9110857,49.1719434],[-122.9075884,49.1713559],[-122.9077401,49.1709512],[-122.9013611,49.1707931],[-122.8903257,49.1707381],[-122.8904568,49.1635509],[-122.9124725,49.1635068],[-122.9124368,49.1681933],[-122.9110857,49.1719434]]]]},"properties":{"a": "1.3168", "t": "CT", "dw": "1464", "hh": "1440", "id": "9330163.07", "key": "CT01", "pop": "4541", "pop2": "4270", "rgid": "59", "rpid": "59933", "ruid": "5915011", "rguid": "5915"}},{"type":"Feature","geometry":{"type":"MultiPolygon","coordinates":[[[[-122.9136832,49.1771896],[-122.9079471,49.1774523],[-122.8903437,49.1774846],[-122.8903257,49.1707381],[-122.9013611,49.1707931],[-122.9077401,49.1709512],[-122.9075884,49.1713559],[-122.9110857,49.1719434],[-122.9159685,49.1727026],[-122.9159787,49.1741557],[-122.9136832,49.1771896]]]]},"properties":{"a": "1.263", "t": "CT", "dw": "1237", "hh": "1220", "id": "9330163.08", "key": "CT01", "pop": "3844", "pop2": "4003", "rgid": "59", "rpid": "59933", "ruid": "5915011", "rguid": "5915"}},{"type":"Feature","geometry":{"type":"MultiPolygon","coordinates":[[[[-122.8097722,49.0313567],[-122.8014408,49.0313517],[-122.8013866,49.024335],[-122.8017829,49.0241704],[-122.8097446,49.0242322],[-122.8097722,49.0313567]]]]},"properties":{"a": "0.4846", "t": "CT", "dw": "2293", "hh": "2235", "id": "9330170.03", "key": "CT01", "pop": "3240", "pop2": "3194", "rgid": "59", "rpid": "59933", "ruid": "5915007", "rguid": "5915"}},{"type":"Feature","geometry":{"type":"MultiPolygon","coordinates":[[[[-122.801248,49.0196299],[-122.809042,49.0220899],[-122.8137755,49.0234332],[-122.8218889,49.0250767],[-122.8248874,49.0253229],[-122.8327302,49.0254942],[-122.8405699,49.0248825],[-122.842468,49.0245446],[-122.84574,49.0246432],[-122.8456561,49.0314013],[-122.8346297,49.0313771],[-122.8097722,49.0313567],[-122.8097446,49.0242322],[-122.8017829,49.0241704],[-122.8013866,49.024335],[-122.8013006,49.0218881],[-122.8004046,49.0218824],[-122.801248,49.0196299]]]]},"properties":{"a": "2.1785", "t": "CT", "dw": "2263", "hh": "2170", "id": "9330170.04", "key": "CT01", "pop": "5245", "pop2": "4858", "rgid": "59", "rpid": "59933", "ruid": "5915007", "rguid": "5915"}},{"type":"Feature","geometry":{"type":"MultiPolygon","coordinates":[[[[-122.8014408,49.0313517],[-122.7958865,49.031342],[-122.795907,49.0244491],[-122.8013866,49.024335],[-122.8014408,49.0313517]]]]},"properties":{"a": "0.3202", "t": "CT", "dw": "1649", "hh": "1595", "id": "9330170.05", "key": "CT01", "pop": "2269", "pop2": "2381", "rgid": "59", "rpid": "59933", "ruid": "5915007", "rguid": "5915"}},{"type":"Feature","geometry":{"type":"MultiPolygon","coordinates":[[[[-122.7888238,49.0161406],[-122.7915342,49.0165741],[-122.7989526,49.0190121],[-122.801248,49.0196299],[-122.8004046,49.0218824],[-122.8013006,49.0218881],[-122.8013866,49.024335],[-122.795907,49.0244491],[-122.7958865,49.031342],[-122.7794015,49.0313567],[-122.7793702,49.0167657],[-122.7889436,49.0167837],[-122.7888238,49.0161406]]]]},"properties":{"a": "2.175", "t": "CT", "dw": "3192", "hh": "3080", "id": "9330170.06", "key": "CT01", "pop": "7496", "pop2": "6777", "rgid": "59", "rpid": "59933", "ruid": "5915007", "rguid": "5915"}},{"type":"Feature","geometry":{"type":"MultiPolygon","coordinates":[[[[-122.6817219,49.0022552],[-122.6907254,49.0022328],[-122.6966484,49.0023173],[-122.7018015,49.0022434],[-122.7237639,49.0022838],[-122.7309499,49.0023886],[-122.735663,49.0023024],[-122.7551003,49.0022806],[-122.757025,49.0022379],[-122.7577588,49.0031532],[-122.7578195,49.004968],[-122.7582743,49.0055348],[-122.757759,49.0085738],[-122.7576972,49.0132685],[-122.7579496,49.0139675],[-122.7631269,49.0231673],[-122.7648839,49.0264996],[-122.7666927,49.0289038],[-122.7793556,49.0403687],[-122.7854575,49.0458461],[-122.7935043,49.0530178],[-122.8014614,49.0588787],[-122.8157902,49.0693091],[-122.811248,49.0693988],[-122.807187,49.0689739],[-122.8040221,49.0701927],[-122.8003514,49.0707187],[-122.7941912,49.074316],[-122.7924766,49.0749283],[-122.7793455,49.074922],[-122.7794373,49.0603674],[-122.7681987,49.0604533],[-122.7571659,49.0604126],[-122.7132672,49.0603479],[-122.7133482,49.0748219],[-122.7017886,49.0748732],[-122.6959275,49.0748153],[-122.6798712,49.0749043],[-122.6798757,49.0675555],[-122.6798561,49.0556903],[-122.6799551,49.0530639],[-122.6798816,49.0492897],[-122.6799146,49.042249],[-122.6804535,49.0395316],[-122.6800066,49.038538],[-122.6800817,49.0311707],[-122.6806265,49.0166067],[-122.6814859,49.0159959],[-122.6817219,49.0022552]]]]},"properties":{"a": "50.8645", "t": "CT", "dw": "2948", "hh": "2795", "id": "9330180.00", "key": "CT01", "pop": "8199", "pop2": "7147", "rgid": "59", "rpid": "59933", "ruid": "5915004", "rguid": "5915"}},{"type":"Feature","geometry":{"type":"MultiPolygon","coordinates":[[[[-122.8346911,49.045878],[-122.8124677,49.045799],[-122.8014653,49.0458166],[-122.8014408,49.0313517],[-122.8097722,49.0313567],[-122.8346297,49.0313771],[-122.8346911,49.045878]]]]},"properties":{"a": "3.902", "t": "CT", "dw": "3298", "hh": "3250", "id": "9330181.01", "key": "CT01", "pop": "7368", "pop2": "6959", "rgid": "59", "rpid": "59933", "ruid": "5915004", "rguid": "5915"}},{"type":"Feature","geometry":{"type":"MultiPolygon","coordinates":[[[[-122.8846149,49.0460677],[-122.8842278,49.0491481],[-122.8854663,49.0526791],[-122.8873023,49.0559089],[-122.887645,49.0577251],[-122.8862459,49.0580741],[-122.8840363,49.0597656],[-122.8823994,49.0605207],[-122.8802002,49.0610109],[-122.8799687,49.0621975],[-122.8770187,49.0634086],[-122.8770548,49.0628438],[-122.8786088,49.061381],[-122.8785139,49.0603082],[-122.8773717,49.0594159],[-122.8759147,49.0589107],[-122.8788604,49.0576997],[-122.8760312,49.0568952],[-122.874935,49.0578116],[-122.8724714,49.0575756],[-122.8707895,49.0571322],[-122.8705313,49.0563849],[-122.8695478,49.0558088],[-122.8642487,49.0565312],[-122.8619041,49.0574457],[-122.8605598,49.058218],[-122.857947,49.0585744],[-122.8534509,49.0602785],[-122.8523669,49.0611673],[-122.8490437,49.0662005],[-122.8405792,49.0665036],[-122.8391262,49.0669061],[-122.8375892,49.0681366],[-122.8365566,49.0693685],[-122.8361286,49.0704473],[-122.8358945,49.0730259],[-122.8344422,49.0736048],[-122.834419,49.0691302],[-122.8350597,49.068327],[-122.8346742,49.0674852],[-122.8347216,49.0531734],[-122.8346911,49.045878],[-122.8526501,49.0458733],[-122.8677938,49.0459117],[-122.8782077,49.0459321],[-122.8846149,49.0460677]]]]},"properties":{"a": "6.3754", "t": "CT", "dw": "1996", "hh": "1900", "id": "9330181.03", "key": "CT01", "pop": "5419", "pop2": "5119", "rgid": "59", "rpid": "59933", "ruid": "5915004", "rguid": "5915"}},{"type":"Feature","geometry":{"type":"MultiPolygon","coordinates":[[[[-122.8267656,49.0695861],[-122.8267477,49.0695677],[-122.8265542,49.0695504],[-122.8264192,49.0695702],[-122.824947,49.0695621],[-122.823784,49.069288],[-122.82272,49.0698454],[-122.8212139,49.0716273],[-122.8200741,49.0715171],[-122.8179221,49.0694964],[-122.8157902,49.0693091],[-122.8014614,49.0588787],[-122.7935043,49.0530178],[-122.7854575,49.0458461],[-122.8014653,49.0458166],[-122.8124677,49.045799],[-122.8346911,49.045878],[-122.8347216,49.0531734],[-122.8346742,49.0674852],[-122.8350597,49.068327],[-122.834419,49.0691302],[-122.8344422,49.0736048],[-122.8331368,49.0739482],[-122.832072,49.073559],[-122.8314612,49.0723683],[-122.8303469,49.0715092],[-122.8290898,49.0711118],[-122.8285026,49.0704358],[-122.8267656,49.0695861]]]]},"properties":{"a": "6.8597", "t": "CT", "dw": "2841", "hh": "2750", "id": "9330181.04", "key": "CT01", "pop": "6993", "pop2": "5249", "rgid": "59", "rpid": "59933", "ruid": "5915004", "rguid": "5915"}},{"type":"Feature","geometry":{"type":"MultiPolygon","coordinates":[[[[-122.7854575,49.0458461],[-122.7793556,49.0403687],[-122.7794015,49.0313567],[-122.7958865,49.031342],[-122.8014408,49.0313517],[-122.8014653,49.0458166],[-122.7854575,49.0458461]]]]},"properties":{"a": "2.4634", "t": "CT", "dw": "3254", "hh": "3200", "id": "9330181.05", "key": "CT01", "pop": "7148", "pop2": "6388", "rgid": "59", "rpid": "59933", "ruid": "5915004", "rguid": "5915"}},{"type":"Feature","geometry":{"type":"MultiPolygon","coordinates":[[[[-122.757025,49.0022379],[-122.7577831,49.0022192],[-122.759879,49.0037149],[-122.7624906,49.005838],[-122.7654117,49.0077012],[-122.7737179,49.0115823],[-122.7763532,49.01246],[-122.7858068,49.0151856],[-122.7888238,49.0161406],[-122.7889436,49.0167837],[-122.7793702,49.0167657],[-122.7794015,49.0313567],[-122.7793556,49.0403687],[-122.7666927,49.0289038],[-122.7648839,49.0264996],[-122.7631269,49.0231673],[-122.7579496,49.0139675],[-122.7576972,49.0132685],[-122.757759,49.0085738],[-122.7582743,49.0055348],[-122.7578195,49.004968],[-122.7577588,49.0031532],[-122.757025,49.0022379]]]]},"properties":{"a": "3.7601", "t": "CT", "dw": "2210", "hh": "2075", "id": "9330181.06", "key": "CT01", "pop": "5011", "pop2": "4850", "rgid": "59", "rpid": "59933", "ruid": "5915004", "rguid": "5915"}},{"type":"Feature","geometry":{"type":"MultiPolygon","coordinates":[[[[-122.8678741,49.0249869],[-122.8689053,49.0252816],[-122.8726655,49.0274262],[-122.8748971,49.0294118],[-122.8768996,49.0342421],[-122.8799044,49.0369265],[-122.8807444,49.0378768],[-122.881641,49.0396841],[-122.8832072,49.0416257],[-122.8843067,49.0436843],[-122.8846149,49.0460677],[-122.8782077,49.0459321],[-122.8677938,49.0459117],[-122.8678184,49.0314738],[-122.8679268,49.0285977],[-122.8678741,49.0249869]]]]},"properties":{"a": "1.7967", "t": "CT", "dw": "1266", "hh": "1250", "id": "9330181.07", "key": "CT01", "pop": "3597", "pop2": "3509", "rgid": "59", "rpid": "59933", "ruid": "5915004", "rguid": "5915"}},{"type":"Feature","geometry":{"type":"MultiPolygon","coordinates":[[[[-122.84574,49.0246432],[-122.8528856,49.0247844],[-122.859892,49.0247844],[-122.8607388,49.024531],[-122.8656374,49.024433],[-122.8678741,49.0249869],[-122.8679268,49.0285977],[-122.8678184,49.0314738],[-122.8494108,49.031442],[-122.8456561,49.0314013],[-122.84574,49.0246432]]]]},"properties":{"a": "1.22", "t": "CT", "dw": "938", "hh": "925", "id": "9330181.08", "key": "CT01", "pop": "2476", "pop2": "2298", "rgid": "59", "rpid": "59933", "ruid": "5915004", "rguid": "5915"}},{"type":"Feature","geometry":{"type":"MultiPolygon","coordinates":[[[[-122.8677938,49.0459117],[-122.8526501,49.0458733],[-122.8346911,49.045878],[-122.8346297,49.0313771],[-122.8456561,49.0314013],[-122.8494108,49.031442],[-122.8678184,49.0314738],[-122.8677938,49.0459117]]]]},"properties":{"a": "3.9009", "t": "CT", "dw": "2100", "hh": "2070", "id": "9330181.09", "key": "CT01", "pop": "6253", "pop2": "5379", "rgid": "59", "rpid": "59933", "ruid": "5915004", "rguid": "5915"}},{"type":"Feature","geometry":{"type":"MultiPolygon","coordinates":[[[[-122.7696181,49.1045119],[-122.7569371,49.1045081],[-122.7569741,49.1040554],[-122.7346692,49.1037722],[-122.733897,49.1037017],[-122.7309443,49.1024804],[-122.7261343,49.1002202],[-122.7235422,49.0992838],[-122.7234949,49.1043249],[-122.712288,49.1042795],[-122.7012724,49.1043325],[-122.6908434,49.1046831],[-122.6799228,49.1046709],[-122.6799198,49.0969684],[-122.6794447,49.0952147],[-122.6791263,49.0898317],[-122.6787857,49.0879813],[-122.6792918,49.0859964],[-122.6794451,49.0842564],[-122.6798293,49.0811656],[-122.6798712,49.0749043],[-122.6959275,49.0748153],[-122.7017886,49.0748732],[-122.7133482,49.0748219],[-122.7132672,49.0603479],[-122.7571659,49.0604126],[-122.7681987,49.0604533],[-122.7794373,49.0603674],[-122.7793455,49.074922],[-122.7924766,49.0749283],[-122.7941912,49.074316],[-122.8003514,49.0707187],[-122.8040221,49.0701927],[-122.807187,49.0689739],[-122.811248,49.0693988],[-122.8157902,49.0693091],[-122.8179221,49.0694964],[-122.8200741,49.0715171],[-122.8212139,49.0716273],[-122.82272,49.0698454],[-122.823784,49.069288],[-122.824947,49.0695621],[-122.8266847,49.0701355],[-122.8297481,49.0719802],[-122.8298164,49.0720282],[-122.8301727,49.0724368],[-122.8304315,49.0727598],[-122.8307087,49.0742799],[-122.8315686,49.0750011],[-122.8341964,49.0754459],[-122.8366344,49.0754579],[-122.8375669,49.0746591],[-122.8376105,49.0737954],[-122.8370861,49.0707898],[-122.8392453,49.0681928],[-122.8400804,49.0676097],[-122.8421498,49.0675588],[-122.8441609,49.0681275],[-122.8469115,49.0685901],[-122.8493751,49.0684948],[-122.8504709,49.0681007],[-122.8518017,49.0668068],[-122.8532178,49.0634525],[-122.8532644,49.0624681],[-122.8550201,49.0610146],[-122.8569537,49.0604737],[-122.8609373,49.0600739],[-122.8655899,49.0584535],[-122.8678469,49.0580351],[-122.8693623,49.058613],[-122.8688992,49.0596039],[-122.8676233,49.0610612],[-122.866468,49.0612804],[-122.864373,49.0623319],[-122.8623111,49.0628197],[-122.8614416,49.0633069],[-122.8607597,49.0643727],[-122.859938,49.0676998],[-122.8601778,49.0682613],[-122.8591197,49.0704263],[-122.8594392,49.0716053],[-122.8590149,49.073687],[-122.8591207,49.0750333],[-122.8598786,49.0768422],[-122.8614635,49.0785477],[-122.8600891,49.0788417],[-122.8573304,49.0800322],[-122.8539615,49.080375],[-122.8519717,49.081299],[-122.8498716,49.0831049],[-122.8495884,49.0841564],[-122.8486685,49.0850719],[-122.844078,49.0856776],[-122.8416366,49.0862774],[-122.8378811,49.0875682],[-122.8360176,49.0873854],[-122.8341007,49.0875977],[-122.8304948,49.0884926],[-122.8295227,49.088267],[-122.8282309,49.0895963],[-122.8283075,49.0916191],[-122.8276184,49.0925189],[-122.8258943,49.0920571],[-122.8257812,49.0893398],[-122.823961,49.0889509],[-122.8242259,49.0874672],[-122.8236528,49.0868904],[-122.8194772,49.0869193],[-122.8186008,49.0867113],[-122.8181554,49.0842012],[-122.8174875,49.0838672],[-122.8163632,49.0841447],[-122.8153155,49.085609],[-122.8139552,49.0869834],[-122.8132096,49.0887269],[-122.8117812,49.0901275],[-122.8099874,49.089747],[-122.8084577,49.0884582],[-122.8061174,49.0883464],[-122.8048665,49.0890008],[-122.8057043,49.0921147],[-122.8067977,49.092881],[-122.8084408,49.0932618],[-122.8088759,49.0940811],[-122.8068399,49.0959495],[-122.8056219,49.0961448],[-122.8036144,49.0944405],[-122.8019831,49.0945554],[-122.7993501,49.0950906],[-122.7976197,49.0963285],[-122.7955673,49.0961176],[-122.7924191,49.0954641],[-122.7901978,49.0959286],[-122.786941,49.0948078],[-122.786851,49.0933867],[-122.786069,49.0906772],[-122.7857677,49.0904422],[-122.7843443,49.0907187],[-122.7810299,49.0935549],[-122.7792033,49.094298],[-122.7773413,49.0945637],[-122.7740469,49.0961591],[-122.7705787,49.0968355],[-122.7686134,49.0977675],[-122.7678832,49.0983958],[-122.7695068,49.1004051],[-122.7700586,49.1020881],[-122.7696181,49.1045119]]],[[[-122.8903952,49.0888757],[-122.8905031,49.0923517],[-122.8911426,49.0933835],[-122.8848165,49.0936961],[-122.8818991,49.0935852],[-122.8735973,49.0939992],[-122.8721993,49.0943125],[-122.8688701,49.0945606],[-122.8676787,49.0944333],[-122.8600752,49.0948561],[-122.8581017,49.0952135],[-122.8574647,49.094906],[-122.8509367,49.09529],[-122.8457712,49.0957225],[-122.8438343,49.0959957],[-122.8333602,49.0966147],[-122.8178994,49.0975956],[-122.8013924,49.0984672],[-122.8013268,49.104593],[-122.7792416,49.1045439],[-122.7699338,49.104512],[-122.7704123,49.1031684],[-122.7703767,49.1014145],[-122.7698495,49.1002342],[-122.7684589,49.0985674],[-122.7706304,49.0970973],[-122.7737576,49.0965265],[-122.7760909,49.0952721],[-122.7788463,49.0945859],[-122.7812069,49.0937797],[-122.7839849,49.09123],[-122.7853724,49.0906392],[-122.7858888,49.0911174],[-122.7862811,49.0924666],[-122.7863682,49.0946975],[-122.7895397,49.0960349],[-122.7905121,49.096271],[-122.7935394,49.0958358],[-122.7967135,49.0966608],[-122.7980175,49.0962934],[-122.7999269,49.0951816],[-122.8015438,49.0948517],[-122.8035288,49.0948009],[-122.8050863,49.0962252],[-122.8063169,49.0965509],[-122.8075666,49.0959235],[-122.8093816,49.0940645],[-122.8086474,49.0928835],[-122.8067727,49.0925564],[-122.8062541,49.0921337],[-122.8055892,49.0902977],[-122.805417,49.0889292],[-122.8064307,49.088572],[-122.8086486,49.0887289],[-122.8104774,49.0903603],[-122.8118757,49.0903795],[-122.8133194,49.0888439],[-122.8143813,49.0868392],[-122.8153421,49.0860411],[-122.816625,49.0840995],[-122.8179778,49.0845962],[-122.8183802,49.0867739],[-122.8191729,49.0871714],[-122.8224742,49.0870863],[-122.8234451,49.0874116],[-122.8234302,49.0882296],[-122.8223572,49.0894701],[-122.8251367,49.0892852],[-122.825669,49.0903112],[-122.825238,49.0917955],[-122.8257564,49.0927755],[-122.8281647,49.0932208],[-122.8288821,49.0916929],[-122.8286682,49.0903602],[-122.8296585,49.0891662],[-122.8334703,49.0881998],[-122.8363192,49.0878797],[-122.8386892,49.0880276],[-122.83981,49.0878223],[-122.8432807,49.0862985],[-122.8458967,49.0861939],[-122.8490749,49.0856672],[-122.8501593,49.0849845],[-122.8517261,49.0832956],[-122.8578419,49.0834665],[-122.8630622,49.0875792],[-122.871408,49.0862098],[-122.8821892,49.0907797],[-122.888444,49.0903178],[-122.8903952,49.0888757]]]]},"properties":{"a": "51.0721", "t": "CT", "dw": "1008", "hh": "950", "id": "9330182.01", "key": "CT01", "pop": "2846", "pop2": "2514", "rgid": "59", "rpid": "59933", "ruid": "5915004", "rguid": "5915"}},{"type":"Feature","geometry":{"type":"MultiPolygon","coordinates":[[[[-122.7790946,49.1191522],[-122.7568249,49.1190625],[-122.7569371,49.1045081],[-122.7696181,49.1045119],[-122.7694977,49.1054603],[-122.7681873,49.1066724],[-122.7686808,49.1072668],[-122.7707636,49.1071449],[-122.7723737,49.1087853],[-122.7778625,49.1096416],[-122.7793039,49.1102099],[-122.7798217,49.1106128],[-122.7798968,49.1113994],[-122.7791632,49.1123361],[-122.7790946,49.1191522]]],[[[-122.7699338,49.104512],[-122.7792416,49.1045439],[-122.7792894,49.109921],[-122.7755492,49.1089813],[-122.7731377,49.1088587],[-122.7710638,49.1071184],[-122.7686381,49.1070693],[-122.7685453,49.1065204],[-122.76984,49.1054331],[-122.7699338,49.104512]]]]},"properties":{"a": "2.6233", "t": "CT", "dw": "109", "hh": "110", "id": "9330182.02", "key": "CT01", "pop": "307", "pop2": "346", "rgid": "59", "rpid": "59933", "ruid": "5915004", "rguid": "5915"}},{"type":"Feature","geometry":{"type":"MultiPolygon","coordinates":[[[[-122.7792409,49.1341879],[-122.7793387,49.1298965],[-122.779125,49.1260919],[-122.7790102,49.1197263],[-122.7790946,49.1191522],[-122.7791632,49.1123361],[-122.7798968,49.1113994],[-122.7807184,49.1112938],[-122.7792894,49.109921],[-122.7792416,49.1045439],[-122.8013268,49.104593],[-122.8012686,49.1064914],[-122.8011999,49.1192374],[-122.8011873,49.1237328],[-122.8012915,49.134035],[-122.8015074,49.1484655],[-122.8014792,49.152251],[-122.7902477,49.1522312],[-122.790263,49.1485881],[-122.7790873,49.1485492],[-122.7790397,49.1453714],[-122.7792409,49.1341879]]]]},"properties":{"a": "8.2241", "t": "CT", "dw": "997", "hh": "980", "id": "9330182.03", "key": "CT01", "pop": "3432", "pop2": "2435", "rgid": "59", "rpid": "59933", "ruid": "5915004", "rguid": "5915"}},{"type":"Feature","geometry":{"type":"MultiPolygon","coordinates":[[[[-122.7568357,49.1448794],[-122.756857,49.1338296],[-122.7677727,49.1341996],[-122.7792409,49.1341879],[-122.7790397,49.1453714],[-122.7790873,49.1485492],[-122.7678704,49.1485092],[-122.7678185,49.1449469],[-122.7568357,49.1448794]]]]},"properties":{"a": "2.2812", "t": "CT", "dw": "420", "hh": "420", "id": "9330182.04", "key": "CT01", "pop": "1477", "pop2": "1407", "rgid": "59", "rpid": "59933", "ruid": "5915004", "rguid": "5915"}},{"type":"Feature","geometry":{"type":"MultiPolygon","coordinates":[[[[-122.7568669,49.1773176],[-122.7412825,49.1772559],[-122.7411177,49.1703309],[-122.7344593,49.170314],[-122.7123717,49.1703691],[-122.7123243,49.1553941],[-122.712515,49.1532299],[-122.7120888,49.1481857],[-122.7121729,49.1336493],[-122.7233424,49.1334497],[-122.7246026,49.1337212],[-122.7283818,49.1357143],[-122.7347118,49.1384439],[-122.7346925,49.1189508],[-122.7568249,49.1190625],[-122.7790946,49.1191522],[-122.7790102,49.1197263],[-122.779125,49.1260919],[-122.7793387,49.1298965],[-122.7792409,49.1341879],[-122.7677727,49.1341996],[-122.756857,49.1338296],[-122.7568357,49.1448794],[-122.7568785,49.1557369],[-122.7568836,49.1631041],[-122.7568617,49.1703725],[-122.7568669,49.1773176]]]]},"properties":{"a": "19.3118", "t": "CT", "dw": "914", "hh": "890", "id": "9330182.05", "key": "CT01", "pop": "2794", "pop2": "1468", "rgid": "59", "rpid": "59933", "ruid": "5915004", "rguid": "5915"}},{"type":"Feature","geometry":{"type":"MultiPolygon","coordinates":[[[[-122.7123717,49.1703691],[-122.7123595,49.1758921],[-122.7164581,49.1769408],[-122.7167624,49.1774592],[-122.7167633,49.183888],[-122.714604,49.1831031],[-122.7114114,49.1823307],[-122.7083388,49.1820354],[-122.7055527,49.1820098],[-122.6991571,49.1823621],[-122.6929242,49.1829119],[-122.6860134,49.1838923],[-122.6814413,49.1846893],[-122.6785468,49.1857743],[-122.6785586,49.1826347],[-122.6781501,49.1772474],[-122.6777732,49.1772502],[-122.6779754,49.1668356],[-122.6784348,49.1630461],[-122.6786803,49.1594588],[-122.6787013,49.1540886],[-122.678822,49.1529841],[-122.6785061,49.1485439],[-122.7120888,49.1481857],[-122.712515,49.1532299],[-122.7123243,49.1553941],[-122.7123717,49.1703691]]]]},"properties":{"a": "9.8148", "t": "CT", "dw": "393", "hh": "385", "id": "9330182.06", "key": "CT01", "pop": "1203", "pop2": "1249", "rgid": "59", "rpid": "59933", "ruid": "5915004", "rguid": "5915"}},{"type":"Feature","geometry":{"type":"MultiPolygon","coordinates":[[[[-122.7568249,49.1190625],[-122.7346925,49.1189508],[-122.7346692,49.1037722],[-122.7569741,49.1040554],[-122.7569371,49.1045081],[-122.7568249,49.1190625]]]]},"properties":{"a": "2.7182", "t": "CT", "dw": "1908", "hh": "1890", "id": "9330183.01", "key": "CT01", "pop": "5959", "pop2": "5105", "rgid": "59", "rpid": "59933", "ruid": "5915004", "rguid": "5915"}},{"type":"Feature","geometry":{"type":"MultiPolygon","coordinates":[[[[-122.7346925,49.1189508],[-122.7184293,49.1188329],[-122.7122038,49.1188519],[-122.712288,49.1042795],[-122.7234949,49.1043249],[-122.7235422,49.0992838],[-122.7261343,49.1002202],[-122.7309443,49.1024804],[-122.733897,49.1037017],[-122.7346692,49.1037722],[-122.7346925,49.1189508]]]]},"properties":{"a": "2.8996", "t": "CT", "dw": "2268", "hh": "2215", "id": "9330183.03", "key": "CT01", "pop": "5853", "pop2": "5745", "rgid": "59", "rpid": "59933", "ruid": "5915004", "rguid": "5915"}},{"type":"Feature","geometry":{"type":"MultiPolygon","coordinates":[[[[-122.7120888,49.1481857],[-122.6785061,49.1485439],[-122.6784856,49.144868],[-122.6788385,49.133963],[-122.6795604,49.1265227],[-122.6797353,49.1191982],[-122.6905849,49.1192697],[-122.6909301,49.1192465],[-122.6928586,49.1201796],[-122.7104998,49.1281881],[-122.7195395,49.1317662],[-122.7218322,49.1321618],[-122.7246026,49.1337212],[-122.7233424,49.1334497],[-122.7121729,49.1336493],[-122.7120888,49.1481857]]]]},"properties":{"a": "7.2294", "t": "CT", "dw": "601", "hh": "585", "id": "9330183.04", "key": "CT01", "pop": "1776", "pop2": "1752", "rgid": "59", "rpid": "59933", "ruid": "5915004", "rguid": "5915"}},{"type":"Feature","geometry":{"type":"MultiPolygon","coordinates":[[[[-122.7346925,49.1189508],[-122.7347118,49.1384439],[-122.7283818,49.1357143],[-122.7246026,49.1337212],[-122.7218322,49.1321618],[-122.7195395,49.1317662],[-122.7104998,49.1281881],[-122.6928586,49.1201796],[-122.6909301,49.1192465],[-122.7122038,49.1188519],[-122.7184293,49.1188329],[-122.7346925,49.1189508]]]]},"properties":{"a": "3.5283", "t": "CT", "dw": "1717", "hh": "1675", "id": "9330183.05", "key": "CT01", "pop": "5115", "pop2": "1865", "rgid": "59", "rpid": "59933", "ruid": "5915004", "rguid": "5915"}},{"type":"Feature","geometry":{"type":"MultiPolygon","coordinates":[[[[-122.6797353,49.1191982],[-122.6795218,49.1140522],[-122.6797441,49.1114441],[-122.6799228,49.1046709],[-122.6908434,49.1046831],[-122.6906891,49.1105459],[-122.6906745,49.1179278],[-122.6905849,49.1192697],[-122.6797353,49.1191982]]]]},"properties":{"a": "1.2964", "t": "CT", "dw": "911", "hh": "905", "id": "9330183.06", "key": "CT01", "pop": "2400", "pop2": "2210", "rgid": "59", "rpid": "59933", "ruid": "5915004", "rguid": "5915"}},{"type":"Feature","geometry":{"type":"MultiPolygon","coordinates":[[[[-122.6909301,49.1192465],[-122.6905849,49.1192697],[-122.6906745,49.1179278],[-122.6906891,49.1105459],[-122.6908434,49.1046831],[-122.7012724,49.1043325],[-122.712288,49.1042795],[-122.7122038,49.1188519],[-122.6909301,49.1192465]]]]},"properties":{"a": "2.5632", "t": "CT", "dw": "2061", "hh": "2045", "id": "9330183.07", "key": "CT01", "pop": "6445", "pop2": "6403", "rgid": "59", "rpid": "59933", "ruid": "5915004", "rguid": "5915"}},{"type":"Feature","geometry":{"type":"MultiPolygon","coordinates":[[[[-122.8011999,49.1192374],[-122.8012686,49.1064914],[-122.8013268,49.104593],[-122.8013924,49.0984672],[-122.8178994,49.0975956],[-122.8333602,49.0966147],[-122.8438343,49.0959957],[-122.8457712,49.0957225],[-122.8458321,49.0961726],[-122.8457012,49.1052635],[-122.845617,49.1191704],[-122.8235111,49.1192467],[-122.8011999,49.1192374]]]]},"properties":{"a": "7.9431", "t": "CT", "dw": "1716", "hh": "1640", "id": "9330184.01", "key": "CT01", "pop": "5045", "pop2": "3192", "rgid": "59", "rpid": "59933", "ruid": "5915004", "rguid": "5915"}},{"type":"Feature","geometry":{"type":"MultiPolygon","coordinates":[[[[-122.8455902,49.1630679],[-122.834754,49.1630619],[-122.8346852,49.1584862],[-122.8348222,49.1535323],[-122.8347383,49.1513139],[-122.8346728,49.1338987],[-122.8455852,49.1338329],[-122.8455944,49.1484954],[-122.8455902,49.1630679]]]]},"properties":{"a": "2.5742", "t": "CT", "dw": "2741", "hh": "2685", "id": "9330184.02", "key": "CT01", "pop": "6832", "pop2": "6439", "rgid": "59", "rpid": "59933", "ruid": "5915004", "rguid": "5915"}},{"type":"Feature","geometry":{"type":"MultiPolygon","coordinates":[[[[-122.834754,49.1630619],[-122.8234924,49.1631082],[-122.8235002,49.1555424],[-122.8235185,49.1483535],[-122.8235137,49.1339452],[-122.8346728,49.1338987],[-122.8347383,49.1513139],[-122.8348222,49.1535323],[-122.8346852,49.1584862],[-122.834754,49.1630619]]]]},"properties":{"a": "2.6533", "t": "CT", "dw": "2193", "hh": "2170", "id": "9330184.05", "key": "CT01", "pop": "7844", "pop2": "7165", "rgid": "59", "rpid": "59933", "ruid": "5915004", "rguid": "5915"}},{"type":"Feature","geometry":{"type":"MultiPolygon","coordinates":[[[[-122.8012915,49.134035],[-122.8011873,49.1237328],[-122.8011999,49.1192374],[-122.8235111,49.1192467],[-122.8235132,49.1265238],[-122.8235137,49.1339452],[-122.812369,49.1339296],[-122.8012915,49.134035]]]]},"properties":{"a": "2.6653", "t": "CT", "dw": "491", "hh": "480", "id": "9330184.06", "key": "CT01", "pop": "1371", "pop2": "1284", "rgid": "59", "rpid": "59933", "ruid": "5915004", "rguid": "5915"}},{"type":"Feature","geometry":{"type":"MultiPolygon","coordinates":[[[[-122.8346728,49.1338987],[-122.8235137,49.1339452],[-122.8235132,49.1265238],[-122.8385111,49.1264961],[-122.8413992,49.1266665],[-122.8456085,49.1265469],[-122.8455852,49.1338329],[-122.8346728,49.1338987]]]]},"properties":{"a": "1.3177", "t": "CT", "dw": "1786", "hh": "1755", "id": "9330184.07", "key": "CT01", "pop": "4954", "pop2": "4238", "rgid": "59", "rpid": "59933", "ruid": "5915004", "rguid": "5915"}},{"type":"Feature","geometry":{"type":"MultiPolygon","coordinates":[[[[-122.8235132,49.1265238],[-122.8235111,49.1192467],[-122.845617,49.1191704],[-122.8456085,49.1265469],[-122.8413992,49.1266665],[-122.8385111,49.1264961],[-122.8235132,49.1265238]]]]},"properties":{"a": "1.3125", "t": "CT", "dw": "1126", "hh": "1100", "id": "9330184.08", "key": "CT01", "pop": "3508", "pop2": "3225", "rgid": "59", "rpid": "59933", "ruid": "5915004", "rguid": "5915"}},{"type":"Feature","geometry":{"type":"MultiPolygon","coordinates":[[[[-122.8234924,49.1631082],[-122.801518,49.1631175],[-122.8015057,49.1559032],[-122.8178129,49.1558364],[-122.8235002,49.1555424],[-122.8234924,49.1631082]]]]},"properties":{"a": "1.2965", "t": "CT", "dw": "1326", "hh": "1300", "id": "9330184.09", "key": "CT01", "pop": "4471", "pop2": "4207", "rgid": "59", "rpid": "59933", "ruid": "5915004", "rguid": "5915"}},{"type":"Feature","geometry":{"type":"MultiPolygon","coordinates":[[[[-122.8015057,49.1559032],[-122.8014792,49.152251],[-122.8015074,49.1484655],[-122.8080413,49.1482571],[-122.8125048,49.1482717],[-122.8156075,49.1484181],[-122.8177148,49.1482881],[-122.8235185,49.1483535],[-122.8235002,49.1555424],[-122.8178129,49.1558364],[-122.8015057,49.1559032]]]]},"properties":{"a": "1.3414", "t": "CT", "dw": "939", "hh": "890", "id": "9330184.10", "key": "CT01", "pop": "3150", "pop2": "2242", "rgid": "59", "rpid": "59933", "ruid": "5915004", "rguid": "5915"}},{"type":"Feature","geometry":{"type":"MultiPolygon","coordinates":[[[[-122.8235137,49.1339452],[-122.8235185,49.1483535],[-122.8177148,49.1482881],[-122.8156075,49.1484181],[-122.8125048,49.1482717],[-122.8080413,49.1482571],[-122.8015074,49.1484655],[-122.8012915,49.134035],[-122.812369,49.1339296],[-122.8235137,49.1339452]]]]},"properties":{"a": "2.5774", "t": "CT", "dw": "1042", "hh": "1005", "id": "9330184.11", "key": "CT01", "pop": "3281", "pop2": "1444", "rgid": "59", "rpid": "59933", "ruid": "5915004", "rguid": "5915"}},{"type":"Feature","geometry":{"type":"MultiPolygon","coordinates":[[[[-122.8681216,49.1341758],[-122.8455852,49.1338329],[-122.8456085,49.1265469],[-122.8681135,49.1267904],[-122.8681216,49.1341758]]]]},"properties":{"a": "1.3406", "t": "CT", "dw": "1611", "hh": "1580", "id": "9330185.05", "key": "CT01", "pop": "4883", "pop2": "4737", "rgid": "59", "rpid": "59933", "ruid": "5915004", "rguid": "5915"}},{"type":"Feature","geometry":{"type":"MultiPolygon","coordinates":[[[[-122.8903252,49.1051077],[-122.8903481,49.1195544],[-122.8791242,49.1195073],[-122.8680922,49.1193242],[-122.8680351,49.1046705],[-122.8692336,49.1047418],[-122.8774177,49.1045557],[-122.882327,49.1038044],[-122.8819748,49.104846],[-122.8843562,49.1051232],[-122.8903252,49.1051077]]]]},"properties":{"a": "2.6704", "t": "CT", "dw": "2214", "hh": "2190", "id": "9330185.06", "key": "CT01", "pop": "7052", "pop2": "4754", "rgid": "59", "rpid": "59933", "ruid": "5915004", "rguid": "5915"}},{"type":"Feature","geometry":{"type":"MultiPolygon","coordinates":[[[[-122.8680922,49.1193242],[-122.856896,49.1191309],[-122.845617,49.1191704],[-122.8457012,49.1052635],[-122.8498535,49.1046704],[-122.8601771,49.1047489],[-122.8615512,49.1048997],[-122.8640318,49.1046412],[-122.8680351,49.1046705],[-122.8680922,49.1193242]]]]},"properties":{"a": "2.6229", "t": "CT", "dw": "1590", "hh": "1575", "id": "9330185.07", "key": "CT01", "pop": "5548", "pop2": "4943", "rgid": "59", "rpid": "59933", "ruid": "5915004", "rguid": "5915"}},{"type":"Feature","geometry":{"type":"MultiPolygon","coordinates":[[[[-122.8911426,49.0933835],[-122.8904281,49.1019632],[-122.8903252,49.1051077],[-122.8843562,49.1051232],[-122.8819748,49.104846],[-122.882327,49.1038044],[-122.8774177,49.1045557],[-122.8692336,49.1047418],[-122.8680351,49.1046705],[-122.8640318,49.1046412],[-122.8615512,49.1048997],[-122.8601771,49.1047489],[-122.8498535,49.1046704],[-122.8457012,49.1052635],[-122.8458321,49.0961726],[-122.8457712,49.0957225],[-122.8509367,49.09529],[-122.8574647,49.094906],[-122.8581017,49.0952135],[-122.8600752,49.0948561],[-122.8676787,49.0944333],[-122.8688701,49.0945606],[-122.8721993,49.0943125],[-122.8735973,49.0939992],[-122.8818991,49.0935852],[-122.8848165,49.0936961],[-122.8911426,49.0933835]]]]},"properties":{"a": "3.7581", "t": "CT", "dw": "405", "hh": "400", "id": "9330185.08", "key": "CT01", "pop": "1209", "pop2": "1186", "rgid": "59", "rpid": "59933", "ruid": "5915004", "rguid": "5915"}},{"type":"Feature","geometry":{"type":"MultiPolygon","coordinates":[[[[-122.8904568,49.1635509],[-122.887448,49.1635959],[-122.8789054,49.1635263],[-122.8681406,49.1630959],[-122.8682053,49.1560241],[-122.8681243,49.1485323],[-122.8792243,49.1486049],[-122.8905444,49.1486727],[-122.8904867,49.1561928],[-122.8904568,49.1635509]]]]},"properties":{"a": "2.6879", "t": "CT", "dw": "1440", "hh": "1420", "id": "9330185.09", "key": "CT01", "pop": "3890", "pop2": "3514", "rgid": "59", "rpid": "59933", "ruid": "5915004", "rguid": "5915"}},{"type":"Feature","geometry":{"type":"MultiPolygon","coordinates":[[[[-122.8792243,49.1486049],[-122.8681243,49.1485323],[-122.8681216,49.1341758],[-122.8791568,49.1342237],[-122.8792243,49.1486049]]]]},"properties":{"a": "1.2905", "t": "CT", "dw": "1301", "hh": "1235", "id": "9330185.10", "key": "CT01", "pop": "4717", "pop2": "4209", "rgid": "59", "rpid": "59933", "ruid": "5915004", "rguid": "5915"}},{"type":"Feature","geometry":{"type":"MultiPolygon","coordinates":[[[[-122.8905444,49.1486727],[-122.8792243,49.1486049],[-122.8791568,49.1342237],[-122.8904391,49.134253],[-122.8905444,49.1486727]]]]},"properties":{"a": "1.3186", "t": "CT", "dw": "1981", "hh": "1960", "id": "9330185.11", "key": "CT01", "pop": "6585", "pop2": "5844", "rgid": "59", "rpid": "59933", "ruid": "5915004", "rguid": "5915"}},{"type":"Feature","geometry":{"type":"MultiPolygon","coordinates":[[[[-122.8681135,49.1267904],[-122.8456085,49.1265469],[-122.845617,49.1191704],[-122.856896,49.1191309],[-122.8680922,49.1193242],[-122.8681135,49.1267904]]]]},"properties":{"a": "1.3662", "t": "CT", "dw": "1610", "hh": "1590", "id": "9330185.12", "key": "CT01", "pop": "6133", "pop2": "5752", "rgid": "59", "rpid": "59933", "ruid": "5915004", "rguid": "5915"}},{"type":"Feature","geometry":{"type":"MultiPolygon","coordinates":[[[[-122.8904006,49.1268407],[-122.886476,49.126866],[-122.8831472,49.126714],[-122.880228,49.1268525],[-122.8736731,49.1268853],[-122.8681135,49.1267904],[-122.8680922,49.1193242],[-122.8791242,49.1195073],[-122.8903481,49.1195544],[-122.8904006,49.1268407]]]]},"properties":{"a": "1.3301", "t": "CT", "dw": "1680", "hh": "1650", "id": "9330185.13", "key": "CT01", "pop": "6051", "pop2": "3537", "rgid": "59", "rpid": "59933", "ruid": "5915004", "rguid": "5915"}},{"type":"Feature","geometry":{"type":"MultiPolygon","coordinates":[[[[-122.8904391,49.134253],[-122.8791568,49.1342237],[-122.8681216,49.1341758],[-122.8681135,49.1267904],[-122.8736731,49.1268853],[-122.880228,49.1268525],[-122.8831472,49.126714],[-122.886476,49.126866],[-122.8904006,49.1268407],[-122.8904391,49.134253]]]]},"properties":{"a": "1.3382", "t": "CT", "dw": "1932", "hh": "1895", "id": "9330185.14", "key": "CT01", "pop": "6891", "pop2": "5686", "rgid": "59", "rpid": "59933", "ruid": "5915004", "rguid": "5915"}},{"type":"Feature","geometry":{"type":"MultiPolygon","coordinates":[[[[-122.8681406,49.1630959],[-122.8455902,49.1630679],[-122.8455944,49.1484954],[-122.8556323,49.1484724],[-122.8681243,49.1485323],[-122.8682053,49.1560241],[-122.8681406,49.1630959]]]]},"properties":{"a": "2.6685", "t": "CT", "dw": "1487", "hh": "1465", "id": "9330185.15", "key": "CT01", "pop": "5086", "pop2": "4470", "rgid": "59", "rpid": "59933", "ruid": "5915004", "rguid": "5915"}},{"type":"Feature","geometry":{"type":"MultiPolygon","coordinates":[[[[-122.8681243,49.1485323],[-122.8556323,49.1484724],[-122.8455944,49.1484954],[-122.8455852,49.1338329],[-122.8681216,49.1341758],[-122.8681243,49.1485323]]]]},"properties":{"a": "2.6503", "t": "CT", "dw": "1135", "hh": "1125", "id": "9330185.16", "key": "CT01", "pop": "4425", "pop2": "3665", "rgid": "59", "rpid": "59933", "ruid": "5915004", "rguid": "5915"}},{"type":"Feature","geometry":{"type":"MultiPolygon","coordinates":[[[[-122.9136832,49.1771896],[-122.9129534,49.1779454],[-122.9079124,49.1820862],[-122.906373,49.1829589],[-122.9036924,49.1839522],[-122.8978145,49.1855824],[-122.895409,49.1864558],[-122.8929875,49.1869924],[-122.8907759,49.1870952],[-122.8899646,49.1874071],[-122.8872161,49.187215],[-122.8817227,49.1872818],[-122.8810012,49.1875954],[-122.8806121,49.1846982],[-122.8805137,49.179165],[-122.8806431,49.177484],[-122.8903437,49.1774846],[-122.9079471,49.1774523],[-122.9136832,49.1771896]]]]},"properties":{"a": "1.9799", "t": "CT", "dw": "1950", "hh": "1895", "id": "9330186.01", "key": "CT01", "pop": "6015", "pop2": "5626", "rgid": "59", "rpid": "59933", "ruid": "5915004", "rguid": "5915"}},{"type":"Feature","geometry":{"type":"MultiPolygon","coordinates":[[[[-122.8810012,49.1875954],[-122.8795318,49.188754],[-122.8779583,49.1924135],[-122.8753023,49.1952531],[-122.8743897,49.1977776],[-122.8700452,49.1995161],[-122.8687099,49.1998108],[-122.8677151,49.1992566],[-122.8677757,49.1919705],[-122.8678715,49.1883926],[-122.8679632,49.1782258],[-122.8680749,49.1775063],[-122.8806431,49.177484],[-122.8805137,49.179165],[-122.8806121,49.1846982],[-122.8810012,49.1875954]]]]},"properties":{"a": "1.8988", "t": "CT", "dw": "1765", "hh": "1700", "id": "9330186.02", "key": "CT01", "pop": "4977", "pop2": "4906", "rgid": "59", "rpid": "59933", "ruid": "5915004", "rguid": "5915"}},{"type":"Feature","geometry":{"type":"MultiPolygon","coordinates":[[[[-122.8806431,49.177484],[-122.8680749,49.1775063],[-122.8681492,49.1701842],[-122.8737732,49.1704603],[-122.8847406,49.1707115],[-122.8903257,49.1707381],[-122.8903437,49.1774846],[-122.8806431,49.177484]]]]},"properties":{"a": "1.2515", "t": "CT", "dw": "1853", "hh": "1805", "id": "9330186.05", "key": "CT01", "pop": "5806", "pop2": "5548", "rgid": "59", "rpid": "59933", "ruid": "5915004", "rguid": "5915"}},{"type":"Feature","geometry":{"type":"MultiPolygon","coordinates":[[[[-122.8903257,49.1707381],[-122.8847406,49.1707115],[-122.8737732,49.1704603],[-122.8681492,49.1701842],[-122.8681406,49.1630959],[-122.8789054,49.1635263],[-122.887448,49.1635959],[-122.8904568,49.1635509],[-122.8903257,49.1707381]]]]},"properties":{"a": "1.2823", "t": "CT", "dw": "943", "hh": "920", "id": "9330186.06", "key": "CT01", "pop": "3469", "pop2": "3021", "rgid": "59", "rpid": "59933", "ruid": "5915004", "rguid": "5915"}},{"type":"Feature","geometry":{"type":"MultiPolygon","coordinates":[[[[-122.8681492,49.1701842],[-122.8605217,49.1701393],[-122.8600104,49.1703318],[-122.8488526,49.1705159],[-122.8455947,49.1704621],[-122.8455902,49.1630679],[-122.8681406,49.1630959],[-122.8681492,49.1701842]]]]},"properties":{"a": "1.3293", "t": "CT", "dw": "1219", "hh": "1195", "id": "9330186.07", "key": "CT01", "pop": "4547", "pop2": "4206", "rgid": "59", "rpid": "59933", "ruid": "5915004", "rguid": "5915"}},{"type":"Feature","geometry":{"type":"MultiPolygon","coordinates":[[[[-122.8680749,49.1775063],[-122.8570021,49.1775201],[-122.845573,49.1774335],[-122.8455947,49.1704621],[-122.8488526,49.1705159],[-122.8600104,49.1703318],[-122.8605217,49.1701393],[-122.8681492,49.1701842],[-122.8680749,49.1775063]]]]},"properties":{"a": "1.3083", "t": "CT", "dw": "1714", "hh": "1665", "id": "9330186.08", "key": "CT01", "pop": "5259", "pop2": "4777", "rgid": "59", "rpid": "59933", "ruid": "5915004", "rguid": "5915"}},{"type":"Feature","geometry":{"type":"MultiPolygon","coordinates":[[[[-122.8122458,49.1773121],[-122.8013082,49.1772735],[-122.801518,49.1631175],[-122.8234924,49.1631082],[-122.8234387,49.1704933],[-122.823423,49.174901],[-122.8286024,49.1768878],[-122.8274039,49.1773679],[-122.8122458,49.1773121]]]]},"properties":{"a": "2.5973", "t": "CT", "dw": "1993", "hh": "1955", "id": "9330187.03", "key": "CT01", "pop": "6468", "pop2": "6006", "rgid": "59", "rpid": "59933", "ruid": "5915004", "rguid": "5915"}},{"type":"Feature","geometry":{"type":"MultiPolygon","coordinates":[[[[-122.845573,49.1774335],[-122.8345823,49.1773284],[-122.8345156,49.179136],[-122.8286024,49.1768878],[-122.823423,49.174901],[-122.8234387,49.1704933],[-122.8455947,49.1704621],[-122.845573,49.1774335]]]]},"properties":{"a": "1.207", "t": "CT", "dw": "421", "hh": "400", "id": "9330187.04", "key": "CT01", "pop": "1687", "pop2": "1728", "rgid": "59", "rpid": "59933", "ruid": "5915004", "rguid": "5915"}},{"type":"Feature","geometry":{"type":"MultiPolygon","coordinates":[[[[-122.8455947,49.1704621],[-122.8234387,49.1704933],[-122.8234924,49.1631082],[-122.834754,49.1630619],[-122.8455902,49.1630679],[-122.8455947,49.1704621]]]]},"properties":{"a": "1.329", "t": "CT", "dw": "1575", "hh": "1540", "id": "9330187.05", "key": "CT01", "pop": "5893", "pop2": "5774", "rgid": "59", "rpid": "59933", "ruid": "5915004", "rguid": "5915"}},{"type":"Feature","geometry":{"type":"MultiPolygon","coordinates":[[[[-122.7789457,49.1772892],[-122.7789897,49.1704978],[-122.767665,49.1704778],[-122.7568617,49.1703725],[-122.7568836,49.1631041],[-122.7679119,49.1631088],[-122.7901743,49.1631154],[-122.7901705,49.1670296],[-122.7900021,49.1726261],[-122.7899909,49.1772648],[-122.7789457,49.1772892]]]]},"properties":{"a": "2.5939", "t": "CT", "dw": "1490", "hh": "1470", "id": "9330187.06", "key": "CT01", "pop": "5263", "pop2": "5067", "rgid": "59", "rpid": "59933", "ruid": "5915004", "rguid": "5915"}},{"type":"Feature","geometry":{"type":"MultiPolygon","coordinates":[[[[-122.7568836,49.1631041],[-122.7568785,49.1557369],[-122.7679732,49.1558767],[-122.7679119,49.1631088],[-122.7568836,49.1631041]]]]},"properties":{"a": "0.6551", "t": "CT", "dw": "436", "hh": "435", "id": "9330187.07", "key": "CT01", "pop": "1558", "pop2": "722", "rgid": "59", "rpid": "59933", "ruid": "5915004", "rguid": "5915"}},{"type":"Feature","geometry":{"type":"MultiPolygon","coordinates":[[[[-122.7568785,49.1557369],[-122.7568357,49.1448794],[-122.7678185,49.1449469],[-122.7678704,49.1485092],[-122.7790873,49.1485492],[-122.790263,49.1485881],[-122.7902477,49.1522312],[-122.7901743,49.1631154],[-122.7679119,49.1631088],[-122.7679732,49.1558767],[-122.7568785,49.1557369]]]]},"properties":{"a": "3.6127", "t": "CT", "dw": "3349", "hh": "3275", "id": "9330187.08", "key": "CT01", "pop": "9534", "pop2": "7238", "rgid": "59", "rpid": "59933", "ruid": "5915004", "rguid": "5915"}},{"type":"Feature","geometry":{"type":"MultiPolygon","coordinates":[[[[-122.8013082,49.1772735],[-122.7899909,49.1772648],[-122.7900021,49.1726261],[-122.7901705,49.1670296],[-122.7901743,49.1631154],[-122.7902477,49.1522312],[-122.8014792,49.152251],[-122.8015057,49.1559032],[-122.801518,49.1631175],[-122.8013082,49.1772735]]]]},"properties":{"a": "2.2979", "t": "CT", "dw": "2283", "hh": "2260", "id": "9330187.09", "key": "CT01", "pop": "7229", "pop2": "6709", "rgid": "59", "rpid": "59933", "ruid": "5915004", "rguid": "5915"}},{"type":"Feature","geometry":{"type":"MultiPolygon","coordinates":[[[[-122.7976194,49.2013098],[-122.8055113,49.2088038],[-122.8081725,49.2112001],[-122.8089243,49.2122201],[-122.8101877,49.2146799],[-122.8110933,49.2171074],[-122.8023502,49.2157061],[-122.7994979,49.2150793],[-122.7920727,49.2141044],[-122.7907824,49.2140842],[-122.7821902,49.2131782],[-122.7791808,49.2127776],[-122.7789261,49.2071621],[-122.7786548,49.2043884],[-122.7786886,49.19915],[-122.7953496,49.199111],[-122.7976194,49.2013098]]]]},"properties":{"a": "3.0939", "t": "CT", "dw": "942", "hh": "920", "id": "9330188.01", "key": "CT01", "pop": "3165", "pop2": "1800", "rgid": "59", "rpid": "59933", "ruid": "5915004", "rguid": "5915"}},{"type":"Feature","geometry":{"type":"MultiPolygon","coordinates":[[[[-122.7953496,49.199111],[-122.7786886,49.19915],[-122.7786864,49.1954323],[-122.7772366,49.1942407],[-122.7770387,49.1931486],[-122.7774491,49.1923711],[-122.7829786,49.1937219],[-122.7870971,49.1948307],[-122.7902526,49.1958277],[-122.7932585,49.1973544],[-122.7953496,49.199111]]]]},"properties":{"a": "0.5721", "t": "CT", "dw": "286", "hh": "285", "id": "9330188.02", "key": "CT01", "pop": "983", "pop2": "1605", "rgid": "59", "rpid": "59933", "ruid": "5915004", "rguid": "5915"}},{"type":"Feature","geometry":{"type":"MultiPolygon","coordinates":[[[[-122.7786886,49.19915],[-122.7786548,49.2043884],[-122.7789261,49.2071621],[-122.7791808,49.2127776],[-122.7737086,49.212307],[-122.7713501,49.2119056],[-122.7688509,49.2117487],[-122.760624,49.2124688],[-122.7559937,49.2131263],[-122.7565051,49.2064472],[-122.7573006,49.2046401],[-122.7565032,49.2036817],[-122.7566334,49.1917808],[-122.7725283,49.1918467],[-122.7774491,49.1923711],[-122.7770387,49.1931486],[-122.7772366,49.1942407],[-122.7786864,49.1954323],[-122.7786886,49.19915]]]]},"properties":{"a": "3.6506", "t": "CT", "dw": "1775", "hh": "1750", "id": "9330188.03", "key": "CT01", "pop": "6231", "pop2": "4395", "rgid": "59", "rpid": "59933", "ruid": "5915004", "rguid": "5915"}},{"type":"Feature","geometry":{"type":"MultiPolygon","coordinates":[[[[-122.7566334,49.1917808],[-122.7568669,49.1773176],[-122.7568617,49.1703725],[-122.767665,49.1704778],[-122.7789897,49.1704978],[-122.7789457,49.1772892],[-122.7786985,49.1896573],[-122.7781571,49.1910415],[-122.7774491,49.1923711],[-122.7725283,49.1918467],[-122.7566334,49.1917808]]]]},"properties":{"a": "3.8255", "t": "CT", "dw": "829", "hh": "800", "id": "9330188.04", "key": "CT01", "pop": "2748", "pop2": "2534", "rgid": "59", "rpid": "59933", "ruid": "5915004", "rguid": "5915"}},{"type":"Feature","geometry":{"type":"MultiPolygon","coordinates":[[[[-122.7566334,49.1917808],[-122.7565032,49.2036817],[-122.7573006,49.2046401],[-122.7565051,49.2064472],[-122.7559937,49.2131263],[-122.7512543,49.213269],[-122.7477155,49.2129635],[-122.7444213,49.2124792],[-122.7410478,49.2115009],[-122.737857,49.2103779],[-122.7340958,49.2088153],[-122.7343483,49.1992981],[-122.7342983,49.1875667],[-122.7344593,49.170314],[-122.7411177,49.1703309],[-122.7412825,49.1772559],[-122.7568669,49.1773176],[-122.7566334,49.1917808]]]]},"properties":{"a": "6.6636", "t": "CT", "dw": "649", "hh": "630", "id": "9330188.05", "key": "CT01", "pop": "2254", "pop2": "1988", "rgid": "59", "rpid": "59933", "ruid": "5915004", "rguid": "5915"}},{"type":"Feature","geometry":{"type":"MultiPolygon","coordinates":[[[[-122.7344593,49.170314],[-122.7342983,49.1875667],[-122.7343483,49.1992981],[-122.7340958,49.2088153],[-122.7320495,49.2076386],[-122.7309438,49.206665],[-122.7285873,49.2031963],[-122.7275994,49.2004056],[-122.7270677,49.1994601],[-122.7269328,49.1969674],[-122.7265747,49.1944577],[-122.725485,49.1905416],[-122.7237843,49.1876503],[-122.7218048,49.1859897],[-122.7196419,49.1849595],[-122.7167633,49.183888],[-122.7167624,49.1774592],[-122.7164581,49.1769408],[-122.7123595,49.1758921],[-122.7123717,49.1703691],[-122.7344593,49.170314]]]]},"properties":{"a": "3.7137", "t": "CT", "dw": "300", "hh": "295", "id": "9330188.06", "key": "CT01", "pop": "942", "pop2": "712", "rgid": "59", "rpid": "59933", "ruid": "5915004", "rguid": "5915"}},{"type":"Feature","geometry":{"type":"MultiPolygon","coordinates":[[[[-122.8171435,49.2147225],[-122.8172164,49.2179555],[-122.8142914,49.2176774],[-122.8110933,49.2171074],[-122.8101877,49.2146799],[-122.8089243,49.2122201],[-122.8081725,49.2112001],[-122.8055113,49.2088038],[-122.7976194,49.2013098],[-122.8005169,49.1972081],[-122.8009208,49.1990559],[-122.8043807,49.1989958],[-122.8126439,49.1990545],[-122.8127567,49.2055403],[-122.8146246,49.2067318],[-122.8154516,49.2081353],[-122.8140312,49.2097971],[-122.8140214,49.2111355],[-122.8149088,49.2127278],[-122.8171539,49.2144206],[-122.8171435,49.2147225]]]]},"properties":{"a": "1.4679", "t": "CT", "dw": "1108", "hh": "1095", "id": "9330189.03", "key": "CT01", "pop": "3248", "pop2": "3117", "rgid": "59", "rpid": "59933", "ruid": "5915004", "rguid": "5915"}},{"type":"Feature","geometry":{"type":"MultiPolygon","coordinates":[[[[-122.812647,49.1918193],[-122.8010052,49.1918388],[-122.8010744,49.1863742],[-122.8013082,49.1772735],[-122.8122458,49.1773121],[-122.8119702,49.1905084],[-122.812647,49.1918193]]]]},"properties":{"a": "1.2966", "t": "CT", "dw": "3239", "hh": "3170", "id": "9330189.05", "key": "CT01", "pop": "6982", "pop2": "6674", "rgid": "59", "rpid": "59933", "ruid": "5915004", "rguid": "5915"}},{"type":"Feature","geometry":{"type":"MultiPolygon","coordinates":[[[[-122.8314054,49.1918512],[-122.812647,49.1918193],[-122.8119702,49.1905084],[-122.8122458,49.1773121],[-122.8274039,49.1773679],[-122.8286024,49.1768878],[-122.8345156,49.179136],[-122.8343395,49.1845242],[-122.8315263,49.1845471],[-122.8314054,49.1918512]]]]},"properties":{"a": "2.4147", "t": "CT", "dw": "972", "hh": "935", "id": "9330189.06", "key": "CT01", "pop": "2913", "pop2": "2656", "rgid": "59", "rpid": "59933", "ruid": "5915004", "rguid": "5915"}},{"type":"Feature","geometry":{"type":"MultiPolygon","coordinates":[[[[-122.8005169,49.1972081],[-122.7976194,49.2013098],[-122.7953496,49.199111],[-122.7932585,49.1973544],[-122.7902526,49.1958277],[-122.7870971,49.1948307],[-122.7829786,49.1937219],[-122.7774491,49.1923711],[-122.7781571,49.1910415],[-122.781324,49.1918212],[-122.7897371,49.1918368],[-122.8010052,49.1918388],[-122.8009291,49.196609],[-122.8005169,49.1972081]]]]},"properties":{"a": "0.8067", "t": "CT", "dw": "929", "hh": "910", "id": "9330189.07", "key": "CT01", "pop": "2353", "pop2": "1841", "rgid": "59", "rpid": "59933", "ruid": "5915004", "rguid": "5915"}},{"type":"Feature","geometry":{"type":"MultiPolygon","coordinates":[[[[-122.8126439,49.1990545],[-122.8043807,49.1989958],[-122.8009208,49.1990559],[-122.8005169,49.1972081],[-122.8009291,49.196609],[-122.8010052,49.1918388],[-122.812647,49.1918193],[-122.8124984,49.1919184],[-122.8126439,49.1990545]]]]},"properties":{"a": "0.6821", "t": "CT", "dw": "2670", "hh": "2560", "id": "9330189.08", "key": "CT01", "pop": "6119", "pop2": "5886", "rgid": "59", "rpid": "59933", "ruid": "5915004", "rguid": "5915"}},{"type":"Feature","geometry":{"type":"MultiPolygon","coordinates":[[[[-122.7897371,49.1918368],[-122.781324,49.1918212],[-122.7781571,49.1910415],[-122.7786985,49.1896573],[-122.7789457,49.1772892],[-122.7899909,49.1772648],[-122.7898635,49.1872391],[-122.7897371,49.1918368]]]]},"properties":{"a": "1.3017", "t": "CT", "dw": "1236", "hh": "1210", "id": "9330189.09", "key": "CT01", "pop": "4048", "pop2": "3555", "rgid": "59", "rpid": "59933", "ruid": "5915004", "rguid": "5915"}},{"type":"Feature","geometry":{"type":"MultiPolygon","coordinates":[[[[-122.8010052,49.1918388],[-122.7897371,49.1918368],[-122.7898635,49.1872391],[-122.7899909,49.1772648],[-122.8013082,49.1772735],[-122.8010744,49.1863742],[-122.8010052,49.1918388]]]]},"properties":{"a": "1.3304", "t": "CT", "dw": "1653", "hh": "1620", "id": "9330189.10", "key": "CT01", "pop": "4833", "pop2": "4307", "rgid": "59", "rpid": "59933", "ruid": "5915004", "rguid": "5915"}},{"type":"Feature","geometry":{"type":"MultiPolygon","coordinates":[[[[-122.8453414,49.1919154],[-122.8314054,49.1918512],[-122.8315263,49.1845471],[-122.8343395,49.1845242],[-122.8345156,49.179136],[-122.8345823,49.1773284],[-122.845573,49.1774335],[-122.8455546,49.1833704],[-122.8453414,49.1919154]]]]},"properties":{"a": "1.4766", "t": "CT", "dw": "2618", "hh": "2535", "id": "9330190.01", "key": "CT01", "pop": "5505", "pop2": "5062", "rgid": "59", "rpid": "59933", "ruid": "5915004", "rguid": "5915"}},{"type":"Feature","geometry":{"type":"MultiPolygon","coordinates":[[[[-122.8341948,49.1990874],[-122.8126439,49.1990545],[-122.8124984,49.1919184],[-122.812647,49.1918193],[-122.8314054,49.1918512],[-122.8453414,49.1919154],[-122.845398,49.1966626],[-122.846178,49.199158],[-122.8341948,49.1990874]]]]},"properties":{"a": "1.9301", "t": "CT", "dw": "1726", "hh": "1670", "id": "9330190.03", "key": "CT01", "pop": "4694", "pop2": "4632", "rgid": "59", "rpid": "59933", "ruid": "5915004", "rguid": "5915"}},{"type":"Feature","geometry":{"type":"MultiPolygon","coordinates":[[[[-122.8451671,49.2063799],[-122.8451907,49.2120379],[-122.8433204,49.2118277],[-122.834276,49.2117529],[-122.8342561,49.2136059],[-122.8292152,49.2141023],[-122.8275681,49.213911],[-122.8250427,49.2148333],[-122.8210436,49.2145757],[-122.8171435,49.2147225],[-122.8171539,49.2144206],[-122.8149088,49.2127278],[-122.8140214,49.2111355],[-122.8140312,49.2097971],[-122.8154516,49.2081353],[-122.8146246,49.2067318],[-122.8127567,49.2055403],[-122.8126439,49.1990545],[-122.8341948,49.1990874],[-122.8341975,49.2025136],[-122.8344378,49.2029405],[-122.8388337,49.2063065],[-122.8451671,49.2063799]]]]},"properties":{"a": "3.0692", "t": "CT", "dw": "1970", "hh": "1935", "id": "9330190.04", "key": "CT01", "pop": "5894", "pop2": "5901", "rgid": "59", "rpid": "59933", "ruid": "5915004", "rguid": "5915"}},{"type":"Feature","geometry":{"type":"MultiPolygon","coordinates":[[[[-122.8451671,49.2063799],[-122.8388337,49.2063065],[-122.8344378,49.2029405],[-122.8341975,49.2025136],[-122.8341948,49.1990874],[-122.846178,49.199158],[-122.8472587,49.2003738],[-122.845181,49.2017993],[-122.8451671,49.2063799]]]]},"properties":{"a": "0.6011", "t": "CT", "dw": "579", "hh": "565", "id": "9330190.05", "key": "CT01", "pop": "1682", "pop2": "1638", "rgid": "59", "rpid": "59933", "ruid": "5915004", "rguid": "5915"}},{"type":"Feature","geometry":{"type":"MultiPolygon","coordinates":[[[[-122.8677151,49.1992566],[-122.8674486,49.2011612],[-122.8683,49.2030539],[-122.8675037,49.2043562],[-122.8674961,49.2065483],[-122.8657627,49.2067089],[-122.8613138,49.2075622],[-122.8591629,49.2075481],[-122.8572111,49.206895],[-122.8532591,49.2044475],[-122.8518117,49.2055907],[-122.8518532,49.2064368],[-122.8451671,49.2063799],[-122.845181,49.2017993],[-122.8472587,49.2003738],[-122.846178,49.199158],[-122.845398,49.1966626],[-122.8453414,49.1919154],[-122.8565901,49.1919122],[-122.8677757,49.1919705],[-122.8677151,49.1992566]]]]},"properties":{"a": "2.6225", "t": "CT", "dw": "3204", "hh": "3040", "id": "9330191.02", "key": "CT01", "pop": "7477", "pop2": "7020", "rgid": "59", "rpid": "59933", "ruid": "5915004", "rguid": "5915"}},{"type":"Feature","geometry":{"type":"MultiPolygon","coordinates":[[[[-122.8677757,49.1919705],[-122.8565901,49.1919122],[-122.8566657,49.184761],[-122.8570021,49.1775201],[-122.8680749,49.1775063],[-122.8679632,49.1782258],[-122.8678715,49.1883926],[-122.8677757,49.1919705]]]]},"properties":{"a": "1.3045", "t": "CT", "dw": "1383", "hh": "1360", "id": "9330191.03", "key": "CT01", "pop": "4484", "pop2": "4327", "rgid": "59", "rpid": "59933", "ruid": "5915004", "rguid": "5915"}},{"type":"Feature","geometry":{"type":"MultiPolygon","coordinates":[[[[-122.8565901,49.1919122],[-122.8453414,49.1919154],[-122.8455546,49.1833704],[-122.845573,49.1774335],[-122.8570021,49.1775201],[-122.8566657,49.184761],[-122.8565901,49.1919122]]]]},"properties":{"a": "1.3117", "t": "CT", "dw": "2205", "hh": "2130", "id": "9330191.04", "key": "CT01", "pop": "4603", "pop2": "4363", "rgid": "59", "rpid": "59933", "ruid": "5915004", "rguid": "5915"}},{"type":"Feature","geometry":{"type":"MultiPolygon","coordinates":[[[[-122.8172164,49.2179555],[-122.8171435,49.2147225],[-122.8210436,49.2145757],[-122.8250427,49.2148333],[-122.8275681,49.213911],[-122.8292152,49.2141023],[-122.8342561,49.2136059],[-122.834276,49.2117529],[-122.8433204,49.2118277],[-122.8451907,49.2120379],[-122.8451671,49.2063799],[-122.8518532,49.2064368],[-122.8518117,49.2055907],[-122.8532591,49.2044475],[-122.8572111,49.206895],[-122.8591629,49.2075481],[-122.8613138,49.2075622],[-122.8657627,49.2067089],[-122.8674961,49.2065483],[-122.8675037,49.2043562],[-122.8683,49.2030539],[-122.8674486,49.2011612],[-122.8677151,49.1992566],[-122.8687099,49.1998108],[-122.8700452,49.1995161],[-122.8743897,49.1977776],[-122.8753023,49.1952531],[-122.8779583,49.1924135],[-122.8795318,49.188754],[-122.8810012,49.1875954],[-122.8817227,49.1872818],[-122.8872161,49.187215],[-122.8899646,49.1874071],[-122.8907759,49.1870952],[-122.8929875,49.1869924],[-122.895409,49.1864558],[-122.8978145,49.1855824],[-122.9036924,49.1839522],[-122.906373,49.1829589],[-122.9079124,49.1820862],[-122.9129534,49.1779454],[-122.9136832,49.1771896],[-122.9158596,49.1772464],[-122.9163984,49.1772255],[-122.9198656,49.177223],[-122.917022,49.1828588],[-122.9157155,49.1833709],[-122.9152625,49.1845576],[-122.9126345,49.1883695],[-122.9117558,49.1886663],[-122.9086445,49.1930625],[-122.9066962,49.1939963],[-122.9067497,49.1945902],[-122.9055952,49.1954439],[-122.9040289,49.1960627],[-122.8981568,49.2008619],[-122.8972349,49.2017873],[-122.8940449,49.2043659],[-122.8919402,49.2069363],[-122.8898637,49.2080681],[-122.8879384,49.2096413],[-122.8860811,49.2108088],[-122.8842142,49.2116332],[-122.8824939,49.2127301],[-122.8779869,49.2144614],[-122.8740991,49.2153827],[-122.8698252,49.2160622],[-122.8671897,49.2161677],[-122.8634112,49.2165947],[-122.8573546,49.2170548],[-122.8520408,49.2168952],[-122.849199,49.2169279],[-122.8421797,49.2172156],[-122.8313172,49.2178924],[-122.8260406,49.2184605],[-122.8210153,49.2182908],[-122.8172164,49.2179555]]]]},"properties":{"a": "9.6971", "t": "CT", "dw": "1529", "hh": "1465", "id": "9330192.00", "key": "CT01", "pop": "4096", "pop2": "4206", "rgid": "59", "rpid": "59933", "ruid": "5915004", "rguid": "5915"}},{"type":"Feature","geometry":{"type":"MultiPolygon","coordinates":[[[[-122.9573063,49.1762142],[-122.9572373,49.1874671],[-122.9574435,49.1883755],[-122.9562644,49.1891789],[-122.9553694,49.1908642],[-122.9533067,49.1923513],[-122.9475371,49.1955708],[-122.9436906,49.1971313],[-122.9416429,49.1972956],[-122.9385493,49.1968891],[-122.9321864,49.1966887],[-122.928444,49.1967282],[-122.927196,49.1969436],[-122.9232745,49.1965511],[-122.9213146,49.1954757],[-122.9219611,49.1942063],[-122.9243353,49.1921724],[-122.9286205,49.1890871],[-122.9312305,49.1880686],[-122.9332089,49.1869949],[-122.9364363,49.1847728],[-122.9408213,49.1826414],[-122.9448288,49.1809698],[-122.9468038,49.1806114],[-122.9491402,49.1794672],[-122.9550759,49.1771788],[-122.9573063,49.1762142]]]]},"properties":{"a": "3.3349", "t": "CT", "dw": "1478", "hh": "1450", "id": "9330200.00", "key": "CT01", "pop": "4553", "pop2": "3020", "rgid": "59", "rpid": "59933", "ruid": "5915029", "rguid": "5915"}},{"type":"Feature","geometry":{"type":"MultiPolygon","coordinates":[[[[-122.9601936,49.2016253],[-122.9586137,49.2025363],[-122.9521007,49.2060509],[-122.9483972,49.2030359],[-122.9449268,49.2004707],[-122.9433473,49.1989336],[-122.9445143,49.1984966],[-122.9517386,49.1950712],[-122.9534457,49.196316],[-122.9557858,49.1983564],[-122.9601936,49.2016253]]]]},"properties":{"a": "0.7494", "t": "CT", "dw": "630", "hh": "605", "id": "9330201.00", "key": "CT01", "pop": "1687", "pop2": "1481", "rgid": "59", "rpid": "59933", "ruid": "5915029", "rguid": "5915"}},{"type":"Feature","geometry":{"type":"MultiPolygon","coordinates":[[[[-122.9433473,49.1989336],[-122.9449268,49.2004707],[-122.9414335,49.2020441],[-122.9306403,49.2078571],[-122.9269651,49.2049673],[-122.9230162,49.2018434],[-122.9193752,49.2038109],[-122.9175244,49.2023343],[-122.9146938,49.2038705],[-122.9111099,49.2010357],[-122.9099475,49.2004462],[-122.9109776,49.2004331],[-122.9124897,49.1998],[-122.9129803,49.1988512],[-122.9145231,49.1980545],[-122.9215645,49.1980621],[-122.9225822,49.1986847],[-122.9251893,49.1988318],[-122.9267819,49.199588],[-122.9284592,49.2000027],[-122.9294148,49.2010711],[-122.9323051,49.2012316],[-122.9349412,49.2011887],[-122.9372202,49.2009212],[-122.9397588,49.2002116],[-122.9433473,49.1989336]]]]},"properties":{"a": "1.1588", "t": "CT", "dw": "3308", "hh": "3210", "id": "9330202.00", "key": "CT01", "pop": "6047", "pop2": "5605", "rgid": "59", "rpid": "59933", "ruid": "5915029", "rguid": "5915"}},{"type":"Feature","geometry":{"type":"MultiPolygon","coordinates":[[[[-122.9521007,49.2060509],[-122.9379781,49.2136722],[-122.9306403,49.2078571],[-122.9414335,49.2020441],[-122.9449268,49.2004707],[-122.9483972,49.2030359],[-122.9521007,49.2060509]]]]},"properties":{"a": "1.1137", "t": "CT", "dw": "1596", "hh": "1570", "id": "9330203.00", "key": "CT01", "pop": "4313", "pop2": "4068", "rgid": "59", "rpid": "59933", "ruid": "5915029", "rguid": "5915"}},{"type":"Feature","geometry":{"type":"MultiPolygon","coordinates":[[[[-122.9211992,49.2090612],[-122.9146938,49.2038705],[-122.9175244,49.2023343],[-122.9193752,49.2038109],[-122.9230162,49.2018434],[-122.9269651,49.2049673],[-122.9256324,49.2056951],[-122.9268877,49.2067074],[-122.9232637,49.2086016],[-122.9211992,49.2090612]]]]},"properties":{"a": "0.3948", "t": "CT", "dw": "2432", "hh": "2385", "id": "9330204.01", "key": "CT01", "pop": "4304", "pop2": "3866", "rgid": "59", "rpid": "59933", "ruid": "5915029", "rguid": "5915"}},{"type":"Feature","geometry":{"type":"MultiPolygon","coordinates":[[[[-122.9379781,49.2136722],[-122.9315611,49.2171228],[-122.9211992,49.2090612],[-122.9232637,49.2086016],[-122.9268877,49.2067074],[-122.9256324,49.2056951],[-122.9269651,49.2049673],[-122.9306403,49.2078571],[-122.9379781,49.2136722]]]]},"properties":{"a": "0.7059", "t": "CT", "dw": "2694", "hh": "2640", "id": "9330204.02", "key": "CT01", "pop": "5081", "pop2": "4439", "rgid": "59", "rpid": "59933", "ruid": "5915029", "rguid": "5915"}},{"type":"Feature","geometry":{"type":"MultiPolygon","coordinates":[[[[-122.9252532,49.2204831],[-122.9188346,49.2153605],[-122.9084826,49.207221],[-122.9146938,49.2038705],[-122.9211992,49.2090612],[-122.9315611,49.2171228],[-122.9252532,49.2204831]]]]},"properties":{"a": "1.1212", "t": "CT", "dw": "5082", "hh": "4970", "id": "9330205.00", "key": "CT01", "pop": "8327", "pop2": "7388", "rgid": "59", "rpid": "59933", "ruid": "5915029", "rguid": "5915"}},{"type":"Feature","geometry":{"type":"MultiPolygon","coordinates":[[[[-122.9099475,49.2004462],[-122.9111099,49.2010357],[-122.9146938,49.2038705],[-122.9084826,49.207221],[-122.9053982,49.2048257],[-122.9045009,49.2050086],[-122.9037266,49.2038518],[-122.9099475,49.2004462]]]]},"properties":{"a": "0.3072", "t": "CT", "dw": "1047", "hh": "1015", "id": "9330206.00", "key": "CT01", "pop": "1793", "pop2": "1587", "rgid": "59", "rpid": "59933", "ruid": "5915029", "rguid": "5915"}},{"type":"Feature","geometry":{"type":"MultiPolygon","coordinates":[[[[-122.9084826,49.207221],[-122.8991228,49.2123045],[-122.8977657,49.2112509],[-122.8988953,49.2094258],[-122.8979198,49.2089871],[-122.9005063,49.2065177],[-122.9002404,49.2063045],[-122.9037266,49.2038518],[-122.9045009,49.2050086],[-122.9053982,49.2048257],[-122.9084826,49.207221]]]]},"properties":{"a": "0.3418", "t": "CT", "dw": "1364", "hh": "1310", "id": "9330207.00", "key": "CT01", "pop": "2145", "pop2": "2111", "rgid": "59", "rpid": "59933", "ruid": "5915029", "rguid": "5915"}},{"type":"Feature","geometry":{"type":"MultiPolygon","coordinates":[[[[-122.9084826,49.207221],[-122.9188346,49.2153605],[-122.9252532,49.2204831],[-122.917556,49.2246157],[-122.9138081,49.2237854],[-122.9085775,49.2198328],[-122.8991228,49.2123045],[-122.9084826,49.207221]]]]},"properties":{"a": "1.6777", "t": "CT", "dw": "2303", "hh": "2265", "id": "9330208.00", "key": "CT01", "pop": "5193", "pop2": "5015", "rgid": "59", "rpid": "59933", "ruid": "5915029", "rguid": "5915"}},{"type":"Feature","geometry":{"type":"MultiPolygon","coordinates":[[[[-122.916953,49.2249352],[-122.8984175,49.234864],[-122.8987352,49.2272903],[-122.8987625,49.2206788],[-122.8933107,49.2206289],[-122.8918843,49.2207256],[-122.8918814,49.2193977],[-122.8928315,49.2183289],[-122.8935728,49.2161624],[-122.8936739,49.2149672],[-122.8971245,49.2096469],[-122.8979198,49.2089871],[-122.8988953,49.2094258],[-122.8977657,49.2112509],[-122.8991228,49.2123045],[-122.9085775,49.2198328],[-122.9138081,49.2237854],[-122.917556,49.2246157],[-122.916953,49.2249352]]]]},"properties":{"a": "2.0103", "t": "CT", "dw": "2641", "hh": "2615", "id": "9330209.00", "key": "CT01", "pop": "6610", "pop2": "6505", "rgid": "59", "rpid": "59933", "ruid": "5915029", "rguid": "5915"}},{"type":"Feature","geometry":{"type":"MultiPolygon","coordinates":[[[[-122.8984175,49.234864],[-122.8955719,49.235869],[-122.8948567,49.2363524],[-122.8945917,49.2381709],[-122.8926881,49.2383301],[-122.8921189,49.2381686],[-122.8905015,49.2365659],[-122.8863953,49.2360222],[-122.8833754,49.2351107],[-122.8810817,49.2349464],[-122.8799423,49.2341212],[-122.8771435,49.232952],[-122.8754302,49.2317651],[-122.8752113,49.2308649],[-122.8763508,49.2300584],[-122.8762231,49.2255185],[-122.8770646,49.2252709],[-122.878646,49.2257594],[-122.8794441,49.2248723],[-122.8821271,49.2244739],[-122.8850006,49.2232159],[-122.8871154,49.2228938],[-122.8880938,49.2221718],[-122.8900107,49.2214613],[-122.8898762,49.2210648],[-122.8918814,49.2193977],[-122.8918843,49.2207256],[-122.8933107,49.2206289],[-122.8987625,49.2206788],[-122.8987352,49.2272903],[-122.8984175,49.234864]]]]},"properties":{"a": "2.3783", "t": "CT", "dw": "2049", "hh": "2000", "id": "9330210.00", "key": "CT01", "pop": "4603", "pop2": "4265", "rgid": "59", "rpid": "59933", "ruid": "5915029", "rguid": "5915"}},{"type":"Feature","geometry":{"type":"MultiPolygon","coordinates":[[[[-123.0232531,49.2080647],[-123.017697,49.2081734],[-123.0152157,49.2084364],[-123.0121918,49.2091186],[-123.0048053,49.2090832],[-122.9986996,49.2080005],[-122.9942839,49.2075862],[-122.991429,49.2071192],[-122.9884265,49.2070497],[-122.985399,49.2066845],[-122.9821096,49.20651],[-122.9769936,49.2054941],[-122.9715548,49.2050319],[-122.9662159,49.2039559],[-122.9619089,49.2024244],[-122.960781,49.2012597],[-122.9601936,49.2016253],[-122.9557858,49.1983564],[-122.9534457,49.196316],[-122.9517386,49.1950712],[-122.9573847,49.1928447],[-122.9597002,49.1917458],[-122.9608584,49.1907586],[-122.9622047,49.1901134],[-122.9664785,49.1869299],[-122.9688512,49.184585],[-122.9710073,49.1830749],[-122.9729691,49.1819815],[-122.9750903,49.1813001],[-122.9779712,49.1812289],[-122.9814682,49.1817008],[-122.9858059,49.1833177],[-122.9879997,49.1843194],[-122.993418,49.1874042],[-122.9963162,49.1898894],[-122.9986318,49.1915329],[-123.0014369,49.1931228],[-123.0057313,49.1948937],[-123.0194523,49.1993867],[-123.0231137,49.2008216],[-123.0230908,49.2042685],[-123.0232948,49.2053005],[-123.0232531,49.2080647]]]]},"properties":{"a": "9.1545", "t": "CT", "dw": "353", "hh": "325", "id": "9330220.00", "key": "CT01", "pop": "1016", "pop2": "1023", "rgid": "59", "rpid": "59933", "ruid": "5915025", "rguid": "5915"}},{"type":"Feature","geometry":{"type":"MultiPolygon","coordinates":[[[[-123.0232531,49.2080647],[-123.0234241,49.2091487],[-123.0231992,49.2136623],[-123.0233049,49.2218542],[-123.0123323,49.2219459],[-123.0122344,49.2147497],[-123.0121918,49.2091186],[-123.0152157,49.2084364],[-123.017697,49.2081734],[-123.0232531,49.2080647]]]]},"properties":{"a": "1.2116", "t": "CT", "dw": "584", "hh": "570", "id": "9330221.01", "key": "CT01", "pop": "1656", "pop2": "1648", "rgid": "59", "rpid": "59933", "ruid": "5915025", "rguid": "5915"}},{"type":"Feature","geometry":{"type":"MultiPolygon","coordinates":[[[[-123.0122344,49.2147497],[-123.0026089,49.2148222],[-123.0000732,49.2150293],[-122.9886306,49.2149566],[-122.9884265,49.2070497],[-122.991429,49.2071192],[-122.9942839,49.2075862],[-122.9986996,49.2080005],[-123.0048053,49.2090832],[-123.0121918,49.2091186],[-123.0122344,49.2147497]]]]},"properties":{"a": "1.2765", "t": "CT", "dw": "1051", "hh": "1025", "id": "9330221.03", "key": "CT01", "pop": "3003", "pop2": "3099", "rgid": "59", "rpid": "59933", "ruid": "5915025", "rguid": "5915"}},{"type":"Feature","geometry":{"type":"MultiPolygon","coordinates":[[[[-123.0087343,49.2219552],[-123.0022934,49.2219825],[-122.9958228,49.2221176],[-122.9926804,49.2211097],[-122.9887438,49.2203573],[-122.9886306,49.2149566],[-123.0000732,49.2150293],[-123.0026089,49.2148222],[-123.0122344,49.2147497],[-123.0123323,49.2219459],[-123.0087343,49.2219552]]]]},"properties":{"a": "1.3061", "t": "CT", "dw": "1544", "hh": "1485", "id": "9330221.04", "key": "CT01", "pop": "4992", "pop2": "4482", "rgid": "59", "rpid": "59933", "ruid": "5915025", "rguid": "5915"}},{"type":"Feature","geometry":{"type":"MultiPolygon","coordinates":[[[[-122.9609803,49.2142251],[-122.9607919,49.2140155],[-122.9601124,49.2132592],[-122.9564236,49.2078697],[-122.9583616,49.2053877],[-122.9587605,49.2044074],[-122.9586137,49.2025363],[-122.9601936,49.2016253],[-122.960781,49.2012597],[-122.9619089,49.2024244],[-122.9662159,49.2039559],[-122.9715548,49.2050319],[-122.9769936,49.2054941],[-122.9821096,49.20651],[-122.985399,49.2066845],[-122.9884265,49.2070497],[-122.9886306,49.2149566],[-122.9887438,49.2203573],[-122.9794842,49.2185085],[-122.9763676,49.2172306],[-122.9735534,49.2158537],[-122.9697365,49.2149892],[-122.9636261,49.2152483],[-122.9621294,49.2151669],[-122.9609803,49.2142251]]]]},"properties":{"a": "2.9134", "t": "CT", "dw": "3398", "hh": "3290", "id": "9330222.00", "key": "CT01", "pop": "8689", "pop2": "7389", "rgid": "59", "rpid": "59933", "ruid": "5915025", "rguid": "5915"}},{"type":"Feature","geometry":{"type":"MultiPolygon","coordinates":[[[[-122.9511549,49.218563],[-122.9471731,49.2180575],[-122.9447845,49.2173637],[-122.9419022,49.2161929],[-122.9379781,49.2136722],[-122.9521007,49.2060509],[-122.9586137,49.2025363],[-122.9587605,49.2044074],[-122.9583616,49.2053877],[-122.9564236,49.2078697],[-122.9601124,49.2132592],[-122.9607919,49.2140155],[-122.9590681,49.2143203],[-122.9511549,49.218563]]]]},"properties":{"a": "1.4345", "t": "CT", "dw": "1745", "hh": "1685", "id": "9330223.01", "key": "CT01", "pop": "5201", "pop2": "4551", "rgid": "59", "rpid": "59933", "ruid": "5915025", "rguid": "5915"}},{"type":"Feature","geometry":{"type":"MultiPolygon","coordinates":[[[[-122.9518414,49.2185813],[-122.9410823,49.2243602],[-122.9315611,49.2171228],[-122.9379781,49.2136722],[-122.9419022,49.2161929],[-122.9447845,49.2173637],[-122.9471731,49.2180575],[-122.9511549,49.218563],[-122.9518414,49.2185813]]]]},"properties":{"a": "0.7615", "t": "CT", "dw": "1586", "hh": "1525", "id": "9330223.02", "key": "CT01", "pop": "4580", "pop2": "3936", "rgid": "59", "rpid": "59933", "ruid": "5915025", "rguid": "5915"}},{"type":"Feature","geometry":{"type":"MultiPolygon","coordinates":[[[[-122.9570684,49.2242953],[-122.9530147,49.2208825],[-122.9528164,49.2185906],[-122.9518414,49.2185813],[-122.9511549,49.218563],[-122.9590681,49.2143203],[-122.9607919,49.2140155],[-122.9609803,49.2142251],[-122.9609841,49.2222907],[-122.9570684,49.2242953]]]]},"properties":{"a": "0.4809", "t": "CT", "dw": "2147", "hh": "2040", "id": "9330224.01", "key": "CT01", "pop": "3907", "pop2": "3796", "rgid": "59", "rpid": "59933", "ruid": "5915025", "rguid": "5915"}},{"type":"Feature","geometry":{"type":"MultiPolygon","coordinates":[[[[-122.9410823,49.2243602],[-122.9518414,49.2185813],[-122.9528164,49.2185906],[-122.9530147,49.2208825],[-122.9570684,49.2242953],[-122.9472982,49.2294995],[-122.9410823,49.2243602]]]]},"properties":{"a": "0.694", "t": "CT", "dw": "1618", "hh": "1565", "id": "9330224.02", "key": "CT01", "pop": "4058", "pop2": "3724", "rgid": "59", "rpid": "59933", "ruid": "5915025", "rguid": "5915"}},{"type":"Feature","geometry":{"type":"MultiPolygon","coordinates":[[[[-122.9891491,49.2301492],[-122.9875009,49.2297627],[-122.9808176,49.2296905],[-122.9720805,49.2297133],[-122.9676125,49.229561],[-122.9676278,49.231546],[-122.9664298,49.2316655],[-122.9610762,49.2274271],[-122.9609841,49.2222907],[-122.9609803,49.2142251],[-122.9621294,49.2151669],[-122.9636261,49.2152483],[-122.9697365,49.2149892],[-122.9735534,49.2158537],[-122.9763676,49.2172306],[-122.9794842,49.2185085],[-122.9887438,49.2203573],[-122.9890284,49.2226926],[-122.9891491,49.2300777],[-122.9891491,49.2301492]]]]},"properties":{"a": "2.8866", "t": "CT", "dw": "3546", "hh": "3390", "id": "9330225.00", "key": "CT01", "pop": "9163", "pop2": "7088", "rgid": "59", "rpid": "59933", "ruid": "5915025", "rguid": "5915"}},{"type":"Feature","geometry":{"type":"MultiPolygon","coordinates":[[[[-123.0033927,49.2315534],[-122.9981793,49.2302224],[-122.9942724,49.2300961],[-122.9891491,49.2300777],[-122.9890284,49.2226926],[-122.9887438,49.2203573],[-122.9926804,49.2211097],[-122.9958228,49.2221176],[-123,49.2241234],[-123.0056904,49.2266662],[-123.0076334,49.2275343],[-123.0046838,49.2301861],[-123.0033927,49.2315534]]]]},"properties":{"a": "1.0036", "t": "CT", "dw": "4205", "hh": "3985", "id": "9330226.01", "key": "CT01", "pop": "8162", "pop2": "6639", "rgid": "59", "rpid": "59933", "ruid": "5915025", "rguid": "5915"}},{"type":"Feature","geometry":{"type":"MultiPolygon","coordinates":[[[[-123.0032508,49.2418899],[-122.9985375,49.2417349],[-122.9892564,49.2419065],[-122.9891491,49.2301492],[-122.9891491,49.2300777],[-122.9942724,49.2300961],[-122.9981793,49.2302224],[-123.0033927,49.2315534],[-123.0032829,49.2321291],[-123.0033519,49.2369146],[-123.0032508,49.2418899]]]]},"properties":{"a": "1.3082", "t": "CT", "dw": "1337", "hh": "1295", "id": "9330226.02", "key": "CT01", "pop": "3732", "pop2": "3463", "rgid": "59", "rpid": "59933", "ruid": "5915025", "rguid": "5915"}},{"type":"Feature","geometry":{"type":"MultiPolygon","coordinates":[[[[-122.9958228,49.2221176],[-123.0022934,49.2219825],[-123.0087343,49.2219552],[-123.0088032,49.2236913],[-123.0056904,49.2266662],[-123,49.2241234],[-122.9958228,49.2221176]]]]},"properties":{"a": "0.2714", "t": "CT", "dw": "1902", "hh": "1880", "id": "9330227.01", "key": "CT01", "pop": "4074", "pop2": "3476", "rgid": "59", "rpid": "59933", "ruid": "5915025", "rguid": "5915"}},{"type":"Feature","geometry":{"type":"MultiPolygon","coordinates":[[[[-123.023461,49.2323427],[-123.0187425,49.2326508],[-123.0076334,49.2275343],[-123.0056904,49.2266662],[-123.0088032,49.2236913],[-123.0087343,49.2219552],[-123.0123323,49.2219459],[-123.0233049,49.2218542],[-123.0233202,49.2251555],[-123.0233634,49.2292303],[-123.023461,49.2323427]]]]},"properties":{"a": "1.1301", "t": "CT", "dw": "2827", "hh": "2765", "id": "9330227.02", "key": "CT01", "pop": "4923", "pop2": "4599", "rgid": "59", "rpid": "59933", "ruid": "5915025", "rguid": "5915"}},{"type":"Feature","geometry":{"type":"MultiPolygon","coordinates":[[[[-123.0235073,49.243011],[-123.0156898,49.2429404],[-123.0032149,49.2430044],[-123.0032508,49.2418899],[-123.0033519,49.2369146],[-123.0061139,49.2368909],[-123.0235044,49.2369662],[-123.0235073,49.243011]]]]},"properties":{"a": "0.9911", "t": "CT", "dw": "1211", "hh": "1185", "id": "9330228.02", "key": "CT01", "pop": "3461", "pop2": "3283", "rgid": "59", "rpid": "59933", "ruid": "5915025", "rguid": "5915"}},{"type":"Feature","geometry":{"type":"MultiPolygon","coordinates":[[[[-123.0187425,49.2326508],[-123.0146962,49.2328492],[-123.0130355,49.2326842],[-123.011085,49.2329742],[-123.0087087,49.2330104],[-123.0033927,49.2315534],[-123.0046838,49.2301861],[-123.0076334,49.2275343],[-123.0187425,49.2326508]]]]},"properties":{"a": "0.3384", "t": "CT", "dw": "2131", "hh": "2075", "id": "9330228.03", "key": "CT01", "pop": "4190", "pop2": "3522", "rgid": "59", "rpid": "59933", "ruid": "5915025", "rguid": "5915"}},{"type":"Feature","geometry":{"type":"MultiPolygon","coordinates":[[[[-123.0235169,49.2344925],[-123.0235044,49.2369662],[-123.0061139,49.2368909],[-123.0033519,49.2369146],[-123.0032829,49.2321291],[-123.0033927,49.2315534],[-123.0087087,49.2330104],[-123.011085,49.2329742],[-123.0130355,49.2326842],[-123.0146962,49.2328492],[-123.0187425,49.2326508],[-123.023461,49.2323427],[-123.0235169,49.2344925]]]]},"properties":{"a": "0.7076", "t": "CT", "dw": "2266", "hh": "2215", "id": "9330228.04", "key": "CT01", "pop": "4803", "pop2": "4285", "rgid": "59", "rpid": "59933", "ruid": "5915025", "rguid": "5915"}},{"type":"Feature","geometry":{"type":"MultiPolygon","coordinates":[[[[-123.0236702,49.2624727],[-123.003381,49.2622541],[-123.0042056,49.2601133],[-123.0043288,49.254869],[-123.0044636,49.249969],[-123.0041633,49.2478798],[-123.0033647,49.24687],[-123.0032149,49.2430044],[-123.0156898,49.2429404],[-123.0235073,49.243011],[-123.0240576,49.244639],[-123.0236774,49.2448916],[-123.023746,49.250698],[-123.0236702,49.2624727]]]]},"properties":{"a": "3.0911", "t": "CT", "dw": "2572", "hh": "2495", "id": "9330229.00", "key": "CT01", "pop": "6678", "pop2": "6442", "rgid": "59", "rpid": "59933", "ruid": "5915025", "rguid": "5915"}},{"type":"Feature","geometry":{"type":"MultiPolygon","coordinates":[[[[-123.0032149,49.2430044],[-123.0033647,49.24687],[-123.0041633,49.2478798],[-123.0044636,49.249969],[-123.0043288,49.254869],[-122.9947263,49.2548919],[-122.99361,49.2544552],[-122.9901195,49.254347],[-122.9892127,49.2535193],[-122.9892682,49.2510546],[-122.987667,49.2501377],[-122.9824259,49.2500194],[-122.9765068,49.2464094],[-122.9745955,49.2455742],[-122.9682356,49.2419789],[-122.9662024,49.240508],[-122.968747,49.2385301],[-122.9735535,49.2384049],[-122.9747374,49.2385493],[-122.9766038,49.2382978],[-122.9778968,49.2367231],[-122.9776627,49.235645],[-122.975879,49.2351936],[-122.9734051,49.2350949],[-122.971826,49.2346269],[-122.9704908,49.234611],[-122.9710879,49.2342352],[-122.9709864,49.2315628],[-122.9676278,49.231546],[-122.9676125,49.229561],[-122.9720805,49.2297133],[-122.9808176,49.2296905],[-122.9875009,49.2297627],[-122.9891491,49.2301492],[-122.9892564,49.2419065],[-122.9985375,49.2417349],[-123.0032508,49.2418899],[-123.0032149,49.2430044]]]]},"properties":{"a": "4.2175", "t": "CT", "dw": "1902", "hh": "1845", "id": "9330230.01", "key": "CT01", "pop": "5358", "pop2": "5054", "rgid": "59", "rpid": "59933", "ruid": "5915025", "rguid": "5915"}},{"type":"Feature","geometry":{"type":"MultiPolygon","coordinates":[[[[-123.0033811,49.2623891],[-123,49.2621103],[-122.9856144,49.2617658],[-122.9738176,49.2615946],[-122.9710552,49.261324],[-122.9681008,49.2603428],[-122.9667681,49.2596858],[-122.9646205,49.2581835],[-122.9646718,49.2566886],[-122.9634177,49.2556369],[-122.9634881,49.2533522],[-122.9616344,49.2515705],[-122.9595738,49.2507512],[-122.9586938,49.2500712],[-122.9646997,49.2500873],[-122.9647627,49.2433955],[-122.9646573,49.2424409],[-122.9647756,49.2400306],[-122.9662024,49.240508],[-122.9682356,49.2419789],[-122.9745955,49.2455742],[-122.9765068,49.2464094],[-122.9824259,49.2500194],[-122.987667,49.2501377],[-122.9892682,49.2510546],[-122.9892127,49.2535193],[-122.9901195,49.254347],[-122.99361,49.2544552],[-122.9947263,49.2548919],[-123.0043288,49.254869],[-123.0042056,49.2601133],[-123.003381,49.2622541],[-123.0033811,49.2623891]]]]},"properties":{"a": "3.9548", "t": "CT", "dw": "1599", "hh": "1535", "id": "9330230.02", "key": "CT01", "pop": "3874", "pop2": "3882", "rgid": "59", "rpid": "59933", "ruid": "5915025", "rguid": "5915"}},{"type":"Feature","geometry":{"type":"MultiPolygon","coordinates":[[[[-122.9662024,49.240508],[-122.9647756,49.2400306],[-122.9646573,49.2424409],[-122.9633968,49.24207],[-122.9557889,49.2404156],[-122.9482315,49.2381417],[-122.9487134,49.2376552],[-122.9537624,49.2349264],[-122.9472982,49.2294995],[-122.9570684,49.2242953],[-122.9609841,49.2222907],[-122.9610762,49.2274271],[-122.9664298,49.2316655],[-122.9676278,49.231546],[-122.9709864,49.2315628],[-122.9710879,49.2342352],[-122.9704908,49.234611],[-122.9687236,49.2343916],[-122.9662221,49.2350299],[-122.9658087,49.236145],[-122.968747,49.2385301],[-122.9662024,49.240508]]]]},"properties":{"a": "1.9845", "t": "CT", "dw": "1306", "hh": "1260", "id": "9330231.00", "key": "CT01", "pop": "4008", "pop2": "3732", "rgid": "59", "rpid": "59933", "ruid": "5915025", "rguid": "5915"}},{"type":"Feature","geometry":{"type":"MultiPolygon","coordinates":[[[[-122.9646573,49.2424409],[-122.9647627,49.2433955],[-122.9646997,49.2500873],[-122.9586938,49.2500712],[-122.9584832,49.2493636],[-122.9561868,49.246628],[-122.9576793,49.2473151],[-122.9599876,49.2478276],[-122.959673,49.246784],[-122.9601677,49.2460561],[-122.9566253,49.245433],[-122.9513489,49.2439928],[-122.9438212,49.242262],[-122.9398658,49.2412535],[-122.9364878,49.2406301],[-122.9359529,49.2400813],[-122.9326473,49.2362563],[-122.9276805,49.2321515],[-122.9320747,49.2299201],[-122.9341128,49.2291238],[-122.9344173,49.2279753],[-122.9410823,49.2243602],[-122.9472982,49.2294995],[-122.9537624,49.2349264],[-122.9487134,49.2376552],[-122.9482315,49.2381417],[-122.9557889,49.2404156],[-122.9633968,49.24207],[-122.9646573,49.2424409]]]]},"properties":{"a": "2.8977", "t": "CT", "dw": "1039", "hh": "1030", "id": "9330232.00", "key": "CT01", "pop": "3280", "pop2": "2987", "rgid": "59", "rpid": "59933", "ruid": "5915025", "rguid": "5915"}},{"type":"Feature","geometry":{"type":"MultiPolygon","coordinates":[[[[-122.9410823,49.2243602],[-122.9344173,49.2279753],[-122.9341128,49.2291238],[-122.9320747,49.2299201],[-122.9276805,49.2321515],[-122.9259676,49.2321247],[-122.916953,49.2249352],[-122.917556,49.2246157],[-122.9252532,49.2204831],[-122.9315611,49.2171228],[-122.9410823,49.2243602]]]]},"properties":{"a": "1.5209", "t": "CT", "dw": "2159", "hh": "2075", "id": "9330233.00", "key": "CT01", "pop": "6755", "pop2": "6094", "rgid": "59", "rpid": "59933", "ruid": "5915025", "rguid": "5915"}},{"type":"Feature","geometry":{"type":"MultiPolygon","coordinates":[[[[-122.9358653,49.2418289],[-122.9314926,49.2426817],[-122.9298642,49.2432253],[-122.9258439,49.2449766],[-122.9242254,49.2458295],[-122.9227263,49.2459489],[-122.9207804,49.2469011],[-122.9176704,49.2476719],[-122.9153827,49.2494034],[-122.9147219,49.2495528],[-122.9133807,49.2483151],[-122.9122547,49.2479455],[-122.9096445,49.2476646],[-122.9085881,49.2468002],[-122.9085348,49.2459096],[-122.906586,49.2447207],[-122.9037564,49.2443316],[-122.9026169,49.2438719],[-122.8999794,49.2437077],[-122.8988261,49.2433469],[-122.8961231,49.2416174],[-122.8946677,49.2411843],[-122.8939008,49.2400772],[-122.8939036,49.2387549],[-122.8926881,49.2383301],[-122.8945917,49.2381709],[-122.8948567,49.2363524],[-122.8955719,49.235869],[-122.8984175,49.234864],[-122.916953,49.2249352],[-122.9259676,49.2321247],[-122.9276805,49.2321515],[-122.9326473,49.2362563],[-122.9359529,49.2400813],[-122.9355414,49.2402791],[-122.932285,49.2395942],[-122.931543,49.2405644],[-122.9358653,49.2418289]]]]},"properties":{"a": "4.553", "t": "CT", "dw": "2096", "hh": "2020", "id": "9330234.00", "key": "CT01", "pop": "6582", "pop2": "5474", "rgid": "59", "rpid": "59933", "ruid": "5915025", "rguid": "5915"}},{"type":"Feature","geometry":{"type":"MultiPolygon","coordinates":[[[[-122.912659,49.2523624],[-122.9124159,49.2569786],[-122.9114681,49.2586138],[-122.9102827,49.2594098],[-122.9002539,49.264262],[-122.8986152,49.2633834],[-122.89716,49.2631111],[-122.8933154,49.2630775],[-122.8932114,49.2603069],[-122.8932204,49.256169],[-122.893034,49.2533804],[-122.9047767,49.2534374],[-122.9043039,49.2525267],[-122.9044439,49.2511955],[-122.912659,49.2523624]]]]},"properties":{"a": "1.4445", "t": "CT", "dw": "1572", "hh": "1545", "id": "9330235.02", "key": "CT01", "pop": "4235", "pop2": "4206", "rgid": "59", "rpid": "59933", "ruid": "5915025", "rguid": "5915"}},{"type":"Feature","geometry":{"type":"MultiPolygon","coordinates":[[[[-122.9044439,49.2511955],[-122.9043039,49.2525267],[-122.9047767,49.2534374],[-122.893034,49.2533804],[-122.8927408,49.2491973],[-122.8926925,49.2460759],[-122.9001206,49.2500327],[-122.9026135,49.2508364],[-122.9044439,49.2511955]]]]},"properties":{"a": "0.4105", "t": "CT", "dw": "1792", "hh": "1765", "id": "9330235.03", "key": "CT01", "pop": "2807", "pop2": "2741", "rgid": "59", "rpid": "59933", "ruid": "5915025", "rguid": "5915"}},{"type":"Feature","geometry":{"type":"MultiPolygon","coordinates":[[[[-122.9138122,49.252517],[-122.912659,49.2523624],[-122.9044439,49.2511955],[-122.9026135,49.2508364],[-122.9001206,49.2500327],[-122.8926925,49.2460759],[-122.8926881,49.2383301],[-122.8939036,49.2387549],[-122.8939008,49.2400772],[-122.8946677,49.2411843],[-122.8961231,49.2416174],[-122.8988261,49.2433469],[-122.8999794,49.2437077],[-122.9026169,49.2438719],[-122.9037564,49.2443316],[-122.906586,49.2447207],[-122.9085348,49.2459096],[-122.9085881,49.2468002],[-122.9096445,49.2476646],[-122.9122547,49.2479455],[-122.9133807,49.2483151],[-122.9147219,49.2495528],[-122.9140085,49.250904],[-122.9138122,49.252517]]]]},"properties":{"a": "1.0378", "t": "CT", "dw": "2861", "hh": "2785", "id": "9330235.04", "key": "CT01", "pop": "5965", "pop2": "5619", "rgid": "59", "rpid": "59933", "ruid": "5915025", "rguid": "5915"}},{"type":"Feature","geometry":{"type":"MultiPolygon","coordinates":[[[[-122.9430159,49.2552016],[-122.9394556,49.2544132],[-122.9375834,49.2543203],[-122.926061,49.2541941],[-122.9227458,49.2538354],[-122.9138122,49.252517],[-122.9140085,49.250904],[-122.9147219,49.2495528],[-122.9153827,49.2494034],[-122.9176704,49.2476719],[-122.9207804,49.2469011],[-122.9227263,49.2459489],[-122.9242254,49.2458295],[-122.9258439,49.2449766],[-122.9298642,49.2432253],[-122.9314926,49.2426817],[-122.9358653,49.2418289],[-122.9410588,49.2428909],[-122.9432699,49.2435483],[-122.950262,49.2450987],[-122.9540001,49.2461164],[-122.9546307,49.246864],[-122.9561843,49.2466274],[-122.9561868,49.246628],[-122.9584832,49.2493636],[-122.9586938,49.2500712],[-122.9595738,49.2507512],[-122.9616344,49.2515705],[-122.9634881,49.2533522],[-122.9634177,49.2556369],[-122.9646718,49.2566886],[-122.9646205,49.2581835],[-122.9645691,49.2597751],[-122.9626936,49.2593957],[-122.9587218,49.2589027],[-122.9554441,49.258807],[-122.9522533,49.258185],[-122.9430159,49.2552016]]]]},"properties":{"a": "4.0264", "t": "CT", "dw": "1119", "hh": "1100", "id": "9330236.00", "key": "CT01", "pop": "3703", "pop2": "3803", "rgid": "59", "rpid": "59933", "ruid": "5915025", "rguid": "5915"}},{"type":"Feature","geometry":{"type":"MultiPolygon","coordinates":[[[[-122.9455224,49.2706159],[-122.9419473,49.270387],[-122.9407415,49.2700443],[-122.9384769,49.2688429],[-122.9370861,49.2675391],[-122.9367299,49.2664647],[-122.9368555,49.2635719],[-122.9363808,49.2616394],[-122.9371081,49.2608878],[-122.9395319,49.2608837],[-122.939886,49.259468],[-122.9409744,49.2572917],[-122.9423361,49.256303],[-122.9430159,49.2552016],[-122.9522533,49.258185],[-122.9554441,49.258807],[-122.9587218,49.2589027],[-122.9626936,49.2593957],[-122.9645691,49.2597751],[-122.9647877,49.2607138],[-122.9647969,49.2680327],[-122.9534979,49.2679748],[-122.9534384,49.2727332],[-122.9519126,49.2726364],[-122.9455224,49.2706159]]]]},"properties":{"a": "2.5856", "t": "CT", "dw": "2914", "hh": "2865", "id": "9330237.00", "key": "CT01", "pop": "7600", "pop2": "7418", "rgid": "59", "rpid": "59933", "ruid": "5915025", "rguid": "5915"}},{"type":"Feature","geometry":{"type":"MultiPolygon","coordinates":[[[[-122.9856144,49.2617658],[-122.9868191,49.2627662],[-122.9883584,49.26336],[-122.986722,49.2660314],[-122.9881511,49.2680465],[-122.9839036,49.2681179],[-122.9664327,49.2680062],[-122.9647969,49.2680327],[-122.9647877,49.2607138],[-122.9645691,49.2597751],[-122.9646205,49.2581835],[-122.9667681,49.2596858],[-122.9681008,49.2603428],[-122.9710552,49.261324],[-122.9738176,49.2615946],[-122.9856144,49.2617658]]]]},"properties":{"a": "1.2466", "t": "CT", "dw": "956", "hh": "945", "id": "9330238.01", "key": "CT01", "pop": "2896", "pop2": "2736", "rgid": "59", "rpid": "59933", "ruid": "5915025", "rguid": "5915"}},{"type":"Feature","geometry":{"type":"MultiPolygon","coordinates":[[[[-122.9880381,49.2805768],[-122.9648155,49.2804011],[-122.9647969,49.2680327],[-122.9664327,49.2680062],[-122.9839036,49.2681179],[-122.9881511,49.2680465],[-122.988054,49.2715186],[-122.9880381,49.2805768]]]]},"properties":{"a": "2.3442", "t": "CT", "dw": "2292", "hh": "2245", "id": "9330238.02", "key": "CT01", "pop": "6986", "pop2": "6943", "rgid": "59", "rpid": "59933", "ruid": "5915025", "rguid": "5915"}},{"type":"Feature","geometry":{"type":"MultiPolygon","coordinates":[[[[-123.0031212,49.281171],[-122.9949127,49.28118],[-122.9919476,49.2802468],[-122.9880381,49.2805768],[-122.988054,49.2715186],[-122.9881511,49.2680465],[-122.986722,49.2660314],[-122.9883584,49.26336],[-122.9868191,49.2627662],[-122.9856144,49.2617658],[-123,49.2621103],[-123.0033811,49.2623891],[-123.0032445,49.275648],[-123.0031212,49.281171]]]]},"properties":{"a": "2.365", "t": "CT", "dw": "3083", "hh": "3025", "id": "9330239.00", "key": "CT01", "pop": "7810", "pop2": "7454", "rgid": "59", "rpid": "59933", "ruid": "5915025", "rguid": "5915"}},{"type":"Feature","geometry":{"type":"MultiPolygon","coordinates":[[[[-123.0235592,49.2758152],[-123.0032445,49.275648],[-123.0033811,49.2623891],[-123.003381,49.2622541],[-123.0236702,49.2624727],[-123.0235844,49.2696314],[-123.0235592,49.2758152]]]]},"properties":{"a": "2.1957", "t": "CT", "dw": "1689", "hh": "1625", "id": "9330240.01", "key": "CT01", "pop": "3793", "pop2": "3123", "rgid": "59", "rpid": "59933", "ruid": "5915025", "rguid": "5915"}},{"type":"Feature","geometry":{"type":"MultiPolygon","coordinates":[[[[-123.0235418,49.2774731],[-123.0234978,49.2812289],[-123.0208993,49.2811872],[-123.0031212,49.281171],[-123.0032445,49.275648],[-123.0235592,49.2758152],[-123.0235418,49.2774731]]]]},"properties":{"a": "0.8965", "t": "CT", "dw": "1888", "hh": "1855", "id": "9330240.02", "key": "CT01", "pop": "5082", "pop2": "5198", "rgid": "59", "rpid": "59933", "ruid": "5915025", "rguid": "5915"}},{"type":"Feature","geometry":{"type":"MultiPolygon","coordinates":[[[[-123.002653,49.2907958],[-123.0030803,49.2883402],[-123.0031212,49.281171],[-123.0208993,49.2811872],[-123.0234978,49.2812289],[-123.0234205,49.2902509],[-123.0231289,49.2934522],[-123.020997,49.2936357],[-123.016393,49.2934214],[-123.0130344,49.293075],[-123.0087412,49.292256],[-123.0055938,49.2909815],[-123.002653,49.2907958]]]]},"properties":{"a": "1.8955", "t": "CT", "dw": "2889", "hh": "2825", "id": "9330241.00", "key": "CT01", "pop": "7483", "pop2": "6997", "rgid": "59", "rpid": "59933", "ruid": "5915025", "rguid": "5915"}},{"type":"Feature","geometry":{"type":"MultiPolygon","coordinates":[[[[-122.9477331,49.2903534],[-122.9478642,49.2843786],[-122.947558,49.2825534],[-122.9534154,49.28252],[-122.9569354,49.2825123],[-122.9581368,49.2811946],[-122.95969,49.2804091],[-122.9648155,49.2804011],[-122.9880381,49.2805768],[-122.9919476,49.2802468],[-122.9949127,49.28118],[-123.0031212,49.281171],[-123.0030803,49.2883402],[-123.002653,49.2907958],[-123.0003241,49.2907767],[-122.99331,49.2935518],[-122.9886915,49.2950227],[-122.9862895,49.2952805],[-122.9838546,49.2943628],[-122.98047,49.2925367],[-122.978133,49.2914753],[-122.9749597,49.2903201],[-122.9733127,49.2899005],[-122.9723399,49.2901563],[-122.9706105,49.2897934],[-122.9704776,49.2884898],[-122.9669183,49.2876881],[-122.9628923,49.2873519],[-122.9612582,49.2876185],[-122.9574514,49.2886396],[-122.9544695,49.2898414],[-122.9525579,49.2903419],[-122.9477331,49.2903534]]]]},"properties":{"a": "4.4642", "t": "CT", "dw": "2798", "hh": "2735", "id": "9330242.00", "key": "CT01", "pop": "6870", "pop2": "7009", "rgid": "59", "rpid": "59933", "ruid": "5915025", "rguid": "5915"}},{"type":"Feature","geometry":{"type":"MultiPolygon","coordinates":[[[[-122.9648155,49.2804011],[-122.95969,49.2804091],[-122.9581368,49.2811946],[-122.9569354,49.2825123],[-122.9534154,49.28252],[-122.9534449,49.2803971],[-122.9465016,49.2803762],[-122.9466135,49.2753306],[-122.9463578,49.2734497],[-122.9452734,49.2719202],[-122.9455224,49.2706159],[-122.9519126,49.2726364],[-122.9534384,49.2727332],[-122.9534979,49.2679748],[-122.9647969,49.2680327],[-122.9648155,49.2804011]]]]},"properties":{"a": "1.7089", "t": "CT", "dw": "2133", "hh": "2080", "id": "9330243.01", "key": "CT01", "pop": "6129", "pop2": "5883", "rgid": "59", "rpid": "59933", "ruid": "5915025", "rguid": "5915"}},{"type":"Feature","geometry":{"type":"MultiPolygon","coordinates":[[[[-122.8916695,49.2917969],[-122.8918125,49.2910993],[-122.8932844,49.2901709],[-122.8941883,49.2874606],[-122.8939271,49.2823034],[-122.8935376,49.2703319],[-122.8933154,49.2630775],[-122.89716,49.2631111],[-122.8986152,49.2633834],[-122.9002539,49.264262],[-122.9102827,49.2594098],[-122.9114681,49.2586138],[-122.9124159,49.2569786],[-122.912659,49.2523624],[-122.9138122,49.252517],[-122.9227458,49.2538354],[-122.926061,49.2541941],[-122.9375834,49.2543203],[-122.9394556,49.2544132],[-122.9430159,49.2552016],[-122.9423361,49.256303],[-122.9409744,49.2572917],[-122.939886,49.259468],[-122.9395319,49.2608837],[-122.9371081,49.2608878],[-122.9363808,49.2616394],[-122.9368555,49.2635719],[-122.9367299,49.2664647],[-122.9370861,49.2675391],[-122.9384769,49.2688429],[-122.9407415,49.2700443],[-122.9419473,49.270387],[-122.9455224,49.2706159],[-122.9452734,49.2719202],[-122.9463578,49.2734497],[-122.9466135,49.2753306],[-122.9465016,49.2803762],[-122.9534449,49.2803971],[-122.9534154,49.28252],[-122.947558,49.2825534],[-122.9478642,49.2843786],[-122.9477331,49.2903534],[-122.9444304,49.2906591],[-122.9394606,49.2912847],[-122.937281,49.2917672],[-122.9291658,49.2918876],[-122.9261096,49.2920678],[-122.9223533,49.2909203],[-122.9197529,49.2890131],[-122.91838,49.2888288],[-122.91586,49.2895105],[-122.9152049,49.2893801],[-122.9135218,49.290157],[-122.9118922,49.2902274],[-122.9098538,49.2891173],[-122.9086752,49.2887546],[-122.9057289,49.2883445],[-122.9025978,49.2882202],[-122.8998768,49.2884476],[-122.8975619,49.289334],[-122.8945834,49.2916351],[-122.8916695,49.2917969]]]]},"properties":{"a": "13.5381", "t": "CT", "dw": "2102", "hh": "2070", "id": "9330243.02", "key": "CT01", "pop": "6450", "pop2": "6411", "rgid": "59", "rpid": "59933", "ruid": "5915025", "rguid": "5915"}},{"type":"Feature","geometry":{"type":"MultiPolygon","coordinates":[[[[-123.4004508,49.3883126],[-123.398623,49.3895043],[-123.3955453,49.3925997],[-123.3936824,49.3941358],[-123.3920845,49.3958863],[-123.3902776,49.3975025],[-123.3886855,49.3983444],[-123.387816,49.3999394],[-123.3869479,49.3999693],[-123.3856886,49.4010709],[-123.3819748,49.4019736],[-123.3801639,49.401368],[-123.3785015,49.4020751],[-123.3769717,49.4020801],[-123.3755851,49.4028042],[-123.3769423,49.4036908],[-123.3760942,49.4045656],[-123.3746249,49.405236],[-123.3737541,49.4050593],[-123.3727679,49.4057367],[-123.3698491,49.4062048],[-123.3684617,49.4068751],[-123.3659526,49.4068019],[-123.3642672,49.4063129],[-123.3635751,49.4078976],[-123.3631201,49.4098874],[-123.3620398,49.410826],[-123.3624744,49.4118141],[-123.3604729,49.4133585],[-123.3565919,49.414288],[-123.3515366,49.4147166],[-123.3476939,49.4152857],[-123.3460019,49.4153877],[-123.3419692,49.4150871],[-123.3397716,49.4154643],[-123.3367582,49.4151347],[-123.3353344,49.4154376],[-123.3338296,49.4152727],[-123.3317608,49.4146105],[-123.3279563,49.4146089],[-123.3250069,49.4143562],[-123.3227064,49.4143714],[-123.3208187,49.4150854],[-123.3215031,49.4162834],[-123.3216105,49.4178839],[-123.3195072,49.4190203],[-123.3178315,49.417823],[-123.3163995,49.4185761],[-123.316399,49.4192208],[-123.3147752,49.419742],[-123.3134002,49.4178929],[-123.3108554,49.4172992],[-123.3113148,49.4168397],[-123.3132331,49.416215],[-123.3150757,49.414673],[-123.3140997,49.4130315],[-123.3121041,49.4119968],[-123.3093605,49.4109769],[-123.3093115,49.4099021],[-123.3104642,49.4077103],[-123.3102276,49.4065032],[-123.3107074,49.4045978],[-123.3114086,49.4036057],[-123.313543,49.4018626],[-123.3166534,49.4011161],[-123.3181806,49.400479],[-123.3203612,49.3990672],[-123.3209351,49.3979214],[-123.3222514,49.396664],[-123.3231728,49.395199],[-123.3224507,49.3938648],[-123.3213508,49.3928132],[-123.3201236,49.392153],[-123.3190752,49.3908838],[-123.3186167,49.3894084],[-123.3193382,49.387616],[-123.3204033,49.3866951],[-123.3217305,49.3862766],[-123.3255385,49.386376],[-123.3280847,49.3870678],[-123.3292536,49.3871026],[-123.3323711,49.3865509],[-123.3332943,49.3851835],[-123.3326647,49.3838667],[-123.3341469,49.3819149],[-123.333838,49.3815172],[-123.3312926,49.3814711],[-123.3280712,49.3817116],[-123.3270327,49.3812844],[-123.3316435,49.3794113],[-123.3334375,49.3794726],[-123.3345099,49.3786511],[-123.3336894,49.3777482],[-123.3312711,49.3778556],[-123.3266279,49.3790445],[-123.3232162,49.3803442],[-123.3222212,49.3801498],[-123.3220243,49.3785311],[-123.3212448,49.3760268],[-123.3218881,49.3758003],[-123.323816,49.3765601],[-123.3255826,49.3765838],[-123.3265263,49.3762515],[-123.3278734,49.3737425],[-123.329794,49.371378],[-123.3324833,49.3700343],[-123.3331087,49.368672],[-123.3334603,49.3666133],[-123.3320674,49.3625373],[-123.3327768,49.3610968],[-123.3342706,49.3597763],[-123.3355506,49.3570924],[-123.3382576,49.354302],[-123.3400935,49.3513722],[-123.3410872,49.3502763],[-123.3446561,49.3473312],[-123.3458987,49.3470914],[-123.3474454,49.3474898],[-123.3485983,49.346587],[-123.3503799,49.3463552],[-123.3552721,49.3441832],[-123.3569893,49.3425849],[-123.3569307,49.3419597],[-123.3555809,49.3412452],[-123.356968,49.3390676],[-123.3590555,49.3382825],[-123.3607088,49.3372514],[-123.3602782,49.336361],[-123.3608256,49.3359197],[-123.363074,49.3354242],[-123.3646367,49.3355672],[-123.3633694,49.3366105],[-123.3644336,49.3369793],[-123.3673795,49.3360393],[-123.3717381,49.3358898],[-123.373246,49.3355071],[-123.3742649,49.334353],[-123.3762433,49.3350935],[-123.377773,49.3339086],[-123.3790843,49.3338421],[-123.3793083,49.3347569],[-123.3819339,49.3346227],[-123.3822617,49.3358476],[-123.3867466,49.3352063],[-123.388679,49.3356162],[-123.3926072,49.3345763],[-123.3954366,49.3349673],[-123.3967996,49.3346839],[-123.3996545,49.3350158],[-123.4033845,49.3348387],[-123.4084352,49.3347908],[-123.4098487,49.3349373],[-123.4135352,49.3357195],[-123.4157885,49.3353194],[-123.4195481,49.3351824],[-123.4211608,49.3357534],[-123.4243921,49.3363496],[-123.4282845,49.3376536],[-123.4301899,49.3386675],[-123.4309478,49.3394923],[-123.4317517,49.3411953],[-123.431287,49.3421046],[-123.4295572,49.3434114],[-123.4290898,49.3442231],[-123.4286084,49.3465779],[-123.4299827,49.3471348],[-123.4266006,49.3494739],[-123.4235127,49.3499696],[-123.4195027,49.3517355],[-123.4189766,49.3525665],[-123.4198302,49.3546987],[-123.4204666,49.3554668],[-123.4215549,49.3556784],[-123.4219548,49.3577216],[-123.4243639,49.3580613],[-123.4258721,49.3588692],[-123.425995,49.3595706],[-123.4251373,49.3603704],[-123.4248211,49.3618235],[-123.4235345,49.3630232],[-123.4236636,49.3650137],[-123.4253013,49.3654292],[-123.4293026,49.3653058],[-123.4306277,49.3666253],[-123.4262727,49.371741],[-123.4250722,49.3728603],[-123.4207595,49.3746329],[-123.4205536,49.3753021],[-123.4184983,49.3761282],[-123.4166771,49.3774167],[-123.4138269,49.3803114],[-123.4125153,49.381023],[-123.4102735,49.3829065],[-123.4094824,49.3838821],[-123.4074471,49.3850975],[-123.40533,49.3858451],[-123.4015486,49.3875271],[-123.4004508,49.3883126]]]]},"properties":{"a": "50.1083", "t": "CT", "dw": "1490", "hh": "1135", "id": "9330250.01", "key": "CT01", "pop": "2957", "pop2": "2738", "rgid": "59", "rpid": "59933", "ruid": "5915062", "rguid": "5915"}},{"type":"Feature","geometry":{"type":"MultiPolygon","coordinates":[[[[-123.3067055,49.3404922],[-123.3075367,49.3410114],[-123.3063965,49.3436769],[-123.306923,49.3440439],[-123.306892,49.345961],[-123.3065075,49.3462587],[-123.3043102,49.3447618],[-123.3044734,49.344248],[-123.3041277,49.3418929],[-123.3056824,49.3417358],[-123.3067055,49.3404922]]],[[[-123.2665498,49.4191361],[-123.2679926,49.4207518],[-123.2692072,49.4207038],[-123.2695034,49.4196779],[-123.2702339,49.4194779],[-123.2720165,49.4203286],[-123.2731717,49.4222598],[-123.2740116,49.422051],[-123.2759367,49.4235485],[-123.2751821,49.4241071],[-123.2768971,49.4251474],[-123.2763698,49.4270196],[-123.2750312,49.4293252],[-123.2737671,49.4303635],[-123.273524,49.4312185],[-123.2724821,49.4322554],[-123.2708157,49.4328442],[-123.269355,49.4328557],[-123.2666585,49.4315214],[-123.2652412,49.4297893],[-123.2637895,49.4290369],[-123.2629834,49.4278791],[-123.2626448,49.426332],[-123.261532,49.424689],[-123.2614566,49.4233034],[-123.2623004,49.4212146],[-123.2646824,49.4205705],[-123.2665498,49.4191361]]],[[[-122.7871227,49.3756208],[-122.7877117,49.3765123],[-122.7906835,49.3773367],[-122.7927089,49.3768376],[-122.7952331,49.3765355],[-122.79603,49.3767443],[-122.7963412,49.3780488],[-122.7957801,49.3808626],[-122.7959123,49.3822301],[-122.7953831,49.3836961],[-122.7959782,49.3858473],[-122.7949686,49.3868259],[-122.7929657,49.388081],[-122.790669,49.3871954],[-122.7872406,49.3862992],[-122.7874131,49.3848597],[-122.7883223,49.3846097],[-122.7885787,49.3831437],[-122.7875934,49.381541],[-122.7870761,49.3795527],[-122.7874021,49.3778884],[-122.7868432,49.3762149],[-122.7871227,49.3756208]]],[[[-123.2433212,49.40774],[-123.2429678,49.4099411],[-123.2414291,49.4109248],[-123.2406919,49.4124016],[-123.2375332,49.4149087],[-123.2362949,49.4153603],[-123.2343606,49.417668],[-123.2343395,49.418819],[-123.2349529,49.4204368],[-123.2348203,49.421346],[-123.2338051,49.4224271],[-123.2331661,49.4243443],[-123.2331034,49.4255494],[-123.2338087,49.4263578],[-123.2336796,49.4279413],[-123.235398,49.4296373],[-123.2362176,49.4309314],[-123.2362077,49.4317946],[-123.2354144,49.4331188],[-123.2366821,49.436094],[-123.2389556,49.4381038],[-123.2391111,49.438886],[-123.238635,49.4428623],[-123.2396611,49.4441829],[-123.2393936,49.4460462],[-123.2388897,49.4470804],[-123.2387997,49.4492159],[-123.2405786,49.4500752],[-123.241487,49.4515003],[-123.2409039,49.4525764],[-123.2394307,49.4537906],[-123.2393649,49.4552517],[-123.2410475,49.4575394],[-123.2412195,49.4589606],[-123.2400359,49.4624713],[-123.2401253,49.463878],[-123.2412951,49.4669988],[-123.2406381,49.469365],[-123.2429595,49.4705574],[-123.2452357,49.4708056],[-123.2451528,49.4718368],[-123.2444544,49.4726926],[-123.2439881,49.4746432],[-123.2432657,49.4755508],[-123.2442152,49.4778593],[-123.2441115,49.4794245],[-123.2449168,49.4801425],[-123.2444896,49.4814092],[-123.2346361,49.4814994],[-123.2070393,49.4819003],[-123.1932282,49.482016],[-123.1259417,49.482262],[-123.1218267,49.4822875],[-123.124111,49.4814508],[-123.1245364,49.4806946],[-123.1229289,49.4782412],[-123.1228035,49.4776924],[-123.1215319,49.4773517],[-123.1202926,49.4776945],[-123.1202043,49.4761838],[-123.118767,49.4750875],[-123.1181146,49.4734148],[-123.1184289,49.4724802],[-123.1195852,49.4715879],[-123.1196129,49.4709487],[-123.1174009,49.4693142],[-123.1163482,49.4679127],[-123.1152586,49.4676069],[-123.1140052,49.4632018],[-123.1157014,49.4633254],[-123.1163358,49.4626138],[-123.1145531,49.4611771],[-123.1145611,49.4593777],[-123.1136895,49.4586691],[-123.1115082,49.457978],[-123.1110101,49.4570702],[-123.1103685,49.4539397],[-123.1113052,49.4529044],[-123.1104271,49.4500632],[-123.1071857,49.4493014],[-123.1068896,49.4464771],[-123.1082633,49.4445425],[-123.1073783,49.4426091],[-123.1095119,49.4411857],[-123.1098789,49.4393417],[-123.109437,49.4383162],[-123.1078343,49.4368873],[-123.1081629,49.4358177],[-123.1109033,49.4341416],[-123.1133355,49.4308302],[-123.1139672,49.4286601],[-123.117094,49.4279571],[-123.1196424,49.4269642],[-123.1201395,49.4263246],[-123.1194034,49.424554],[-123.120018,49.4226643],[-123.1222663,49.422122],[-123.1247712,49.4204277],[-123.1252895,49.4183685],[-123.1261278,49.4170812],[-123.1276283,49.4161524],[-123.1277343,49.4151271],[-123.131232,49.4130359],[-123.1325097,49.4110919],[-123.1355079,49.4094609],[-123.1380266,49.4077751],[-123.1420103,49.4069065],[-123.1425756,49.4064652],[-123.1805204,49.4070207],[-123.181871,49.4070206],[-123.1901736,49.4070995],[-123.2392913,49.4077386],[-123.2418861,49.4077541],[-123.2433212,49.40774]]],[[[-122.6269851,49.3512273],[-122.6342953,49.3512137],[-122.634163,49.3523995],[-122.629589,49.3538458],[-122.6253756,49.3544676],[-122.6233672,49.3522404],[-122.6269851,49.3512273]]],[[[-122.9369994,49.3112646],[-122.9372231,49.3124511],[-122.9358941,49.3124515],[-122.9369994,49.3112646]]],[[[-122.8990643,49.3280472],[-122.8998812,49.3261754],[-122.8936586,49.3254289],[-122.8958008,49.3229155],[-122.8948018,49.3209848],[-122.8929019,49.3192707],[-122.8906009,49.3177506],[-122.8898364,49.3169573],[-122.8904399,49.3143217],[-122.8970299,49.3130547],[-122.8992189,49.314154],[-122.8999552,49.3148768],[-122.9042386,49.3148422],[-122.9063405,49.3141886],[-122.9079512,49.313977],[-122.9088698,49.3127843],[-122.9113385,49.3114732],[-122.9134063,49.3110754],[-122.9183131,49.310631],[-122.9278818,49.3105068],[-122.9268034,49.3121294],[-122.927693,49.31285],[-122.9269419,49.3136766],[-122.9261708,49.315606],[-122.9272545,49.3177552],[-122.9292104,49.3174085],[-122.9305974,49.3163329],[-122.9316901,49.3165791],[-122.9321799,49.3173736],[-122.9317028,49.3179713],[-122.9287763,49.3191865],[-122.9271408,49.3206184],[-122.9275204,49.3210855],[-122.9267605,49.3222133],[-122.9241316,49.3238576],[-122.922678,49.3252593],[-122.9185686,49.3276492],[-122.9192741,49.3292659],[-122.9180077,49.329838],[-122.91495,49.3297027],[-122.9123874,49.3304264],[-122.9098813,49.3290356],[-122.9097016,49.327936],[-122.9114444,49.3277632],[-122.9129837,49.3270952],[-122.9149427,49.3268142],[-122.9161606,49.3244981],[-122.9170787,49.323248],[-122.9158628,49.321876],[-122.9159156,49.3195655],[-122.9172414,49.3190046],[-122.9180707,49.3175878],[-122.9188223,49.3172606],[-122.9190892,49.3158378],[-122.9203742,49.3147278],[-122.9206776,49.3137242],[-122.9187861,49.3136508],[-122.9150735,49.3158367],[-122.9140638,49.3162204],[-122.9122284,49.3175888],[-122.9095231,49.3204541],[-122.907302,49.3222887],[-122.9031299,49.3241019],[-122.9016038,49.3262264],[-122.8990643,49.3280472]]],[[[-122.6347415,49.3512119],[-122.6371733,49.3512061],[-122.6351429,49.3519627],[-122.6347415,49.3512119]]],[[[-122.6414121,49.3512156],[-122.6610836,49.3509915],[-122.6977018,49.3510833],[-122.7579416,49.351357],[-122.7736796,49.3510362],[-122.7757135,49.3510216],[-122.8226335,49.3515911],[-122.82261,49.3453557],[-122.8227143,49.3305272],[-122.8228445,49.3219634],[-122.8277352,49.3144022],[-122.8335951,49.3144141],[-122.833702,49.3107891],[-122.8335276,49.3059334],[-122.8356326,49.305944],[-122.8353286,49.3011459],[-122.8354134,49.2996941],[-122.8419487,49.2998173],[-122.8419462,49.3059066],[-122.8510973,49.305956],[-122.8516187,49.3082662],[-122.8523721,49.3082547],[-122.8568765,49.3081748],[-122.8597009,49.3058787],[-122.8645439,49.3058443],[-122.8736324,49.3058896],[-122.8737076,49.3093469],[-122.8742795,49.3133621],[-122.8780151,49.3134965],[-122.8780763,49.3156374],[-122.8678904,49.3150951],[-122.8676789,49.3167532],[-122.8676953,49.3225853],[-122.8639268,49.3225992],[-122.8639038,49.3236919],[-122.8587581,49.3237007],[-122.8586698,49.3261228],[-122.8559856,49.3261429],[-122.8558214,49.3298101],[-122.858335,49.3297971],[-122.8598336,49.3309821],[-122.8615732,49.3342043],[-122.8619954,49.335393],[-122.8617182,49.3360125],[-122.8630512,49.3373633],[-122.8626905,49.338163],[-122.8592037,49.3400837],[-122.8545895,49.3407439],[-122.8542428,49.3413645],[-122.8544453,49.3431002],[-122.8550717,49.3450267],[-122.8565406,49.3460542],[-122.855387,49.3496416],[-122.8540879,49.3521316],[-122.853808,49.3533008],[-122.8540263,49.3544695],[-122.8537066,49.355585],[-122.8539876,49.3580135],[-122.8534599,49.3590839],[-122.8532446,49.3620164],[-122.8543956,49.364051],[-122.8549882,49.3646178],[-122.8578221,49.3650534],[-122.8581371,49.3657636],[-122.8600196,49.3671512],[-122.8589401,49.3688687],[-122.8579198,49.3695057],[-122.8589378,49.3704961],[-122.8605443,49.3713171],[-122.8621535,49.3725691],[-122.8628847,49.3720663],[-122.8614163,49.3703288],[-122.8624224,49.3697807],[-122.8647647,49.369667],[-122.8644503,49.3690012],[-122.8630888,49.368549],[-122.8623906,49.3669918],[-122.8603657,49.3666304],[-122.8587569,49.3659172],[-122.8588293,49.3645686],[-122.8600989,49.363653],[-122.8595284,49.3607283],[-122.8600265,49.3597942],[-122.8595352,49.3589198],[-122.8596063,49.3575988],[-122.8613556,49.3577357],[-122.8621977,49.3564954],[-122.8623671,49.3551463],[-122.8605849,49.3529305],[-122.8605863,49.3517444],[-122.8614981,49.3506479],[-122.8628913,49.3502356],[-122.8649966,49.3502736],[-122.8657971,49.3499771],[-122.8655783,49.3490876],[-122.8646719,49.3484027],[-122.8628332,49.3462322],[-122.8616087,49.3461403],[-122.8606327,49.3453217],[-122.8608037,49.3435136],[-122.8613286,49.3426418],[-122.8612629,49.3415893],[-122.8623125,49.3408795],[-122.863839,49.3410885],[-122.8646147,49.3387336],[-122.8659118,49.3377902],[-122.8645805,49.3364031],[-122.8641596,49.3348459],[-122.8631831,49.3342238],[-122.8620038,49.332308],[-122.8606734,49.3306862],[-122.8590817,49.3297948],[-122.8654571,49.3297799],[-122.8702768,49.3299503],[-122.8785053,49.3301113],[-122.8961185,49.3301201],[-122.8931395,49.3325927],[-122.8919924,49.3333408],[-122.8908325,49.3346398],[-122.8882269,49.3350946],[-122.8879056,49.3362022],[-122.8898227,49.3382804],[-122.8907154,49.3388181],[-122.8913091,49.3402073],[-122.8902828,49.3426078],[-122.8897088,49.3434042],[-122.8903045,49.3456413],[-122.8890387,49.3472763],[-122.8892498,49.3489484],[-122.887358,49.352445],[-122.8843524,49.3551324],[-122.8824581,49.3561861],[-122.8809155,49.3576683],[-122.8806098,49.3591705],[-122.8795827,49.3608218],[-122.8753854,49.3648678],[-122.874306,49.3666378],[-122.8732973,49.3696291],[-122.8736918,49.37049],[-122.8730866,49.3720945],[-122.8686708,49.3756332],[-122.8672455,49.3765596],[-122.8648137,49.3793948],[-122.8638034,49.3815393],[-122.8625977,49.3824048],[-122.8624745,49.3831952],[-122.8632864,49.3839117],[-122.8650411,49.3840014],[-122.8662997,49.3854603],[-122.8667751,49.386892],[-122.8667615,49.3881923],[-122.8707398,49.3897076],[-122.8719144,49.3912453],[-122.8723087,49.3944416],[-122.8621705,49.4076869],[-122.8555275,49.4314333],[-122.8639432,49.4542689],[-122.8699017,49.4547267],[-122.8772648,49.4622608],[-122.8793696,49.4686548],[-122.884284,49.4702482],[-122.8895396,49.4677381],[-122.885679,49.46249],[-122.8867246,49.4574652],[-122.8728676,49.4321313],[-122.8779346,49.4254976],[-122.8765304,49.4225301],[-122.8821317,49.4159072],[-122.8811535,49.4138388],[-122.8984653,49.4139583],[-122.9275177,49.4119094],[-122.9487221,49.4104778],[-122.970467,49.4089822],[-122.9821849,49.4088424],[-122.9819268,49.4099068],[-122.9797213,49.4109598],[-122.9787838,49.4118758],[-122.977527,49.4145567],[-122.9764093,49.4161575],[-122.9762994,49.4171202],[-122.9773616,49.4183072],[-122.9764485,49.4193779],[-122.9743825,49.4198453],[-122.9729475,49.4207796],[-122.9720498,49.4225883],[-122.971167,49.4234329],[-122.9705048,49.4249265],[-122.9708338,49.4270936],[-122.9706947,49.4283802],[-122.9697572,49.4306197],[-122.9690522,49.4313757],[-122.9667747,49.4325001],[-122.9646101,49.4332358],[-122.9640133,49.4356107],[-122.964828,49.4381195],[-122.9654897,49.4392901],[-122.9666197,49.4400904],[-122.9654607,49.4407552],[-122.964977,49.4418258],[-122.9624907,49.4441191],[-122.9612054,49.4464942],[-122.957976,49.4481026],[-122.957642,49.4510977],[-122.9569796,49.4524292],[-122.9549789,49.4536597],[-122.9522449,49.4546483],[-122.9497317,49.4568239],[-122.9489288,49.4591538],[-122.9500859,49.4606923],[-122.9497404,49.4617174],[-122.9486198,49.4631832],[-122.9467709,49.4642791],[-122.9462866,49.4665637],[-122.946629,49.467914],[-122.945937,49.4690374],[-122.9434098,49.4700889],[-122.9434795,49.4714649],[-122.944321,49.4718249],[-122.9462236,49.4734088],[-122.9466775,49.4746415],[-122.9464677,49.4756221],[-122.9471003,49.4772418],[-122.9468117,49.47814],[-122.9490891,49.478384],[-122.9518612,49.4792051],[-122.9529515,49.4805987],[-122.9524248,49.4823804],[-122.9532238,49.4835944],[-122.9551967,49.4854933],[-122.9565622,49.4873196],[-122.9584828,49.4873556],[-122.960844,49.4879506],[-122.9623047,49.4887517],[-122.9625945,49.4893463],[-122.9624544,49.4911983],[-122.9617238,49.4918813],[-122.9639596,49.4937799],[-122.9656154,49.4946181],[-122.9663343,49.4958243],[-122.9674359,49.495653],[-122.9674657,49.4939347],[-122.9680177,49.4934309],[-122.9696747,49.4932877],[-122.969497,49.4913442],[-122.9666242,49.491164],[-122.9646508,49.4905074],[-122.9644742,49.4885457],[-122.9651102,49.4877182],[-122.9630393,49.4860981],[-122.9608301,49.4860346],[-122.9591474,49.4848463],[-122.9594648,49.4830579],[-122.9581959,49.4824723],[-122.9581265,49.4814378],[-122.9568713,49.4808257],[-122.9535329,49.4782701],[-122.9518502,49.4766687],[-122.9505562,49.4746609],[-122.950556,49.4739507],[-122.949717,49.4708838],[-122.948806,49.4700645],[-122.9490142,49.4689671],[-122.9500919,49.4682303],[-122.9502997,49.4672235],[-122.9512117,49.4667201],[-122.9527892,49.4642555],[-122.9531632,49.461323],[-122.9539093,49.4602712],[-122.9568762,49.4591216],[-122.9587271,49.4590308],[-122.9599132,49.4582497],[-122.9592534,49.457772],[-122.959667,49.4559198],[-122.9608281,49.4550747],[-122.9635867,49.4544279],[-122.9642489,49.453034],[-122.9638644,49.4526203],[-122.9639344,49.4506589],[-122.9644603,49.4500378],[-122.9669424,49.449599],[-122.9695245,49.4461909],[-122.9701594,49.4457322],[-122.9715836,49.4434653],[-122.973541,49.4425757],[-122.9732259,49.4421609],[-122.9703556,49.440767],[-122.9681495,49.4405416],[-122.9656691,49.438858],[-122.9651015,49.4379226],[-122.9642649,49.4352863],[-122.9645395,49.4339834],[-122.9652433,49.4332546],[-122.9676165,49.4328418],[-122.9703776,49.4307283],[-122.9712179,49.4281922],[-122.9711373,49.425745],[-122.9717309,49.4242344],[-122.9732755,49.4231371],[-122.9728094,49.4215353],[-122.9739962,49.4204117],[-122.9763113,49.4198183],[-122.9774278,49.41927],[-122.977775,49.418119],[-122.976618,49.4170747],[-122.9779816,49.4152673],[-122.9794441,49.4119041],[-122.9805213,49.4110492],[-122.9823121,49.4103838],[-122.9827273,49.408842],[-122.9859679,49.4087872],[-123.034269,49.4076877],[-123.0428814,49.4075544],[-123.0700331,49.4071878],[-123.0800968,49.4070577],[-123.1237656,49.4061982],[-123.1420608,49.4064675],[-123.1412633,49.4068547],[-123.1390306,49.4071625],[-123.1370214,49.4079476],[-123.1362241,49.4085786],[-123.1336903,49.4096784],[-123.1318204,49.4109483],[-123.1304057,49.4130641],[-123.1273337,49.4149299],[-123.1271034,49.4160089],[-123.12574,49.4170187],[-123.124697,49.4184861],[-123.1246712,49.4196187],[-123.1232822,49.4211225],[-123.1215063,49.4219877],[-123.1200177,49.4222775],[-123.1186821,49.4231881],[-123.1189941,49.4262265],[-123.1183471,49.427046],[-123.1150819,49.4278141],[-123.1136619,49.428436],[-123.1131028,49.4305322],[-123.1101309,49.4343409],[-123.1077886,49.4355665],[-123.107419,49.4366913],[-123.1077814,49.4374816],[-123.1095348,49.4394235],[-123.1086964,49.4405305],[-123.1064636,49.4418186],[-123.1074215,49.4432299],[-123.1078929,49.4445159],[-123.1067642,49.4457943],[-123.1064769,49.4467474],[-123.1068757,49.4475391],[-123.1065796,49.4492932],[-123.1078346,49.449868],[-123.1097528,49.4499383],[-123.1109719,49.452861],[-123.1099129,49.4541292],[-123.1104975,49.455658],[-123.1106781,49.4572051],[-123.1115382,49.4582293],[-123.1138149,49.458965],[-123.1141772,49.4596929],[-123.1139996,49.4609705],[-123.1155765,49.462147],[-123.115758,49.4629839],[-123.1140328,49.4629585],[-123.113537,49.4636243],[-123.1141594,49.4646497],[-123.1147864,49.4675187],[-123.1164888,49.4686043],[-123.1173748,49.4696834],[-123.1193107,49.4711294],[-123.1177809,49.4729845],[-123.1181306,49.4746657],[-123.119751,49.4760852],[-123.1199879,49.4779297],[-123.1220857,49.4776298],[-123.1225296,49.4779794],[-123.123515,49.4800572],[-123.1236421,49.4812619],[-123.1216813,49.4807694],[-123.1206752,49.4815442],[-123.1209711,49.4822769],[-123.1028857,49.4822557],[-123.1027172,49.5000774],[-123.1022568,49.548667],[-123.0610303,49.5490575],[-123.0108508,49.5491646],[-122.9582981,49.5492491],[-122.9225404,49.5494182],[-122.9235319,49.5538651],[-122.9225045,49.5539437],[-122.927684,49.5583372],[-122.9329417,49.5617383],[-122.9436546,49.5714969],[-122.9385014,49.5721025],[-122.9292993,49.5726655],[-122.8764036,49.5734308],[-122.8065309,49.5726781],[-122.8069113,49.5730895],[-122.8004919,49.5728931],[-122.7944581,49.5734764],[-122.778815,49.5745548],[-122.7499611,49.5740524],[-122.7486539,49.5737197],[-122.7466893,49.5739949],[-122.6998128,49.573159],[-122.6979389,49.570845],[-122.6925561,49.5683327],[-122.689805,49.5622748],[-122.6832307,49.5526903],[-122.6589463,49.5396023],[-122.6552249,49.538065],[-122.647488,49.5373211],[-122.6383684,49.5372073],[-122.6292533,49.5380719],[-122.61294,49.5381055],[-122.6073145,49.5390496],[-122.6071553,49.5376165],[-122.6079437,49.5359914],[-122.6098662,49.5340908],[-122.6097388,49.5310589],[-122.6106677,49.5302964],[-122.6101068,49.5285637],[-122.6089952,49.5271705],[-122.6075926,49.5237006],[-122.5987316,49.5164926],[-122.5978546,49.5141776],[-122.5956992,49.5125981],[-122.5958824,49.5118171],[-122.5968156,49.5114385],[-122.5956129,49.5082634],[-122.5992091,49.5032352],[-122.5984266,49.5016434],[-122.5986058,49.5008866],[-122.5917585,49.4929227],[-122.5889352,49.4919762],[-122.5882366,49.4914964],[-122.5890739,49.4898016],[-122.5881031,49.4886685],[-122.5868966,49.4882899],[-122.5857867,49.4868916],[-122.5740297,49.4789784],[-122.5712606,49.4792567],[-122.5692318,49.47916],[-122.567144,49.4781262],[-122.5649115,49.4761021],[-122.5643558,49.4751198],[-122.5611727,49.4743342],[-122.558136,49.4743323],[-122.5525235,49.4752996],[-122.5512634,49.4741345],[-122.5485379,49.4734225],[-122.5460349,49.4724044],[-122.5409297,49.47073],[-122.5398436,49.4701499],[-122.5398955,49.4690977],[-122.5388453,49.4677708],[-122.5389175,49.4672683],[-122.5378123,49.4661204],[-122.5379617,49.4649613],[-122.5397707,49.4638586],[-122.5397813,49.4624393],[-122.5468085,49.4592648],[-122.5496465,49.4542496],[-122.551455,49.4444349],[-122.555339,49.4396517],[-122.5567976,49.4296079],[-122.5729366,49.4250887],[-122.5757688,49.4203009],[-122.5813827,49.4173464],[-122.581366,49.4160505],[-122.5820375,49.4144278],[-122.5827907,49.411084],[-122.5820322,49.409306],[-122.5817312,49.4073169],[-122.5824656,49.4040711],[-122.5818162,49.4018276],[-122.580698,49.401323],[-122.5787261,49.4023497],[-122.5786247,49.4012343],[-122.5775147,49.4007447],[-122.5773875,49.3998299],[-122.5751866,49.3988353],[-122.5782558,49.3937298],[-122.5795002,49.3910367],[-122.5801522,49.3905733],[-122.5935388,49.3682833],[-122.6040622,49.3619055],[-122.6065518,49.353703],[-122.6094612,49.3535851],[-122.6100893,49.3529961],[-122.6119486,49.3529128],[-122.6129584,49.3524114],[-122.6150866,49.3529146],[-122.6159461,49.3535337],[-122.6179344,49.3537124],[-122.6216953,49.3533123],[-122.6232522,49.3541549],[-122.6238787,49.3553167],[-122.6237802,49.3561818],[-122.6265934,49.355963],[-122.6275525,49.3555195],[-122.6326335,49.3550665],[-122.6332351,49.3547545],[-122.6365482,49.3539811],[-122.6380802,49.3534273],[-122.6414121,49.3512156]],[[-122.7555788,49.5522639],[-122.7547889,49.5528828],[-122.7556511,49.5542882],[-122.7567716,49.5546319],[-122.7567504,49.555928],[-122.7585597,49.5564351],[-122.7614223,49.5560545],[-122.7642699,49.5561233],[-122.7655715,49.5557298],[-122.767382,49.5560211],[-122.7712741,49.5547426],[-122.7714603,49.5530522],[-122.7719918,49.5522696],[-122.7706096,49.5520428],[-122.765074,49.5528058],[-122.7628373,49.5526838],[-122.7611934,49.5522308],[-122.7594669,49.552173],[-122.7575727,49.5517104],[-122.7555788,49.5522639]],[[-122.6944655,49.5024308],[-122.6928142,49.5033178],[-122.6927103,49.5043881],[-122.6909776,49.5055612],[-122.6896638,49.5079778],[-122.6882607,49.5092058],[-122.6885097,49.511177],[-122.6894497,49.5111793],[-122.691363,49.5100601],[-122.6926742,49.5082107],[-122.6956245,49.50704],[-122.697376,49.5049669],[-122.6972038,49.5037342],[-122.6963553,49.5026074],[-122.6944655,49.5024308]],[[-122.6777652,49.5151773],[-122.6791629,49.5171048],[-122.680575,49.5185132],[-122.6801983,49.5211568],[-122.6822637,49.5221786],[-122.6831901,49.5241417],[-122.6865905,49.5218579],[-122.6866822,49.5207867],[-122.6855684,49.5197138],[-122.6871314,49.5196644],[-122.6866302,49.5180341],[-122.6841356,49.5171099],[-122.6824885,49.5173307],[-122.6815415,49.5164832],[-122.6787202,49.5150626],[-122.6777652,49.5151773]],[[-122.780495,49.4035842],[-122.7795783,49.4050931],[-122.7770475,49.4070132],[-122.7736647,49.4079245],[-122.77111,49.4090442],[-122.7692146,49.4110365],[-122.7664721,49.4134771],[-122.7644035,49.4165676],[-122.76223,49.418164],[-122.7617409,49.4195851],[-122.762235,49.4203403],[-122.7620491,49.4213935],[-122.7607492,49.4224878],[-122.7610606,49.426239],[-122.759694,49.42674],[-122.7585677,49.4285459],[-122.7586293,49.4298231],[-122.7598238,49.4308071],[-122.760139,49.4316788],[-122.7592851,49.433783],[-122.7599121,49.4353582],[-122.7618418,49.4359287],[-122.7624176,49.4392492],[-122.7630084,49.4400948],[-122.7659139,49.4410551],[-122.767103,49.4401848],[-122.7685118,49.4397112],[-122.7691378,49.4388399],[-122.7720477,49.4387736],[-122.7715872,49.440283],[-122.7702201,49.4405959],[-122.7691677,49.4414663],[-122.7687078,49.4424993],[-122.7671679,49.4441613],[-122.7679323,49.4455392],[-122.7670823,49.4478218],[-122.7673653,49.4492611],[-122.7668327,49.4509327],[-122.7668252,49.4524618],[-122.7673161,49.4539022],[-122.7674581,49.455693],[-122.7656565,49.4569217],[-122.7665374,49.4575174],[-122.7661907,49.4583433],[-122.7649168,49.4588009],[-122.7661145,49.4596478],[-122.7671898,49.459596],[-122.7690931,49.4602383],[-122.7705493,49.4615005],[-122.7730746,49.4616855],[-122.7759083,49.4607469],[-122.7768651,49.4595796],[-122.777596,49.4593293],[-122.7786112,49.4580896],[-122.7783716,49.4556968],[-122.7773539,49.4553521],[-122.7766569,49.4534988],[-122.7768001,49.4523112],[-122.7764203,49.4513024],[-122.7740806,49.4497691],[-122.7741879,49.4476645],[-122.7734233,49.4458817],[-122.7728038,49.4453145],[-122.7722096,49.4428837],[-122.7741716,49.441854],[-122.7747701,49.4408573],[-122.7770118,49.4390449],[-122.7775412,49.4383342],[-122.7775073,49.4362387],[-122.7787441,49.4344057],[-122.7790261,49.433192],[-122.7771291,49.4315971],[-122.7761977,49.4299216],[-122.7781937,49.4282791],[-122.7778832,49.4266953],[-122.7783705,49.425258],[-122.7782033,49.4228101],[-122.7784533,49.4189975],[-122.7794425,49.4169849],[-122.781296,49.4160252],[-122.7840222,49.4164084],[-122.7847965,49.416256],[-122.7855041,49.4147924],[-122.7863764,49.4139659],[-122.7879084,49.4138336],[-122.7897777,49.4120649],[-122.7900288,49.4080721],[-122.7882121,49.4071058],[-122.7876124,49.4059171],[-122.7886614,49.4050296],[-122.7900263,49.4050045],[-122.791325,49.4043147],[-122.7931469,49.4040925],[-122.7941279,49.4035453],[-122.7950702,49.402189],[-122.7949663,49.4006154],[-122.7966774,49.400276],[-122.7984996,49.3995149],[-122.8001404,49.3991754],[-122.8000813,49.397142],[-122.8013105,49.3960392],[-122.8034771,49.3954482],[-122.8043899,49.3943258],[-122.804387,49.392338],[-122.8048049,49.3907829],[-122.803874,49.3895037],[-122.8036575,49.3881817],[-122.80482,49.387103],[-122.8060773,49.3864399],[-122.8065368,49.3851098],[-122.8075874,49.3845625],[-122.80737,49.3832395],[-122.8067131,49.3820962],[-122.804902,49.3805824],[-122.8039969,49.3793301],[-122.804003,49.3779987],[-122.804876,49.3766062],[-122.8043848,49.3753014],[-122.8023943,49.3734983],[-122.8002012,49.3710929],[-122.7978904,49.3701363],[-122.7978671,49.3691729],[-122.7957644,49.3679191],[-122.7953816,49.3667044],[-122.7959526,49.3654735],[-122.7950399,49.3632043],[-122.7950162,49.3622067],[-122.7940995,49.3604864],[-122.7929586,49.3603048],[-122.7924969,49.3584961],[-122.791144,49.3565496],[-122.7888075,49.3549719],[-122.7873374,49.3542675],[-122.7869997,49.3531418],[-122.785593,49.3536528],[-122.7826628,49.3526848],[-122.7810199,49.3538335],[-122.7793842,49.353353],[-122.777883,49.3534675],[-122.7749024,49.3545863],[-122.7756709,49.3551994],[-122.7774218,49.3548778],[-122.779594,49.3556557],[-122.7805243,49.3570518],[-122.7822642,49.3585669],[-122.786282,49.3596357],[-122.7869536,49.3608513],[-122.7863145,49.3619019],[-122.7863455,49.3642143],[-122.7867236,49.3659055],[-122.7860493,49.3686039],[-122.7861985,49.3691978],[-122.7849996,49.3725152],[-122.7827623,49.3743182],[-122.7818102,49.3745053],[-122.7810058,49.3756459],[-122.78006,49.3777492],[-122.7783019,49.379374],[-122.7790418,49.3802835],[-122.778267,49.3809212],[-122.7832287,49.3805617],[-122.7837518,49.3810394],[-122.7825575,49.3827104],[-122.7832272,49.3842222],[-122.7825898,49.3853815],[-122.7831192,49.3868933],[-122.7822694,49.3886288],[-122.78427,49.3883538],[-122.7855224,49.388841],[-122.7875815,49.3904643],[-122.7885201,49.3901685],[-122.7888001,49.3891171],[-122.791045,49.3897508],[-122.7916054,49.39039],[-122.7922298,49.3925872],[-122.7902604,49.3952909],[-122.7836375,49.4006127],[-122.7819603,49.4023724],[-122.780495,49.4035842]],[[-123.0240867,49.4485396],[-123.0228884,49.4502665],[-123.0233878,49.4526766],[-123.0241602,49.453846],[-123.0264372,49.4548446],[-123.0275134,49.4548443],[-123.0304517,49.4542682],[-123.0310311,49.4544023],[-123.0329056,49.4528369],[-123.0333763,49.4512352],[-123.0322151,49.4500121],[-123.031305,49.4499139],[-123.0282407,49.4478903],[-123.0266967,49.4479359],[-123.025481,49.4484402],[-123.0240867,49.4485396]],[[-122.6600699,49.4411251],[-122.6569155,49.4424916],[-122.656038,49.4437935],[-122.6552605,49.4442954],[-122.654264,49.446882],[-122.6562235,49.4488038],[-122.6581747,49.4497911],[-122.6609435,49.4503212],[-122.6638061,49.4496806],[-122.664261,49.4493592],[-122.6668238,49.4498708],[-122.6704116,49.4519135],[-122.6733819,49.4533793],[-122.6769759,49.4544326],[-122.6790449,49.4548246],[-122.6820907,49.4550583],[-122.6872854,49.4522923],[-122.6877442,49.4513765],[-122.6850495,49.4497503],[-122.6822215,49.4498683],[-122.6809283,49.4494508],[-122.6797407,49.4476217],[-122.6782426,49.4465925],[-122.6756532,49.4458741],[-122.674143,49.4468413],[-122.6725717,49.4468816],[-122.6722324,49.4459001],[-122.6741589,49.444593],[-122.6738844,49.4421009],[-122.676106,49.4400284],[-122.6772347,49.4381972],[-122.6751249,49.4382176],[-122.6725357,49.4397039],[-122.6693143,49.4408904],[-122.6672374,49.4419819],[-122.6652084,49.4420494],[-122.6626612,49.4413584],[-122.6600699,49.4411251]],[[-122.9971172,49.4524548],[-122.9943164,49.4539746],[-122.9939703,49.4556203],[-122.9949492,49.457537],[-122.996149,49.4581575],[-122.9993639,49.457762],[-122.9999989,49.4570159],[-123.0040995,49.4555395],[-123.005561,49.4558815],[-123.0076593,49.4551973],[-123.0077531,49.4527791],[-123.0063176,49.4519421],[-123.0017674,49.4519867],[-122.9999989,49.452356],[-122.9983454,49.4521571],[-122.9971172,49.4524548]],[[-122.6553869,49.4892256],[-122.6545549,49.4898884],[-122.6541934,49.492199],[-122.6549902,49.492678],[-122.6550222,49.4940728],[-122.6580648,49.4935498],[-122.6597488,49.4936905],[-122.6620282,49.4934898],[-122.662668,49.4929615],[-122.6614094,49.49088],[-122.6618027,49.4899641],[-122.6617022,49.4887123],[-122.6597401,49.4889138],[-122.6587899,49.4882737],[-122.6553869,49.4892256]],[[-122.7938404,49.5310397],[-122.7927014,49.5326111],[-122.7913967,49.5336701],[-122.7917337,49.5357578],[-122.795615,49.5361602],[-122.8000345,49.5343238],[-122.8014999,49.5339303],[-122.8028033,49.5328169],[-122.8043657,49.5322537],[-122.8044576,49.5304539],[-122.8025669,49.5299479],[-122.8021399,49.5292005],[-122.8007601,49.5289187],[-122.7984187,49.5301562],[-122.7958327,49.5304855],[-122.7938404,49.5310397]],[[-122.8421275,49.5398486],[-122.8417766,49.5406398],[-122.8436661,49.5418837],[-122.8457366,49.5428397],[-122.8465933,49.5429586],[-122.8505753,49.5428555],[-122.8529902,49.5440993],[-122.8584255,49.54389],[-122.8598094,49.5432803],[-122.8586925,49.5423705],[-122.854906,49.5412416],[-122.8534273,49.5414557],[-122.8487894,49.5397038],[-122.8465371,49.5391356],[-122.8442017,49.5392931],[-122.8421275,49.5398486]]]]},"properties":{"a": "840.9065", "t": "CT", "dw": "1637", "hh": "1250", "id": "9330250.02", "key": "CT01", "pop": "3514", "pop2": "3170", "rgid": "59", "rpid": "59933", "ruid": "5915020", "rguid": "5915"}},{"type":"Feature","geometry":{"type":"MultiPolygon","coordinates":[[[[-122.6888866,49.1861612],[-122.6943085,49.1853451],[-122.6992786,49.1849706],[-122.7041916,49.1847324],[-122.7099115,49.1850443],[-122.7128585,49.1855546],[-122.715476,49.1863351],[-122.7180091,49.1874206],[-122.7201285,49.1888549],[-122.7218086,49.1905148],[-122.7230849,49.1926855],[-122.7236434,49.1958354],[-122.7236678,49.1988036],[-122.7239313,49.2010802],[-122.7243224,49.201909],[-122.7256703,49.2064547],[-122.7273572,49.2092023],[-122.7266023,49.2093448],[-122.720882,49.2086565],[-122.7182896,49.2082179],[-122.7137462,49.2077662],[-122.7106913,49.2066797],[-122.7093091,49.205902],[-122.7050633,49.2041013],[-122.7024472,49.2032943],[-122.6969574,49.2007076],[-122.6908492,49.1987117],[-122.6829808,49.1969719],[-122.6789101,49.1959265],[-122.6773121,49.1947528],[-122.6724069,49.1935515],[-122.671698,49.1929101],[-122.6734413,49.1926369],[-122.6773915,49.1908132],[-122.679433,49.1893706],[-122.6833698,49.1874292],[-122.6857637,49.1867253],[-122.6888866,49.1861612]]]]},"properties":{"a": "6.1881", "t": "CT", "dw": "54", "hh": "55", "id": "9330251.00", "key": "CT01", "pop": "155", "pop2": "168", "rgid": "59", "rpid": "59933", "ruid": "5915020", "rguid": "5915"}},{"type":"Feature","geometry":{"type":"MultiPolygon","coordinates":[[[[-122.9278818,49.3105068],[-122.9183131,49.310631],[-122.9134063,49.3110754],[-122.9113385,49.3114732],[-122.9088698,49.3127843],[-122.9079512,49.313977],[-122.9063405,49.3141886],[-122.9042386,49.3148422],[-122.8999552,49.3148768],[-122.8992189,49.314154],[-122.8970299,49.3130547],[-122.8904399,49.3143217],[-122.8898364,49.3169573],[-122.8906009,49.3177506],[-122.8929019,49.3192707],[-122.8948018,49.3209848],[-122.8958008,49.3229155],[-122.8936586,49.3254289],[-122.8998812,49.3261754],[-122.8990643,49.3280472],[-122.8961275,49.3301136],[-122.8961185,49.3301201],[-122.8785053,49.3301113],[-122.8702768,49.3299503],[-122.8654571,49.3297799],[-122.8590817,49.3297948],[-122.858335,49.3297971],[-122.8558214,49.3298101],[-122.8559856,49.3261429],[-122.8586698,49.3261228],[-122.8587581,49.3237007],[-122.8639038,49.3236919],[-122.8639268,49.3225992],[-122.8676953,49.3225853],[-122.8676789,49.3167532],[-122.8678904,49.3150951],[-122.8780763,49.3156374],[-122.8780151,49.3134965],[-122.8742795,49.3133621],[-122.8737076,49.3093469],[-122.8736324,49.3058896],[-122.8645439,49.3058443],[-122.8648829,49.301601],[-122.8647969,49.2978301],[-122.8667912,49.2989615],[-122.8677886,49.2990003],[-122.8697468,49.3001669],[-122.8709759,49.3014767],[-122.8718344,49.3017573],[-122.8739413,49.3015503],[-122.8759955,49.3016914],[-122.8774138,49.3013652],[-122.8783007,49.3005902],[-122.8821176,49.3006714],[-122.8849213,49.3009103],[-122.8875536,49.2991706],[-122.8893151,49.2990562],[-122.8908014,49.2978247],[-122.8943074,49.2967445],[-122.8953856,49.2966188],[-122.8969488,49.2970954],[-122.8992528,49.295883],[-122.9016452,49.2957686],[-122.903036,49.295975],[-122.9054474,49.2959366],[-122.9075662,49.2947602],[-122.9091332,49.2944111],[-122.9094368,49.2936572],[-122.9107993,49.2933345],[-122.9140232,49.2937067],[-122.9170576,49.2932504],[-122.9192127,49.2934],[-122.9208336,49.2948972],[-122.9210006,49.296168],[-122.9217683,49.2973627],[-122.9246836,49.2980114],[-122.9267166,49.2982021],[-122.9256571,49.2993347],[-122.9263756,49.3002816],[-122.927334,49.3007131],[-122.9292088,49.3051458],[-122.9284882,49.307324],[-122.9278818,49.3105068]],[[-122.8892622,49.3242668],[-122.8903463,49.3248629],[-122.8925903,49.325044],[-122.8941619,49.3240557],[-122.8938484,49.3228867],[-122.8946066,49.3222937],[-122.8942922,49.3212677],[-122.8929697,49.3207188],[-122.892067,49.3190254],[-122.88951,49.3176562],[-122.8888103,49.3159919],[-122.8892408,49.3155331],[-122.8883879,49.3144532],[-122.8875643,49.3145235],[-122.8857407,49.3176168],[-122.8859564,49.3189394],[-122.8851516,49.3213674],[-122.8856731,49.3221687],[-122.8869265,49.3225557],[-122.8866867,49.3240134],[-122.8875943,49.3246082],[-122.8892622,49.3242668]]],[[[-122.835526,49.2811312],[-122.8350644,49.2806015],[-122.8281543,49.2804776],[-122.8238161,49.280551],[-122.8239654,49.2767802],[-122.8237477,49.2733924],[-122.8247645,49.2728706],[-122.8291459,49.2729893],[-122.8313896,49.2731863],[-122.8358161,49.2732286],[-122.8358391,49.2727073],[-122.8463478,49.2727452],[-122.8461595,49.2710685],[-122.852205,49.2709153],[-122.856553,49.2708786],[-122.8630209,49.2706534],[-122.8668076,49.2706579],[-122.8663543,49.2721062],[-122.8667297,49.2760542],[-122.8669556,49.276902],[-122.8674066,49.2837845],[-122.8679899,49.2867536],[-122.8685602,49.2880458],[-122.8698633,49.2890521],[-122.8727775,49.2903796],[-122.8765917,49.2914129],[-122.8797131,49.291195],[-122.8827321,49.2902963],[-122.8872056,49.289911],[-122.8908064,49.2903922],[-122.8932844,49.2901709],[-122.8918125,49.2910993],[-122.8916695,49.2917969],[-122.8898993,49.2918289],[-122.8867042,49.290953],[-122.8854839,49.2917343],[-122.8833182,49.2921277],[-122.8821505,49.2920373],[-122.8791466,49.2922806],[-122.8776588,49.2921076],[-122.8745064,49.2923743],[-122.8721348,49.2916824],[-122.8695117,49.2905263],[-122.8690015,49.2906751],[-122.8655628,49.288094],[-122.8655745,49.2874838],[-122.8638525,49.2864011],[-122.859053,49.2824467],[-122.8610359,49.2806846],[-122.8591592,49.2794633],[-122.8582138,49.279488],[-122.8583129,49.2809129],[-122.8578729,49.2811482],[-122.8541958,49.2811837],[-122.8533163,49.2821214],[-122.8523067,49.2808746],[-122.8509373,49.2802745],[-122.8506343,49.2815637],[-122.8499589,49.2818257],[-122.8476306,49.2804018],[-122.8446156,49.2803171],[-122.8427821,49.2811726],[-122.8407703,49.2816492],[-122.8383426,49.2826557],[-122.8372039,49.2815083],[-122.835526,49.2811312]]]]},"properties":{"a": "14.5008", "t": "CT", "dw": "1865", "hh": "1825", "id": "9330260.02", "key": "CT01", "pop": "4308", "pop2": "3807", "rgid": "59", "rpid": "59933", "ruid": "5915043", "rguid": "5915"}},{"type":"Feature","geometry":{"type":"MultiPolygon","coordinates":[[[[-122.8765917,49.2914129],[-122.8727775,49.2903796],[-122.8698633,49.2890521],[-122.8685602,49.2880458],[-122.8679899,49.2867536],[-122.8709065,49.2858782],[-122.871489,49.2843109],[-122.8713717,49.2831112],[-122.8729409,49.2818805],[-122.8746577,49.2818857],[-122.8753895,49.2806901],[-122.871474,49.280852],[-122.8689032,49.2794146],[-122.8696758,49.27839],[-122.8692065,49.2759954],[-122.8701256,49.2744813],[-122.8716407,49.2735153],[-122.8741596,49.2731839],[-122.8749012,49.2726029],[-122.8789836,49.2728051],[-122.8779072,49.2744951],[-122.8808375,49.2752904],[-122.8810919,49.279996],[-122.8795374,49.2824756],[-122.8771302,49.2828868],[-122.8764376,49.2851342],[-122.876428,49.2878134],[-122.8766661,49.2885295],[-122.8765917,49.2914129]]]]},"properties":{"a": "1.1468", "t": "CT", "dw": "1247", "hh": "1225", "id": "9330260.04", "key": "CT01", "pop": "3758", "pop2": "3622", "rgid": "59", "rpid": "59933", "ruid": "5915043", "rguid": "5915"}},{"type":"Feature","geometry":{"type":"MultiPolygon","coordinates":[[[[-122.8932844,49.2901709],[-122.8908064,49.2903922],[-122.8872056,49.289911],[-122.8827321,49.2902963],[-122.8797131,49.291195],[-122.8765917,49.2914129],[-122.8766661,49.2885295],[-122.876428,49.2878134],[-122.8764376,49.2851342],[-122.8771302,49.2828868],[-122.8795374,49.2824756],[-122.8810919,49.279996],[-122.8808375,49.2752904],[-122.8779072,49.2744951],[-122.8789836,49.2728051],[-122.8749012,49.2726029],[-122.8741596,49.2731839],[-122.8716407,49.2735153],[-122.8701256,49.2744813],[-122.8692065,49.2759954],[-122.8696758,49.27839],[-122.8689032,49.2794146],[-122.871474,49.280852],[-122.8753895,49.2806901],[-122.8746577,49.2818857],[-122.8729409,49.2818805],[-122.8713717,49.2831112],[-122.871489,49.2843109],[-122.8709065,49.2858782],[-122.8679899,49.2867536],[-122.8674066,49.2837845],[-122.8669556,49.276902],[-122.8667297,49.2760542],[-122.8663543,49.2721062],[-122.8668076,49.2706579],[-122.868459,49.2706348],[-122.8685533,49.2709116],[-122.8731319,49.2710268],[-122.8740035,49.2709251],[-122.8804997,49.2709416],[-122.8805257,49.2705447],[-122.8935376,49.2703319],[-122.8939271,49.2823034],[-122.8941883,49.2874606],[-122.8932844,49.2901709]]]]},"properties":{"a": "3.0719", "t": "CT", "dw": "1463", "hh": "1450", "id": "9330260.05", "key": "CT01", "pop": "3966", "pop2": "3924", "rgid": "59", "rpid": "59933", "ruid": "5915043", "rguid": "5915"}},{"type":"Feature","geometry":{"type":"MultiPolygon","coordinates":[[[[-122.8645439,49.3058443],[-122.8597009,49.3058787],[-122.8568765,49.3081748],[-122.8523721,49.3082547],[-122.8510828,49.2998214],[-122.8458494,49.2999736],[-122.8438838,49.2981576],[-122.8444855,49.2960627],[-122.8436048,49.2952166],[-122.8404354,49.2935964],[-122.8387803,49.2931963],[-122.8383609,49.292518],[-122.8356653,49.2916244],[-122.8355144,49.2908594],[-122.8357072,49.2877531],[-122.8344847,49.2858444],[-122.8355473,49.2853337],[-122.8386624,49.2865375],[-122.842816,49.2867782],[-122.8418979,49.2872069],[-122.8434596,49.2885109],[-122.8468347,49.2893522],[-122.8479106,49.2901088],[-122.8522979,49.2913149],[-122.8545002,49.2924236],[-122.8568861,49.2939654],[-122.8592631,49.2942991],[-122.8618102,49.2956742],[-122.8647969,49.2978301],[-122.8648829,49.301601],[-122.8645439,49.3058443]]]]},"properties":{"a": "2.4269", "t": "CT", "dw": "1404", "hh": "1360", "id": "9330260.06", "key": "CT01", "pop": "3882", "pop2": "3168", "rgid": "59", "rpid": "59933", "ruid": "5915043", "rguid": "5915"}},{"type":"Feature","geometry":{"type":"MultiPolygon","coordinates":[[[[-122.8238161,49.280551],[-122.8281543,49.2804776],[-122.8350644,49.2806015],[-122.835526,49.2811312],[-122.8349463,49.2817389],[-122.8358935,49.2830634],[-122.8349132,49.2840356],[-122.8355473,49.2853337],[-122.8344847,49.2858444],[-122.8331914,49.2851435],[-122.8304172,49.284132],[-122.8295154,49.2855592],[-122.8304344,49.2860433],[-122.8306765,49.2887379],[-122.8299308,49.2896543],[-122.8271481,49.2910264],[-122.8252976,49.2931915],[-122.8245227,49.2945216],[-122.8230654,49.2992018],[-122.8230677,49.2950579],[-122.821165,49.2948741],[-122.8216384,49.2885954],[-122.8213654,49.2870029],[-122.8212454,49.2818874],[-122.8215612,49.2805386],[-122.8238161,49.280551]]]]},"properties":{"a": "1.0794", "t": "CT", "dw": "1471", "hh": "1440", "id": "9330260.07", "key": "CT01", "pop": "3913", "pop2": "3194", "rgid": "59", "rpid": "59933", "ruid": "5915043", "rguid": "5915"}},{"type":"Feature","geometry":{"type":"MultiPolygon","coordinates":[[[[-122.8523721,49.3082547],[-122.8516187,49.3082662],[-122.8510973,49.305956],[-122.8419462,49.3059066],[-122.8419487,49.2998173],[-122.8354134,49.2996941],[-122.8353286,49.3011459],[-122.8356326,49.305944],[-122.8335276,49.3059334],[-122.833702,49.3107891],[-122.8335951,49.3144141],[-122.8277352,49.3144022],[-122.8228445,49.3219634],[-122.8229882,49.3104349],[-122.8230654,49.2992018],[-122.8245227,49.2945216],[-122.8252976,49.2931915],[-122.8271481,49.2910264],[-122.8299308,49.2896543],[-122.8306765,49.2887379],[-122.8304344,49.2860433],[-122.8295154,49.2855592],[-122.8304172,49.284132],[-122.8331914,49.2851435],[-122.8344847,49.2858444],[-122.8357072,49.2877531],[-122.8355144,49.2908594],[-122.8356653,49.2916244],[-122.8383609,49.292518],[-122.8387803,49.2931963],[-122.8404354,49.2935964],[-122.8436048,49.2952166],[-122.8444855,49.2960627],[-122.8438838,49.2981576],[-122.8458494,49.2999736],[-122.8510828,49.2998214],[-122.8523721,49.3082547]]]]},"properties":{"a": "3.4737", "t": "CT", "dw": "1319", "hh": "1240", "id": "9330260.08", "key": "CT01", "pop": "3989", "pop2": "3132", "rgid": "59", "rpid": "59933", "ruid": "5915043", "rguid": "5915"}},{"type":"Feature","geometry":{"type":"MultiPolygon","coordinates":[[[[-122.8168727,49.2388687],[-122.8170169,49.2253044],[-122.816696,49.2240759],[-122.8221899,49.2228382],[-122.8263034,49.2224077],[-122.8313876,49.2222934],[-122.8344544,49.2224431],[-122.8445135,49.2233714],[-122.8529067,49.224411],[-122.8565017,49.2246263],[-122.8583986,49.2252653],[-122.8612598,49.2249432],[-122.8660237,49.2253343],[-122.8660401,49.225787],[-122.8705528,49.2260066],[-122.8746058,49.2257733],[-122.8762231,49.2255185],[-122.8763508,49.2300584],[-122.8752113,49.2308649],[-122.8754302,49.2317651],[-122.8771435,49.232952],[-122.8799423,49.2341212],[-122.8784888,49.2347632],[-122.8779446,49.2345753],[-122.8711896,49.2337044],[-122.8522444,49.2315751],[-122.8524602,49.2330514],[-122.8422609,49.2309151],[-122.8367228,49.2302329],[-122.8336509,49.2305845],[-122.8313293,49.2315133],[-122.825743,49.2341481],[-122.8210596,49.236776],[-122.8168727,49.2388687]]]]},"properties":{"a": "4.3074", "t": "CT", "dw": "1", "id": "9330270.00", "key": "CT01", "rgid": "59", "rpid": "59933", "ruid": "5915034", "rguid": "5915"}},{"type":"Feature","geometry":{"type":"MultiPolygon","coordinates":[[[[-122.8153022,49.2606077],[-122.798077,49.2604046],[-122.7963746,49.2604168],[-122.7973513,49.2597201],[-122.7978641,49.2586506],[-122.7974179,49.2569762],[-122.7983338,49.2547835],[-122.7982577,49.2531822],[-122.7976035,49.2516066],[-122.7957304,49.2495519],[-122.7958846,49.2488954],[-122.7976286,49.2490427],[-122.7990536,49.2469944],[-122.8008234,49.2468896],[-122.8022831,49.2464875],[-122.8028915,49.2454357],[-122.8020611,49.2438779],[-122.8035748,49.2428016],[-122.8062023,49.2422571],[-122.8072517,49.2407841],[-122.8073729,49.2380849],[-122.8062914,49.2369768],[-122.8042057,49.2364251],[-122.8014166,49.2363308],[-122.800458,49.235726],[-122.8008894,49.2343589],[-122.8035398,49.2310807],[-122.8062395,49.2293224],[-122.8066993,49.2277838],[-122.805713,49.226158],[-122.8077284,49.2254536],[-122.8101081,49.2252822],[-122.8136748,49.2247617],[-122.816696,49.2240759],[-122.8170169,49.2253044],[-122.8168727,49.2388687],[-122.8168273,49.2492895],[-122.8167912,49.2606251],[-122.8153022,49.2606077]]]]},"properties":{"a": "4.3082", "t": "CT", "dw": "1087", "hh": "1050", "id": "9330280.00", "key": "CT01", "pop": "4021", "pop2": "3975", "rgid": "59", "rpid": "59933", "ruid": "5915034", "rguid": "5915"}},{"type":"Feature","geometry":{"type":"MultiPolygon","coordinates":[[[[-122.8341918,49.2492271],[-122.8168273,49.2492895],[-122.8168727,49.2388687],[-122.8210596,49.236776],[-122.825743,49.2341481],[-122.8313293,49.2315133],[-122.8336509,49.2305845],[-122.8367228,49.2302329],[-122.836689,49.2314988],[-122.8339134,49.2343366],[-122.8341918,49.2492271]]]]},"properties":{"a": "2.1136", "t": "CT", "dw": "2168", "hh": "2065", "id": "9330281.01", "key": "CT01", "pop": "6417", "pop2": "6127", "rgid": "59", "rpid": "59933", "ruid": "5915034", "rguid": "5915"}},{"type":"Feature","geometry":{"type":"MultiPolygon","coordinates":[[[[-122.8521645,49.2492515],[-122.8341918,49.2492271],[-122.8339134,49.2343366],[-122.836689,49.2314988],[-122.8367228,49.2302329],[-122.8422609,49.2309151],[-122.8524602,49.2330514],[-122.8521764,49.2452666],[-122.8521645,49.2492515]]]]},"properties":{"a": "2.5975", "t": "CT", "dw": "2358", "hh": "2315", "id": "9330281.02", "key": "CT01", "pop": "6000", "pop2": "5931", "rgid": "59", "rpid": "59933", "ruid": "5915034", "rguid": "5915"}},{"type":"Feature","geometry":{"type":"MultiPolygon","coordinates":[[[[-122.8691892,49.249245],[-122.8521645,49.2492515],[-122.8521764,49.2452666],[-122.8524602,49.2330514],[-122.8522444,49.2315751],[-122.8711896,49.2337044],[-122.8779446,49.2345753],[-122.8784888,49.2347632],[-122.8729038,49.2367098],[-122.8727281,49.2461734],[-122.8691892,49.249245]]]]},"properties":{"a": "2.765", "t": "CT", "dw": "3099", "hh": "3035", "id": "9330282.00", "key": "CT01", "pop": "7822", "pop2": "6942", "rgid": "59", "rpid": "59933", "ruid": "5915034", "rguid": "5915"}},{"type":"Feature","geometry":{"type":"MultiPolygon","coordinates":[[[[-122.8927408,49.2491973],[-122.8691892,49.249245],[-122.8727281,49.2461734],[-122.8729038,49.2367098],[-122.8784888,49.2347632],[-122.8799423,49.2341212],[-122.8810817,49.2349464],[-122.8833754,49.2351107],[-122.8863953,49.2360222],[-122.8905015,49.2365659],[-122.8921189,49.2381686],[-122.8926881,49.2383301],[-122.8926925,49.2460759],[-122.8927408,49.2491973]]]]},"properties":{"a": "2.2031", "t": "CT", "dw": "2530", "hh": "2490", "id": "9330283.00", "key": "CT01", "pop": "6166", "pop2": "6022", "rgid": "59", "rpid": "59933", "ruid": "5915034", "rguid": "5915"}},{"type":"Feature","geometry":{"type":"MultiPolygon","coordinates":[[[[-122.8932114,49.2603069],[-122.8785098,49.2601412],[-122.8689819,49.260075],[-122.8691297,49.2539412],[-122.8691892,49.249245],[-122.8927408,49.2491973],[-122.893034,49.2533804],[-122.8932204,49.256169],[-122.8932114,49.2603069]]]]},"properties":{"a": "2.1317", "t": "CT", "dw": "2753", "hh": "2685", "id": "9330284.01", "key": "CT01", "pop": "6744", "pop2": "6489", "rgid": "59", "rpid": "59933", "ruid": "5915034", "rguid": "5915"}},{"type":"Feature","geometry":{"type":"MultiPolygon","coordinates":[[[[-122.8933154,49.2630775],[-122.8935376,49.2703319],[-122.8805257,49.2705447],[-122.8804997,49.2709416],[-122.8740035,49.2709251],[-122.8731319,49.2710268],[-122.8685533,49.2709116],[-122.868459,49.2706348],[-122.8686375,49.2655347],[-122.8689819,49.260075],[-122.8785098,49.2601412],[-122.8932114,49.2603069],[-122.8933154,49.2630775]]]]},"properties":{"a": "2.0987", "t": "CT", "dw": "2389", "hh": "2330", "id": "9330284.02", "key": "CT01", "pop": "5938", "pop2": "6005", "rgid": "59", "rpid": "59933", "ruid": "5915034", "rguid": "5915"}},{"type":"Feature","geometry":{"type":"MultiPolygon","coordinates":[[[[-122.8691297,49.2539412],[-122.8634641,49.253984],[-122.8521506,49.253929],[-122.8521645,49.2492515],[-122.8691892,49.249245],[-122.8691297,49.2539412]]]]},"properties":{"a": "0.6437", "t": "CT", "dw": "1748", "hh": "1705", "id": "9330285.01", "key": "CT01", "pop": "3202", "pop2": "3067", "rgid": "59", "rpid": "59933", "ruid": "5915034", "rguid": "5915"}},{"type":"Feature","geometry":{"type":"MultiPolygon","coordinates":[[[[-122.8668076,49.2706579],[-122.8630209,49.2706534],[-122.856553,49.2708786],[-122.852205,49.2709153],[-122.8526349,49.2666398],[-122.8526715,49.2635995],[-122.8518995,49.2635812],[-122.8521506,49.253929],[-122.8634641,49.253984],[-122.8691297,49.2539412],[-122.8689819,49.260075],[-122.8686375,49.2655347],[-122.868459,49.2706348],[-122.8668076,49.2706579]]]]},"properties":{"a": "2.2579", "t": "CT", "dw": "1780", "hh": "1760", "id": "9330285.02", "key": "CT01", "pop": "5522", "pop2": "5489", "rgid": "59", "rpid": "59933", "ruid": "5915034", "rguid": "5915"}},{"type":"Feature","geometry":{"type":"MultiPolygon","coordinates":[[[[-122.8518995,49.2635812],[-122.8464318,49.2634654],[-122.842377,49.2635139],[-122.8301132,49.2633067],[-122.81605,49.2632234],[-122.8152862,49.2631295],[-122.8153022,49.2606077],[-122.8167912,49.2606251],[-122.8168273,49.2492895],[-122.8341918,49.2492271],[-122.8521645,49.2492515],[-122.8521506,49.253929],[-122.8518995,49.2635812]]]]},"properties":{"a": "4.0717", "t": "CT", "dw": "2051", "hh": "1930", "id": "9330286.01", "key": "CT01", "pop": "5815", "pop2": "5755", "rgid": "59", "rpid": "59933", "ruid": "5915034", "rguid": "5915"}},{"type":"Feature","geometry":{"type":"MultiPolygon","coordinates":[[[[-122.8163513,49.2766445],[-122.8085013,49.2764968],[-122.8040083,49.2758146],[-122.8019232,49.2750259],[-122.7934582,49.2705161],[-122.7909081,49.269428],[-122.7909497,49.2655732],[-122.7912798,49.2651406],[-122.791306,49.2610415],[-122.7952583,49.2607687],[-122.7963746,49.2604168],[-122.798077,49.2604046],[-122.8153022,49.2606077],[-122.8152862,49.2631295],[-122.81605,49.2632234],[-122.8159858,49.2676127],[-122.8157593,49.2741854],[-122.8161799,49.2748287],[-122.8163513,49.2766445]]]]},"properties":{"a": "2.789", "t": "CT", "dw": "2332", "hh": "2235", "id": "9330286.02", "key": "CT01", "pop": "6978", "pop2": "6866", "rgid": "59", "rpid": "59933", "ruid": "5915034", "rguid": "5915"}},{"type":"Feature","geometry":{"type":"MultiPolygon","coordinates":[[[[-122.852205,49.2709153],[-122.8461595,49.2710685],[-122.8463478,49.2727452],[-122.8358391,49.2727073],[-122.8358161,49.2732286],[-122.8313896,49.2731863],[-122.8291459,49.2729893],[-122.8247645,49.2728706],[-122.8237477,49.2733924],[-122.8239654,49.2767802],[-122.8163513,49.2766445],[-122.8161799,49.2748287],[-122.8157593,49.2741854],[-122.8159858,49.2676127],[-122.81605,49.2632234],[-122.8301132,49.2633067],[-122.842377,49.2635139],[-122.8464318,49.2634654],[-122.8518995,49.2635812],[-122.8526715,49.2635995],[-122.8526349,49.2666398],[-122.852205,49.2709153]]]]},"properties":{"a": "2.9606", "t": "CT", "dw": "1432", "hh": "1415", "id": "9330286.03", "key": "CT01", "pop": "4125", "pop2": "4243", "rgid": "59", "rpid": "59933", "ruid": "5915034", "rguid": "5915"}},{"type":"Feature","geometry":{"type":"MultiPolygon","coordinates":[[[[-122.780978,49.2930221],[-122.7792269,49.2965291],[-122.7780804,49.299338],[-122.7749588,49.3034254],[-122.7709977,49.3035207],[-122.7701609,49.303839],[-122.7692778,49.303131],[-122.7696956,49.3017206],[-122.7687906,49.2998432],[-122.7688982,49.2989306],[-122.7699935,49.296711],[-122.7715634,49.2962553],[-122.7734767,49.2965285],[-122.7747427,49.2961446],[-122.7749151,49.2942475],[-122.7735587,49.2934881],[-122.7724797,49.2915881],[-122.7726919,49.2906076],[-122.7721771,49.2886642],[-122.7713718,49.2873582],[-122.7718708,49.2867379],[-122.7738548,49.2855282],[-122.7765096,49.2824032],[-122.7769076,49.2798848],[-122.7766855,49.2784918],[-122.7823159,49.2784173],[-122.7885649,49.2784473],[-122.7838877,49.28805],[-122.780978,49.2930221]]]]},"properties":{"a": "1.8836", "t": "CT", "dw": "2343", "hh": "2305", "id": "9330287.01", "key": "CT01", "pop": "7197", "pop2": "6708", "rgid": "59", "rpid": "59933", "ruid": "5915034", "rguid": "5915"}},{"type":"Feature","geometry":{"type":"MultiPolygon","coordinates":[[[[-122.7736796,49.3510362],[-122.7579416,49.351357],[-122.6977018,49.3510833],[-122.6610836,49.3509915],[-122.6414121,49.3512156],[-122.6461939,49.3489204],[-122.647307,49.3489107],[-122.6481674,49.3480062],[-122.6493369,49.3475054],[-122.6515013,49.346045],[-122.6548403,49.3444047],[-122.6574563,49.3419484],[-122.6584738,49.3413026],[-122.6594417,49.3413833],[-122.6600636,49.3389546],[-122.6602582,49.337175],[-122.6623086,49.3352306],[-122.6638512,49.3347297],[-122.66716,49.3307567],[-122.6679129,49.3302321],[-122.667173,49.329482],[-122.6673613,49.3280287],[-122.6691608,49.3272333],[-122.6684393,49.3259453],[-122.668822,49.3233317],[-122.6708164,49.3213769],[-122.6733246,49.3197755],[-122.6740529,49.3189935],[-122.676973,49.318078],[-122.6787926,49.3162402],[-122.6802331,49.3153911],[-122.6806703,49.3136919],[-122.6800927,49.3127424],[-122.6805373,49.3117628],[-122.6803434,49.3099272],[-122.681215,49.3094976],[-122.6815405,49.307969],[-122.6795638,49.3053826],[-122.6776175,49.3017608],[-122.6753667,49.2991277],[-122.6734883,49.2982139],[-122.6702466,49.2974323],[-122.6682259,49.2973176],[-122.665261,49.2964012],[-122.6636186,49.2950019],[-122.6638086,49.293725],[-122.6658358,49.2928763],[-122.6672935,49.2928083],[-122.6711869,49.2922112],[-122.6753747,49.2912456],[-122.6870187,49.2895348],[-122.6897348,49.2890739],[-122.697074,49.2869034],[-122.7017437,49.2853341],[-122.7043095,49.2838561],[-122.7071205,49.2818572],[-122.7099149,49.278568],[-122.7136907,49.2786432],[-122.7339168,49.2784611],[-122.7341166,49.2803255],[-122.7339084,49.2840185],[-122.7340888,49.2857691],[-122.7504917,49.28584],[-122.756171,49.2857982],[-122.7616433,49.2858906],[-122.7615302,49.2893895],[-122.7673145,49.2894318],[-122.7675076,49.2879157],[-122.7671905,49.2868148],[-122.7672068,49.2783461],[-122.7763409,49.2784942],[-122.7765596,49.2804607],[-122.7764168,49.28171],[-122.7730572,49.285716],[-122.7715123,49.2866938],[-122.7709157,49.2876366],[-122.7713809,49.2886899],[-122.7715228,49.288905],[-122.7723493,49.2898798],[-122.7720697,49.29216],[-122.7735564,49.2938566],[-122.7745985,49.2945158],[-122.7740422,49.2961881],[-122.7715948,49.295976],[-122.7699263,49.296252],[-122.7690534,49.2979371],[-122.7690011,49.298017],[-122.7684818,49.2997933],[-122.7692846,49.3012887],[-122.76896,49.3033833],[-122.7697955,49.3039601],[-122.7720364,49.3043252],[-122.7724868,49.3047576],[-122.7723419,49.3064479],[-122.7711493,49.3084606],[-122.7711482,49.3092881],[-122.7719137,49.3098841],[-122.7717001,49.3115473],[-122.7705395,49.3126695],[-122.7680262,49.3144547],[-122.7674976,49.3159644],[-122.7693163,49.3187591],[-122.7701375,49.3199554],[-122.770177,49.3200125],[-122.7703217,49.3202217],[-122.7703429,49.3202931],[-122.7705274,49.3209459],[-122.7705955,49.3215202],[-122.7696096,49.3233266],[-122.7696729,49.3243787],[-122.7711356,49.3262457],[-122.7723,49.3273261],[-122.7724916,49.3281081],[-122.7701748,49.3305539],[-122.7694686,49.3312021],[-122.7678058,49.3324259],[-122.7677066,49.3330455],[-122.7677327,49.3331549],[-122.767354,49.3335306],[-122.7668694,49.3340653],[-122.7669457,49.3352738],[-122.7690007,49.336267],[-122.7706785,49.3371579],[-122.7712123,49.3379601],[-122.7712404,49.3380941],[-122.7707984,49.3391838],[-122.770302,49.3403591],[-122.7704068,49.3406562],[-122.7707545,49.3409196],[-122.7712748,49.3411581],[-122.7726728,49.3424202],[-122.7723496,49.3438408],[-122.7703209,49.3449072],[-122.7699998,49.3458511],[-122.7707371,49.3471748],[-122.7722721,49.348707],[-122.7736796,49.3510362]]],[[[-122.6371733,49.3512061],[-122.6347415,49.3512119],[-122.6342953,49.3512137],[-122.6269851,49.3512273],[-122.6300528,49.3494902],[-122.6310002,49.3480451],[-122.6327258,49.3475291],[-122.6350336,49.3461789],[-122.6371649,49.3446286],[-122.6386017,49.3441748],[-122.6408425,49.3426884],[-122.6458785,49.3409858],[-122.6467872,49.3411238],[-122.648862,49.3396636],[-122.6506431,49.3387963],[-122.6525351,49.3382265],[-122.6553353,49.3370394],[-122.6567928,49.3373129],[-122.6560271,49.3388666],[-122.6545529,49.3387996],[-122.6539154,49.3395793],[-122.6527964,49.3418887],[-122.6516309,49.3432795],[-122.6502611,49.3440488],[-122.6482673,49.3457164],[-122.6457775,49.347319],[-122.64522,49.3465874],[-122.6463106,49.3459256],[-122.6478962,49.3439151],[-122.6505989,49.3412615],[-122.6530165,49.3401259],[-122.6527055,49.3391444],[-122.6508108,49.3403979],[-122.6488122,49.3409852],[-122.6485998,49.3417854],[-122.6454249,49.3428554],[-122.6448877,49.3446889],[-122.6437981,49.3452067],[-122.6445622,49.3461712],[-122.6442734,49.347791],[-122.6426709,49.3485955],[-122.6411651,49.3474927],[-122.6370673,49.3503678],[-122.6371733,49.3512061]]]]},"properties":{"a": "56.0313", "t": "CT", "dw": "1239", "hh": "1215", "id": "9330287.02", "key": "CT01", "pop": "3914", "pop2": "3666", "rgid": "59", "rpid": "59933", "ruid": "5915034", "rguid": "5915"}},{"type":"Feature","geometry":{"type":"MultiPolygon","coordinates":[[[[-122.8229882,49.3104349],[-122.8188441,49.3091299],[-122.8100863,49.3068],[-122.8102411,49.3058698],[-122.8113034,49.3052437],[-122.8122599,49.3040552],[-122.8116707,49.2998265],[-122.8109745,49.2984581],[-122.8106647,49.2967395],[-122.8097343,49.2954787],[-122.8097175,49.2941058],[-122.808825,49.2923468],[-122.8094244,49.290243],[-122.8107119,49.2880053],[-122.8117617,49.2867926],[-122.8119625,49.2856185],[-122.8103929,49.2851218],[-122.8085498,49.282457],[-122.8085013,49.2764968],[-122.8163513,49.2766445],[-122.8239654,49.2767802],[-122.8238161,49.280551],[-122.8215612,49.2805386],[-122.8212454,49.2818874],[-122.8213654,49.2870029],[-122.8216384,49.2885954],[-122.821165,49.2948741],[-122.8230677,49.2950579],[-122.8230654,49.2992018],[-122.8229882,49.3104349]]]]},"properties":{"a": "3.1552", "t": "CT", "dw": "2610", "hh": "2525", "id": "9330287.04", "key": "CT01", "pop": "8217", "pop2": "7368", "rgid": "59", "rpid": "59933", "ruid": "5915034", "rguid": "5915"}},{"type":"Feature","geometry":{"type":"MultiPolygon","coordinates":[[[[-122.8020525,49.2957346],[-122.7977024,49.2974039],[-122.795798,49.2973495],[-122.7934096,49.2966097],[-122.7907664,49.2945832],[-122.7877501,49.2930568],[-122.780978,49.2930221],[-122.7838877,49.28805],[-122.7885649,49.2784473],[-122.7907026,49.2782229],[-122.7908929,49.2736737],[-122.7909081,49.269428],[-122.7934582,49.2705161],[-122.8019232,49.2750259],[-122.8021232,49.2775407],[-122.8019115,49.2801263],[-122.8015725,49.2901128],[-122.8007628,49.2911018],[-122.800739,49.2944061],[-122.8020525,49.2957346]]]]},"properties":{"a": "2.8606", "t": "CT", "dw": "4216", "hh": "4095", "id": "9330287.05", "key": "CT01", "pop": "8711", "pop2": "6837", "rgid": "59", "rpid": "59933", "ruid": "5915034", "rguid": "5915"}},{"type":"Feature","geometry":{"type":"MultiPolygon","coordinates":[[[[-122.8097175,49.2941058],[-122.8050803,49.2943997],[-122.8020525,49.2957346],[-122.800739,49.2944061],[-122.8007628,49.2911018],[-122.8015725,49.2901128],[-122.8019115,49.2801263],[-122.8021232,49.2775407],[-122.8019232,49.2750259],[-122.8040083,49.2758146],[-122.8085013,49.2764968],[-122.8085498,49.282457],[-122.8103929,49.2851218],[-122.8119625,49.2856185],[-122.8117617,49.2867926],[-122.8107119,49.2880053],[-122.8094244,49.290243],[-122.808825,49.2923468],[-122.8097175,49.2941058]]]]},"properties":{"a": "1.1926", "t": "CT", "dw": "1635", "hh": "1605", "id": "9330287.06", "key": "CT01", "pop": "4202", "pop2": "3895", "rgid": "59", "rpid": "59933", "ruid": "5915034", "rguid": "5915"}},{"type":"Feature","geometry":{"type":"MultiPolygon","coordinates":[[[[-122.8228445,49.3219634],[-122.8227143,49.3305272],[-122.82261,49.3453557],[-122.8226335,49.3515911],[-122.7757135,49.3510216],[-122.7736796,49.3510362],[-122.7722721,49.348707],[-122.7707371,49.3471748],[-122.7699998,49.3458511],[-122.7703209,49.3449072],[-122.7723496,49.3438408],[-122.7726728,49.3424202],[-122.7712748,49.3411581],[-122.7705088,49.3400416],[-122.7714913,49.3387124],[-122.7713592,49.3376138],[-122.7703727,49.3364703],[-122.76849,49.3358371],[-122.7673796,49.3350075],[-122.7672454,49.3342775],[-122.7680792,49.3326968],[-122.7694193,49.3318538],[-122.7706775,49.3303454],[-122.772778,49.3282892],[-122.772743,49.3270121],[-122.7713475,49.3251114],[-122.7705118,49.3247229],[-122.7700215,49.3234172],[-122.7707713,49.3221861],[-122.7709818,49.3208561],[-122.7705602,49.3197125],[-122.7685132,49.3171092],[-122.7683772,49.3168813],[-122.7678392,49.3160568],[-122.7678137,49.3160056],[-122.7680955,49.3149309],[-122.7718774,49.3117813],[-122.7722555,49.3104952],[-122.7713836,49.3083988],[-122.7720538,49.3073249],[-122.7723331,49.3069617],[-122.7726614,49.3063885],[-122.7729611,49.3056347],[-122.7730196,49.3052714],[-122.7727402,49.304427],[-122.7726039,49.3043415],[-122.770661,49.3039176],[-122.7706362,49.3039167],[-122.7701609,49.303839],[-122.7709977,49.3035207],[-122.7749588,49.3034254],[-122.7780804,49.299338],[-122.7792269,49.2965291],[-122.780978,49.2930221],[-122.7877501,49.2930568],[-122.7907664,49.2945832],[-122.7934096,49.2966097],[-122.795798,49.2973495],[-122.7977024,49.2974039],[-122.8020525,49.2957346],[-122.8050803,49.2943997],[-122.8097175,49.2941058],[-122.8097343,49.2954787],[-122.8106647,49.2967395],[-122.8109745,49.2984581],[-122.8116707,49.2998265],[-122.8122599,49.3040552],[-122.8113034,49.3052437],[-122.8102411,49.3058698],[-122.8100863,49.3068],[-122.8188441,49.3091299],[-122.8229882,49.3104349],[-122.8228445,49.3219634]]]]},"properties":{"a": "21.8933", "t": "CT", "dw": "3720", "hh": "3475", "id": "9330287.07", "key": "CT01", "pop": "11914", "pop2": "6433", "rgid": "59", "rpid": "59933", "ruid": "5915034", "rguid": "5915"}},{"type":"Feature","geometry":{"type":"MultiPolygon","coordinates":[[[[-122.7796571,49.2646005],[-122.7720012,49.2612736],[-122.7556088,49.2542953],[-122.7458484,49.2501729],[-122.7431384,49.2491269],[-122.7429001,49.2493641],[-122.7367428,49.2467163],[-122.7381282,49.2462388],[-122.7428349,49.2452469],[-122.7487417,49.2428898],[-122.7523195,49.2416931],[-122.7577648,49.2392174],[-122.7605307,49.237708],[-122.7611858,49.2395966],[-122.7624514,49.2407453],[-122.7623549,49.2494075],[-122.7624351,49.2527359],[-122.7639299,49.2533776],[-122.7741008,49.2533661],[-122.7752924,49.253814],[-122.778603,49.2540723],[-122.7827091,49.2547097],[-122.7883885,49.2547397],[-122.7925918,49.2519436],[-122.7933449,49.2522857],[-122.7965468,49.250948],[-122.7972868,49.2519656],[-122.7980191,49.2544852],[-122.797144,49.2566612],[-122.7973387,49.2591989],[-122.7958488,49.260455],[-122.7934449,49.2605409],[-122.7900213,49.2611359],[-122.786677,49.2622099],[-122.7827627,49.2643167],[-122.7816361,49.2654647],[-122.7796571,49.2646005]]],[[[-122.791306,49.2610415],[-122.7912798,49.2651406],[-122.7909497,49.2655732],[-122.7909081,49.269428],[-122.7819983,49.2656193],[-122.7825123,49.2650904],[-122.7844667,49.2642212],[-122.7849938,49.2633136],[-122.7865634,49.2625075],[-122.791306,49.2610415]]]]},"properties":{"a": "4.5372", "t": "CT", "dw": "2916", "hh": "2780", "id": "9330290.02", "key": "CT01", "pop": "6072", "pop2": "5193", "rgid": "59", "rpid": "59933", "ruid": "5915039", "rguid": "5915"}},{"type":"Feature","geometry":{"type":"MultiPolygon","coordinates":[[[[-122.7965468,49.250948],[-122.7933449,49.2522857],[-122.7925918,49.2519436],[-122.7883885,49.2547397],[-122.7827091,49.2547097],[-122.778603,49.2540723],[-122.7752924,49.253814],[-122.7741008,49.2533661],[-122.7726856,49.2516755],[-122.7718748,49.2495826],[-122.7718955,49.2484282],[-122.7735429,49.2460437],[-122.7734481,49.2424225],[-122.7737861,49.2406331],[-122.7732257,49.2400023],[-122.7770479,49.2393351],[-122.7846186,49.2390616],[-122.8068731,49.2384768],[-122.806467,49.2414923],[-122.8052,49.2421473],[-122.8032744,49.2424054],[-122.8015798,49.2436525],[-122.8016596,49.2445793],[-122.8023971,49.2456322],[-122.8016103,49.2463958],[-122.7982964,49.246904],[-122.7974499,49.2487011],[-122.7954061,49.2485532],[-122.7949741,49.2494433],[-122.7965468,49.250948]]]]},"properties":{"a": "3.2633", "t": "CT", "dw": "2098", "hh": "2055", "id": "9330290.03", "key": "CT01", "pop": "6248", "pop2": "5930", "rgid": "59", "rpid": "59933", "ruid": "5915804", "rguid": "5915"}},{"type":"Feature","geometry":{"type":"MultiPolygon","coordinates":[[[[-122.8068731,49.2384768],[-122.7846186,49.2390616],[-122.7770479,49.2393351],[-122.7732257,49.2400023],[-122.7722822,49.2392349],[-122.771349,49.2367542],[-122.7681985,49.2336702],[-122.7719041,49.2310786],[-122.7726657,49.2302211],[-122.7743287,49.2292095],[-122.7779386,49.2283577],[-122.7889301,49.2271295],[-122.794401,49.226783],[-122.7967727,49.2262889],[-122.8001384,49.2259672],[-122.8040505,49.2259181],[-122.8054797,49.2269374],[-122.8057647,49.2276659],[-122.8048788,49.2294997],[-122.8037367,49.2301357],[-122.80092,49.2334244],[-122.8001725,49.2345829],[-122.8000038,49.2361022],[-122.8016767,49.236807],[-122.8053305,49.2371008],[-122.8066864,49.2379039],[-122.8068731,49.2384768]]],[[[-122.7652471,49.216678],[-122.7681732,49.2160729],[-122.7735682,49.21577],[-122.7763301,49.2159631],[-122.7840382,49.2174634],[-122.7879025,49.2183485],[-122.7913323,49.2187045],[-122.792055,49.2195231],[-122.7889034,49.2210098],[-122.7855565,49.223078],[-122.7805421,49.2253285],[-122.7773232,49.2262844],[-122.7717035,49.2262094],[-122.7687896,49.2262669],[-122.7669975,49.2256196],[-122.7640091,49.2234881],[-122.762181,49.2217453],[-122.760984,49.2202601],[-122.7597663,49.2195732],[-122.7592544,49.2185621],[-122.7596364,49.217836],[-122.7615316,49.2173396],[-122.7652471,49.216678]]]]},"properties":{"a": "4.9017", "t": "CT", "dw": "2228", "hh": "2190", "id": "9330290.04", "key": "CT01", "pop": "6724", "pop2": "5866", "rgid": "59", "rpid": "59933", "ruid": "5915039", "rguid": "5915"}},{"type":"Feature","geometry":{"type":"MultiPolygon","coordinates":[[[[-122.7681985,49.2336702],[-122.771349,49.2367542],[-122.7722822,49.2392349],[-122.7732257,49.2400023],[-122.7737861,49.2406331],[-122.7734481,49.2424225],[-122.7735429,49.2460437],[-122.7718955,49.2484282],[-122.7718748,49.2495826],[-122.7726856,49.2516755],[-122.7741008,49.2533661],[-122.7639299,49.2533776],[-122.7624351,49.2527359],[-122.7623549,49.2494075],[-122.7624514,49.2407453],[-122.7611858,49.2395966],[-122.7605307,49.237708],[-122.7625119,49.2365461],[-122.7660714,49.2348792],[-122.7681985,49.2336702]]]]},"properties":{"a": "1.5487", "t": "CT", "dw": "1123", "hh": "1100", "id": "9330290.05", "key": "CT01", "pop": "3522", "pop2": "3485", "rgid": "59", "rpid": "59933", "ruid": "5915039", "rguid": "5915"}},{"type":"Feature","geometry":{"type":"MultiPolygon","coordinates":[[[[-122.7763409,49.2784942],[-122.7672068,49.2783461],[-122.7671452,49.2651139],[-122.7672916,49.2635793],[-122.776254,49.2674253],[-122.7773997,49.2667577],[-122.7796571,49.2646005],[-122.7816361,49.2654647],[-122.7806354,49.2666962],[-122.7807972,49.2677397],[-122.7786641,49.2709024],[-122.7779696,49.2726821],[-122.77688,49.2734812],[-122.7763203,49.2757461],[-122.7763409,49.2784942]]],[[[-122.7819983,49.2656193],[-122.7909081,49.269428],[-122.7908929,49.2736737],[-122.7907026,49.2782229],[-122.7885649,49.2784473],[-122.7823159,49.2784173],[-122.7766855,49.2784918],[-122.7766324,49.2767542],[-122.7769532,49.2753786],[-122.7768779,49.2739845],[-122.7782849,49.2726825],[-122.7793973,49.2703461],[-122.7808065,49.268729],[-122.7813604,49.2676328],[-122.7810489,49.2664184],[-122.7819983,49.2656193]]]]},"properties":{"a": "2.2781", "t": "CT", "dw": "2563", "hh": "2495", "id": "9330291.01", "key": "CT01", "pop": "6509", "pop2": "6287", "rgid": "59", "rpid": "59933", "ruid": "5915039", "rguid": "5915"}},{"type":"Feature","geometry":{"type":"MultiPolygon","coordinates":[[[[-122.7672068,49.2783461],[-122.7671905,49.2868148],[-122.7675076,49.2879157],[-122.7673145,49.2894318],[-122.7615302,49.2893895],[-122.7616433,49.2858906],[-122.756171,49.2857982],[-122.7562386,49.2839756],[-122.7562842,49.2712082],[-122.7563303,49.2674124],[-122.7561886,49.260252],[-122.7567244,49.2585897],[-122.7560818,49.2578045],[-122.7556088,49.2542953],[-122.7720012,49.2612736],[-122.7796571,49.2646005],[-122.7773997,49.2667577],[-122.776254,49.2674253],[-122.7672916,49.2635793],[-122.7671452,49.2651139],[-122.7672068,49.2783461]]]]},"properties":{"a": "3.1107", "t": "CT", "dw": "2716", "hh": "2640", "id": "9330291.02", "key": "CT01", "pop": "7772", "pop2": "7388", "rgid": "59", "rpid": "59933", "ruid": "5915039", "rguid": "5915"}},{"type":"Feature","geometry":{"type":"MultiPolygon","coordinates":[[[[-122.756171,49.2857982],[-122.7504917,49.28584],[-122.7340888,49.2857691],[-122.7381714,49.2833132],[-122.7385825,49.2827981],[-122.7386127,49.2802997],[-122.7395509,49.2723511],[-122.7399664,49.2712716],[-122.754538,49.2712585],[-122.7562842,49.2712082],[-122.7562386,49.2839756],[-122.756171,49.2857982]]]]},"properties":{"a": "2.0836", "t": "CT", "dw": "1779", "hh": "1750", "id": "9330292.01", "key": "CT01", "pop": "5762", "pop2": "5762", "rgid": "59", "rpid": "59933", "ruid": "5915039", "rguid": "5915"}},{"type":"Feature","geometry":{"type":"MultiPolygon","coordinates":[[[[-122.7340888,49.2857691],[-122.7339084,49.2840185],[-122.7341166,49.2803255],[-122.7339168,49.2784611],[-122.7136907,49.2786432],[-122.7099149,49.278568],[-122.7106327,49.2777941],[-122.7120431,49.2747325],[-122.7130033,49.2733713],[-122.7138316,49.2708665],[-122.7149695,49.2697212],[-122.7160784,49.2677148],[-122.7176479,49.2665796],[-122.7204747,49.2622762],[-122.7218759,49.2596537],[-122.7223761,49.2580936],[-122.7239477,49.2556106],[-122.7261952,49.2533686],[-122.7292975,49.2508328],[-122.7296784,49.2500272],[-122.7322975,49.248093],[-122.7367428,49.2467163],[-122.7429001,49.2493641],[-122.7431384,49.2491269],[-122.7458484,49.2501729],[-122.7556088,49.2542953],[-122.7560818,49.2578045],[-122.7567244,49.2585897],[-122.7561886,49.260252],[-122.7563303,49.2674124],[-122.7562842,49.2712082],[-122.754538,49.2712585],[-122.7399664,49.2712716],[-122.7395509,49.2723511],[-122.7386127,49.2802997],[-122.7385825,49.2827981],[-122.7381714,49.2833132],[-122.7340888,49.2857691]]]]},"properties":{"a": "7.8647", "t": "CT", "dw": "2829", "hh": "2750", "id": "9330292.02", "key": "CT01", "pop": "8653", "pop2": "6771", "rgid": "59", "rpid": "59933", "ruid": "5915039", "rguid": "5915"}},{"type":"Feature","geometry":{"type":"MultiPolygon","coordinates":[[[[-122.5854532,49.2001437],[-122.5854763,49.2001967],[-122.5824097,49.1985145],[-122.5803655,49.1983812],[-122.5798502,49.1992608],[-122.5807795,49.19975],[-122.5829856,49.2002167],[-122.5830608,49.2010715],[-122.5824073,49.2020497],[-122.5807598,49.2027257],[-122.581203,49.2032417],[-122.5795924,49.2037395],[-122.5793578,49.2069192],[-122.5791473,49.2206312],[-122.5591692,49.2205279],[-122.5347508,49.2204609],[-122.5233783,49.2206484],[-122.5122674,49.2207639],[-122.5006904,49.2204948],[-122.4986349,49.2203458],[-122.4906914,49.2201829],[-122.4822682,49.2200936],[-122.4669704,49.220069],[-122.4589927,49.2200108],[-122.4613036,49.2183606],[-122.4624041,49.2169175],[-122.4642376,49.2162514],[-122.4657586,49.2165463],[-122.4671993,49.2153745],[-122.4694093,49.2154477],[-122.4701289,49.2149203],[-122.4719447,49.2146137],[-122.4737847,49.2146131],[-122.4746436,49.2151927],[-122.4773465,49.2154029],[-122.4792595,49.2149888],[-122.4821662,49.212771],[-122.4837409,49.2118695],[-122.4880151,49.2088121],[-122.4883944,49.2079772],[-122.4900205,49.2073907],[-122.4919804,49.2050426],[-122.4941539,49.2046024],[-122.4949706,49.2052986],[-122.4989735,49.207232],[-122.4992356,49.2084655],[-122.5013471,49.2101118],[-122.5021813,49.2104482],[-122.5050248,49.2102985],[-122.5061531,49.2114368],[-122.5080553,49.2120746],[-122.5108485,49.2114658],[-122.5118864,49.2120369],[-122.5142675,49.2114532],[-122.5163495,49.2119567],[-122.5184665,49.2117047],[-122.5198108,49.2118362],[-122.5229601,49.2113095],[-122.5240403,49.2103515],[-122.5266092,49.2102001],[-122.5295042,49.2089706],[-122.5314923,49.2078003],[-122.5332523,49.2075106],[-122.5345806,49.206936],[-122.5344044,49.1988538],[-122.5345007,49.1962884],[-122.5364909,49.1951368],[-122.5379321,49.1939214],[-122.5396612,49.1915246],[-122.540348,49.1902278],[-122.5411228,49.1878153],[-122.540549,49.1873392],[-122.5393591,49.1848067],[-122.5386776,49.1843159],[-122.5348045,49.1841279],[-122.5391859,49.1791612],[-122.5409239,49.176243],[-122.5445696,49.177268],[-122.5479445,49.1785598],[-122.5544854,49.1807161],[-122.5601492,49.1826896],[-122.5726352,49.1860376],[-122.5741497,49.1870691],[-122.5771705,49.1897611],[-122.5801309,49.1934962],[-122.5822336,49.19658],[-122.5854532,49.2001437]]]]},"properties":{"a": "19.0275", "t": "CT", "dw": "3062", "hh": "2950", "id": "9330400.01", "key": "CT01", "pop": "9186", "pop2": "5883", "rgid": "59", "rpid": "59933", "ruid": "5915075", "rguid": "5915"}},{"type":"Feature","geometry":{"type":"MultiPolygon","coordinates":[[[[-122.5409239,49.176243],[-122.5391859,49.1791612],[-122.5348045,49.1841279],[-122.5386776,49.1843159],[-122.5393591,49.1848067],[-122.540549,49.1873392],[-122.5411228,49.1878153],[-122.540348,49.1902278],[-122.5396612,49.1915246],[-122.5379321,49.1939214],[-122.5364909,49.1951368],[-122.5345007,49.1962884],[-122.5344044,49.1988538],[-122.5345806,49.206936],[-122.5332523,49.2075106],[-122.5314923,49.2078003],[-122.5295042,49.2089706],[-122.5266092,49.2102001],[-122.5240403,49.2103515],[-122.5229601,49.2113095],[-122.5198108,49.2118362],[-122.5184665,49.2117047],[-122.5163495,49.2119567],[-122.5142675,49.2114532],[-122.5118864,49.2120369],[-122.5108485,49.2114658],[-122.5080553,49.2120746],[-122.5061531,49.2114368],[-122.5050248,49.2102985],[-122.5021813,49.2104482],[-122.5013471,49.2101118],[-122.4992356,49.2084655],[-122.4989735,49.207232],[-122.4949706,49.2052986],[-122.4941539,49.2046024],[-122.4919804,49.2050426],[-122.4900205,49.2073907],[-122.4883944,49.2079772],[-122.4880151,49.2088121],[-122.4837409,49.2118695],[-122.4821662,49.212771],[-122.4792595,49.2149888],[-122.4773465,49.2154029],[-122.4746436,49.2151927],[-122.4737847,49.2146131],[-122.4719447,49.2146137],[-122.4701289,49.2149203],[-122.4694093,49.2154477],[-122.4671993,49.2153745],[-122.4657586,49.2165463],[-122.4642376,49.2162514],[-122.4624041,49.2169175],[-122.4613036,49.2183606],[-122.4589927,49.2200108],[-122.4467375,49.2198612],[-122.4340584,49.2197992],[-122.4279593,49.2198633],[-122.4246441,49.2203369],[-122.4239862,49.206171],[-122.4240891,49.2030669],[-122.423997,49.1910482],[-122.4249499,49.1803533],[-122.424986,49.1803249],[-122.4251512,49.1800323],[-122.425082,49.1793916],[-122.4250811,49.1793135],[-122.425096,49.1790107],[-122.4250202,49.1785484],[-122.4249134,49.1783292],[-122.4248846,49.1782289],[-122.4247036,49.1771109],[-122.4241171,49.1757977],[-122.4241659,49.1756759],[-122.4242759,49.1752909],[-122.424037,49.1744072],[-122.4240841,49.1743025],[-122.4242526,49.1735186],[-122.4242523,49.1734978],[-122.4241367,49.1730991],[-122.4241726,49.1729791],[-122.4242364,49.1728721],[-122.4245248,49.1726075],[-122.4249105,49.1723993],[-122.4262987,49.1721989],[-122.4308936,49.1722849],[-122.433494,49.1728548],[-122.4391583,49.172991],[-122.441238,49.1734507],[-122.4508951,49.1738384],[-122.4557678,49.1735378],[-122.4631512,49.1732749],[-122.4674929,49.1727735],[-122.4705664,49.1726528],[-122.4731868,49.1727454],[-122.4738611,49.1725425],[-122.4782787,49.1723014],[-122.4836226,49.1716781],[-122.484257,49.1714735],[-122.4939398,49.1703836],[-122.4964664,49.170358],[-122.5000018,49.1706705],[-122.5055833,49.1706942],[-122.5073959,49.1704866],[-122.5108785,49.1708245],[-122.5136099,49.1706572],[-122.5159541,49.1708637],[-122.5205298,49.1716299],[-122.5252502,49.1729265],[-122.5282059,49.1735056],[-122.5333305,49.1742646],[-122.5397256,49.1758189],[-122.5409239,49.176243]],[[-122.4445356,49.2100051],[-122.4436727,49.2108379],[-122.44472,49.2119491],[-122.443205,49.2122841],[-122.4441093,49.2136827],[-122.4459654,49.2147346],[-122.4470462,49.2160629],[-122.4504473,49.216564],[-122.4527571,49.2151986],[-122.4536754,49.2140512],[-122.4540498,49.211175],[-122.4522137,49.2096914],[-122.4499917,49.2092938],[-122.4476856,49.2094717],[-122.4445356,49.2100051]]]]},"properties":{"a": "37.6774", "t": "CT", "dw": "1276", "hh": "1240", "id": "9330400.02", "key": "CT01", "pop": "3436", "pop2": "3476", "rgid": "59", "rpid": "59933", "ruid": "5915075", "rguid": "5915"}},{"type":"Feature","geometry":{"type":"MultiPolygon","coordinates":[[[[-122.6068864,49.2207559],[-122.6068639,49.2162744],[-122.6027246,49.2123758],[-122.6030397,49.211301],[-122.6055937,49.2122873],[-122.6081181,49.2127178],[-122.6108777,49.2124397],[-122.6143202,49.2129557],[-122.6195938,49.2130171],[-122.6226234,49.2125176],[-122.6229623,49.2142249],[-122.6227889,49.2207639],[-122.6068864,49.2207559]]]]},"properties":{"a": "1.1136", "t": "CT", "dw": "1137", "hh": "1110", "id": "9330401.01", "key": "CT01", "pop": "2676", "pop2": "2255", "rgid": "59", "rpid": "59933", "ruid": "5915075", "rguid": "5915"}},{"type":"Feature","geometry":{"type":"MultiPolygon","coordinates":[[[[-122.6030397,49.211301],[-122.6027246,49.2123758],[-122.6068639,49.2162744],[-122.6068864,49.2207559],[-122.6015718,49.2207557],[-122.5791473,49.2206312],[-122.5793578,49.2069192],[-122.5795924,49.2037395],[-122.581203,49.2032417],[-122.5807598,49.2027257],[-122.5824073,49.2020497],[-122.5830608,49.2010715],[-122.5829856,49.2002167],[-122.5807795,49.19975],[-122.5798502,49.1992608],[-122.5803655,49.1983812],[-122.5824097,49.1985145],[-122.5854763,49.2001967],[-122.5878261,49.2026535],[-122.5902691,49.2042818],[-122.5923326,49.2053776],[-122.5949392,49.2071225],[-122.5978069,49.2092998],[-122.6007873,49.2108134],[-122.6030397,49.211301]]]]},"properties":{"a": "3.197", "t": "CT", "dw": "3320", "hh": "3220", "id": "9330401.02", "key": "CT01", "pop": "6898", "pop2": "6205", "rgid": "59", "rpid": "59933", "ruid": "5915075", "rguid": "5915"}},{"type":"Feature","geometry":{"type":"MultiPolygon","coordinates":[[[[-122.6010541,49.2346816],[-122.5988931,49.2345453],[-122.5964764,49.2347911],[-122.5960984,49.2352567],[-122.5962876,49.2357681],[-122.5962295,49.2359641],[-122.5961578,49.2360161],[-122.594841,49.2361952],[-122.5939947,49.2360659],[-122.5939119,49.2360567],[-122.592724,49.2361022],[-122.5918428,49.2363607],[-122.5915945,49.2364456],[-122.5908263,49.2368641],[-122.5902394,49.2371408],[-122.590161,49.2371775],[-122.5897643,49.2372583],[-122.5868629,49.2375328],[-122.5860653,49.23763],[-122.5858366,49.2377085],[-122.585831,49.2377105],[-122.585748,49.237791],[-122.5846995,49.2381471],[-122.5845654,49.239226],[-122.5844294,49.2392345],[-122.583362,49.2395317],[-122.5829848,49.239418],[-122.5797401,49.2393313],[-122.5796452,49.2393273],[-122.5791759,49.229611],[-122.5790306,49.2278899],[-122.5791473,49.2206312],[-122.6015718,49.2207557],[-122.6068864,49.2207559],[-122.6068709,49.2244439],[-122.6012266,49.2243976],[-122.6010728,49.2346826],[-122.6010541,49.2346816]]]]},"properties":{"a": "3.0612", "t": "CT", "dw": "3094", "hh": "3000", "id": "9330402.01", "key": "CT01", "pop": "7865", "pop2": "7312", "rgid": "59", "rpid": "59933", "ruid": "5915075", "rguid": "5915"}},{"type":"Feature","geometry":{"type":"MultiPolygon","coordinates":[[[[-122.6010728,49.2346826],[-122.6012266,49.2243976],[-122.6068709,49.2244439],[-122.6068864,49.2207559],[-122.6227889,49.2207639],[-122.6224306,49.2353531],[-122.6223704,49.2411182],[-122.6206662,49.2415007],[-122.6187346,49.2407569],[-122.6162452,49.2410357],[-122.6150406,49.2406176],[-122.6139492,49.2412265],[-122.6125911,49.2409703],[-122.6101212,49.2390366],[-122.6082215,49.2378866],[-122.6070048,49.2368043],[-122.6041179,49.2354002],[-122.602476,49.2348185],[-122.6010728,49.2346826]]]]},"properties":{"a": "2.9883", "t": "CT", "dw": "1760", "hh": "1725", "id": "9330402.02", "key": "CT01", "pop": "4968", "pop2": "4785", "rgid": "59", "rpid": "59933", "ruid": "5915075", "rguid": "5915"}},{"type":"Feature","geometry":{"type":"MultiPolygon","coordinates":[[[[-122.6480552,49.2047876],[-122.6477821,49.2066178],[-122.6478135,49.2106063],[-122.6477282,49.2206808],[-122.6392824,49.2206997],[-122.6227889,49.2207639],[-122.6229623,49.2142249],[-122.6226234,49.2125176],[-122.6264971,49.2117628],[-122.633813,49.2099249],[-122.6382597,49.2085531],[-122.6476023,49.2053883],[-122.6480552,49.2047876]]]]},"properties":{"a": "2.3186", "t": "CT", "dw": "1905", "hh": "1875", "id": "9330403.01", "key": "CT01", "pop": "5500", "pop2": "5405", "rgid": "59", "rpid": "59933", "ruid": "5915075", "rguid": "5915"}},{"type":"Feature","geometry":{"type":"MultiPolygon","coordinates":[[[[-122.6477282,49.2206808],[-122.6478135,49.2106063],[-122.6477821,49.2066178],[-122.6480552,49.2047876],[-122.6505622,49.2041655],[-122.6526429,49.2033166],[-122.6557382,49.2023545],[-122.6614586,49.2008066],[-122.6647179,49.2000684],[-122.6668512,49.1998364],[-122.6676681,49.199774],[-122.6677782,49.1997719],[-122.6685508,49.1997743],[-122.6693608,49.1997492],[-122.6705345,49.1997365],[-122.6756796,49.2001814],[-122.678073,49.2003042],[-122.6781075,49.2056805],[-122.6715986,49.205803],[-122.6701016,49.2084518],[-122.6688976,49.2098278],[-122.6683768,49.212442],[-122.6687317,49.2132832],[-122.6690694,49.2180747],[-122.6689914,49.2214938],[-122.6642777,49.2215888],[-122.6533935,49.2215794],[-122.6516066,49.2208267],[-122.6477282,49.2206808]]]]},"properties":{"a": "3.8066", "t": "CT", "dw": "1951", "hh": "1920", "id": "9330403.03", "key": "CT01", "pop": "5617", "pop2": "5305", "rgid": "59", "rpid": "59933", "ruid": "5915075", "rguid": "5915"}},{"type":"Feature","geometry":{"type":"MultiPolygon","coordinates":[[[[-122.6223704,49.2411182],[-122.6224306,49.2353531],[-122.6227889,49.2207639],[-122.6392824,49.2206997],[-122.6392265,49.2264925],[-122.6446106,49.2264642],[-122.645268,49.2281653],[-122.6453507,49.2303091],[-122.6467491,49.230735],[-122.6534912,49.2308008],[-122.6543228,49.2305268],[-122.6566961,49.2305396],[-122.6566489,49.2323026],[-122.6554336,49.2423908],[-122.6445154,49.242415],[-122.6445654,49.2491994],[-122.641858,49.2480082],[-122.6399339,49.2482813],[-122.6389783,49.2476034],[-122.6368462,49.2475349],[-122.6369833,49.2457175],[-122.6363004,49.2435022],[-122.6322006,49.2406374],[-122.6301597,49.2413063],[-122.6282577,49.2405804],[-122.6257088,49.2412739],[-122.6223704,49.2411182]]]]},"properties":{"a": "4.9734", "t": "CT", "dw": "1607", "hh": "1590", "id": "9330403.04", "key": "CT01", "pop": "4730", "pop2": "4751", "rgid": "59", "rpid": "59933", "ruid": "5915075", "rguid": "5915"}},{"type":"Feature","geometry":{"type":"MultiPolygon","coordinates":[[[[-122.6642777,49.2215888],[-122.6639849,49.2321657],[-122.6566489,49.2323026],[-122.6566961,49.2305396],[-122.6543228,49.2305268],[-122.6534912,49.2308008],[-122.6467491,49.230735],[-122.6453507,49.2303091],[-122.645268,49.2281653],[-122.6446106,49.2264642],[-122.6392265,49.2264925],[-122.6392824,49.2206997],[-122.6477282,49.2206808],[-122.6516066,49.2208267],[-122.6533935,49.2215794],[-122.6642777,49.2215888]]]]},"properties":{"a": "1.8209", "t": "CT", "dw": "1398", "hh": "1370", "id": "9330403.05", "key": "CT01", "pop": "4247", "pop2": "3588", "rgid": "59", "rpid": "59933", "ruid": "5915075", "rguid": "5915"}},{"type":"Feature","geometry":{"type":"MultiPolygon","coordinates":[[[[-122.5845654,49.239226],[-122.5846995,49.2381471],[-122.585748,49.237791],[-122.5860126,49.2386834],[-122.5845654,49.239226]]],[[[-122.5759631,49.3530456],[-122.5201084,49.3531205],[-122.4514461,49.3529527],[-122.4510733,49.3529287],[-122.4088871,49.3525055],[-122.4088867,49.3524769],[-122.4087805,49.345114],[-122.4100771,49.3444577],[-122.4142104,49.3418517],[-122.4155354,49.3416964],[-122.4175403,49.340835],[-122.4189142,49.3398253],[-122.4216813,49.3388045],[-122.4244512,49.3372077],[-122.4258156,49.3359283],[-122.4289979,49.3344155],[-122.4326969,49.3335069],[-122.4361928,49.3323729],[-122.437704,49.3315165],[-122.4395508,49.3312464],[-122.4403303,49.330539],[-122.4437474,49.3288832],[-122.4445964,49.3267737],[-122.4462459,49.327006],[-122.4472657,49.3277194],[-122.4485586,49.3268915],[-122.4486729,49.3253802],[-122.4498763,49.3249902],[-122.4503923,49.3243179],[-122.4531944,49.3222086],[-122.4534678,49.3212472],[-122.4560227,49.320405],[-122.4570671,49.3204727],[-122.4603229,49.3196426],[-122.4634058,49.3132164],[-122.4660185,49.3121407],[-122.467791,49.3098183],[-122.472602,49.3089771],[-122.4736508,49.3085594],[-122.4755924,49.3085401],[-122.4770972,49.3066223],[-122.4803549,49.306773],[-122.482349,49.3057645],[-122.4838502,49.3054028],[-122.4846922,49.304012],[-122.4867269,49.3014749],[-122.486907,49.3000283],[-122.4864153,49.2995488],[-122.4868858,49.2978875],[-122.4864509,49.2974889],[-122.4863427,49.2957981],[-122.4874747,49.2943818],[-122.4888296,49.2934973],[-122.4887264,49.2929842],[-122.4893289,49.2904678],[-122.4890616,49.288335],[-122.4895245,49.2874468],[-122.4881865,49.2865686],[-122.4877675,49.2872589],[-122.4843751,49.2867678],[-122.481635,49.2886345],[-122.4795361,49.2904877],[-122.4771184,49.291655],[-122.4731194,49.2938318],[-122.471411,49.2943175],[-122.4706696,49.2955379],[-122.4689965,49.2963401],[-122.4664474,49.2967598],[-122.4651565,49.2966014],[-122.4645604,49.2970752],[-122.4628499,49.2973735],[-122.4602723,49.2993042],[-122.4576132,49.3009288],[-122.4556451,49.3033125],[-122.4539126,49.3046537],[-122.4517712,49.3054972],[-122.4496757,49.3059557],[-122.4487059,49.3064819],[-122.4440195,49.3109484],[-122.4405548,49.3132339],[-122.4406591,49.3148444],[-122.4391471,49.3159081],[-122.4378522,49.317215],[-122.437246,49.3186603],[-122.4350132,49.3199987],[-122.4317529,49.3213585],[-122.4295771,49.3226519],[-122.4279303,49.3233184],[-122.4243582,49.3251545],[-122.4219386,49.3261132],[-122.4208224,49.3274844],[-122.4191376,49.3280061],[-122.4168008,49.3278414],[-122.4144983,49.3293321],[-122.4135038,49.3306859],[-122.4089701,49.3324447],[-122.4082624,49.2974341],[-122.4090184,49.264205],[-122.4241562,49.2640179],[-122.4239116,49.2435148],[-122.4242465,49.2282981],[-122.4246441,49.2203369],[-122.4279593,49.2198633],[-122.4340584,49.2197992],[-122.4467375,49.2198612],[-122.4589927,49.2200108],[-122.4669704,49.220069],[-122.4822682,49.2200936],[-122.4906914,49.2201829],[-122.4986349,49.2203458],[-122.5006904,49.2204948],[-122.5122674,49.2207639],[-122.5233783,49.2206484],[-122.5347508,49.2204609],[-122.5591692,49.2205279],[-122.5791473,49.2206312],[-122.5790306,49.2278899],[-122.5791759,49.229611],[-122.5796452,49.2393273],[-122.5835178,49.2397444],[-122.5863131,49.2389181],[-122.5874362,49.2376267],[-122.5897201,49.2374458],[-122.5919924,49.2365092],[-122.5939598,49.2362285],[-122.5963497,49.2362283],[-122.5963177,49.2352293],[-122.5972275,49.2347377],[-122.6010694,49.2347821],[-122.6022007,49.2349156],[-122.6023372,49.2349631],[-122.6037755,49.235462],[-122.6066206,49.23685],[-122.6070731,49.2370832],[-122.6080978,49.2380221],[-122.6095979,49.2389214],[-122.6117854,49.240706],[-122.6132198,49.2414315],[-122.6132891,49.2414577],[-122.6134084,49.2414626],[-122.613756,49.2414772],[-122.6151626,49.2407891],[-122.6151658,49.2407903],[-122.6157489,49.2410504],[-122.6161192,49.241214],[-122.6162078,49.2412508],[-122.6183674,49.2409579],[-122.6185783,49.2409469],[-122.6207792,49.2417438],[-122.6208722,49.2417526],[-122.6212751,49.2416587],[-122.6213659,49.2416375],[-122.6220333,49.241422],[-122.6223674,49.2413264],[-122.6237958,49.2413472],[-122.6247998,49.2414274],[-122.6248455,49.2414326],[-122.6260864,49.2413545],[-122.6280894,49.240796],[-122.6289768,49.2409716],[-122.6300419,49.2414342],[-122.630617,49.2413829],[-122.6316412,49.241044],[-122.6326918,49.2410175],[-122.6327474,49.2410559],[-122.6334387,49.242108],[-122.633821,49.242344],[-122.6345905,49.2427212],[-122.6352751,49.2430879],[-122.6354997,49.2432154],[-122.6357327,49.2433909],[-122.6360822,49.2438533],[-122.6360911,49.2438705],[-122.6362531,49.2448387],[-122.6365843,49.2456797],[-122.6364957,49.2468424],[-122.6364831,49.2472205],[-122.6365881,49.2476502],[-122.6370082,49.2480028],[-122.6373666,49.2480575],[-122.6374013,49.2480518],[-122.6384519,49.2478811],[-122.6395155,49.2483395],[-122.6395591,49.2483636],[-122.6400148,49.2485154],[-122.6410241,49.2483382],[-122.6419075,49.2483131],[-122.6419242,49.2483173],[-122.6434168,49.248995],[-122.6445005,49.2494619],[-122.6222274,49.2498067],[-122.6222055,49.2569328],[-122.60052,49.2571468],[-122.6011087,49.2641407],[-122.6117571,49.2642719],[-122.6115505,49.2657665],[-122.6122177,49.2701826],[-122.6008632,49.2706184],[-122.6004454,49.2780813],[-122.5999556,49.2992466],[-122.6000461,49.3248444],[-122.5973603,49.3248555],[-122.5972687,49.326408],[-122.5953548,49.3264263],[-122.5952957,49.3284023],[-122.5929292,49.3284334],[-122.593059,49.3382909],[-122.5928537,49.3386942],[-122.5759631,49.3530456]],[[-122.5844232,49.3019403],[-122.5856285,49.3043642],[-122.5874137,49.3049184],[-122.5882036,49.3058839],[-122.5862132,49.3117517],[-122.5868016,49.3136338],[-122.5888492,49.3158086],[-122.5912746,49.3171117],[-122.5921568,49.3166123],[-122.5921295,49.315173],[-122.5906692,49.3137017],[-122.5913777,49.3129034],[-122.5907823,49.3116234],[-122.5918861,49.3098015],[-122.5908088,49.3082598],[-122.5909107,49.3076213],[-122.5928013,49.3070517],[-122.5927832,49.305847],[-122.5915935,49.3051584],[-122.5913988,49.3036026],[-122.5905684,49.3024122],[-122.5899378,49.3024544],[-122.5888069,49.3045283],[-122.587512,49.3044159],[-122.5865921,49.3027212],[-122.5858264,49.3021249],[-122.5844232,49.3019403]]]]},"properties":{"a": "189.2552", "t": "CT", "dw": "2729", "hh": "2665", "id": "9330404.00", "key": "CT01", "pop": "8275", "pop2": "7395", "rgid": "59", "rpid": "59933", "ruid": "5915075", "rguid": "5915"}},{"type":"Feature","geometry":{"type":"MultiPolygon","coordinates":[[[[-122.6897025,49.2812098],[-122.6895678,49.2808061],[-122.6893638,49.2713895],[-122.6894906,49.2638052],[-122.6897086,49.2605645],[-122.6897976,49.2507403],[-122.6893872,49.2499729],[-122.6892293,49.2424605],[-122.6894132,49.2312614],[-122.6893865,49.2248013],[-122.6894855,49.2239764],[-122.6895607,49.2148593],[-122.6895004,49.203644],[-122.6938565,49.2050523],[-122.6992712,49.2064881],[-122.7050917,49.208563],[-122.7136861,49.2110407],[-122.7167192,49.2117037],[-122.7200776,49.2122162],[-122.7239636,49.2124866],[-122.7305731,49.2140136],[-122.7344507,49.2153001],[-122.739514,49.2165254],[-122.7434622,49.2173346],[-122.747827,49.2178217],[-122.7498165,49.2182571],[-122.752981,49.2197847],[-122.7549217,49.2218752],[-122.7575731,49.2240763],[-122.7610607,49.2272132],[-122.7617489,49.2283224],[-122.7614728,49.2305245],[-122.7596271,49.2326687],[-122.757002,49.2342897],[-122.7482808,49.2369854],[-122.742168,49.2391099],[-122.734504,49.2416192],[-122.7342404,49.2421312],[-122.7307522,49.2441483],[-122.7295526,49.2452059],[-122.7295909,49.2456925],[-122.7282097,49.2466068],[-122.7265246,49.2483305],[-122.7233133,49.2500314],[-122.7205087,49.2504472],[-122.7171173,49.2523638],[-122.714895,49.2543283],[-122.7133023,49.2562499],[-122.7123589,49.2577859],[-122.7107466,49.2610735],[-122.7088896,49.2636328],[-122.7071377,49.2643386],[-122.7080127,49.2652132],[-122.7070276,49.2669924],[-122.7037077,49.2704194],[-122.7003504,49.2732983],[-122.6954736,49.2769027],[-122.6930282,49.2788921],[-122.6897025,49.2812098]]]]},"properties":{"a": "22.3916", "t": "CT", "dw": "2337", "hh": "2285", "id": "9330410.02", "key": "CT01", "pop": "6001", "pop2": "5461", "rgid": "59", "rpid": "59933", "ruid": "5915070", "rguid": "5915"}},{"type":"Feature","geometry":{"type":"MultiPolygon","coordinates":[[[[-122.6894132,49.2312614],[-122.6642777,49.2215888],[-122.6689914,49.2214938],[-122.6690694,49.2180747],[-122.6687317,49.2132832],[-122.6683768,49.212442],[-122.6688976,49.2098278],[-122.6701016,49.2084518],[-122.6715986,49.205803],[-122.6781075,49.2056805],[-122.678073,49.2003042],[-122.6826798,49.2012437],[-122.6869414,49.2025691],[-122.6895004,49.203644],[-122.6895607,49.2148593],[-122.6894855,49.2239764],[-122.6893865,49.2248013],[-122.6894132,49.2312614]]]]},"properties":{"a": "3.9657", "t": "CT", "dw": "2748", "hh": "2715", "id": "9330410.03", "key": "CT01", "pop": "7752", "pop2": "7121", "rgid": "59", "rpid": "59933", "ruid": "5915070", "rguid": "5915"}},{"type":"Feature","geometry":{"type":"MultiPolygon","coordinates":[[[[-122.5797918,49.3528723],[-122.5759631,49.3530456],[-122.5928537,49.3386942],[-122.593059,49.3382909],[-122.5929292,49.3284334],[-122.5952957,49.3284023],[-122.5953548,49.3264263],[-122.5972687,49.326408],[-122.5973603,49.3248555],[-122.6000461,49.3248444],[-122.5999556,49.2992466],[-122.6004454,49.2780813],[-122.6008632,49.2706184],[-122.6122177,49.2701826],[-122.6115505,49.2657665],[-122.6117571,49.2642719],[-122.6011087,49.2641407],[-122.60052,49.2571468],[-122.6222055,49.2569328],[-122.6222274,49.2498067],[-122.6445005,49.2494619],[-122.6445654,49.2491994],[-122.6445154,49.242415],[-122.6554336,49.2423908],[-122.6566489,49.2323026],[-122.6639849,49.2321657],[-122.6642777,49.2215888],[-122.6894132,49.2312614],[-122.6892293,49.2424605],[-122.6893872,49.2499729],[-122.6897976,49.2507403],[-122.6897086,49.2605645],[-122.6894906,49.2638052],[-122.6893638,49.2713895],[-122.6895678,49.2808061],[-122.6897025,49.2812098],[-122.6848215,49.2832775],[-122.6777957,49.2852374],[-122.6740632,49.2860098],[-122.6639778,49.2868626],[-122.6624781,49.2872259],[-122.6601074,49.2890878],[-122.6607973,49.2896946],[-122.6581183,49.291178],[-122.6562795,49.2927397],[-122.6559325,49.2938264],[-122.6561207,49.2950228],[-122.6570225,49.2969425],[-122.6577837,49.2993302],[-122.6588949,49.30063],[-122.6630348,49.3011413],[-122.665657,49.3019214],[-122.6680713,49.3034049],[-122.6712294,49.3050103],[-122.6739363,49.3074803],[-122.6746812,49.311045],[-122.6746397,49.3132845],[-122.6740771,49.3150649],[-122.6718354,49.3171711],[-122.6704019,49.31742],[-122.6678787,49.3183741],[-122.6663641,49.3204754],[-122.6654235,49.3210035],[-122.6630432,49.3230832],[-122.662023,49.323556],[-122.6599624,49.3251339],[-122.6582761,49.3259297],[-122.6535474,49.3290372],[-122.6521226,49.3301294],[-122.6510951,49.3313139],[-122.6499812,49.3314093],[-122.6482255,49.3326367],[-122.646552,49.3334149],[-122.6464792,49.3339002],[-122.6435429,49.3346468],[-122.6421565,49.3337791],[-122.6404652,49.3339353],[-122.6392054,49.3348218],[-122.6392031,49.3353705],[-122.6368973,49.3356868],[-122.633084,49.3380142],[-122.632099,49.3390006],[-122.6330745,49.3394349],[-122.6299607,49.341602],[-122.6293924,49.3422648],[-122.6279428,49.342756],[-122.6259096,49.3438376],[-122.6252555,49.3446989],[-122.6197236,49.3480993],[-122.6159849,49.3491656],[-122.6148709,49.3490723],[-122.6069362,49.3495218],[-122.5980933,49.3497799],[-122.5902036,49.3498338],[-122.5820669,49.3497683],[-122.5809671,49.3510689],[-122.5797948,49.3516102],[-122.5797918,49.3528723]],[[-122.6074088,49.3281156],[-122.6081041,49.3288023],[-122.6103087,49.3285837],[-122.6111697,49.3294766],[-122.6083722,49.3316449],[-122.6045951,49.3338821],[-122.6051715,49.3343771],[-122.6085023,49.3324366],[-122.6111814,49.3333364],[-122.6121581,49.3333127],[-122.6125097,49.3341136],[-122.6114848,49.3348668],[-122.6119059,49.3354443],[-122.6100834,49.3362651],[-122.6122377,49.3370196],[-122.6118615,49.3359654],[-122.612989,49.3340712],[-122.6127227,49.3331343],[-122.6113878,49.3331576],[-122.609273,49.3323502],[-122.6091961,49.3316394],[-122.6121452,49.3295436],[-122.6158524,49.3290699],[-122.6170288,49.3299195],[-122.6169479,49.3314941],[-122.6188749,49.3313121],[-122.6200226,49.3325566],[-122.6183805,49.3331175],[-122.61837,49.3344214],[-122.6170058,49.3344713],[-122.6170428,49.3334812],[-122.6160396,49.3333703],[-122.6148762,49.3340962],[-122.6147343,49.3348057],[-122.6189334,49.3345853],[-122.6187927,49.3333256],[-122.6203355,49.332917],[-122.6219407,49.3336512],[-122.6216194,49.3344326],[-122.6221695,49.3362598],[-122.6228986,49.3361457],[-122.621892,49.3346848],[-122.6222833,49.333976],[-122.624833,49.3332472],[-122.6256995,49.333546],[-122.628504,49.3322872],[-122.6253084,49.3305227],[-122.6232118,49.3295352],[-122.6233128,49.3304984],[-122.6259877,49.3317844],[-122.6272733,49.3327694],[-122.6251806,49.3329245],[-122.6228777,49.3335636],[-122.6208591,49.3327844],[-122.6199615,49.331459],[-122.6189868,49.3310156],[-122.6174722,49.331154],[-122.6172805,49.3295065],[-122.6153587,49.3286101],[-122.6128499,49.3291328],[-122.6113105,49.3288577],[-122.6106817,49.3282346],[-122.6082729,49.3283974],[-122.6087748,49.3275453],[-122.6115317,49.3270508],[-122.61126,49.326572],[-122.6089452,49.3268616],[-122.607103,49.3268097],[-122.6064747,49.3260175],[-122.6048046,49.325003],[-122.6033467,49.3248193],[-122.6032296,49.3256906],[-122.6049626,49.3276748],[-122.6074088,49.3281156]]]]},"properties":{"a": "60.432", "t": "CT", "dw": "312", "hh": "300", "id": "9330410.04", "key": "CT01", "pop": "917", "pop2": "854", "rgid": "59", "rpid": "59933", "ruid": "5915070", "rguid": "5915"}},{"type":"Feature","geometry":{"type":"MultiPolygon","coordinates":[[[[-122.4591534,49.0022564],[-122.4646977,49.002536],[-122.4785589,49.0024834],[-122.4928544,49.0024857],[-122.4996731,49.0024166],[-122.5148684,49.0023914],[-122.5229326,49.0024524],[-122.5268916,49.0023947],[-122.5480117,49.0024085],[-122.5701503,49.0023626],[-122.6031802,49.0023692],[-122.6032602,49.0089765],[-122.6035187,49.0165564],[-122.6038951,49.0311666],[-122.6041091,49.042923],[-122.6040379,49.0528194],[-122.6040821,49.0594821],[-122.6040075,49.063533],[-122.6039571,49.0750471],[-122.603684,49.0904465],[-122.593095,49.0866521],[-122.5814794,49.082542],[-122.5599794,49.0749456],[-122.5592406,49.0746511],[-122.5493618,49.0723551],[-122.5368047,49.0695888],[-122.5197691,49.0658597],[-122.5148388,49.064515],[-122.5148065,49.0453363],[-122.4927287,49.0458081],[-122.4793793,49.0459879],[-122.459669,49.0460854],[-122.459627,49.0282876],[-122.4594576,49.0260873],[-122.4599964,49.0244985],[-122.4596396,49.0138665],[-122.4591534,49.0022564]]]]},"properties":{"a": "72.8264", "t": "CT", "dw": "2475", "hh": "2390", "id": "9330500.00", "key": "CT01", "pop": "6290", "pop2": "6292", "rgid": "59", "rpid": "59933", "ruid": "5915001", "rguid": "5915"}},{"type":"Feature","geometry":{"type":"MultiPolygon","coordinates":[[[[-122.6012985,49.1442791],[-122.5813472,49.1363431],[-122.5815186,49.1300114],[-122.5817059,49.1191545],[-122.5812418,49.1042743],[-122.5813721,49.100792],[-122.5813073,49.0981127],[-122.5814794,49.082542],[-122.593095,49.0866521],[-122.603684,49.0904465],[-122.6079566,49.0917917],[-122.6145275,49.0936379],[-122.6230745,49.0958763],[-122.6381765,49.0999447],[-122.6382463,49.1047819],[-122.6426442,49.10485],[-122.6374307,49.108537],[-122.6448118,49.1124834],[-122.6438309,49.113183],[-122.6379923,49.1171049],[-122.6244642,49.1264619],[-122.6170487,49.1318168],[-122.6116729,49.1356219],[-122.6091609,49.1372055],[-122.6094719,49.1392067],[-122.6087433,49.1400549],[-122.6031028,49.1427172],[-122.6012985,49.1442791]]]]},"properties":{"a": "19.5836", "t": "CT", "dw": "1058", "hh": "1015", "id": "9330501.01", "key": "CT01", "pop": "2980", "pop2": "2526", "rgid": "59", "rpid": "59933", "ruid": "5915001", "rguid": "5915"}},{"type":"Feature","geometry":{"type":"MultiPolygon","coordinates":[[[[-122.5813472,49.1363431],[-122.5667586,49.1306008],[-122.5589763,49.1276023],[-122.5369195,49.1189097],[-122.5370033,49.1041953],[-122.5367314,49.074527],[-122.5368047,49.0695888],[-122.5493618,49.0723551],[-122.5592406,49.0746511],[-122.5599794,49.0749456],[-122.5814794,49.082542],[-122.5813073,49.0981127],[-122.5813721,49.100792],[-122.5812418,49.1042743],[-122.5817059,49.1191545],[-122.5815186,49.1300114],[-122.5813472,49.1363431]]]]},"properties":{"a": "18.9387", "t": "CT", "dw": "1864", "hh": "1820", "id": "9330501.02", "key": "CT01", "pop": "5425", "pop2": "5611", "rgid": "59", "rpid": "59933", "ruid": "5915001", "rguid": "5915"}},{"type":"Feature","geometry":{"type":"MultiPolygon","coordinates":[[[[-122.5369195,49.1189097],[-122.5156824,49.1106669],[-122.505937,49.1069899],[-122.5022747,49.1054371],[-122.4985516,49.104083],[-122.4945229,49.102335],[-122.4869639,49.0993421],[-122.4600192,49.0889305],[-122.4595182,49.0788136],[-122.4598284,49.0750192],[-122.4709611,49.0750359],[-122.470815,49.0604354],[-122.4760443,49.0604053],[-122.4761347,49.0622228],[-122.4813291,49.0621798],[-122.4832786,49.0620414],[-122.4927097,49.061857],[-122.4928488,49.0676319],[-122.5013628,49.0674284],[-122.5148538,49.0671957],[-122.5148388,49.064515],[-122.5197691,49.0658597],[-122.5368047,49.0695888],[-122.5367314,49.074527],[-122.5370033,49.1041953],[-122.5369195,49.1189097]]]]},"properties":{"a": "23.2324", "t": "CT", "dw": "1041", "hh": "1025", "id": "9330501.03", "key": "CT01", "pop": "3228", "pop2": "3403", "rgid": "59", "rpid": "59933", "ruid": "5915001", "rguid": "5915"}},{"type":"Feature","geometry":{"type":"MultiPolygon","coordinates":[[[[-122.6798712,49.0749043],[-122.6798293,49.0811656],[-122.6794451,49.0842564],[-122.6724621,49.084434],[-122.6723572,49.0842149],[-122.6685601,49.0840215],[-122.6686748,49.0822855],[-122.6691621,49.0748926],[-122.6692519,49.0722944],[-122.6691972,49.0675344],[-122.6798757,49.0675555],[-122.6798712,49.0749043]]]]},"properties":{"a": "1.4678", "t": "CT", "dw": "835", "hh": "830", "id": "9330502.01", "key": "CT01", "pop": "2496", "pop2": "2529", "rgid": "59", "rpid": "59933", "ruid": "5915001", "rguid": "5915"}},{"type":"Feature","geometry":{"type":"MultiPolygon","coordinates":[[[[-122.6798757,49.0675555],[-122.6691972,49.0675344],[-122.6471005,49.0675769],[-122.6468982,49.045888],[-122.6467006,49.0312964],[-122.65372,49.0312158],[-122.6547193,49.0310029],[-122.6576355,49.0313776],[-122.6589901,49.03125],[-122.6646719,49.0312188],[-122.6655794,49.0311015],[-122.6800817,49.0311707],[-122.6800066,49.038538],[-122.6804535,49.0395316],[-122.6799146,49.042249],[-122.6798816,49.0492897],[-122.6799551,49.0530639],[-122.6798561,49.0556903],[-122.6798757,49.0675555]]]]},"properties":{"a": "9.7662", "t": "CT", "dw": "1589", "hh": "1570", "id": "9330502.02", "key": "CT01", "pop": "3984", "pop2": "4065", "rgid": "59", "rpid": "59933", "ruid": "5915001", "rguid": "5915"}},{"type":"Feature","geometry":{"type":"MultiPolygon","coordinates":[[[[-122.6686748,49.0822855],[-122.6577341,49.0821641],[-122.6468466,49.0821488],[-122.647163,49.0780019],[-122.6471618,49.0748579],[-122.6471005,49.0675769],[-122.6691972,49.0675344],[-122.6692519,49.0722944],[-122.6691621,49.0748926],[-122.6686748,49.0822855]]]]},"properties":{"a": "2.6163", "t": "CT", "dw": "1633", "hh": "1625", "id": "9330502.03", "key": "CT01", "pop": "5203", "pop2": "5265", "rgid": "59", "rpid": "59933", "ruid": "5915001", "rguid": "5915"}},{"type":"Feature","geometry":{"type":"MultiPolygon","coordinates":[[[[-122.6381765,49.0999447],[-122.6230745,49.0958763],[-122.6145275,49.0936379],[-122.6079566,49.0917917],[-122.603684,49.0904465],[-122.6039571,49.0750471],[-122.6291113,49.0750976],[-122.6328127,49.074832],[-122.6471618,49.0748579],[-122.647163,49.0780019],[-122.6468466,49.0821488],[-122.646672,49.0843861],[-122.6408653,49.0844518],[-122.6405575,49.0849189],[-122.6409401,49.0877784],[-122.6409991,49.089741],[-122.6376653,49.0897521],[-122.6375558,49.0941444],[-122.6402449,49.0941086],[-122.6402063,49.0953357],[-122.6380715,49.0954423],[-122.6381765,49.0999447]]]]},"properties":{"a": "6.463", "t": "CT", "dw": "2907", "hh": "2870", "id": "9330502.04", "key": "CT01", "pop": "8455", "pop2": "6754", "rgid": "59", "rpid": "59933", "ruid": "5915001", "rguid": "5915"}},{"type":"Feature","geometry":{"type":"MultiPolygon","coordinates":[[[[-122.6031802,49.0023692],[-122.6251398,49.0021817],[-122.6470026,49.0021337],[-122.6578463,49.0021799],[-122.6687684,49.0021712],[-122.6817219,49.0022552],[-122.6814859,49.0159959],[-122.6806265,49.0166067],[-122.6800817,49.0311707],[-122.6655794,49.0311015],[-122.6646719,49.0312188],[-122.6589901,49.03125],[-122.6576355,49.0313776],[-122.6547193,49.0310029],[-122.65372,49.0312158],[-122.6467006,49.0312964],[-122.6468982,49.045888],[-122.6471005,49.0675769],[-122.6471618,49.0748579],[-122.6328127,49.074832],[-122.6291113,49.0750976],[-122.6039571,49.0750471],[-122.6040075,49.063533],[-122.6040821,49.0594821],[-122.6040379,49.0528194],[-122.6041091,49.042923],[-122.6038951,49.0311666],[-122.6035187,49.0165564],[-122.6032602,49.0089765],[-122.6031802,49.0023692]]]]},"properties":{"a": "33.5512", "t": "CT", "dw": "916", "hh": "890", "id": "9330502.05", "key": "CT01", "pop": "2495", "pop2": "2580", "rgid": "59", "rpid": "59933", "ruid": "5915001", "rguid": "5915"}},{"type":"Feature","geometry":{"type":"MultiPolygon","coordinates":[[[[-122.6794447,49.0952147],[-122.678442,49.096661],[-122.6769599,49.0970706],[-122.6738371,49.0969989],[-122.6724732,49.0960955],[-122.6708256,49.0966665],[-122.6700071,49.0961514],[-122.6683339,49.0967642],[-122.6682839,49.0936727],[-122.6683614,49.0875785],[-122.6685601,49.0840215],[-122.6723572,49.0842149],[-122.6724621,49.084434],[-122.6794451,49.0842564],[-122.6792918,49.0859964],[-122.6787857,49.0879813],[-122.6791263,49.0898317],[-122.6794447,49.0952147]]]]},"properties":{"a": "1.0846", "t": "CT", "dw": "836", "hh": "835", "id": "9330503.01", "key": "CT01", "pop": "2589", "pop2": "2665", "rgid": "59", "rpid": "59933", "ruid": "5915002", "rguid": "5915"}},{"type":"Feature","geometry":{"type":"MultiPolygon","coordinates":[[[[-122.6465932,49.1024239],[-122.6441138,49.1015417],[-122.6381765,49.0999447],[-122.6380715,49.0954423],[-122.6402063,49.0953357],[-122.6402449,49.0941086],[-122.6375558,49.0941444],[-122.6376653,49.0897521],[-122.6409991,49.089741],[-122.6409401,49.0877784],[-122.6405575,49.0849189],[-122.6408653,49.0844518],[-122.646672,49.0843861],[-122.6468466,49.0821488],[-122.6577341,49.0821641],[-122.6686748,49.0822855],[-122.6685601,49.0840215],[-122.6683614,49.0875785],[-122.6682839,49.0936727],[-122.6683339,49.0967642],[-122.6673711,49.0970344],[-122.6660189,49.0964368],[-122.6649772,49.0965507],[-122.6635846,49.095854],[-122.6603212,49.0963212],[-122.6579773,49.0945422],[-122.6562641,49.094681],[-122.6567583,49.0965086],[-122.6551393,49.0968816],[-122.6543951,49.097536],[-122.6530807,49.0974421],[-122.651166,49.0989386],[-122.6496612,49.0986372],[-122.6471796,49.0989355],[-122.6466302,49.1003987],[-122.6465932,49.1024239]]]]},"properties":{"a": "3.637", "t": "CT", "dw": "2381", "hh": "2350", "id": "9330503.03", "key": "CT01", "pop": "7198", "pop2": "7257", "rgid": "59", "rpid": "59933", "ruid": "5915002", "rguid": "5915"}},{"type":"Feature","geometry":{"type":"MultiPolygon","coordinates":[[[[-122.6795218,49.1140522],[-122.6743857,49.111714],[-122.6744983,49.1149976],[-122.6717354,49.1149072],[-122.67157,49.1155426],[-122.664611,49.1154351],[-122.6561361,49.1151993],[-122.6503615,49.1152259],[-122.6467885,49.1148554],[-122.6438309,49.113183],[-122.6448118,49.1124834],[-122.6374307,49.108537],[-122.6426442,49.10485],[-122.6382463,49.1047819],[-122.6381765,49.0999447],[-122.6441138,49.1015417],[-122.6465932,49.1024239],[-122.6465754,49.1049246],[-122.6503837,49.1049902],[-122.653061,49.1064173],[-122.6548623,49.1052196],[-122.6560363,49.1048147],[-122.6599151,49.1056483],[-122.6599237,49.1045024],[-122.668554,49.104549],[-122.6683339,49.0967642],[-122.6700071,49.0961514],[-122.6708256,49.0966665],[-122.6724732,49.0960955],[-122.6738371,49.0969989],[-122.6769599,49.0970706],[-122.678442,49.096661],[-122.6794447,49.0952147],[-122.6799198,49.0969684],[-122.6799228,49.1046709],[-122.6797441,49.1114441],[-122.6795218,49.1140522]]]]},"properties":{"a": "4.1088", "t": "CT", "dw": "2508", "hh": "2445", "id": "9330503.04", "key": "CT01", "pop": "5330", "pop2": "4862", "rgid": "59", "rpid": "59933", "ruid": "5915002", "rguid": "5915"}},{"type":"Feature","geometry":{"type":"MultiPolygon","coordinates":[[[[-122.6683339,49.0967642],[-122.668554,49.104549],[-122.6599237,49.1045024],[-122.6599151,49.1056483],[-122.6560363,49.1048147],[-122.6548623,49.1052196],[-122.653061,49.1064173],[-122.6503837,49.1049902],[-122.6465754,49.1049246],[-122.6465932,49.1024239],[-122.6466302,49.1003987],[-122.6471796,49.0989355],[-122.6496612,49.0986372],[-122.651166,49.0989386],[-122.6530807,49.0974421],[-122.6543951,49.097536],[-122.6551393,49.0968816],[-122.6567583,49.0965086],[-122.6562641,49.094681],[-122.6579773,49.0945422],[-122.6603212,49.0963212],[-122.6635846,49.095854],[-122.6649772,49.0965507],[-122.6660189,49.0964368],[-122.6673711,49.0970344],[-122.6683339,49.0967642]]]]},"properties":{"a": "1.4241", "t": "CT", "dw": "4618", "hh": "4460", "id": "9330503.05", "key": "CT01", "pop": "8526", "pop2": "7739", "rgid": "59", "rpid": "59933", "ruid": "5915002", "rguid": "5915"}},{"type":"Feature","geometry":{"type":"MultiPolygon","coordinates":[[[[-122.6779754,49.1668356],[-122.6705822,49.164923],[-122.6678036,49.164092],[-122.6533565,49.1602696],[-122.6455125,49.1580692],[-122.6291016,49.1536519],[-122.623778,49.1523237],[-122.6164656,49.1502844],[-122.6012985,49.1442791],[-122.6031028,49.1427172],[-122.6087433,49.1400549],[-122.6094719,49.1392067],[-122.6091609,49.1372055],[-122.6116729,49.1356219],[-122.6170487,49.1318168],[-122.6244642,49.1264619],[-122.6379923,49.1171049],[-122.6438309,49.113183],[-122.6467885,49.1148554],[-122.6503615,49.1152259],[-122.6561361,49.1151993],[-122.664611,49.1154351],[-122.67157,49.1155426],[-122.6717354,49.1149072],[-122.6744983,49.1149976],[-122.6743857,49.111714],[-122.6795218,49.1140522],[-122.6797353,49.1191982],[-122.6795604,49.1265227],[-122.6788385,49.133963],[-122.6784856,49.144868],[-122.6785061,49.1485439],[-122.678822,49.1529841],[-122.6787013,49.1540886],[-122.6786803,49.1594588],[-122.6784348,49.1630461],[-122.6779754,49.1668356]]]]},"properties":{"a": "21.6049", "t": "CT", "dw": "2693", "hh": "2625", "id": "9330504.01", "key": "CT01", "pop": "7567", "pop2": "7436", "rgid": "59", "rpid": "59933", "ruid": "5915001", "rguid": "5915"}},{"type":"Feature","geometry":{"type":"MultiPolygon","coordinates":[[[[-122.643961,49.2012483],[-122.6441173,49.1976147],[-122.6440384,49.1949117],[-122.6444088,49.1912467],[-122.6452104,49.1875852],[-122.6460725,49.1854548],[-122.6458843,49.1811197],[-122.6461546,49.1788633],[-122.6455175,49.1710886],[-122.6454081,49.1588692],[-122.6455125,49.1580692],[-122.6533565,49.1602696],[-122.6678036,49.164092],[-122.6705822,49.164923],[-122.6779754,49.1668356],[-122.6777732,49.1772502],[-122.6781501,49.1772474],[-122.6785586,49.1826347],[-122.6785468,49.1857743],[-122.6751373,49.1871549],[-122.6658731,49.191572],[-122.6626006,49.192578],[-122.6600133,49.1936502],[-122.6517102,49.1973145],[-122.643961,49.2012483]]]]},"properties":{"a": "8.1634", "t": "CT", "dw": "2772", "hh": "2750", "id": "9330504.02", "key": "CT01", "pop": "8052", "pop2": "5684", "rgid": "59", "rpid": "59933", "ruid": "5915001", "rguid": "5915"}},{"type":"Feature","geometry":{"type":"MultiPolygon","coordinates":[[[[-122.590192,49.1886426],[-122.5932776,49.185555],[-122.6002802,49.1833756],[-122.5967106,49.1785327],[-122.5997375,49.1771231],[-122.6003629,49.1771788],[-122.6239574,49.1771494],[-122.6239903,49.1667187],[-122.623947,49.162226],[-122.6328606,49.1625066],[-122.6329296,49.1654338],[-122.634666,49.1668261],[-122.6349573,49.1712177],[-122.6356405,49.171698],[-122.6420337,49.17178],[-122.6442092,49.1711362],[-122.6455175,49.1710886],[-122.6461546,49.1788633],[-122.6458843,49.1811197],[-122.6460725,49.1854548],[-122.6452104,49.1875852],[-122.6444088,49.1912467],[-122.6440384,49.1949117],[-122.6441173,49.1976147],[-122.643961,49.2012483],[-122.6405247,49.202749],[-122.6394812,49.2030244],[-122.634083,49.2052018],[-122.630751,49.2063525],[-122.6274362,49.2073217],[-122.6231188,49.2080271],[-122.6207572,49.2081726],[-122.6191478,49.2085357],[-122.6111928,49.2090765],[-122.6096557,49.2090893],[-122.6067344,49.208657],[-122.6025338,49.2070143],[-122.5996115,49.2050694],[-122.5969281,49.2025508],[-122.5949502,49.2008985],[-122.5935609,49.1994632],[-122.591978,49.1967493],[-122.5913151,49.1938869],[-122.5904858,49.1912571],[-122.590192,49.1886426]]]]},"properties":{"a": "13.7511", "t": "CT", "dw": "2029", "hh": "2015", "id": "9330504.03", "key": "CT01", "pop": "6501", "pop2": "6041", "rgid": "59", "rpid": "59933", "ruid": "5915001", "rguid": "5915"}},{"type":"Feature","geometry":{"type":"MultiPolygon","coordinates":[[[[-122.6455175,49.1710886],[-122.6442092,49.1711362],[-122.6420337,49.17178],[-122.6356405,49.171698],[-122.6349573,49.1712177],[-122.634666,49.1668261],[-122.6329296,49.1654338],[-122.6328606,49.1625066],[-122.623947,49.162226],[-122.6239548,49.1551239],[-122.623778,49.1523237],[-122.6291016,49.1536519],[-122.6455125,49.1580692],[-122.6454081,49.1588692],[-122.6455175,49.1710886]]]]},"properties":{"a": "2.1139", "t": "CT", "dw": "2748", "hh": "2730", "id": "9330504.04", "key": "CT01", "pop": "7524", "pop2": "5947", "rgid": "59", "rpid": "59933", "ruid": "5915001", "rguid": "5915"}},{"type":"Feature","geometry":{"type":"MultiPolygon","coordinates":[[[[-122.4623918,49.1676633],[-122.4620377,49.1603388],[-122.4614935,49.1544349],[-122.4616171,49.150267],[-122.4609643,49.1396583],[-122.4603601,49.1275685],[-122.460625,49.1183736],[-122.4604416,49.1035742],[-122.4599568,49.0894273],[-122.4600192,49.0889305],[-122.4869639,49.0993421],[-122.4945229,49.102335],[-122.4985516,49.104083],[-122.5022747,49.1054371],[-122.505937,49.1069899],[-122.5156824,49.1106669],[-122.5369195,49.1189097],[-122.5589763,49.1276023],[-122.5667586,49.1306008],[-122.5813472,49.1363431],[-122.6012985,49.1442791],[-122.6164656,49.1502844],[-122.623778,49.1523237],[-122.6239548,49.1551239],[-122.623947,49.162226],[-122.6239903,49.1667187],[-122.6239574,49.1771494],[-122.6003629,49.1771788],[-122.5997375,49.1771231],[-122.5967106,49.1785327],[-122.6002802,49.1833756],[-122.5932776,49.185555],[-122.590192,49.1886426],[-122.5901669,49.1869112],[-122.5894753,49.1823659],[-122.5881557,49.1793117],[-122.5866311,49.1777061],[-122.5838105,49.1754195],[-122.579388,49.1726601],[-122.5759988,49.1713424],[-122.5742097,49.1703738],[-122.5722933,49.1698806],[-122.5674813,49.1695393],[-122.5624503,49.1689188],[-122.5589727,49.1683371],[-122.5530479,49.1679736],[-122.5486923,49.1675332],[-122.5459925,49.1671005],[-122.5392865,49.1654177],[-122.5360957,49.1648931],[-122.5319388,49.1633468],[-122.5303636,49.1630077],[-122.5273742,49.1629774],[-122.5221319,49.1631995],[-122.5182733,49.1635788],[-122.5131778,49.1642322],[-122.5050952,49.1646391],[-122.5024621,49.1646813],[-122.5,49.1650302],[-122.4972993,49.1650992],[-122.494473,49.1653749],[-122.4912694,49.1659637],[-122.4889408,49.1658682],[-122.4761319,49.1678127],[-122.4750082,49.1679323],[-122.4623918,49.1676633]]],[[[-122.5798602,49.1834293],[-122.5738688,49.1811501],[-122.5676569,49.1793452],[-122.563643,49.1785108],[-122.5578093,49.177095],[-122.5554664,49.1767175],[-122.5530176,49.1758532],[-122.5511444,49.1739203],[-122.5493267,49.171557],[-122.5484951,49.1693859],[-122.5495416,49.1689314],[-122.5552014,49.169574],[-122.5611346,49.1705681],[-122.5653139,49.1709709],[-122.567979,49.170666],[-122.570993,49.1709916],[-122.5726919,49.1714211],[-122.5761642,49.1728817],[-122.5784989,49.1742127],[-122.5826787,49.1761261],[-122.5846695,49.177753],[-122.586531,49.1798817],[-122.5875048,49.1816755],[-122.5885821,49.1858798],[-122.5884925,49.1884076],[-122.581296,49.1841538],[-122.5798602,49.1834293]]]]},"properties":{"a": "66.9019", "t": "CT", "dw": "2305", "hh": "2210", "id": "9330505.00", "key": "CT01", "pop": "6530", "pop2": "6346", "rgid": "59", "rpid": "59933", "ruid": "5915001", "rguid": "5915"}},{"type":"Feature","geometry":{"type":"MultiPolygon","coordinates":[[[[-122.4598284,49.0750192],[-122.4598073,49.0706613],[-122.4599076,49.0627417],[-122.4597839,49.0577306],[-122.4661839,49.0579179],[-122.4763804,49.0583828],[-122.4820707,49.0587594],[-122.4896887,49.059378],[-122.4944801,49.059889],[-122.5034257,49.061354],[-122.5057087,49.0619374],[-122.5148388,49.064515],[-122.5148538,49.0671957],[-122.5013628,49.0674284],[-122.4928488,49.0676319],[-122.4927097,49.061857],[-122.4832786,49.0620414],[-122.4813291,49.0621798],[-122.4761347,49.0622228],[-122.4760443,49.0604053],[-122.470815,49.0604354],[-122.4709611,49.0750359],[-122.4598284,49.0750192]]]]},"properties":{"a": "3.0547", "t": "CT", "dw": "1304", "hh": "1275", "id": "9330506.01", "key": "CT01", "pop": "3759", "pop2": "3723", "rgid": "59", "rpid": "59933", "ruid": "5915001", "rguid": "5915"}},{"type":"Feature","geometry":{"type":"MultiPolygon","coordinates":[[[[-122.4597839,49.0577306],[-122.459669,49.0460854],[-122.4793793,49.0459879],[-122.4927287,49.0458081],[-122.5148065,49.0453363],[-122.5148388,49.064515],[-122.5057087,49.0619374],[-122.5034257,49.061354],[-122.4944801,49.059889],[-122.4896887,49.059378],[-122.4820707,49.0587594],[-122.4763804,49.0583828],[-122.4661839,49.0579179],[-122.4597839,49.0577306]]]]},"properties":{"a": "6.2607", "t": "CT", "dw": "2385", "hh": "2315", "id": "9330506.02", "key": "CT01", "pop": "6914", "pop2": "6511", "rgid": "59", "rpid": "59933", "ruid": "5915001", "rguid": "5915"}}]}